wid,arm,genome,contig,start,gc,L,span_start,placement,cds_frac,exact,tok_acc,nt_acc,max_run_nt,logp_true
0,copy,NZ_FOSL01000003.1,NZ_FOSL01000003.1,310680,0.6023,1,320,incopy,,1,1.0,1.0,6,-0.132
0,copy,NZ_FOSL01000003.1,NZ_FOSL01000003.1,310680,0.6023,1,350,incopy,,1,1.0,1.0,6,-0.6367
0,copy,NZ_FOSL01000003.1,NZ_FOSL01000003.1,310680,0.6023,1,356,incopy,,1,1.0,1.0,6,-0.1046
0,copy,NZ_FOSL01000003.1,NZ_FOSL01000003.1,310680,0.6023,1,373,incopy,,1,1.0,1.0,6,-0.1364
0,copy,NZ_FOSL01000003.1,NZ_FOSL01000003.1,310680,0.6023,1,347,incopy,,1,1.0,1.0,6,-0.4283
0,copy,NZ_FOSL01000003.1,NZ_FOSL01000003.1,310680,0.6023,1,384,incopy,,1,1.0,1.0,6,-0.1709
0,copy,NZ_FOSL01000003.1,NZ_FOSL01000003.1,310680,0.6023,2,377,incopy,,1,1.0,1.0,12,-0.4203
0,copy,NZ_FOSL01000003.1,NZ_FOSL01000003.1,310680,0.6023,2,337,incopy,,0,0.5,0.9166666666666666,6,-0.9877
0,copy,NZ_FOSL01000003.1,NZ_FOSL01000003.1,310680,0.6023,2,313,incopy,,1,1.0,1.0,12,-0.2032
0,copy,NZ_FOSL01000003.1,NZ_FOSL01000003.1,310680,0.6023,2,354,incopy,,1,1.0,1.0,12,-0.3799
0,copy,NZ_FOSL01000003.1,NZ_FOSL01000003.1,310680,0.6023,2,334,incopy,,1,1.0,1.0,12,-0.2906
0,copy,NZ_FOSL01000003.1,NZ_FOSL01000003.1,310680,0.6023,2,343,incopy,,1,1.0,1.0,12,-0.217
0,copy,NZ_FOSL01000003.1,NZ_FOSL01000003.1,310680,0.6023,5,331,incopy,,1,1.0,1.0,30,-0.9156
0,copy,NZ_FOSL01000003.1,NZ_FOSL01000003.1,310680,0.6023,5,381,incopy,,1,1.0,1.0,30,-0.4335
0,copy,NZ_FOSL01000003.1,NZ_FOSL01000003.1,310680,0.6023,5,390,incopy,,0,0.8,0.8666666666666667,18,-1.8282
0,copy,NZ_FOSL01000003.1,NZ_FOSL01000003.1,310680,0.6023,5,327,incopy,,0,0.6,0.8333333333333334,17,-0.6609
0,copy,NZ_FOSL01000003.1,NZ_FOSL01000003.1,310680,0.6023,5,369,incopy,,0,0.8,0.9666666666666667,18,-1.1781
0,copy,NZ_FOSL01000003.1,NZ_FOSL01000003.1,310680,0.6023,5,337,incopy,,0,0.8,0.8666666666666667,25,-0.8583
0,copy,NZ_FOSL01000003.1,NZ_FOSL01000003.1,310680,0.6023,10,317,incopy,,0,0.6,0.7666666666666667,26,-2.7612
0,copy,NZ_FOSL01000003.1,NZ_FOSL01000003.1,310680,0.6023,10,357,incopy,,0,0.7,0.7666666666666667,30,-1.8823
0,copy,NZ_FOSL01000003.1,NZ_FOSL01000003.1,310680,0.6023,10,313,incopy,,0,0.7,0.8333333333333334,19,-2.0538
0,copy,NZ_FOSL01000003.1,NZ_FOSL01000003.1,310680,0.6023,10,359,incopy,,0,0.4,0.5666666666666667,13,-3.1638
0,copy,NZ_FOSL01000003.1,NZ_FOSL01000003.1,310680,0.6023,10,321,incopy,,0,0.6,0.6833333333333333,14,-3.0975
0,copy,NZ_FOSL01000003.1,NZ_FOSL01000003.1,310680,0.6023,10,343,incopy,,0,0.4,0.55,12,-5.2395
0,copy,NZ_FOSL01000003.1,NZ_FOSL01000003.1,310680,0.6023,20,340,incopy,,0,0.3,0.625,25,-4.9018
0,copy,NZ_FOSL01000003.1,NZ_FOSL01000003.1,310680,0.6023,20,355,incopy,,0,0.4,0.6083333333333333,31,-4.7086
0,copy,NZ_FOSL01000003.1,NZ_FOSL01000003.1,310680,0.6023,20,364,incopy,,0,0.2,0.525,14,-5.7436
0,copy,NZ_FOSL01000003.1,NZ_FOSL01000003.1,310680,0.6023,20,310,incopy,,0,0.4,0.6166666666666667,31,-4.6129
0,copy,NZ_FOSL01000003.1,NZ_FOSL01000003.1,310680,0.6023,20,351,incopy,,0,0.3,0.55,21,-4.4047
0,copy,NZ_FOSL01000003.1,NZ_FOSL01000003.1,310680,0.6023,20,364,incopy,,0,0.2,0.525,14,-5.7436
1,nocopy,NZ_FOSL01000003.1,NZ_FOSL01000003.1,310680,0.6023,1,320,incopy,,0,0.0,0.16666666666666666,1,-8.4064
1,nocopy,NZ_FOSL01000003.1,NZ_FOSL01000003.1,310680,0.6023,1,350,incopy,,0,0.0,0.16666666666666666,1,-6.815
1,nocopy,NZ_FOSL01000003.1,NZ_FOSL01000003.1,310680,0.6023,1,356,incopy,,0,0.0,0.3333333333333333,1,-9.4786
1,nocopy,NZ_FOSL01000003.1,NZ_FOSL01000003.1,310680,0.6023,1,373,incopy,,0,0.0,0.3333333333333333,1,-9.166
1,nocopy,NZ_FOSL01000003.1,NZ_FOSL01000003.1,310680,0.6023,1,347,incopy,,0,0.0,0.3333333333333333,1,-8.2298
1,nocopy,NZ_FOSL01000003.1,NZ_FOSL01000003.1,310680,0.6023,1,384,incopy,,0,0.0,0.16666666666666666,1,-7.8226
1,nocopy,NZ_FOSL01000003.1,NZ_FOSL01000003.1,310680,0.6023,2,377,incopy,,0,0.0,0.25,2,-9.2672
1,nocopy,NZ_FOSL01000003.1,NZ_FOSL01000003.1,310680,0.6023,2,337,incopy,,0,0.0,0.3333333333333333,2,-9.0146
1,nocopy,NZ_FOSL01000003.1,NZ_FOSL01000003.1,310680,0.6023,2,313,incopy,,0,0.0,0.25,2,-8.6634
1,nocopy,NZ_FOSL01000003.1,NZ_FOSL01000003.1,310680,0.6023,2,354,incopy,,0,0.0,0.25,1,-8.4592
1,nocopy,NZ_FOSL01000003.1,NZ_FOSL01000003.1,310680,0.6023,2,334,incopy,,0,0.0,0.25,1,-9.1404
1,nocopy,NZ_FOSL01000003.1,NZ_FOSL01000003.1,310680,0.6023,2,343,incopy,,0,0.0,0.25,1,-8.2441
1,nocopy,NZ_FOSL01000003.1,NZ_FOSL01000003.1,310680,0.6023,5,331,incopy,,0,0.0,0.23333333333333334,2,-8.7188
1,nocopy,NZ_FOSL01000003.1,NZ_FOSL01000003.1,310680,0.6023,5,381,incopy,,0,0.0,0.5333333333333333,5,-7.0474
1,nocopy,NZ_FOSL01000003.1,NZ_FOSL01000003.1,310680,0.6023,5,390,incopy,,0,0.0,0.16666666666666666,1,-8.9982
1,nocopy,NZ_FOSL01000003.1,NZ_FOSL01000003.1,310680,0.6023,5,327,incopy,,0,0.0,0.26666666666666666,2,-8.2536
1,nocopy,NZ_FOSL01000003.1,NZ_FOSL01000003.1,310680,0.6023,5,369,incopy,,0,0.0,0.23333333333333334,1,-8.836
1,nocopy,NZ_FOSL01000003.1,NZ_FOSL01000003.1,310680,0.6023,5,337,incopy,,0,0.0,0.3333333333333333,2,-8.0351
1,nocopy,NZ_FOSL01000003.1,NZ_FOSL01000003.1,310680,0.6023,10,317,incopy,,0,0.0,0.2,2,-8.3742
1,nocopy,NZ_FOSL01000003.1,NZ_FOSL01000003.1,310680,0.6023,10,357,incopy,,0,0.0,0.31666666666666665,2,-8.4201
1,nocopy,NZ_FOSL01000003.1,NZ_FOSL01000003.1,310680,0.6023,10,313,incopy,,0,0.0,0.21666666666666667,3,-8.1605
1,nocopy,NZ_FOSL01000003.1,NZ_FOSL01000003.1,310680,0.6023,10,359,incopy,,0,0.0,0.23333333333333334,2,-8.7741
1,nocopy,NZ_FOSL01000003.1,NZ_FOSL01000003.1,310680,0.6023,10,321,incopy,,0,0.0,0.23333333333333334,3,-8.4778
1,nocopy,NZ_FOSL01000003.1,NZ_FOSL01000003.1,310680,0.6023,10,343,incopy,,0,0.0,0.3,2,-8.2309
1,nocopy,NZ_FOSL01000003.1,NZ_FOSL01000003.1,310680,0.6023,20,340,incopy,,0,0.0,0.31666666666666665,4,-8.4097
1,nocopy,NZ_FOSL01000003.1,NZ_FOSL01000003.1,310680,0.6023,20,355,incopy,,0,0.0,0.31666666666666665,3,-8.4289
1,nocopy,NZ_FOSL01000003.1,NZ_FOSL01000003.1,310680,0.6023,20,364,incopy,,0,0.05,0.3333333333333333,8,-8.0837
1,nocopy,NZ_FOSL01000003.1,NZ_FOSL01000003.1,310680,0.6023,20,310,incopy,,0,0.0,0.25833333333333336,4,-8.2271
1,nocopy,NZ_FOSL01000003.1,NZ_FOSL01000003.1,310680,0.6023,20,351,incopy,,0,0.0,0.3416666666666667,4,-8.2618
1,nocopy,NZ_FOSL01000003.1,NZ_FOSL01000003.1,310680,0.6023,20,364,incopy,,0,0.05,0.3333333333333333,8,-8.0837
2,copy,CP002279,CP002279,3435750,0.6513,1,338,incopy,,1,1.0,1.0,6,-0.1358
2,copy,CP002279,CP002279,3435750,0.6513,1,391,incopy,,1,1.0,1.0,6,-0.3138
2,copy,CP002279,CP002279,3435750,0.6513,1,324,incopy,,1,1.0,1.0,6,-0.0595
2,copy,CP002279,CP002279,3435750,0.6513,1,319,incopy,,1,1.0,1.0,6,-0.3191
2,copy,CP002279,CP002279,3435750,0.6513,1,318,incopy,,1,1.0,1.0,6,-0.3303
2,copy,CP002279,CP002279,3435750,0.6513,1,307,incopy,,1,1.0,1.0,6,-0.1544
2,copy,CP002279,CP002279,3435750,0.6513,2,395,incopy,,1,1.0,1.0,12,-0.0656
2,copy,CP002279,CP002279,3435750,0.6513,2,334,incopy,,1,1.0,1.0,12,-0.4847
2,copy,CP002279,CP002279,3435750,0.6513,2,342,incopy,,1,1.0,1.0,12,-0.2156
2,copy,CP002279,CP002279,3435750,0.6513,2,380,incopy,,1,1.0,1.0,12,-0.1084
2,copy,CP002279,CP002279,3435750,0.6513,2,312,incopy,,1,1.0,1.0,12,-0.3171
2,copy,CP002279,CP002279,3435750,0.6513,2,334,incopy,,1,1.0,1.0,12,-0.4847
2,copy,CP002279,CP002279,3435750,0.6513,5,375,incopy,,1,1.0,1.0,30,-0.3028
2,copy,CP002279,CP002279,3435750,0.6513,5,345,incopy,,1,1.0,1.0,30,-0.5985
2,copy,CP002279,CP002279,3435750,0.6513,5,302,incopy,,0,0.8,0.8333333333333334,12,-0.6543
2,copy,CP002279,CP002279,3435750,0.6513,5,364,incopy,,0,0.8,0.9333333333333333,19,-0.585
2,copy,CP002279,CP002279,3435750,0.6513,5,353,incopy,,1,1.0,1.0,30,-0.1842
2,copy,CP002279,CP002279,3435750,0.6513,5,369,incopy,,0,0.6,0.6,12,-0.9882
2,copy,CP002279,CP002279,3435750,0.6513,10,342,incopy,,0,0.6,0.7833333333333333,18,-1.8124
2,copy,CP002279,CP002279,3435750,0.6513,10,342,incopy,,0,0.6,0.7833333333333333,18,-1.8125
2,copy,CP002279,CP002279,3435750,0.6513,10,334,incopy,,0,0.2,0.5333333333333333,6,-5.2423
2,copy,CP002279,CP002279,3435750,0.6513,10,364,incopy,,0,0.4,0.48333333333333334,18,-4.3151
2,copy,CP002279,CP002279,3435750,0.6513,10,315,incopy,,0,0.6,0.7833333333333333,19,-1.4853
2,copy,CP002279,CP002279,3435750,0.6513,10,320,incopy,,0,0.4,0.6666666666666666,16,-3.1716
2,copy,CP002279,CP002279,3435750,0.6513,20,315,incopy,,0,0.25,0.475,12,-5.2859
2,copy,CP002279,CP002279,3435750,0.6513,20,314,incopy,,0,0.2,0.5083333333333333,18,-5.623
2,copy,CP002279,CP002279,3435750,0.6513,20,335,incopy,,0,0.25,0.5083333333333333,14,-6.0406
2,copy,CP002279,CP002279,3435750,0.6513,20,344,incopy,,0,0.25,0.575,19,-5.6031
2,copy,CP002279,CP002279,3435750,0.6513,20,335,incopy,,0,0.25,0.5083333333333333,14,-6.0406
2,copy,CP002279,CP002279,3435750,0.6513,20,362,incopy,,0,0.25,0.4666666666666667,18,-6.6428
3,nocopy,CP002279,CP002279,3435750,0.6513,1,338,incopy,,0,0.0,0.3333333333333333,2,-7.4694
3,nocopy,CP002279,CP002279,3435750,0.6513,1,391,incopy,,0,0.0,0.6666666666666666,4,-5.2004
3,nocopy,CP002279,CP002279,3435750,0.6513,1,324,incopy,,0,0.0,0.5,2,-5.9561
3,nocopy,CP002279,CP002279,3435750,0.6513,1,319,incopy,,0,0.0,0.3333333333333333,2,-8.9575
3,nocopy,CP002279,CP002279,3435750,0.6513,1,318,incopy,,0,0.0,0.5,2,-8.2138
3,nocopy,CP002279,CP002279,3435750,0.6513,1,307,incopy,,0,0.0,0.5,3,-8.0544
3,nocopy,CP002279,CP002279,3435750,0.6513,2,395,incopy,,0,0.0,0.25,2,-7.1496
3,nocopy,CP002279,CP002279,3435750,0.6513,2,334,incopy,,0,0.0,0.08333333333333333,1,-9.1838
3,nocopy,CP002279,CP002279,3435750,0.6513,2,342,incopy,,0,0.0,0.4166666666666667,3,-5.7203
3,nocopy,CP002279,CP002279,3435750,0.6513,2,380,incopy,,0,0.0,0.4166666666666667,2,-6.345
3,nocopy,CP002279,CP002279,3435750,0.6513,2,312,incopy,,0,0.0,0.4166666666666667,2,-8.2006
3,nocopy,CP002279,CP002279,3435750,0.6513,2,334,incopy,,0,0.0,0.08333333333333333,1,-9.1838
3,nocopy,CP002279,CP002279,3435750,0.6513,5,375,incopy,,0,0.0,0.4,3,-8.2965
3,nocopy,CP002279,CP002279,3435750,0.6513,5,345,incopy,,0,0.0,0.4,2,-8.7907
3,nocopy,CP002279,CP002279,3435750,0.6513,5,302,incopy,,0,0.0,0.26666666666666666,2,-7.961
3,nocopy,CP002279,CP002279,3435750,0.6513,5,364,incopy,,0,0.0,0.43333333333333335,5,-6.9223
3,nocopy,CP002279,CP002279,3435750,0.6513,5,353,incopy,,0,0.0,0.26666666666666666,2,-7.3816
3,nocopy,CP002279,CP002279,3435750,0.6513,5,369,incopy,,0,0.0,0.4666666666666667,5,-6.7012
3,nocopy,CP002279,CP002279,3435750,0.6513,10,342,incopy,,0,0.0,0.4666666666666667,3,-7.8798
3,nocopy,CP002279,CP002279,3435750,0.6513,10,342,incopy,,0,0.0,0.4666666666666667,3,-7.8798
3,nocopy,CP002279,CP002279,3435750,0.6513,10,334,incopy,,0,0.0,0.35,3,-6.8272
3,nocopy,CP002279,CP002279,3435750,0.6513,10,364,incopy,,0,0.0,0.4166666666666667,5,-6.9504
3,nocopy,CP002279,CP002279,3435750,0.6513,10,315,incopy,,0,0.0,0.3333333333333333,3,-7.7209
3,nocopy,CP002279,CP002279,3435750,0.6513,10,320,incopy,,0,0.0,0.31666666666666665,3,-7.1538
3,nocopy,CP002279,CP002279,3435750,0.6513,20,315,incopy,,0,0.0,0.30833333333333335,4,-7.5892
3,nocopy,CP002279,CP002279,3435750,0.6513,20,314,incopy,,0,0.0,0.2916666666666667,3,-7.465
3,nocopy,CP002279,CP002279,3435750,0.6513,20,335,incopy,,0,0.0,0.425,5,-7.2297
3,nocopy,CP002279,CP002279,3435750,0.6513,20,344,incopy,,0,0.0,0.31666666666666665,5,-7.2332
3,nocopy,CP002279,CP002279,3435750,0.6513,20,335,incopy,,0,0.0,0.425,5,-7.2297
3,nocopy,CP002279,CP002279,3435750,0.6513,20,362,incopy,,0,0.0,0.31666666666666665,5,-7.1171
4,copy,NZ_FOSL01000001.1,NZ_FOSL01000001.1,373068,0.6207,1,336,incopy,,1,1.0,1.0,6,-0.342
4,copy,NZ_FOSL01000001.1,NZ_FOSL01000001.1,373068,0.6207,1,362,incopy,,1,1.0,1.0,6,-0.1153
4,copy,NZ_FOSL01000001.1,NZ_FOSL01000001.1,373068,0.6207,1,321,incopy,,1,1.0,1.0,6,-0.1336
4,copy,NZ_FOSL01000001.1,NZ_FOSL01000001.1,373068,0.6207,1,365,incopy,,1,1.0,1.0,6,-0.2828
4,copy,NZ_FOSL01000001.1,NZ_FOSL01000001.1,373068,0.6207,1,372,incopy,,1,1.0,1.0,6,-0.3929
4,copy,NZ_FOSL01000001.1,NZ_FOSL01000001.1,373068,0.6207,1,370,incopy,,1,1.0,1.0,6,-0.6093
4,copy,NZ_FOSL01000001.1,NZ_FOSL01000001.1,373068,0.6207,2,384,incopy,,1,1.0,1.0,12,-0.7994
4,copy,NZ_FOSL01000001.1,NZ_FOSL01000001.1,373068,0.6207,2,388,incopy,,1,1.0,1.0,12,-0.3376
4,copy,NZ_FOSL01000001.1,NZ_FOSL01000001.1,373068,0.6207,2,384,incopy,,1,1.0,1.0,12,-0.7994
4,copy,NZ_FOSL01000001.1,NZ_FOSL01000001.1,373068,0.6207,2,352,incopy,,1,1.0,1.0,12,-0.3576
4,copy,NZ_FOSL01000001.1,NZ_FOSL01000001.1,373068,0.6207,2,395,incopy,,1,1.0,1.0,12,-0.4103
4,copy,NZ_FOSL01000001.1,NZ_FOSL01000001.1,373068,0.6207,2,315,incopy,,1,1.0,1.0,12,-0.1865
4,copy,NZ_FOSL01000001.1,NZ_FOSL01000001.1,373068,0.6207,5,371,incopy,,1,1.0,1.0,30,-0.4537
4,copy,NZ_FOSL01000001.1,NZ_FOSL01000001.1,373068,0.6207,5,368,incopy,,0,0.6,0.6333333333333333,12,-1.8738
4,copy,NZ_FOSL01000001.1,NZ_FOSL01000001.1,373068,0.6207,5,382,incopy,,0,0.6,0.6666666666666666,12,-1.5728
4,copy,NZ_FOSL01000001.1,NZ_FOSL01000001.1,373068,0.6207,5,345,incopy,,1,1.0,1.0,30,-0.4718
4,copy,NZ_FOSL01000001.1,NZ_FOSL01000001.1,373068,0.6207,5,343,incopy,,0,0.8,0.8666666666666667,13,-0.9084
4,copy,NZ_FOSL01000001.1,NZ_FOSL01000001.1,373068,0.6207,5,339,incopy,,0,0.8,0.9666666666666667,23,-0.7645
4,copy,NZ_FOSL01000001.1,NZ_FOSL01000001.1,373068,0.6207,10,373,incopy,,0,0.4,0.7,15,-2.5806
4,copy,NZ_FOSL01000001.1,NZ_FOSL01000001.1,373068,0.6207,10,328,incopy,,0,0.4,0.65,13,-3.77
4,copy,NZ_FOSL01000001.1,NZ_FOSL01000001.1,373068,0.6207,10,320,incopy,,0,0.5,0.6666666666666666,19,-3.2204
4,copy,NZ_FOSL01000001.1,NZ_FOSL01000001.1,373068,0.6207,10,346,incopy,,0,0.3,0.5333333333333333,12,-4.3274
4,copy,NZ_FOSL01000001.1,NZ_FOSL01000001.1,373068,0.6207,10,315,incopy,,0,0.5,0.7166666666666667,19,-3.9803
4,copy,NZ_FOSL01000001.1,NZ_FOSL01000001.1,373068,0.6207,10,331,incopy,,0,0.6,0.7666666666666667,12,-2.263
4,copy,NZ_FOSL01000001.1,NZ_FOSL01000001.1,373068,0.6207,20,354,incopy,,0,0.1,0.4,6,-5.4474
4,copy,NZ_FOSL01000001.1,NZ_FOSL01000001.1,373068,0.6207,20,313,incopy,,0,0.25,0.4583333333333333,24,-6.1896
4,copy,NZ_FOSL01000001.1,NZ_FOSL01000001.1,373068,0.6207,20,377,incopy,,0,0.1,0.3416666666666667,10,-7.2697
4,copy,NZ_FOSL01000001.1,NZ_FOSL01000001.1,373068,0.6207,20,332,incopy,,0,0.3,0.5583333333333333,21,-4.4355
4,copy,NZ_FOSL01000001.1,NZ_FOSL01000001.1,373068,0.6207,20,338,incopy,,0,0.25,0.475,12,-5.1919
4,copy,NZ_FOSL01000001.1,NZ_FOSL01000001.1,373068,0.6207,20,352,incopy,,0,0.2,0.5,8,-5.9472
5,nocopy,NZ_FOSL01000001.1,NZ_FOSL01000001.1,373068,0.6207,1,336,incopy,,0,0.0,0.6666666666666666,3,-7.7874
5,nocopy,NZ_FOSL01000001.1,NZ_FOSL01000001.1,373068,0.6207,1,362,incopy,,0,0.0,0.16666666666666666,1,-10.0766
5,nocopy,NZ_FOSL01000001.1,NZ_FOSL01000001.1,373068,0.6207,1,321,incopy,,0,0.0,0.6666666666666666,2,-6.9316
5,nocopy,NZ_FOSL01000001.1,NZ_FOSL01000001.1,373068,0.6207,1,365,incopy,,0,0.0,0.5,3,-7.1717
5,nocopy,NZ_FOSL01000001.1,NZ_FOSL01000001.1,373068,0.6207,1,372,incopy,,0,0.0,0.16666666666666666,1,-6.9884
5,nocopy,NZ_FOSL01000001.1,NZ_FOSL01000001.1,373068,0.6207,1,370,incopy,,0,0.0,0.16666666666666666,1,-7.4694
5,nocopy,NZ_FOSL01000001.1,NZ_FOSL01000001.1,373068,0.6207,2,384,incopy,,0,0.0,0.3333333333333333,3,-8.103
5,nocopy,NZ_FOSL01000001.1,NZ_FOSL01000001.1,373068,0.6207,2,388,incopy,,0,0.0,0.4166666666666667,3,-7.8639
5,nocopy,NZ_FOSL01000001.1,NZ_FOSL01000001.1,373068,0.6207,2,384,incopy,,0,0.0,0.3333333333333333,3,-8.103
5,nocopy,NZ_FOSL01000001.1,NZ_FOSL01000001.1,373068,0.6207,2,352,incopy,,0,0.0,0.25,2,-9.2343
5,nocopy,NZ_FOSL01000001.1,NZ_FOSL01000001.1,373068,0.6207,2,395,incopy,,0,0.0,0.3333333333333333,2,-7.7014
5,nocopy,NZ_FOSL01000001.1,NZ_FOSL01000001.1,373068,0.6207,2,315,incopy,,0,0.0,0.25,1,-9.9509
5,nocopy,NZ_FOSL01000001.1,NZ_FOSL01000001.1,373068,0.6207,5,371,incopy,,0,0.0,0.4666666666666667,3,-8.0904
5,nocopy,NZ_FOSL01000001.1,NZ_FOSL01000001.1,373068,0.6207,5,368,incopy,,0,0.0,0.4,4,-7.3534
5,nocopy,NZ_FOSL01000001.1,NZ_FOSL01000001.1,373068,0.6207,5,382,incopy,,0,0.0,0.23333333333333334,3,-7.1762
5,nocopy,NZ_FOSL01000001.1,NZ_FOSL01000001.1,373068,0.6207,5,345,incopy,,0,0.0,0.3333333333333333,3,-8.4286
5,nocopy,NZ_FOSL01000001.1,NZ_FOSL01000001.1,373068,0.6207,5,343,incopy,,0,0.0,0.26666666666666666,2,-8.3813
5,nocopy,NZ_FOSL01000001.1,NZ_FOSL01000001.1,373068,0.6207,5,339,incopy,,0,0.0,0.2,3,-8.2833
5,nocopy,NZ_FOSL01000001.1,NZ_FOSL01000001.1,373068,0.6207,10,373,incopy,,0,0.0,0.21666666666666667,2,-8.5299
5,nocopy,NZ_FOSL01000001.1,NZ_FOSL01000001.1,373068,0.6207,10,328,incopy,,0,0.0,0.4666666666666667,5,-7.1958
5,nocopy,NZ_FOSL01000001.1,NZ_FOSL01000001.1,373068,0.6207,10,320,incopy,,0,0.0,0.31666666666666665,3,-7.2527
5,nocopy,NZ_FOSL01000001.1,NZ_FOSL01000001.1,373068,0.6207,10,346,incopy,,0,0.0,0.2833333333333333,2,-8.0938
5,nocopy,NZ_FOSL01000001.1,NZ_FOSL01000001.1,373068,0.6207,10,315,incopy,,0,0.0,0.3333333333333333,3,-7.8732
5,nocopy,NZ_FOSL01000001.1,NZ_FOSL01000001.1,373068,0.6207,10,331,incopy,,0,0.0,0.35,3,-7.7836
5,nocopy,NZ_FOSL01000001.1,NZ_FOSL01000001.1,373068,0.6207,20,354,incopy,,0,0.0,0.36666666666666664,4,-7.424
5,nocopy,NZ_FOSL01000001.1,NZ_FOSL01000001.1,373068,0.6207,20,313,incopy,,0,0.0,0.31666666666666665,4,-7.5893
5,nocopy,NZ_FOSL01000001.1,NZ_FOSL01000001.1,373068,0.6207,20,377,incopy,,0,0.0,0.3,3,-7.7249
5,nocopy,NZ_FOSL01000001.1,NZ_FOSL01000001.1,373068,0.6207,20,332,incopy,,0,0.0,0.3,3,-7.9847
5,nocopy,NZ_FOSL01000001.1,NZ_FOSL01000001.1,373068,0.6207,20,338,incopy,,0,0.0,0.3,3,-8.0145
5,nocopy,NZ_FOSL01000001.1,NZ_FOSL01000001.1,373068,0.6207,20,352,incopy,,0,0.0,0.3,4,-7.6402
6,copy,CP002279,CP002279,1017942,0.6283,1,360,incopy,,1,1.0,1.0,6,-0.094
6,copy,CP002279,CP002279,1017942,0.6283,1,317,incopy,,1,1.0,1.0,6,-0.0347
6,copy,CP002279,CP002279,1017942,0.6283,1,371,incopy,,1,1.0,1.0,6,-0.2633
6,copy,CP002279,CP002279,1017942,0.6283,1,366,incopy,,1,1.0,1.0,6,-0.1288
6,copy,CP002279,CP002279,1017942,0.6283,1,320,incopy,,1,1.0,1.0,6,-0.253
6,copy,CP002279,CP002279,1017942,0.6283,1,325,incopy,,1,1.0,1.0,6,-0.0422
6,copy,CP002279,CP002279,1017942,0.6283,2,389,incopy,,1,1.0,1.0,12,-0.2601
6,copy,CP002279,CP002279,1017942,0.6283,2,306,incopy,,1,1.0,1.0,12,-0.2704
6,copy,CP002279,CP002279,1017942,0.6283,2,351,incopy,,1,1.0,1.0,12,-0.1366
6,copy,CP002279,CP002279,1017942,0.6283,2,385,incopy,,1,1.0,1.0,12,-0.193
6,copy,CP002279,CP002279,1017942,0.6283,2,329,incopy,,1,1.0,1.0,12,-0.0536
6,copy,CP002279,CP002279,1017942,0.6283,2,331,incopy,,1,1.0,1.0,12,-0.0474
6,copy,CP002279,CP002279,1017942,0.6283,5,380,incopy,,0,0.8,0.8333333333333334,12,-0.6659
6,copy,CP002279,CP002279,1017942,0.6283,5,305,incopy,,0,0.8,0.9,18,-0.9371
6,copy,CP002279,CP002279,1017942,0.6283,5,337,incopy,,1,1.0,1.0,30,-0.2467
6,copy,CP002279,CP002279,1017942,0.6283,5,333,incopy,,1,1.0,1.0,30,-0.4058
6,copy,CP002279,CP002279,1017942,0.6283,5,366,incopy,,0,0.8,0.8333333333333334,13,-1.3698
6,copy,CP002279,CP002279,1017942,0.6283,5,363,incopy,,0,0.8,0.9,18,-0.8308
6,copy,CP002279,CP002279,1017942,0.6283,10,371,incopy,,0,0.4,0.5833333333333334,13,-3.8813
6,copy,CP002279,CP002279,1017942,0.6283,10,335,incopy,,0,0.5,0.65,18,-3.666
6,copy,CP002279,CP002279,1017942,0.6283,10,336,incopy,,0,0.5,0.6833333333333333,26,-3.9808
6,copy,CP002279,CP002279,1017942,0.6283,10,365,incopy,,0,0.4,0.6666666666666666,12,-3.128
6,copy,CP002279,CP002279,1017942,0.6283,10,374,incopy,,0,0.4,0.7,14,-4.0411
6,copy,CP002279,CP002279,1017942,0.6283,10,372,incopy,,0,0.4,0.5666666666666667,14,-3.236
6,copy,CP002279,CP002279,1017942,0.6283,20,328,incopy,,0,0.25,0.475,18,-6.5355
6,copy,CP002279,CP002279,1017942,0.6283,20,375,incopy,,0,0.25,0.525,18,-5.5917
6,copy,CP002279,CP002279,1017942,0.6283,20,354,incopy,,0,0.25,0.5166666666666667,12,-4.9505
6,copy,CP002279,CP002279,1017942,0.6283,20,302,incopy,,0,0.1,0.36666666666666664,12,-6.9804
6,copy,CP002279,CP002279,1017942,0.6283,20,337,incopy,,0,0.4,0.6666666666666666,29,-4.4055
6,copy,CP002279,CP002279,1017942,0.6283,20,327,incopy,,0,0.2,0.5,13,-6.1747
7,nocopy,CP002279,CP002279,1017942,0.6283,1,360,incopy,,0,0.0,0.16666666666666666,1,-9.9362
7,nocopy,CP002279,CP002279,1017942,0.6283,1,317,incopy,,0,0.0,0.16666666666666666,1,-8.7581
7,nocopy,CP002279,CP002279,1017942,0.6283,1,371,incopy,,0,0.0,0.3333333333333333,2,-10.0134
7,nocopy,CP002279,CP002279,1017942,0.6283,1,366,incopy,,0,0.0,0.0,0,-8.3453
7,nocopy,CP002279,CP002279,1017942,0.6283,1,320,incopy,,0,0.0,0.16666666666666666,1,-9.7451
7,nocopy,CP002279,CP002279,1017942,0.6283,1,325,incopy,,0,0.0,0.3333333333333333,1,-7.2784
7,nocopy,CP002279,CP002279,1017942,0.6283,2,389,incopy,,0,0.0,0.3333333333333333,1,-8.4597
7,nocopy,CP002279,CP002279,1017942,0.6283,2,306,incopy,,0,0.0,0.25,2,-6.1218
7,nocopy,CP002279,CP002279,1017942,0.6283,2,351,incopy,,0,0.0,0.5,2,-7.12
7,nocopy,CP002279,CP002279,1017942,0.6283,2,385,incopy,,0,0.0,0.16666666666666666,1,-10.9618
7,nocopy,CP002279,CP002279,1017942,0.6283,2,329,incopy,,0,0.0,0.16666666666666666,1,-8.0193
7,nocopy,CP002279,CP002279,1017942,0.6283,2,331,incopy,,0,0.0,0.16666666666666666,1,-8.2143
7,nocopy,CP002279,CP002279,1017942,0.6283,5,380,incopy,,0,0.0,0.26666666666666666,1,-8.7712
7,nocopy,CP002279,CP002279,1017942,0.6283,5,305,incopy,,0,0.0,0.4,7,-7.1097
7,nocopy,CP002279,CP002279,1017942,0.6283,5,337,incopy,,0,0.0,0.23333333333333334,2,-9.1755
7,nocopy,CP002279,CP002279,1017942,0.6283,5,333,incopy,,0,0.0,0.26666666666666666,2,-8.3336
7,nocopy,CP002279,CP002279,1017942,0.6283,5,366,incopy,,0,0.0,0.3333333333333333,3,-8.1873
7,nocopy,CP002279,CP002279,1017942,0.6283,5,363,incopy,,0,0.0,0.3333333333333333,2,-7.9714
7,nocopy,CP002279,CP002279,1017942,0.6283,10,371,incopy,,0,0.0,0.23333333333333334,2,-8.306
7,nocopy,CP002279,CP002279,1017942,0.6283,10,335,incopy,,0,0.0,0.3333333333333333,4,-8.5048
7,nocopy,CP002279,CP002279,1017942,0.6283,10,336,incopy,,0,0.0,0.31666666666666665,4,-8.7716
7,nocopy,CP002279,CP002279,1017942,0.6283,10,365,incopy,,0,0.0,0.2833333333333333,2,-8.329
7,nocopy,CP002279,CP002279,1017942,0.6283,10,374,incopy,,0,0.0,0.23333333333333334,3,-8.0503
7,nocopy,CP002279,CP002279,1017942,0.6283,10,372,incopy,,0,0.0,0.23333333333333334,2,-8.1804
7,nocopy,CP002279,CP002279,1017942,0.6283,20,328,incopy,,0,0.0,0.31666666666666665,5,-8.6658
7,nocopy,CP002279,CP002279,1017942,0.6283,20,375,incopy,,0,0.0,0.3333333333333333,4,-8.0427
7,nocopy,CP002279,CP002279,1017942,0.6283,20,354,incopy,,0,0.0,0.19166666666666668,3,-7.9439
7,nocopy,CP002279,CP002279,1017942,0.6283,20,302,incopy,,0,0.0,0.39166666666666666,7,-7.5217
7,nocopy,CP002279,CP002279,1017942,0.6283,20,337,incopy,,0,0.0,0.3,3,-8.2122
7,nocopy,CP002279,CP002279,1017942,0.6283,20,327,incopy,,0,0.0,0.26666666666666666,4,-8.8495
8,copy,NZ_FOSL01000002.1,NZ_FOSL01000002.1,311430,0.6373,1,312,incopy,,1,1.0,1.0,6,-0.0977
8,copy,NZ_FOSL01000002.1,NZ_FOSL01000002.1,311430,0.6373,1,306,incopy,,1,1.0,1.0,6,-0.2126
8,copy,NZ_FOSL01000002.1,NZ_FOSL01000002.1,311430,0.6373,1,372,incopy,,1,1.0,1.0,6,-0.0567
8,copy,NZ_FOSL01000002.1,NZ_FOSL01000002.1,311430,0.6373,1,327,incopy,,1,1.0,1.0,6,-0.1449
8,copy,NZ_FOSL01000002.1,NZ_FOSL01000002.1,311430,0.6373,1,331,incopy,,1,1.0,1.0,6,-0.4313
8,copy,NZ_FOSL01000002.1,NZ_FOSL01000002.1,311430,0.6373,1,359,incopy,,1,1.0,1.0,6,-0.2324
8,copy,NZ_FOSL01000002.1,NZ_FOSL01000002.1,311430,0.6373,2,387,incopy,,1,1.0,1.0,12,-0.2932
8,copy,NZ_FOSL01000002.1,NZ_FOSL01000002.1,311430,0.6373,2,345,incopy,,1,1.0,1.0,12,-0.1749
8,copy,NZ_FOSL01000002.1,NZ_FOSL01000002.1,311430,0.6373,2,325,incopy,,1,1.0,1.0,12,-0.0823
8,copy,NZ_FOSL01000002.1,NZ_FOSL01000002.1,311430,0.6373,2,303,incopy,,1,1.0,1.0,12,-0.2191
8,copy,NZ_FOSL01000002.1,NZ_FOSL01000002.1,311430,0.6373,2,307,incopy,,1,1.0,1.0,12,-0.1157
8,copy,NZ_FOSL01000002.1,NZ_FOSL01000002.1,311430,0.6373,2,310,incopy,,1,1.0,1.0,12,-0.0833
8,copy,NZ_FOSL01000002.1,NZ_FOSL01000002.1,311430,0.6373,5,320,incopy,,1,1.0,1.0,30,-0.3306
8,copy,NZ_FOSL01000002.1,NZ_FOSL01000002.1,311430,0.6373,5,348,incopy,,1,1.0,1.0,30,-0.3088
8,copy,NZ_FOSL01000002.1,NZ_FOSL01000002.1,311430,0.6373,5,328,incopy,,0,0.8,0.8,18,-1.4677
8,copy,NZ_FOSL01000002.1,NZ_FOSL01000002.1,311430,0.6373,5,382,incopy,,1,1.0,1.0,30,-1.0025
8,copy,NZ_FOSL01000002.1,NZ_FOSL01000002.1,311430,0.6373,5,319,incopy,,0,0.6,0.7,12,-0.8761
8,copy,NZ_FOSL01000002.1,NZ_FOSL01000002.1,311430,0.6373,5,318,incopy,,0,0.6,0.6333333333333333,12,-1.234
8,copy,NZ_FOSL01000002.1,NZ_FOSL01000002.1,311430,0.6373,10,384,incopy,,0,0.4,0.7166666666666667,18,-2.9952
8,copy,NZ_FOSL01000002.1,NZ_FOSL01000002.1,311430,0.6373,10,374,incopy,,0,0.5,0.65,18,-3.6178
8,copy,NZ_FOSL01000002.1,NZ_FOSL01000002.1,311430,0.6373,10,352,incopy,,0,0.4,0.6333333333333333,17,-3.322
8,copy,NZ_FOSL01000002.1,NZ_FOSL01000002.1,311430,0.6373,10,349,incopy,,0,0.7,0.8166666666666667,27,-2.4397
8,copy,NZ_FOSL01000002.1,NZ_FOSL01000002.1,311430,0.6373,10,318,incopy,,0,0.5,0.6666666666666666,12,-1.7353
8,copy,NZ_FOSL01000002.1,NZ_FOSL01000002.1,311430,0.6373,10,344,incopy,,0,0.9,0.9833333333333333,44,-0.7701
8,copy,NZ_FOSL01000002.1,NZ_FOSL01000002.1,311430,0.6373,20,335,incopy,,0,0.25,0.6416666666666667,25,-4.8755
8,copy,NZ_FOSL01000002.1,NZ_FOSL01000002.1,311430,0.6373,20,367,incopy,,0,0.3,0.5583333333333333,19,-4.6931
8,copy,NZ_FOSL01000002.1,NZ_FOSL01000002.1,311430,0.6373,20,303,incopy,,0,0.15,0.38333333333333336,12,-5.536
8,copy,NZ_FOSL01000002.1,NZ_FOSL01000002.1,311430,0.6373,20,372,incopy,,0,0.25,0.5333333333333333,20,-5.9202
8,copy,NZ_FOSL01000002.1,NZ_FOSL01000002.1,311430,0.6373,20,311,incopy,,0,0.25,0.5416666666666666,15,-4.3486
8,copy,NZ_FOSL01000002.1,NZ_FOSL01000002.1,311430,0.6373,20,361,incopy,,0,0.4,0.5833333333333334,30,-4.0824
9,nocopy,NZ_FOSL01000002.1,NZ_FOSL01000002.1,311430,0.6373,1,312,incopy,,0,0.0,0.16666666666666666,1,-11.6286
9,nocopy,NZ_FOSL01000002.1,NZ_FOSL01000002.1,311430,0.6373,1,306,incopy,,0,0.0,0.3333333333333333,1,-7.8756
9,nocopy,NZ_FOSL01000002.1,NZ_FOSL01000002.1,311430,0.6373,1,372,incopy,,0,0.0,0.6666666666666666,2,-6.3786
9,nocopy,NZ_FOSL01000002.1,NZ_FOSL01000002.1,311430,0.6373,1,327,incopy,,0,0.0,0.3333333333333333,1,-7.8779
9,nocopy,NZ_FOSL01000002.1,NZ_FOSL01000002.1,311430,0.6373,1,331,incopy,,0,0.0,0.3333333333333333,1,-6.4044
9,nocopy,NZ_FOSL01000002.1,NZ_FOSL01000002.1,311430,0.6373,1,359,incopy,,0,0.0,0.3333333333333333,1,-7.9792
9,nocopy,NZ_FOSL01000002.1,NZ_FOSL01000002.1,311430,0.6373,2,387,incopy,,0,0.0,0.25,1,-6.3259
9,nocopy,NZ_FOSL01000002.1,NZ_FOSL01000002.1,311430,0.6373,2,345,incopy,,0,0.0,0.4166666666666667,2,-7.8935
9,nocopy,NZ_FOSL01000002.1,NZ_FOSL01000002.1,311430,0.6373,2,325,incopy,,0,0.0,0.5,4,-6.8154
9,nocopy,NZ_FOSL01000002.1,NZ_FOSL01000002.1,311430,0.6373,2,303,incopy,,0,0.0,0.5,2,-6.8601
9,nocopy,NZ_FOSL01000002.1,NZ_FOSL01000002.1,311430,0.6373,2,307,incopy,,0,0.0,0.08333333333333333,1,-8.6903
9,nocopy,NZ_FOSL01000002.1,NZ_FOSL01000002.1,311430,0.6373,2,310,incopy,,0,0.0,0.25,2,-9.2454
9,nocopy,NZ_FOSL01000002.1,NZ_FOSL01000002.1,311430,0.6373,5,320,incopy,,0,0.0,0.43333333333333335,3,-6.4721
9,nocopy,NZ_FOSL01000002.1,NZ_FOSL01000002.1,311430,0.6373,5,348,incopy,,0,0.0,0.43333333333333335,4,-7.0519
9,nocopy,NZ_FOSL01000002.1,NZ_FOSL01000002.1,311430,0.6373,5,328,incopy,,0,0.0,0.23333333333333334,3,-8.2015
9,nocopy,NZ_FOSL01000002.1,NZ_FOSL01000002.1,311430,0.6373,5,382,incopy,,0,0.0,0.3,3,-6.3036
9,nocopy,NZ_FOSL01000002.1,NZ_FOSL01000002.1,311430,0.6373,5,319,incopy,,0,0.0,0.4,4,-7.2304
9,nocopy,NZ_FOSL01000002.1,NZ_FOSL01000002.1,311430,0.6373,5,318,incopy,,0,0.0,0.3,2,-7.8369
9,nocopy,NZ_FOSL01000002.1,NZ_FOSL01000002.1,311430,0.6373,10,384,incopy,,0,0.0,0.35,3,-6.5494
9,nocopy,NZ_FOSL01000002.1,NZ_FOSL01000002.1,311430,0.6373,10,374,incopy,,0,0.0,0.4666666666666667,4,-6.0998
9,nocopy,NZ_FOSL01000002.1,NZ_FOSL01000002.1,311430,0.6373,10,352,incopy,,0,0.0,0.3333333333333333,4,-8.3285
9,nocopy,NZ_FOSL01000002.1,NZ_FOSL01000002.1,311430,0.6373,10,349,incopy,,0,0.0,0.3333333333333333,5,-8.4324
9,nocopy,NZ_FOSL01000002.1,NZ_FOSL01000002.1,311430,0.6373,10,318,incopy,,0,0.0,0.36666666666666664,6,-7.3161
9,nocopy,NZ_FOSL01000002.1,NZ_FOSL01000002.1,311430,0.6373,10,344,incopy,,0,0.0,0.3333333333333333,4,-7.6358
9,nocopy,NZ_FOSL01000002.1,NZ_FOSL01000002.1,311430,0.6373,20,335,incopy,,0,0.0,0.2916666666666667,5,-7.7925
9,nocopy,NZ_FOSL01000002.1,NZ_FOSL01000002.1,311430,0.6373,20,367,incopy,,0,0.0,0.375,4,-6.7639
9,nocopy,NZ_FOSL01000002.1,NZ_FOSL01000002.1,311430,0.6373,20,303,incopy,,0,0.0,0.35,5,-7.6746
9,nocopy,NZ_FOSL01000002.1,NZ_FOSL01000002.1,311430,0.6373,20,372,incopy,,0,0.0,0.39166666666666666,5,-6.5321
9,nocopy,NZ_FOSL01000002.1,NZ_FOSL01000002.1,311430,0.6373,20,311,incopy,,0,0.0,0.4,5,-7.6136
9,nocopy,NZ_FOSL01000002.1,NZ_FOSL01000002.1,311430,0.6373,20,361,incopy,,0,0.0,0.39166666666666666,4,-6.9228
10,copy,CP002279,CP002279,893028,0.6267,1,314,incopy,,1,1.0,1.0,6,-0.0597
10,copy,CP002279,CP002279,893028,0.6267,1,314,incopy,,1,1.0,1.0,6,-0.0597
10,copy,CP002279,CP002279,893028,0.6267,1,390,incopy,,1,1.0,1.0,6,-0.3845
10,copy,CP002279,CP002279,893028,0.6267,1,394,incopy,,1,1.0,1.0,6,-0.2436
10,copy,CP002279,CP002279,893028,0.6267,1,393,incopy,,1,1.0,1.0,6,-0.0488
10,copy,CP002279,CP002279,893028,0.6267,1,325,incopy,,1,1.0,1.0,6,-0.2514
10,copy,CP002279,CP002279,893028,0.6267,2,382,incopy,,1,1.0,1.0,12,-1.3506
10,copy,CP002279,CP002279,893028,0.6267,2,350,incopy,,1,1.0,1.0,12,-0.4478
10,copy,CP002279,CP002279,893028,0.6267,2,305,incopy,,1,1.0,1.0,12,-0.1838
10,copy,CP002279,CP002279,893028,0.6267,2,330,incopy,,1,1.0,1.0,12,-0.229
10,copy,CP002279,CP002279,893028,0.6267,2,303,incopy,,1,1.0,1.0,12,-0.4316
10,copy,CP002279,CP002279,893028,0.6267,2,314,incopy,,1,1.0,1.0,12,-0.1107
10,copy,CP002279,CP002279,893028,0.6267,5,302,incopy,,0,0.4,0.6666666666666666,7,-3.3979
10,copy,CP002279,CP002279,893028,0.6267,5,329,incopy,,0,0.8,0.9,18,-0.9179
10,copy,CP002279,CP002279,893028,0.6267,5,305,incopy,,1,1.0,1.0,30,-0.5575
10,copy,CP002279,CP002279,893028,0.6267,5,343,incopy,,1,1.0,1.0,30,-0.8805
10,copy,CP002279,CP002279,893028,0.6267,5,316,incopy,,0,0.6,0.6,6,-1.1939
10,copy,CP002279,CP002279,893028,0.6267,5,325,incopy,,1,1.0,1.0,30,-0.3886
10,copy,CP002279,CP002279,893028,0.6267,10,336,incopy,,0,0.5,0.7333333333333333,18,-2.4483
10,copy,CP002279,CP002279,893028,0.6267,10,372,incopy,,0,0.7,0.7666666666666667,25,-1.7776
10,copy,CP002279,CP002279,893028,0.6267,10,314,incopy,,0,0.5,0.65,18,-2.7833
10,copy,CP002279,CP002279,893028,0.6267,10,327,incopy,,0,0.8,0.9333333333333333,36,-2.0335
10,copy,CP002279,CP002279,893028,0.6267,10,346,incopy,,0,0.5,0.6333333333333333,13,-2.3341
10,copy,CP002279,CP002279,893028,0.6267,10,365,incopy,,0,0.7,0.8833333333333333,18,-1.8622
10,copy,CP002279,CP002279,893028,0.6267,20,373,incopy,,0,0.3,0.5416666666666666,19,-4.8301
10,copy,CP002279,CP002279,893028,0.6267,20,346,incopy,,0,0.3,0.5583333333333333,23,-5.3868
10,copy,CP002279,CP002279,893028,0.6267,20,311,incopy,,0,0.2,0.5333333333333333,18,-5.7759
10,copy,CP002279,CP002279,893028,0.6267,20,338,incopy,,0,0.25,0.425,20,-6.0434
10,copy,CP002279,CP002279,893028,0.6267,20,303,incopy,,0,0.2,0.525,19,-6.2852
10,copy,CP002279,CP002279,893028,0.6267,20,355,incopy,,0,0.45,0.65,23,-4.6885
11,nocopy,CP002279,CP002279,893028,0.6267,1,314,incopy,,0,0.0,0.5,3,-7.3508
11,nocopy,CP002279,CP002279,893028,0.6267,1,314,incopy,,0,0.0,0.5,3,-7.3508
11,nocopy,CP002279,CP002279,893028,0.6267,1,390,incopy,,0,0.0,0.16666666666666666,1,-7.7335
11,nocopy,CP002279,CP002279,893028,0.6267,1,394,incopy,,0,0.0,0.5,2,-6.0367
11,nocopy,CP002279,CP002279,893028,0.6267,1,393,incopy,,0,0.0,0.5,2,-6.1299
11,nocopy,CP002279,CP002279,893028,0.6267,1,325,incopy,,0,0.0,0.8333333333333334,3,-6.3055
11,nocopy,CP002279,CP002279,893028,0.6267,2,382,incopy,,0,0.0,0.16666666666666666,1,-7.7095
11,nocopy,CP002279,CP002279,893028,0.6267,2,350,incopy,,0,0.0,0.3333333333333333,1,-6.7048
11,nocopy,CP002279,CP002279,893028,0.6267,2,305,incopy,,0,0.0,0.25,1,-7.4657
11,nocopy,CP002279,CP002279,893028,0.6267,2,330,incopy,,0,0.0,0.5833333333333334,4,-6.1388
11,nocopy,CP002279,CP002279,893028,0.6267,2,303,incopy,,0,0.0,0.16666666666666666,2,-7.7303
11,nocopy,CP002279,CP002279,893028,0.6267,2,314,incopy,,0,0.0,0.4166666666666667,2,-7.2921
11,nocopy,CP002279,CP002279,893028,0.6267,5,302,incopy,,0,0.0,0.36666666666666664,2,-7.0369
11,nocopy,CP002279,CP002279,893028,0.6267,5,329,incopy,,0,0.0,0.36666666666666664,4,-6.3417
11,nocopy,CP002279,CP002279,893028,0.6267,5,305,incopy,,0,0.0,0.23333333333333334,1,-7.9757
11,nocopy,CP002279,CP002279,893028,0.6267,5,343,incopy,,0,0.0,0.36666666666666664,4,-6.8187
11,nocopy,CP002279,CP002279,893028,0.6267,5,316,incopy,,0,0.0,0.23333333333333334,2,-7.5572
11,nocopy,CP002279,CP002279,893028,0.6267,5,325,incopy,,0,0.0,0.3333333333333333,3,-6.8525
11,nocopy,CP002279,CP002279,893028,0.6267,10,336,incopy,,0,0.0,0.3333333333333333,4,-7.5012
11,nocopy,CP002279,CP002279,893028,0.6267,10,372,incopy,,0,0.0,0.45,5,-6.6122
11,nocopy,CP002279,CP002279,893028,0.6267,10,314,incopy,,0,0.0,0.3333333333333333,3,-7.7454
11,nocopy,CP002279,CP002279,893028,0.6267,10,327,incopy,,0,0.1,0.36666666666666664,8,-7.0023
11,nocopy,CP002279,CP002279,893028,0.6267,10,346,incopy,,0,0.0,0.3,2,-7.0193
11,nocopy,CP002279,CP002279,893028,0.6267,10,365,incopy,,0,0.0,0.38333333333333336,5,-6.1892
11,nocopy,CP002279,CP002279,893028,0.6267,20,373,incopy,,0,0.0,0.3333333333333333,5,-6.8564
11,nocopy,CP002279,CP002279,893028,0.6267,20,346,incopy,,0,0.05,0.2833333333333333,7,-6.8214
11,nocopy,CP002279,CP002279,893028,0.6267,20,311,incopy,,0,0.0,0.3416666666666667,3,-7.5532
11,nocopy,CP002279,CP002279,893028,0.6267,20,338,incopy,,0,0.0,0.30833333333333335,4,-7.1809
11,nocopy,CP002279,CP002279,893028,0.6267,20,303,incopy,,0,0.0,0.3,3,-7.6558
11,nocopy,CP002279,CP002279,893028,0.6267,20,355,incopy,,0,0.05,0.325,7,-6.5744
12,copy,CP002279,CP002279,5975388,0.623,1,308,incopy,,1,1.0,1.0,6,-0.5508
12,copy,CP002279,CP002279,5975388,0.623,1,370,incopy,,1,1.0,1.0,6,-0.1361
12,copy,CP002279,CP002279,5975388,0.623,1,392,incopy,,1,1.0,1.0,6,-0.3678
12,copy,CP002279,CP002279,5975388,0.623,1,348,incopy,,1,1.0,1.0,6,-0.0604
12,copy,CP002279,CP002279,5975388,0.623,1,394,incopy,,1,1.0,1.0,6,-0.4637
12,copy,CP002279,CP002279,5975388,0.623,1,331,incopy,,1,1.0,1.0,6,-0.1489
12,copy,CP002279,CP002279,5975388,0.623,2,332,incopy,,1,1.0,1.0,12,-0.1232
12,copy,CP002279,CP002279,5975388,0.623,2,327,incopy,,1,1.0,1.0,12,-0.4823
12,copy,CP002279,CP002279,5975388,0.623,2,329,incopy,,1,1.0,1.0,12,-0.4508
12,copy,CP002279,CP002279,5975388,0.623,2,386,incopy,,1,1.0,1.0,12,-0.5854
12,copy,CP002279,CP002279,5975388,0.623,2,391,incopy,,1,1.0,1.0,12,-1.2346
12,copy,CP002279,CP002279,5975388,0.623,2,344,incopy,,1,1.0,1.0,12,-0.2647
12,copy,CP002279,CP002279,5975388,0.623,5,304,incopy,,1,1.0,1.0,30,-1.0798
12,copy,CP002279,CP002279,5975388,0.623,5,377,incopy,,1,1.0,1.0,30,-0.2605
12,copy,CP002279,CP002279,5975388,0.623,5,325,incopy,,1,1.0,1.0,30,-0.2973
12,copy,CP002279,CP002279,5975388,0.623,5,347,incopy,,1,1.0,1.0,30,-0.3102
12,copy,CP002279,CP002279,5975388,0.623,5,373,incopy,,1,1.0,1.0,30,-0.4758
12,copy,CP002279,CP002279,5975388,0.623,5,380,incopy,,0,0.8,0.9666666666666667,17,-1.0008
12,copy,CP002279,CP002279,5975388,0.623,10,360,incopy,,0,0.7,0.85,19,-2.1934
12,copy,CP002279,CP002279,5975388,0.623,10,314,incopy,,0,0.5,0.7,20,-3.7246
12,copy,CP002279,CP002279,5975388,0.623,10,385,incopy,,0,0.2,0.6,10,-6.1233
12,copy,CP002279,CP002279,5975388,0.623,10,322,incopy,,0,0.7,0.7833333333333333,24,-2.4599
12,copy,CP002279,CP002279,5975388,0.623,10,306,incopy,,0,0.5,0.6833333333333333,27,-4.2981
12,copy,CP002279,CP002279,5975388,0.623,10,327,incopy,,0,0.5,0.7,19,-3.2321
12,copy,CP002279,CP002279,5975388,0.623,20,354,incopy,,0,0.2,0.49166666666666664,16,-5.2375
12,copy,CP002279,CP002279,5975388,0.623,20,361,incopy,,0,0.3,0.6,18,-5.1314
12,copy,CP002279,CP002279,5975388,0.623,20,370,incopy,,0,0.15,0.475,15,-6.1809
12,copy,CP002279,CP002279,5975388,0.623,20,375,incopy,,0,0.2,0.5333333333333333,21,-6.2452
12,copy,CP002279,CP002279,5975388,0.623,20,342,incopy,,0,0.25,0.5416666666666666,12,-5.2707
12,copy,CP002279,CP002279,5975388,0.623,20,367,incopy,,0,0.1,0.475,12,-5.9362
13,nocopy,CP002279,CP002279,5975388,0.623,1,308,incopy,,0,0.0,0.5,2,-7.1329
13,nocopy,CP002279,CP002279,5975388,0.623,1,370,incopy,,0,0.0,0.3333333333333333,1,-7.2048
13,nocopy,CP002279,CP002279,5975388,0.623,1,392,incopy,,0,0.0,0.0,0,-10.3766
13,nocopy,CP002279,CP002279,5975388,0.623,1,348,incopy,,0,0.0,0.3333333333333333,1,-11.0636
13,nocopy,CP002279,CP002279,5975388,0.623,1,394,incopy,,0,0.0,0.5,2,-7.498
13,nocopy,CP002279,CP002279,5975388,0.623,1,331,incopy,,0,0.0,0.0,0,-9.8097
13,nocopy,CP002279,CP002279,5975388,0.623,2,332,incopy,,0,0.0,0.5,3,-8.7527
13,nocopy,CP002279,CP002279,5975388,0.623,2,327,incopy,,0,0.0,0.16666666666666666,1,-8.9872
13,nocopy,CP002279,CP002279,5975388,0.623,2,329,incopy,,0,0.0,0.4166666666666667,2,-8.0089
13,nocopy,CP002279,CP002279,5975388,0.623,2,386,incopy,,0,0.0,0.25,1,-8.686
13,nocopy,CP002279,CP002279,5975388,0.623,2,391,incopy,,0,0.0,0.25,2,-7.7418
13,nocopy,CP002279,CP002279,5975388,0.623,2,344,incopy,,0,0.0,0.5833333333333334,5,-7.7029
13,nocopy,CP002279,CP002279,5975388,0.623,5,304,incopy,,0,0.0,0.4,4,-8.4228
13,nocopy,CP002279,CP002279,5975388,0.623,5,377,incopy,,0,0.2,0.5666666666666667,9,-6.4763
13,nocopy,CP002279,CP002279,5975388,0.623,5,325,incopy,,0,0.0,0.43333333333333335,2,-7.6235
13,nocopy,CP002279,CP002279,5975388,0.623,5,347,incopy,,0,0.0,0.36666666666666664,3,-8.3881
13,nocopy,CP002279,CP002279,5975388,0.623,5,373,incopy,,0,0.2,0.36666666666666664,6,-7.5686
13,nocopy,CP002279,CP002279,5975388,0.623,5,380,incopy,,0,0.0,0.4,3,-7.4169
13,nocopy,CP002279,CP002279,5975388,0.623,10,360,incopy,,0,0.0,0.38333333333333336,3,-7.8144
13,nocopy,CP002279,CP002279,5975388,0.623,10,314,incopy,,0,0.0,0.4166666666666667,4,-7.3664
13,nocopy,CP002279,CP002279,5975388,0.623,10,385,incopy,,0,0.1,0.48333333333333334,12,-7.8847
13,nocopy,CP002279,CP002279,5975388,0.623,10,322,incopy,,0,0.0,0.4,3,-7.8677
13,nocopy,CP002279,CP002279,5975388,0.623,10,306,incopy,,0,0.0,0.36666666666666664,4,-7.7984
13,nocopy,CP002279,CP002279,5975388,0.623,10,327,incopy,,0,0.0,0.25,2,-8.3645
13,nocopy,CP002279,CP002279,5975388,0.623,20,354,incopy,,0,0.0,0.225,3,-7.7436
13,nocopy,CP002279,CP002279,5975388,0.623,20,361,incopy,,0,0.0,0.38333333333333336,5,-7.3304
13,nocopy,CP002279,CP002279,5975388,0.623,20,370,incopy,,0,0.0,0.24166666666666667,3,-7.7352
13,nocopy,CP002279,CP002279,5975388,0.623,20,375,incopy,,0,0.05,0.35,9,-7.4128
13,nocopy,CP002279,CP002279,5975388,0.623,20,342,incopy,,0,0.0,0.35,6,-8.2459
13,nocopy,CP002279,CP002279,5975388,0.623,20,367,incopy,,0,0.0,0.36666666666666664,4,-7.3053
14,copy,CP002279,CP002279,2539200,0.6177,1,312,incopy,,1,1.0,1.0,6,-0.1714
14,copy,CP002279,CP002279,2539200,0.6177,1,304,incopy,,1,1.0,1.0,6,-0.1868
14,copy,CP002279,CP002279,2539200,0.6177,1,327,incopy,,1,1.0,1.0,6,-0.0456
14,copy,CP002279,CP002279,2539200,0.6177,1,304,incopy,,1,1.0,1.0,6,-0.1868
14,copy,CP002279,CP002279,2539200,0.6177,1,360,incopy,,1,1.0,1.0,6,-0.1505
14,copy,CP002279,CP002279,2539200,0.6177,1,328,incopy,,1,1.0,1.0,6,-0.0648
14,copy,CP002279,CP002279,2539200,0.6177,2,349,incopy,,1,1.0,1.0,12,-0.7406
14,copy,CP002279,CP002279,2539200,0.6177,2,331,incopy,,1,1.0,1.0,12,-0.4631
14,copy,CP002279,CP002279,2539200,0.6177,2,394,incopy,,1,1.0,1.0,12,-0.5004
14,copy,CP002279,CP002279,2539200,0.6177,2,393,incopy,,1,1.0,1.0,12,-0.2763
14,copy,CP002279,CP002279,2539200,0.6177,2,363,incopy,,1,1.0,1.0,12,-0.0549
14,copy,CP002279,CP002279,2539200,0.6177,2,382,incopy,,1,1.0,1.0,12,-0.1187
14,copy,CP002279,CP002279,2539200,0.6177,5,372,incopy,,1,1.0,1.0,30,-0.0911
14,copy,CP002279,CP002279,2539200,0.6177,5,325,incopy,,1,1.0,1.0,30,-0.247
14,copy,CP002279,CP002279,2539200,0.6177,5,382,incopy,,1,1.0,1.0,30,-0.5411
14,copy,CP002279,CP002279,2539200,0.6177,5,337,incopy,,0,0.6,0.7666666666666667,13,-1.2292
14,copy,CP002279,CP002279,2539200,0.6177,5,306,incopy,,0,0.6,0.7666666666666667,13,-0.5853
14,copy,CP002279,CP002279,2539200,0.6177,5,352,incopy,,1,1.0,1.0,30,-0.5639
14,copy,CP002279,CP002279,2539200,0.6177,10,304,incopy,,0,0.6,0.7333333333333333,19,-1.678
14,copy,CP002279,CP002279,2539200,0.6177,10,370,incopy,,0,0.7,0.7666666666666667,18,-1.5093
14,copy,CP002279,CP002279,2539200,0.6177,10,309,incopy,,0,0.5,0.7,18,-2.2302
14,copy,CP002279,CP002279,2539200,0.6177,10,384,incopy,,0,0.7,0.8333333333333334,18,-2.0541
14,copy,CP002279,CP002279,2539200,0.6177,10,359,incopy,,0,0.6,0.8,16,-1.7712
14,copy,CP002279,CP002279,2539200,0.6177,10,304,incopy,,0,0.6,0.7333333333333333,19,-1.678
14,copy,CP002279,CP002279,2539200,0.6177,20,323,incopy,,0,0.15,0.425,13,-5.7669
14,copy,CP002279,CP002279,2539200,0.6177,20,345,incopy,,0,0.2,0.5583333333333333,14,-5.4985
14,copy,CP002279,CP002279,2539200,0.6177,20,331,incopy,,0,0.25,0.45,12,-4.4014
14,copy,CP002279,CP002279,2539200,0.6177,20,321,incopy,,0,0.2,0.4666666666666667,13,-5.2794
14,copy,CP002279,CP002279,2539200,0.6177,20,318,incopy,,0,0.3,0.5166666666666667,19,-5.6824
14,copy,CP002279,CP002279,2539200,0.6177,20,332,incopy,,0,0.3,0.5666666666666667,18,-4.12
15,nocopy,CP002279,CP002279,2539200,0.6177,1,312,incopy,,0,0.0,0.3333333333333333,1,-6.4379
15,nocopy,CP002279,CP002279,2539200,0.6177,1,304,incopy,,0,0.0,0.3333333333333333,2,-8.4165
15,nocopy,CP002279,CP002279,2539200,0.6177,1,327,incopy,,0,0.0,0.16666666666666666,1,-10.3904
15,nocopy,CP002279,CP002279,2539200,0.6177,1,304,incopy,,0,0.0,0.3333333333333333,2,-8.4165
15,nocopy,CP002279,CP002279,2539200,0.6177,1,360,incopy,,0,0.0,0.3333333333333333,2,-6.5156
15,nocopy,CP002279,CP002279,2539200,0.6177,1,328,incopy,,0,0.0,0.3333333333333333,1,-5.0821
15,nocopy,CP002279,CP002279,2539200,0.6177,2,349,incopy,,0,0.0,0.5,2,-5.5453
15,nocopy,CP002279,CP002279,2539200,0.6177,2,331,incopy,,0,0.0,0.16666666666666666,1,-6.4901
15,nocopy,CP002279,CP002279,2539200,0.6177,2,394,incopy,,0,0.0,0.5,2,-7.7326
15,nocopy,CP002279,CP002279,2539200,0.6177,2,393,incopy,,0,0.0,0.5833333333333334,2,-6.5189
15,nocopy,CP002279,CP002279,2539200,0.6177,2,363,incopy,,0,0.0,0.3333333333333333,2,-5.9663
15,nocopy,CP002279,CP002279,2539200,0.6177,2,382,incopy,,0,0.0,0.4166666666666667,3,-6.665
15,nocopy,CP002279,CP002279,2539200,0.6177,5,372,incopy,,0,0.0,0.4,3,-6.31
15,nocopy,CP002279,CP002279,2539200,0.6177,5,325,incopy,,0,0.0,0.3,4,-6.7414
15,nocopy,CP002279,CP002279,2539200,0.6177,5,382,incopy,,0,0.0,0.3333333333333333,3,-7.9805
15,nocopy,CP002279,CP002279,2539200,0.6177,5,337,incopy,,0,0.0,0.3333333333333333,3,-6.3985
15,nocopy,CP002279,CP002279,2539200,0.6177,5,306,incopy,,0,0.0,0.26666666666666666,2,-7.2489
15,nocopy,CP002279,CP002279,2539200,0.6177,5,352,incopy,,0,0.0,0.36666666666666664,4,-6.2675
15,nocopy,CP002279,CP002279,2539200,0.6177,10,304,incopy,,0,0.0,0.35,3,-7.1173
15,nocopy,CP002279,CP002279,2539200,0.6177,10,370,incopy,,0,0.0,0.2833333333333333,2,-6.5988
15,nocopy,CP002279,CP002279,2539200,0.6177,10,309,incopy,,0,0.0,0.3,4,-7.3703
15,nocopy,CP002279,CP002279,2539200,0.6177,10,384,incopy,,0,0.1,0.43333333333333335,6,-7.3828
15,nocopy,CP002279,CP002279,2539200,0.6177,10,359,incopy,,0,0.0,0.3,4,-7.0707
15,nocopy,CP002279,CP002279,2539200,0.6177,10,304,incopy,,0,0.0,0.35,3,-7.1173
15,nocopy,CP002279,CP002279,2539200,0.6177,20,323,incopy,,0,0.0,0.35833333333333334,5,-6.7867
15,nocopy,CP002279,CP002279,2539200,0.6177,20,345,incopy,,0,0.0,0.4166666666666667,4,-6.802
15,nocopy,CP002279,CP002279,2539200,0.6177,20,331,incopy,,0,0.05,0.35,8,-6.4137
15,nocopy,CP002279,CP002279,2539200,0.6177,20,321,incopy,,0,0.05,0.39166666666666666,8,-7.0958
15,nocopy,CP002279,CP002279,2539200,0.6177,20,318,incopy,,0,0.0,0.375,5,-7.1878
15,nocopy,CP002279,CP002279,2539200,0.6177,20,332,incopy,,0,0.05,0.35,8,-6.4671
16,copy,CP002279,CP002279,6843870,0.6327,1,352,incopy,,1,1.0,1.0,6,-0.697
16,copy,CP002279,CP002279,6843870,0.6327,1,327,incopy,,1,1.0,1.0,6,-0.1868
16,copy,CP002279,CP002279,6843870,0.6327,1,335,incopy,,1,1.0,1.0,6,-0.0715
16,copy,CP002279,CP002279,6843870,0.6327,1,369,incopy,,1,1.0,1.0,6,-0.1231
16,copy,CP002279,CP002279,6843870,0.6327,1,383,incopy,,1,1.0,1.0,6,-0.1624
16,copy,CP002279,CP002279,6843870,0.6327,1,320,incopy,,1,1.0,1.0,6,-0.206
16,copy,CP002279,CP002279,6843870,0.6327,2,350,incopy,,1,1.0,1.0,12,-0.0815
16,copy,CP002279,CP002279,6843870,0.6327,2,366,incopy,,1,1.0,1.0,12,-0.1299
16,copy,CP002279,CP002279,6843870,0.6327,2,363,incopy,,1,1.0,1.0,12,-0.113
16,copy,CP002279,CP002279,6843870,0.6327,2,324,incopy,,1,1.0,1.0,12,-0.3308
16,copy,CP002279,CP002279,6843870,0.6327,2,315,incopy,,1,1.0,1.0,12,-0.1682
16,copy,CP002279,CP002279,6843870,0.6327,2,337,incopy,,1,1.0,1.0,12,-0.1475
16,copy,CP002279,CP002279,6843870,0.6327,5,304,incopy,,1,1.0,1.0,30,-0.423
16,copy,CP002279,CP002279,6843870,0.6327,5,365,incopy,,1,1.0,1.0,30,-0.6287
16,copy,CP002279,CP002279,6843870,0.6327,5,333,incopy,,1,1.0,1.0,30,-0.1508
16,copy,CP002279,CP002279,6843870,0.6327,5,331,incopy,,1,1.0,1.0,30,-0.3556
16,copy,CP002279,CP002279,6843870,0.6327,5,364,incopy,,1,1.0,1.0,30,-0.6202
16,copy,CP002279,CP002279,6843870,0.6327,5,351,incopy,,0,0.8,0.8666666666666667,18,-0.6322
16,copy,CP002279,CP002279,6843870,0.6327,10,318,incopy,,0,0.3,0.6833333333333333,13,-4.25
16,copy,CP002279,CP002279,6843870,0.6327,10,312,incopy,,0,0.4,0.6666666666666666,12,-1.805
16,copy,CP002279,CP002279,6843870,0.6327,10,373,incopy,,0,0.5,0.7166666666666667,19,-3.2773
16,copy,CP002279,CP002279,6843870,0.6327,10,310,incopy,,0,0.4,0.7666666666666667,15,-3.3742
16,copy,CP002279,CP002279,6843870,0.6327,10,308,incopy,,0,0.4,0.6666666666666666,12,-3.5055
16,copy,CP002279,CP002279,6843870,0.6327,10,326,incopy,,0,0.6,0.8,18,-1.8906
16,copy,CP002279,CP002279,6843870,0.6327,20,356,incopy,,0,0.25,0.575,17,-5.4264
16,copy,CP002279,CP002279,6843870,0.6327,20,377,incopy,,0,0.2,0.5166666666666667,18,-6.246
16,copy,CP002279,CP002279,6843870,0.6327,20,333,incopy,,0,0.35,0.5583333333333333,25,-4.89
16,copy,CP002279,CP002279,6843870,0.6327,20,328,incopy,,0,0.45,0.6833333333333333,12,-3.6331
16,copy,CP002279,CP002279,6843870,0.6327,20,360,incopy,,0,0.15,0.525,12,-5.6168
16,copy,CP002279,CP002279,6843870,0.6327,20,375,incopy,,0,0.2,0.49166666666666664,12,-5.4977
17,nocopy,CP002279,CP002279,6843870,0.6327,1,352,incopy,,0,0.0,0.5,3,-8.4991
17,nocopy,CP002279,CP002279,6843870,0.6327,1,327,incopy,,0,0.0,0.8333333333333334,3,-3.8297
17,nocopy,CP002279,CP002279,6843870,0.6327,1,335,incopy,,0,0.0,0.5,1,-7.9904
17,nocopy,CP002279,CP002279,6843870,0.6327,1,369,incopy,,0,0.0,0.3333333333333333,1,-6.7427
17,nocopy,CP002279,CP002279,6843870,0.6327,1,383,incopy,,0,0.0,0.5,2,-6.0226
17,nocopy,CP002279,CP002279,6843870,0.6327,1,320,incopy,,0,0.0,0.3333333333333333,1,-6.6306
17,nocopy,CP002279,CP002279,6843870,0.6327,2,350,incopy,,0,0.0,0.3333333333333333,2,-6.8905
17,nocopy,CP002279,CP002279,6843870,0.6327,2,366,incopy,,0,0.0,0.16666666666666666,2,-8.5269
17,nocopy,CP002279,CP002279,6843870,0.6327,2,363,incopy,,0,0.0,0.3333333333333333,3,-8.0141
17,nocopy,CP002279,CP002279,6843870,0.6327,2,324,incopy,,0,0.0,0.4166666666666667,3,-6.2962
17,nocopy,CP002279,CP002279,6843870,0.6327,2,315,incopy,,0,0.0,0.4166666666666667,2,-7.0601
17,nocopy,CP002279,CP002279,6843870,0.6327,2,337,incopy,,0,0.0,0.5,2,-5.9549
17,nocopy,CP002279,CP002279,6843870,0.6327,5,304,incopy,,0,0.0,0.3333333333333333,4,-7.2907
17,nocopy,CP002279,CP002279,6843870,0.6327,5,365,incopy,,0,0.0,0.3333333333333333,3,-7.3791
17,nocopy,CP002279,CP002279,6843870,0.6327,5,333,incopy,,0,0.0,0.43333333333333335,4,-6.3021
17,nocopy,CP002279,CP002279,6843870,0.6327,5,331,incopy,,0,0.0,0.36666666666666664,2,-7.4419
17,nocopy,CP002279,CP002279,6843870,0.6327,5,364,incopy,,0,0.0,0.36666666666666664,4,-7.3551
17,nocopy,CP002279,CP002279,6843870,0.6327,5,351,incopy,,0,0.0,0.36666666666666664,3,-7.1259
17,nocopy,CP002279,CP002279,6843870,0.6327,10,318,incopy,,0,0.0,0.36666666666666664,4,-6.9148
17,nocopy,CP002279,CP002279,6843870,0.6327,10,312,incopy,,0,0.0,0.3333333333333333,4,-7.7194
17,nocopy,CP002279,CP002279,6843870,0.6327,10,373,incopy,,0,0.0,0.3333333333333333,4,-7.5395
17,nocopy,CP002279,CP002279,6843870,0.6327,10,310,incopy,,0,0.0,0.3333333333333333,3,-7.7345
17,nocopy,CP002279,CP002279,6843870,0.6327,10,308,incopy,,0,0.0,0.2833333333333333,3,-7.793
17,nocopy,CP002279,CP002279,6843870,0.6327,10,326,incopy,,0,0.0,0.4,6,-6.912
17,nocopy,CP002279,CP002279,6843870,0.6327,20,356,incopy,,0,0.0,0.31666666666666665,3,-7.2418
17,nocopy,CP002279,CP002279,6843870,0.6327,20,377,incopy,,0,0.0,0.38333333333333336,4,-7.6546
17,nocopy,CP002279,CP002279,6843870,0.6327,20,333,incopy,,0,0.0,0.3333333333333333,4,-7.0621
17,nocopy,CP002279,CP002279,6843870,0.6327,20,328,incopy,,0,0.05,0.2916666666666667,6,-7.0158
17,nocopy,CP002279,CP002279,6843870,0.6327,20,360,incopy,,0,0.0,0.35,3,-7.4512
17,nocopy,CP002279,CP002279,6843870,0.6327,20,375,incopy,,0,0.0,0.35,3,-7.4472
18,copy,NZ_FOSL01000004.1,NZ_FOSL01000004.1,94914,0.634,1,319,incopy,,1,1.0,1.0,6,-0.0713
18,copy,NZ_FOSL01000004.1,NZ_FOSL01000004.1,94914,0.634,1,358,incopy,,1,1.0,1.0,6,-0.2472
18,copy,NZ_FOSL01000004.1,NZ_FOSL01000004.1,94914,0.634,1,321,incopy,,1,1.0,1.0,6,-0.1648
18,copy,NZ_FOSL01000004.1,NZ_FOSL01000004.1,94914,0.634,1,385,incopy,,1,1.0,1.0,6,-0.1391
18,copy,NZ_FOSL01000004.1,NZ_FOSL01000004.1,94914,0.634,1,367,incopy,,1,1.0,1.0,6,-0.0307
18,copy,NZ_FOSL01000004.1,NZ_FOSL01000004.1,94914,0.634,1,344,incopy,,1,1.0,1.0,6,-0.1567
18,copy,NZ_FOSL01000004.1,NZ_FOSL01000004.1,94914,0.634,2,394,incopy,,1,1.0,1.0,12,-0.4545
18,copy,NZ_FOSL01000004.1,NZ_FOSL01000004.1,94914,0.634,2,331,incopy,,1,1.0,1.0,12,-0.0659
18,copy,NZ_FOSL01000004.1,NZ_FOSL01000004.1,94914,0.634,2,312,incopy,,1,1.0,1.0,12,-0.1654
18,copy,NZ_FOSL01000004.1,NZ_FOSL01000004.1,94914,0.634,2,382,incopy,,1,1.0,1.0,12,-0.154
18,copy,NZ_FOSL01000004.1,NZ_FOSL01000004.1,94914,0.634,2,356,incopy,,1,1.0,1.0,12,-0.1619
18,copy,NZ_FOSL01000004.1,NZ_FOSL01000004.1,94914,0.634,2,323,incopy,,1,1.0,1.0,12,-0.1684
18,copy,NZ_FOSL01000004.1,NZ_FOSL01000004.1,94914,0.634,5,303,incopy,,1,1.0,1.0,30,-1.03
18,copy,NZ_FOSL01000004.1,NZ_FOSL01000004.1,94914,0.634,5,374,incopy,,0,0.8,0.9,13,-1.247
18,copy,NZ_FOSL01000004.1,NZ_FOSL01000004.1,94914,0.634,5,379,incopy,,0,0.8,0.9666666666666667,29,-0.4549
18,copy,NZ_FOSL01000004.1,NZ_FOSL01000004.1,94914,0.634,5,381,incopy,,1,1.0,1.0,30,-0.3548
18,copy,NZ_FOSL01000004.1,NZ_FOSL01000004.1,94914,0.634,5,386,incopy,,0,0.6,0.9333333333333333,22,-1.3739
18,copy,NZ_FOSL01000004.1,NZ_FOSL01000004.1,94914,0.634,5,383,incopy,,1,1.0,1.0,30,-0.0843
18,copy,NZ_FOSL01000004.1,NZ_FOSL01000004.1,94914,0.634,10,383,incopy,,0,0.6,0.7666666666666667,25,-3.1275
18,copy,NZ_FOSL01000004.1,NZ_FOSL01000004.1,94914,0.634,10,363,incopy,,0,0.7,0.8333333333333334,25,-2.2216
18,copy,NZ_FOSL01000004.1,NZ_FOSL01000004.1,94914,0.634,10,313,incopy,,0,0.9,0.9166666666666666,30,-0.847
18,copy,NZ_FOSL01000004.1,NZ_FOSL01000004.1,94914,0.634,10,327,incopy,,0,0.4,0.7333333333333333,16,-3.7901
18,copy,NZ_FOSL01000004.1,NZ_FOSL01000004.1,94914,0.634,10,356,incopy,,0,0.3,0.55,13,-4.9384
18,copy,NZ_FOSL01000004.1,NZ_FOSL01000004.1,94914,0.634,10,329,incopy,,0,0.3,0.6,12,-5.2023
18,copy,NZ_FOSL01000004.1,NZ_FOSL01000004.1,94914,0.634,20,366,incopy,,0,0.25,0.6,14,-5.0592
18,copy,NZ_FOSL01000004.1,NZ_FOSL01000004.1,94914,0.634,20,338,incopy,,0,0.2,0.49166666666666664,12,-4.8506
18,copy,NZ_FOSL01000004.1,NZ_FOSL01000004.1,94914,0.634,20,356,incopy,,0,0.15,0.5583333333333333,16,-5.5276
18,copy,NZ_FOSL01000004.1,NZ_FOSL01000004.1,94914,0.634,20,305,incopy,,0,0.25,0.45,18,-5.9919
18,copy,NZ_FOSL01000004.1,NZ_FOSL01000004.1,94914,0.634,20,322,incopy,,0,0.25,0.48333333333333334,18,-5.3662
18,copy,NZ_FOSL01000004.1,NZ_FOSL01000004.1,94914,0.634,20,351,incopy,,0,0.25,0.5,15,-5.2996
19,nocopy,NZ_FOSL01000004.1,NZ_FOSL01000004.1,94914,0.634,1,319,incopy,,0,0.0,0.3333333333333333,1,-8.9388
19,nocopy,NZ_FOSL01000004.1,NZ_FOSL01000004.1,94914,0.634,1,358,incopy,,0,0.0,0.5,2,-6.2499
19,nocopy,NZ_FOSL01000004.1,NZ_FOSL01000004.1,94914,0.634,1,321,incopy,,0,0.0,0.5,2,-7.904
19,nocopy,NZ_FOSL01000004.1,NZ_FOSL01000004.1,94914,0.634,1,385,incopy,,0,0.0,0.16666666666666666,1,-7.5181
19,nocopy,NZ_FOSL01000004.1,NZ_FOSL01000004.1,94914,0.634,1,367,incopy,,0,0.0,0.0,0,-7.8438
19,nocopy,NZ_FOSL01000004.1,NZ_FOSL01000004.1,94914,0.634,1,344,incopy,,0,0.0,0.3333333333333333,2,-9.2101
19,nocopy,NZ_FOSL01000004.1,NZ_FOSL01000004.1,94914,0.634,2,394,incopy,,0,0.0,0.6666666666666666,4,-6.6173
19,nocopy,NZ_FOSL01000004.1,NZ_FOSL01000004.1,94914,0.634,2,331,incopy,,0,0.0,0.08333333333333333,1,-9.4394
19,nocopy,NZ_FOSL01000004.1,NZ_FOSL01000004.1,94914,0.634,2,312,incopy,,0,0.0,0.25,2,-8.0272
19,nocopy,NZ_FOSL01000004.1,NZ_FOSL01000004.1,94914,0.634,2,382,incopy,,0,0.0,0.08333333333333333,1,-7.7722
19,nocopy,NZ_FOSL01000004.1,NZ_FOSL01000004.1,94914,0.634,2,356,incopy,,0,0.0,0.25,1,-7.3507
19,nocopy,NZ_FOSL01000004.1,NZ_FOSL01000004.1,94914,0.634,2,323,incopy,,0,0.0,0.25,1,-9.8167
19,nocopy,NZ_FOSL01000004.1,NZ_FOSL01000004.1,94914,0.634,5,303,incopy,,0,0.0,0.5,5,-7.6575
19,nocopy,NZ_FOSL01000004.1,NZ_FOSL01000004.1,94914,0.634,5,374,incopy,,0,0.0,0.26666666666666666,2,-6.8993
19,nocopy,NZ_FOSL01000004.1,NZ_FOSL01000004.1,94914,0.634,5,379,incopy,,0,0.0,0.5,4,-6.6937
19,nocopy,NZ_FOSL01000004.1,NZ_FOSL01000004.1,94914,0.634,5,381,incopy,,0,0.0,0.43333333333333335,4,-6.5165
19,nocopy,NZ_FOSL01000004.1,NZ_FOSL01000004.1,94914,0.634,5,386,incopy,,0,0.0,0.36666666666666664,4,-6.788
19,nocopy,NZ_FOSL01000004.1,NZ_FOSL01000004.1,94914,0.634,5,383,incopy,,0,0.0,0.7333333333333333,7,-6.2091
19,nocopy,NZ_FOSL01000004.1,NZ_FOSL01000004.1,94914,0.634,10,383,incopy,,0,0.0,0.45,5,-7.0722
19,nocopy,NZ_FOSL01000004.1,NZ_FOSL01000004.1,94914,0.634,10,363,incopy,,0,0.0,0.25,4,-8.4516
19,nocopy,NZ_FOSL01000004.1,NZ_FOSL01000004.1,94914,0.634,10,313,incopy,,0,0.0,0.31666666666666665,3,-8.2469
19,nocopy,NZ_FOSL01000004.1,NZ_FOSL01000004.1,94914,0.634,10,327,incopy,,0,0.0,0.2833333333333333,3,-8.4795
19,nocopy,NZ_FOSL01000004.1,NZ_FOSL01000004.1,94914,0.634,10,356,incopy,,0,0.0,0.38333333333333336,4,-7.5409
19,nocopy,NZ_FOSL01000004.1,NZ_FOSL01000004.1,94914,0.634,10,329,incopy,,0,0.0,0.2833333333333333,3,-8.3781
19,nocopy,NZ_FOSL01000004.1,NZ_FOSL01000004.1,94914,0.634,20,366,incopy,,0,0.05,0.3416666666666667,9,-7.1939
19,nocopy,NZ_FOSL01000004.1,NZ_FOSL01000004.1,94914,0.634,20,338,incopy,,0,0.0,0.2916666666666667,5,-8.1635
19,nocopy,NZ_FOSL01000004.1,NZ_FOSL01000004.1,94914,0.634,20,356,incopy,,0,0.05,0.35833333333333334,9,-7.6724
19,nocopy,NZ_FOSL01000004.1,NZ_FOSL01000004.1,94914,0.634,20,305,incopy,,0,0.0,0.25,3,-7.9828
19,nocopy,NZ_FOSL01000004.1,NZ_FOSL01000004.1,94914,0.634,20,322,incopy,,0,0.0,0.3333333333333333,6,-8.2797
19,nocopy,NZ_FOSL01000004.1,NZ_FOSL01000004.1,94914,0.634,20,351,incopy,,0,0.0,0.325,3,-8.5205
20,copy,CP002279,CP002279,1704018,0.6383,1,321,incopy,,1,1.0,1.0,6,-0.1489
20,copy,CP002279,CP002279,1704018,0.6383,1,313,incopy,,1,1.0,1.0,6,-0.1243
20,copy,CP002279,CP002279,1704018,0.6383,1,373,incopy,,1,1.0,1.0,6,-0.19
20,copy,CP002279,CP002279,1704018,0.6383,1,364,incopy,,1,1.0,1.0,6,-0.0982
20,copy,CP002279,CP002279,1704018,0.6383,1,378,incopy,,1,1.0,1.0,6,-0.0958
20,copy,CP002279,CP002279,1704018,0.6383,1,326,incopy,,1,1.0,1.0,6,-0.2564
20,copy,CP002279,CP002279,1704018,0.6383,2,329,incopy,,1,1.0,1.0,12,-0.2601
20,copy,CP002279,CP002279,1704018,0.6383,2,382,incopy,,1,1.0,1.0,12,-0.172
20,copy,CP002279,CP002279,1704018,0.6383,2,374,incopy,,1,1.0,1.0,12,-0.0859
20,copy,CP002279,CP002279,1704018,0.6383,2,327,incopy,,1,1.0,1.0,12,-1.2481
20,copy,CP002279,CP002279,1704018,0.6383,2,314,incopy,,1,1.0,1.0,12,-0.2029
20,copy,CP002279,CP002279,1704018,0.6383,2,316,incopy,,1,1.0,1.0,12,-0.1781
20,copy,CP002279,CP002279,1704018,0.6383,5,342,incopy,,0,0.6,0.7333333333333333,12,-1.3111
20,copy,CP002279,CP002279,1704018,0.6383,5,339,incopy,,1,1.0,1.0,30,-0.605
20,copy,CP002279,CP002279,1704018,0.6383,5,384,incopy,,0,0.6,0.7666666666666667,9,-1.2116
20,copy,CP002279,CP002279,1704018,0.6383,5,336,incopy,,0,0.8,0.9,18,-1.9658
20,copy,CP002279,CP002279,1704018,0.6383,5,340,incopy,,0,0.8,0.8333333333333334,24,-0.648
20,copy,CP002279,CP002279,1704018,0.6383,5,331,incopy,,0,0.8,0.8333333333333334,18,-1.6985
20,copy,CP002279,CP002279,1704018,0.6383,10,310,incopy,,0,0.7,0.8166666666666667,24,-2.5797
20,copy,CP002279,CP002279,1704018,0.6383,10,304,incopy,,0,0.7,0.8333333333333334,13,-2.3137
20,copy,CP002279,CP002279,1704018,0.6383,10,332,incopy,,0,0.4,0.6833333333333333,12,-2.9125
20,copy,CP002279,CP002279,1704018,0.6383,10,334,incopy,,0,0.4,0.6666666666666666,16,-4.0965
20,copy,CP002279,CP002279,1704018,0.6383,10,347,incopy,,0,0.7,0.7833333333333333,26,-1.8877
20,copy,CP002279,CP002279,1704018,0.6383,10,359,incopy,,0,0.4,0.6666666666666666,13,-2.3026
20,copy,CP002279,CP002279,1704018,0.6383,20,341,incopy,,0,0.4,0.55,31,-4.2139
20,copy,CP002279,CP002279,1704018,0.6383,20,339,incopy,,0,0.4,0.6083333333333333,27,-4.6594
20,copy,CP002279,CP002279,1704018,0.6383,20,302,incopy,,0,0.1,0.48333333333333334,10,-6.4293
20,copy,CP002279,CP002279,1704018,0.6383,20,311,incopy,,0,0.35,0.5666666666666667,26,-5.1419
20,copy,CP002279,CP002279,1704018,0.6383,20,303,incopy,,0,0.2,0.5666666666666667,12,-5.6548
20,copy,CP002279,CP002279,1704018,0.6383,20,371,incopy,,0,0.2,0.5083333333333333,18,-6.3805
21,nocopy,CP002279,CP002279,1704018,0.6383,1,321,incopy,,0,0.0,0.3333333333333333,1,-6.7909
21,nocopy,CP002279,CP002279,1704018,0.6383,1,313,incopy,,0,0.0,0.3333333333333333,2,-8.1632
21,nocopy,CP002279,CP002279,1704018,0.6383,1,373,incopy,,0,0.0,0.3333333333333333,2,-10.2646
21,nocopy,CP002279,CP002279,1704018,0.6383,1,364,incopy,,0,0.0,0.16666666666666666,1,-8.468
21,nocopy,CP002279,CP002279,1704018,0.6383,1,378,incopy,,0,0.0,0.3333333333333333,1,-10.5574
21,nocopy,CP002279,CP002279,1704018,0.6383,1,326,incopy,,0,0.0,0.5,2,-9.8039
21,nocopy,CP002279,CP002279,1704018,0.6383,2,329,incopy,,0,0.0,0.25,2,-8.1404
21,nocopy,CP002279,CP002279,1704018,0.6383,2,382,incopy,,0,0.0,0.3333333333333333,2,-7.9082
21,nocopy,CP002279,CP002279,1704018,0.6383,2,374,incopy,,0,0.0,0.3333333333333333,2,-7.0393
21,nocopy,CP002279,CP002279,1704018,0.6383,2,327,incopy,,0,0.0,0.16666666666666666,1,-8.0791
21,nocopy,CP002279,CP002279,1704018,0.6383,2,314,incopy,,0,0.0,0.3333333333333333,2,-6.1135
21,nocopy,CP002279,CP002279,1704018,0.6383,2,316,incopy,,0,0.0,0.3333333333333333,2,-7.2959
21,nocopy,CP002279,CP002279,1704018,0.6383,5,342,incopy,,0,0.0,0.4,3,-7.5982
21,nocopy,CP002279,CP002279,1704018,0.6383,5,339,incopy,,0,0.0,0.23333333333333334,2,-7.397
21,nocopy,CP002279,CP002279,1704018,0.6383,5,384,incopy,,0,0.0,0.36666666666666664,3,-7.3262
21,nocopy,CP002279,CP002279,1704018,0.6383,5,336,incopy,,0,0.0,0.4,3,-8.0481
21,nocopy,CP002279,CP002279,1704018,0.6383,5,340,incopy,,0,0.0,0.3333333333333333,4,-7.2003
21,nocopy,CP002279,CP002279,1704018,0.6383,5,331,incopy,,0,0.0,0.26666666666666666,2,-7.2741
21,nocopy,CP002279,CP002279,1704018,0.6383,10,310,incopy,,0,0.0,0.35,2,-7.3582
21,nocopy,CP002279,CP002279,1704018,0.6383,10,304,incopy,,0,0.0,0.45,6,-6.9554
21,nocopy,CP002279,CP002279,1704018,0.6383,10,332,incopy,,0,0.0,0.3333333333333333,3,-7.6434
21,nocopy,CP002279,CP002279,1704018,0.6383,10,334,incopy,,0,0.0,0.43333333333333335,3,-7.7395
21,nocopy,CP002279,CP002279,1704018,0.6383,10,347,incopy,,0,0.0,0.4166666666666667,4,-7.5334
21,nocopy,CP002279,CP002279,1704018,0.6383,10,359,incopy,,0,0.0,0.35,4,-7.3871
21,nocopy,CP002279,CP002279,1704018,0.6383,20,341,incopy,,0,0.0,0.3333333333333333,4,-7.5972
21,nocopy,CP002279,CP002279,1704018,0.6383,20,339,incopy,,0,0.0,0.2916666666666667,4,-7.7928
21,nocopy,CP002279,CP002279,1704018,0.6383,20,302,incopy,,0,0.0,0.38333333333333336,6,-7.7127
21,nocopy,CP002279,CP002279,1704018,0.6383,20,311,incopy,,0,0.0,0.31666666666666665,5,-8.0329
21,nocopy,CP002279,CP002279,1704018,0.6383,20,303,incopy,,0,0.0,0.2833333333333333,3,-7.7428
21,nocopy,CP002279,CP002279,1704018,0.6383,20,371,incopy,,0,0.0,0.375,5,-7.87
22,copy,CP002279,CP002279,4613046,0.6453,1,350,incopy,,1,1.0,1.0,6,-0.4555
22,copy,CP002279,CP002279,4613046,0.6453,1,337,incopy,,1,1.0,1.0,6,-0.5768
22,copy,CP002279,CP002279,4613046,0.6453,1,316,incopy,,1,1.0,1.0,6,-0.1173
22,copy,CP002279,CP002279,4613046,0.6453,1,325,incopy,,1,1.0,1.0,6,-0.129
22,copy,CP002279,CP002279,4613046,0.6453,1,337,incopy,,1,1.0,1.0,6,-0.5768
22,copy,CP002279,CP002279,4613046,0.6453,1,354,incopy,,1,1.0,1.0,6,-0.4017
22,copy,CP002279,CP002279,4613046,0.6453,2,326,incopy,,1,1.0,1.0,12,-0.0667
22,copy,CP002279,CP002279,4613046,0.6453,2,392,incopy,,1,1.0,1.0,12,-0.3259
22,copy,CP002279,CP002279,4613046,0.6453,2,369,incopy,,1,1.0,1.0,12,-0.5712
22,copy,CP002279,CP002279,4613046,0.6453,2,344,incopy,,1,1.0,1.0,12,-0.2638
22,copy,CP002279,CP002279,4613046,0.6453,2,381,incopy,,1,1.0,1.0,12,-0.0674
22,copy,CP002279,CP002279,4613046,0.6453,2,378,incopy,,1,1.0,1.0,12,-0.2683
22,copy,CP002279,CP002279,4613046,0.6453,5,332,incopy,,0,0.8,0.9666666666666667,23,-0.7222
22,copy,CP002279,CP002279,4613046,0.6453,5,367,incopy,,0,0.6,0.8,12,-0.7071
22,copy,CP002279,CP002279,4613046,0.6453,5,350,incopy,,1,1.0,1.0,30,-0.4687
22,copy,CP002279,CP002279,4613046,0.6453,5,386,incopy,,1,1.0,1.0,30,-0.3581
22,copy,CP002279,CP002279,4613046,0.6453,5,370,incopy,,0,0.8,0.9333333333333333,18,-1.5892
22,copy,CP002279,CP002279,4613046,0.6453,5,303,incopy,,0,0.6,0.7,12,-1.7009
22,copy,CP002279,CP002279,4613046,0.6453,10,349,incopy,,0,0.7,0.8333333333333334,18,-2.8047
22,copy,CP002279,CP002279,4613046,0.6453,10,308,incopy,,0,0.3,0.4666666666666667,13,-3.9918
22,copy,CP002279,CP002279,4613046,0.6453,10,341,incopy,,0,0.6,0.9,23,-1.8582
22,copy,CP002279,CP002279,4613046,0.6453,10,374,incopy,,0,0.4,0.6666666666666666,13,-4.3099
22,copy,CP002279,CP002279,4613046,0.6453,10,317,incopy,,0,0.8,0.8333333333333334,24,-1.289
22,copy,CP002279,CP002279,4613046,0.6453,10,379,incopy,,0,0.7,0.8666666666666667,29,-2.7407
22,copy,CP002279,CP002279,4613046,0.6453,20,329,incopy,,0,0.35,0.6,30,-4.297
22,copy,CP002279,CP002279,4613046,0.6453,20,331,incopy,,0,0.25,0.6416666666666667,14,-5.0279
22,copy,CP002279,CP002279,4613046,0.6453,20,318,incopy,,0,0.3,0.55,13,-4.5768
22,copy,CP002279,CP002279,4613046,0.6453,20,356,incopy,,0,0.15,0.475,12,-5.3838
22,copy,CP002279,CP002279,4613046,0.6453,20,373,incopy,,0,0.15,0.49166666666666664,14,-6.0981
22,copy,CP002279,CP002279,4613046,0.6453,20,360,incopy,,0,0.35,0.6833333333333333,25,-4.7304
23,nocopy,CP002279,CP002279,4613046,0.6453,1,350,incopy,,0,0.0,0.5,2,-7.5977
23,nocopy,CP002279,CP002279,4613046,0.6453,1,337,incopy,,0,0.0,0.3333333333333333,2,-7.7661
23,nocopy,CP002279,CP002279,4613046,0.6453,1,316,incopy,,0,0.0,0.0,0,-9.0733
23,nocopy,CP002279,CP002279,4613046,0.6453,1,325,incopy,,0,0.0,0.16666666666666666,1,-6.3867
23,nocopy,CP002279,CP002279,4613046,0.6453,1,337,incopy,,0,0.0,0.3333333333333333,2,-7.7662
23,nocopy,CP002279,CP002279,4613046,0.6453,1,354,incopy,,0,0.0,0.3333333333333333,2,-7.381
23,nocopy,CP002279,CP002279,4613046,0.6453,2,326,incopy,,0,0.0,0.5,6,-6.3456
23,nocopy,CP002279,CP002279,4613046,0.6453,2,392,incopy,,0,0.0,0.4166666666666667,3,-9.2454
23,nocopy,CP002279,CP002279,4613046,0.6453,2,369,incopy,,0,0.0,0.4166666666666667,4,-7.1056
23,nocopy,CP002279,CP002279,4613046,0.6453,2,344,incopy,,0,0.0,0.3333333333333333,2,-7.2105
23,nocopy,CP002279,CP002279,4613046,0.6453,2,381,incopy,,0,0.0,0.3333333333333333,3,-8.4711
23,nocopy,CP002279,CP002279,4613046,0.6453,2,378,incopy,,0,0.0,0.25,2,-7.8314
23,nocopy,CP002279,CP002279,4613046,0.6453,5,332,incopy,,0,0.0,0.3,2,-7.9309
23,nocopy,CP002279,CP002279,4613046,0.6453,5,367,incopy,,0,0.0,0.43333333333333335,3,-7.6294
23,nocopy,CP002279,CP002279,4613046,0.6453,5,350,incopy,,0,0.0,0.3333333333333333,3,-7.316
23,nocopy,CP002279,CP002279,4613046,0.6453,5,386,incopy,,0,0.0,0.43333333333333335,4,-6.9378
23,nocopy,CP002279,CP002279,4613046,0.6453,5,370,incopy,,0,0.0,0.23333333333333334,2,-8.7771
23,nocopy,CP002279,CP002279,4613046,0.6453,5,303,incopy,,0,0.0,0.23333333333333334,3,-8.5388
23,nocopy,CP002279,CP002279,4613046,0.6453,10,349,incopy,,0,0.0,0.36666666666666664,4,-7.0916
23,nocopy,CP002279,CP002279,4613046,0.6453,10,308,incopy,,0,0.0,0.36666666666666664,3,-7.2668
23,nocopy,CP002279,CP002279,4613046,0.6453,10,341,incopy,,0,0.0,0.38333333333333336,3,-7.6662
23,nocopy,CP002279,CP002279,4613046,0.6453,10,374,incopy,,0,0.0,0.31666666666666665,2,-7.8565
23,nocopy,CP002279,CP002279,4613046,0.6453,10,317,incopy,,0,0.0,0.43333333333333335,5,-7.3457
23,nocopy,CP002279,CP002279,4613046,0.6453,10,379,incopy,,0,0.0,0.31666666666666665,3,-7.7986
23,nocopy,CP002279,CP002279,4613046,0.6453,20,329,incopy,,0,0.0,0.3416666666666667,4,-7.6056
23,nocopy,CP002279,CP002279,4613046,0.6453,20,331,incopy,,0,0.0,0.4083333333333333,4,-7.6761
23,nocopy,CP002279,CP002279,4613046,0.6453,20,318,incopy,,0,0.0,0.4166666666666667,3,-7.4311
23,nocopy,CP002279,CP002279,4613046,0.6453,20,356,incopy,,0,0.0,0.475,5,-7.236
23,nocopy,CP002279,CP002279,4613046,0.6453,20,373,incopy,,0,0.0,0.35833333333333334,5,-7.8794
23,nocopy,CP002279,CP002279,4613046,0.6453,20,360,incopy,,0,0.0,0.425,5,-7.616
24,copy,CP002279,CP002279,5774700,0.6447,1,344,incopy,,1,1.0,1.0,6,-0.0528
24,copy,CP002279,CP002279,5774700,0.6447,1,382,incopy,,1,1.0,1.0,6,-0.3486
24,copy,CP002279,CP002279,5774700,0.6447,1,370,incopy,,1,1.0,1.0,6,-0.1037
24,copy,CP002279,CP002279,5774700,0.6447,1,346,incopy,,1,1.0,1.0,6,-0.1148
24,copy,CP002279,CP002279,5774700,0.6447,1,374,incopy,,1,1.0,1.0,6,-0.1567
24,copy,CP002279,CP002279,5774700,0.6447,1,389,incopy,,1,1.0,1.0,6,-0.049
24,copy,CP002279,CP002279,5774700,0.6447,2,313,incopy,,1,1.0,1.0,12,-0.5902
24,copy,CP002279,CP002279,5774700,0.6447,2,345,incopy,,1,1.0,1.0,12,-0.1694
24,copy,CP002279,CP002279,5774700,0.6447,2,358,incopy,,1,1.0,1.0,12,-0.175
24,copy,CP002279,CP002279,5774700,0.6447,2,381,incopy,,1,1.0,1.0,12,-0.2584
24,copy,CP002279,CP002279,5774700,0.6447,2,385,incopy,,1,1.0,1.0,12,-0.1439
24,copy,CP002279,CP002279,5774700,0.6447,2,363,incopy,,1,1.0,1.0,12,-0.1266
24,copy,CP002279,CP002279,5774700,0.6447,5,315,incopy,,0,0.6,0.6666666666666666,12,-1.5384
24,copy,CP002279,CP002279,5774700,0.6447,5,349,incopy,,1,1.0,1.0,30,-0.334
24,copy,CP002279,CP002279,5774700,0.6447,5,346,incopy,,1,1.0,1.0,30,-0.1516
24,copy,CP002279,CP002279,5774700,0.6447,5,373,incopy,,1,1.0,1.0,30,-0.3212
24,copy,CP002279,CP002279,5774700,0.6447,5,362,incopy,,0,0.8,0.9666666666666667,18,-0.9659
24,copy,CP002279,CP002279,5774700,0.6447,5,346,incopy,,1,1.0,1.0,30,-0.1516
24,copy,CP002279,CP002279,5774700,0.6447,10,336,incopy,,0,0.4,0.7166666666666667,18,-3.9685
24,copy,CP002279,CP002279,5774700,0.6447,10,386,incopy,,0,0.4,0.75,20,-2.7969
24,copy,CP002279,CP002279,5774700,0.6447,10,349,incopy,,0,0.8,0.95,28,-1.2947
24,copy,CP002279,CP002279,5774700,0.6447,10,333,incopy,,0,0.7,0.8,21,-1.3153
24,copy,CP002279,CP002279,5774700,0.6447,10,367,incopy,,0,0.4,0.5833333333333334,19,-3.9519
24,copy,CP002279,CP002279,5774700,0.6447,10,382,incopy,,0,0.6,0.85,13,-1.8411
24,copy,CP002279,CP002279,5774700,0.6447,20,368,incopy,,0,0.25,0.45,14,-5.3765
24,copy,CP002279,CP002279,5774700,0.6447,20,311,incopy,,0,0.25,0.4666666666666667,18,-6.2356
24,copy,CP002279,CP002279,5774700,0.6447,20,314,incopy,,0,0.25,0.5083333333333333,19,-6.2154
24,copy,CP002279,CP002279,5774700,0.6447,20,362,incopy,,0,0.25,0.425,18,-5.5535
24,copy,CP002279,CP002279,5774700,0.6447,20,345,incopy,,0,0.45,0.6333333333333333,30,-3.7339
24,copy,CP002279,CP002279,5774700,0.6447,20,373,incopy,,0,0.35,0.6166666666666667,24,-4.701
25,nocopy,CP002279,CP002279,5774700,0.6447,1,344,incopy,,0,0.0,0.3333333333333333,1,-8.2431
25,nocopy,CP002279,CP002279,5774700,0.6447,1,382,incopy,,0,0.0,0.0,0,-9.7456
25,nocopy,CP002279,CP002279,5774700,0.6447,1,370,incopy,,0,0.0,0.16666666666666666,1,-5.5081
25,nocopy,CP002279,CP002279,5774700,0.6447,1,346,incopy,,0,0.0,0.3333333333333333,1,-7.7825
25,nocopy,CP002279,CP002279,5774700,0.6447,1,374,incopy,,0,0.0,0.5,2,-7.0137
25,nocopy,CP002279,CP002279,5774700,0.6447,1,389,incopy,,0,0.0,0.5,1,-5.8413
25,nocopy,CP002279,CP002279,5774700,0.6447,2,313,incopy,,0,0.0,0.08333333333333333,1,-8.2031
25,nocopy,CP002279,CP002279,5774700,0.6447,2,345,incopy,,0,0.0,0.08333333333333333,1,-9.4222
25,nocopy,CP002279,CP002279,5774700,0.6447,2,358,incopy,,0,0.0,0.3333333333333333,1,-6.8644
25,nocopy,CP002279,CP002279,5774700,0.6447,2,381,incopy,,0,0.0,0.25,1,-8.2014
25,nocopy,CP002279,CP002279,5774700,0.6447,2,385,incopy,,0,0.0,0.5,4,-7.8997
25,nocopy,CP002279,CP002279,5774700,0.6447,2,363,incopy,,0,0.0,0.25,2,-8.5648
25,nocopy,CP002279,CP002279,5774700,0.6447,5,315,incopy,,0,0.0,0.4,3,-7.7399
25,nocopy,CP002279,CP002279,5774700,0.6447,5,349,incopy,,0,0.0,0.26666666666666666,2,-7.2906
25,nocopy,CP002279,CP002279,5774700,0.6447,5,346,incopy,,0,0.0,0.4,3,-7.4679
25,nocopy,CP002279,CP002279,5774700,0.6447,5,373,incopy,,0,0.0,0.4666666666666667,3,-6.7561
25,nocopy,CP002279,CP002279,5774700,0.6447,5,362,incopy,,0,0.0,0.26666666666666666,2,-7.8483
25,nocopy,CP002279,CP002279,5774700,0.6447,5,346,incopy,,0,0.0,0.4,3,-7.4679
25,nocopy,CP002279,CP002279,5774700,0.6447,10,336,incopy,,0,0.0,0.35,3,-7.2089
25,nocopy,CP002279,CP002279,5774700,0.6447,10,386,incopy,,0,0.0,0.3,3,-7.681
25,nocopy,CP002279,CP002279,5774700,0.6447,10,349,incopy,,0,0.0,0.38333333333333336,4,-7.0288
25,nocopy,CP002279,CP002279,5774700,0.6447,10,333,incopy,,0,0.0,0.36666666666666664,3,-7.0205
25,nocopy,CP002279,CP002279,5774700,0.6447,10,367,incopy,,0,0.0,0.3,2,-6.8317
25,nocopy,CP002279,CP002279,5774700,0.6447,10,382,incopy,,0,0.0,0.2833333333333333,4,-7.7349
25,nocopy,CP002279,CP002279,5774700,0.6447,20,368,incopy,,0,0.0,0.30833333333333335,3,-7.4107
25,nocopy,CP002279,CP002279,5774700,0.6447,20,311,incopy,,0,0.0,0.3416666666666667,3,-7.8145
25,nocopy,CP002279,CP002279,5774700,0.6447,20,314,incopy,,0,0.0,0.31666666666666665,5,-7.7286
25,nocopy,CP002279,CP002279,5774700,0.6447,20,362,incopy,,0,0.0,0.30833333333333335,3,-7.3985
25,nocopy,CP002279,CP002279,5774700,0.6447,20,345,incopy,,0,0.0,0.35,4,-7.3482
25,nocopy,CP002279,CP002279,5774700,0.6447,20,373,incopy,,0,0.0,0.3,5,-7.6036
26,copy,CP002279,CP002279,3778428,0.674,1,356,incopy,,1,1.0,1.0,6,-0.0657
26,copy,CP002279,CP002279,3778428,0.674,1,378,incopy,,1,1.0,1.0,6,-0.0236
26,copy,CP002279,CP002279,3778428,0.674,1,360,incopy,,1,1.0,1.0,6,-0.2393
26,copy,CP002279,CP002279,3778428,0.674,1,340,incopy,,1,1.0,1.0,6,-0.055
26,copy,CP002279,CP002279,3778428,0.674,1,327,incopy,,1,1.0,1.0,6,-0.0916
26,copy,CP002279,CP002279,3778428,0.674,1,332,incopy,,1,1.0,1.0,6,-0.2428
26,copy,CP002279,CP002279,3778428,0.674,2,390,incopy,,1,1.0,1.0,12,-0.1327
26,copy,CP002279,CP002279,3778428,0.674,2,370,incopy,,1,1.0,1.0,12,-0.1171
26,copy,CP002279,CP002279,3778428,0.674,2,311,incopy,,1,1.0,1.0,12,-0.782
26,copy,CP002279,CP002279,3778428,0.674,2,330,incopy,,0,0.5,0.8333333333333334,6,-0.9048
26,copy,CP002279,CP002279,3778428,0.674,2,394,incopy,,0,0.5,0.9166666666666666,6,-1.1306
26,copy,CP002279,CP002279,3778428,0.674,2,335,incopy,,1,1.0,1.0,12,-0.1379
26,copy,CP002279,CP002279,3778428,0.674,5,372,incopy,,0,0.8,0.9,15,-0.6847
26,copy,CP002279,CP002279,3778428,0.674,5,361,incopy,,1,1.0,1.0,30,-0.2846
26,copy,CP002279,CP002279,3778428,0.674,5,386,incopy,,0,0.8,0.8333333333333334,18,-0.6172
26,copy,CP002279,CP002279,3778428,0.674,5,306,incopy,,0,0.8,0.9,19,-0.8597
26,copy,CP002279,CP002279,3778428,0.674,5,315,incopy,,1,1.0,1.0,30,-0.6058
26,copy,CP002279,CP002279,3778428,0.674,5,302,incopy,,0,0.4,0.7666666666666667,13,-2.0136
26,copy,CP002279,CP002279,3778428,0.674,10,348,incopy,,0,0.4,0.6166666666666667,13,-4.1537
26,copy,CP002279,CP002279,3778428,0.674,10,385,incopy,,0,0.5,0.7166666666666667,14,-1.7045
26,copy,CP002279,CP002279,3778428,0.674,10,341,incopy,,0,0.8,0.8833333333333333,25,-1.5559
26,copy,CP002279,CP002279,3778428,0.674,10,326,incopy,,0,0.7,0.8333333333333334,25,-1.8687
26,copy,CP002279,CP002279,3778428,0.674,10,340,incopy,,0,0.8,0.85,24,-1.4208
26,copy,CP002279,CP002279,3778428,0.674,10,373,incopy,,0,0.5,0.8,22,-1.9525
26,copy,CP002279,CP002279,3778428,0.674,20,306,incopy,,0,0.15,0.5166666666666667,13,-5.3512
26,copy,CP002279,CP002279,3778428,0.674,20,362,incopy,,0,0.15,0.5333333333333333,13,-5.9136
26,copy,CP002279,CP002279,3778428,0.674,20,304,incopy,,0,0.2,0.5833333333333334,12,-5.0911
26,copy,CP002279,CP002279,3778428,0.674,20,368,incopy,,0,0.15,0.525,13,-6.33
26,copy,CP002279,CP002279,3778428,0.674,20,348,incopy,,0,0.25,0.55,13,-5.3365
26,copy,CP002279,CP002279,3778428,0.674,20,322,incopy,,0,0.2,0.5333333333333333,14,-5.1568
27,nocopy,CP002279,CP002279,3778428,0.674,1,356,incopy,,0,0.0,0.16666666666666666,1,-9.8581
27,nocopy,CP002279,CP002279,3778428,0.674,1,378,incopy,,0,0.0,0.6666666666666666,4,-6.1679
27,nocopy,CP002279,CP002279,3778428,0.674,1,360,incopy,,0,0.0,0.6666666666666666,2,-6.209
27,nocopy,CP002279,CP002279,3778428,0.674,1,340,incopy,,0,0.0,0.3333333333333333,2,-6.7271
27,nocopy,CP002279,CP002279,3778428,0.674,1,327,incopy,,0,0.0,0.3333333333333333,1,-8.8688
27,nocopy,CP002279,CP002279,3778428,0.674,1,332,incopy,,0,0.0,0.6666666666666666,4,-6.0045
27,nocopy,CP002279,CP002279,3778428,0.674,2,390,incopy,,0,0.0,0.6666666666666666,4,-6.3249
27,nocopy,CP002279,CP002279,3778428,0.674,2,370,incopy,,0,0.0,0.5833333333333334,4,-6.27
27,nocopy,CP002279,CP002279,3778428,0.674,2,311,incopy,,0,0.0,0.5,2,-6.5626
27,nocopy,CP002279,CP002279,3778428,0.674,2,330,incopy,,0,0.0,0.4166666666666667,2,-7.5633
27,nocopy,CP002279,CP002279,3778428,0.674,2,394,incopy,,0,0.0,0.5,3,-6.3111
27,nocopy,CP002279,CP002279,3778428,0.674,2,335,incopy,,0,0.0,0.5,2,-8.3612
27,nocopy,CP002279,CP002279,3778428,0.674,5,372,incopy,,0,0.0,0.5,3,-5.7448
27,nocopy,CP002279,CP002279,3778428,0.674,5,361,incopy,,0,0.0,0.3333333333333333,4,-8.7235
27,nocopy,CP002279,CP002279,3778428,0.674,5,386,incopy,,0,0.0,0.3,4,-7.5078
27,nocopy,CP002279,CP002279,3778428,0.674,5,306,incopy,,0,0.0,0.3,2,-8.2596
27,nocopy,CP002279,CP002279,3778428,0.674,5,315,incopy,,0,0.0,0.3333333333333333,4,-6.7219
27,nocopy,CP002279,CP002279,3778428,0.674,5,302,incopy,,0,0.0,0.3333333333333333,3,-7.5041
27,nocopy,CP002279,CP002279,3778428,0.674,10,348,incopy,,0,0.1,0.4166666666666667,6,-7.0611
27,nocopy,CP002279,CP002279,3778428,0.674,10,385,incopy,,0,0.0,0.4166666666666667,3,-7.112
27,nocopy,CP002279,CP002279,3778428,0.674,10,341,incopy,,0,0.0,0.2833333333333333,3,-7.6786
27,nocopy,CP002279,CP002279,3778428,0.674,10,326,incopy,,0,0.0,0.3333333333333333,4,-7.2567
27,nocopy,CP002279,CP002279,3778428,0.674,10,340,incopy,,0,0.0,0.26666666666666666,2,-8.0475
27,nocopy,CP002279,CP002279,3778428,0.674,10,373,incopy,,0,0.1,0.5,9,-6.6807
27,nocopy,CP002279,CP002279,3778428,0.674,20,306,incopy,,0,0.05,0.45,6,-7.3044
27,nocopy,CP002279,CP002279,3778428,0.674,20,362,incopy,,0,0.05,0.43333333333333335,9,-7.0364
27,nocopy,CP002279,CP002279,3778428,0.674,20,304,incopy,,0,0.05,0.4,6,-7.4802
27,nocopy,CP002279,CP002279,3778428,0.674,20,368,incopy,,0,0.05,0.49166666666666664,9,-6.9061
27,nocopy,CP002279,CP002279,3778428,0.674,20,348,incopy,,0,0.0,0.4,6,-7.3369
27,nocopy,CP002279,CP002279,3778428,0.674,20,322,incopy,,0,0.0,0.43333333333333335,5,-7.2137
28,copy,NZ_FOSL01000007.1,NZ_FOSL01000007.1,75156,0.6117,1,310,incopy,,1,1.0,1.0,6,-0.0653
28,copy,NZ_FOSL01000007.1,NZ_FOSL01000007.1,75156,0.6117,1,382,incopy,,1,1.0,1.0,6,-0.121
28,copy,NZ_FOSL01000007.1,NZ_FOSL01000007.1,75156,0.6117,1,303,incopy,,1,1.0,1.0,6,-0.2326
28,copy,NZ_FOSL01000007.1,NZ_FOSL01000007.1,75156,0.6117,1,363,incopy,,1,1.0,1.0,6,-0.9806
28,copy,NZ_FOSL01000007.1,NZ_FOSL01000007.1,75156,0.6117,1,369,incopy,,1,1.0,1.0,6,-0.0801
28,copy,NZ_FOSL01000007.1,NZ_FOSL01000007.1,75156,0.6117,1,310,incopy,,1,1.0,1.0,6,-0.0653
28,copy,NZ_FOSL01000007.1,NZ_FOSL01000007.1,75156,0.6117,2,340,incopy,,1,1.0,1.0,12,-0.3849
28,copy,NZ_FOSL01000007.1,NZ_FOSL01000007.1,75156,0.6117,2,369,incopy,,1,1.0,1.0,12,-0.3261
28,copy,NZ_FOSL01000007.1,NZ_FOSL01000007.1,75156,0.6117,2,320,incopy,,1,1.0,1.0,12,-0.0842
28,copy,NZ_FOSL01000007.1,NZ_FOSL01000007.1,75156,0.6117,2,319,incopy,,1,1.0,1.0,12,-0.1328
28,copy,NZ_FOSL01000007.1,NZ_FOSL01000007.1,75156,0.6117,2,345,incopy,,1,1.0,1.0,12,-0.0727
28,copy,NZ_FOSL01000007.1,NZ_FOSL01000007.1,75156,0.6117,2,344,incopy,,1,1.0,1.0,12,-0.0477
28,copy,NZ_FOSL01000007.1,NZ_FOSL01000007.1,75156,0.6117,5,303,incopy,,0,0.6,0.8,9,-1.8506
28,copy,NZ_FOSL01000007.1,NZ_FOSL01000007.1,75156,0.6117,5,327,incopy,,1,1.0,1.0,30,-0.376
28,copy,NZ_FOSL01000007.1,NZ_FOSL01000007.1,75156,0.6117,5,304,incopy,,1,1.0,1.0,30,-0.9076
28,copy,NZ_FOSL01000007.1,NZ_FOSL01000007.1,75156,0.6117,5,386,incopy,,1,1.0,1.0,30,-0.5594
28,copy,NZ_FOSL01000007.1,NZ_FOSL01000007.1,75156,0.6117,5,392,incopy,,1,1.0,1.0,30,-0.4384
28,copy,NZ_FOSL01000007.1,NZ_FOSL01000007.1,75156,0.6117,5,364,incopy,,1,1.0,1.0,30,-0.346
28,copy,NZ_FOSL01000007.1,NZ_FOSL01000007.1,75156,0.6117,10,380,incopy,,0,0.6,0.7833333333333333,20,-2.1573
28,copy,NZ_FOSL01000007.1,NZ_FOSL01000007.1,75156,0.6117,10,377,incopy,,0,0.4,0.6333333333333333,12,-3.6696
28,copy,NZ_FOSL01000007.1,NZ_FOSL01000007.1,75156,0.6117,10,351,incopy,,0,0.5,0.7,15,-2.9113
28,copy,NZ_FOSL01000007.1,NZ_FOSL01000007.1,75156,0.6117,10,330,incopy,,0,0.0,0.6,6,-5.1458
28,copy,NZ_FOSL01000007.1,NZ_FOSL01000007.1,75156,0.6117,10,306,incopy,,0,0.4,0.7333333333333333,12,-2.4582
28,copy,NZ_FOSL01000007.1,NZ_FOSL01000007.1,75156,0.6117,10,334,incopy,,0,0.7,0.85,19,-2.5747
28,copy,NZ_FOSL01000007.1,NZ_FOSL01000007.1,75156,0.6117,20,324,incopy,,0,0.3,0.675,19,-4.3894
28,copy,NZ_FOSL01000007.1,NZ_FOSL01000007.1,75156,0.6117,20,370,incopy,,0,0.25,0.5916666666666667,18,-5.6204
28,copy,NZ_FOSL01000007.1,NZ_FOSL01000007.1,75156,0.6117,20,332,incopy,,0,0.3,0.65,25,-4.1258
28,copy,NZ_FOSL01000007.1,NZ_FOSL01000007.1,75156,0.6117,20,358,incopy,,0,0.2,0.5333333333333333,17,-5.2495
28,copy,NZ_FOSL01000007.1,NZ_FOSL01000007.1,75156,0.6117,20,350,incopy,,0,0.4,0.65,21,-4.2493
28,copy,NZ_FOSL01000007.1,NZ_FOSL01000007.1,75156,0.6117,20,374,incopy,,0,0.2,0.5166666666666667,15,-5.6638
29,nocopy,NZ_FOSL01000007.1,NZ_FOSL01000007.1,75156,0.6117,1,310,incopy,,0,0.0,0.5,2,-6.4758
29,nocopy,NZ_FOSL01000007.1,NZ_FOSL01000007.1,75156,0.6117,1,382,incopy,,0,0.0,0.6666666666666666,3,-7.6327
29,nocopy,NZ_FOSL01000007.1,NZ_FOSL01000007.1,75156,0.6117,1,303,incopy,,0,0.0,0.5,2,-7.1978
29,nocopy,NZ_FOSL01000007.1,NZ_FOSL01000007.1,75156,0.6117,1,363,incopy,,0,0.0,0.5,2,-5.4359
29,nocopy,NZ_FOSL01000007.1,NZ_FOSL01000007.1,75156,0.6117,1,369,incopy,,0,0.0,0.16666666666666666,1,-5.6518
29,nocopy,NZ_FOSL01000007.1,NZ_FOSL01000007.1,75156,0.6117,1,310,incopy,,0,0.0,0.5,2,-6.4758
29,nocopy,NZ_FOSL01000007.1,NZ_FOSL01000007.1,75156,0.6117,2,340,incopy,,0,0.0,0.25,1,-7.8377
29,nocopy,NZ_FOSL01000007.1,NZ_FOSL01000007.1,75156,0.6117,2,369,incopy,,0,0.0,0.3333333333333333,2,-6.2554
29,nocopy,NZ_FOSL01000007.1,NZ_FOSL01000007.1,75156,0.6117,2,320,incopy,,0,0.0,0.3333333333333333,1,-7.8917
29,nocopy,NZ_FOSL01000007.1,NZ_FOSL01000007.1,75156,0.6117,2,319,incopy,,0,0.0,0.4166666666666667,3,-7.5582
29,nocopy,NZ_FOSL01000007.1,NZ_FOSL01000007.1,75156,0.6117,2,345,incopy,,0,0.0,0.25,1,-8.0651
29,nocopy,NZ_FOSL01000007.1,NZ_FOSL01000007.1,75156,0.6117,2,344,incopy,,0,0.0,0.3333333333333333,3,-7.6627
29,nocopy,NZ_FOSL01000007.1,NZ_FOSL01000007.1,75156,0.6117,5,303,incopy,,0,0.0,0.5333333333333333,4,-6.8217
29,nocopy,NZ_FOSL01000007.1,NZ_FOSL01000007.1,75156,0.6117,5,327,incopy,,0,0.0,0.3333333333333333,2,-7.243
29,nocopy,NZ_FOSL01000007.1,NZ_FOSL01000007.1,75156,0.6117,5,304,incopy,,0,0.0,0.4666666666666667,4,-7.1443
29,nocopy,NZ_FOSL01000007.1,NZ_FOSL01000007.1,75156,0.6117,5,386,incopy,,0,0.0,0.36666666666666664,2,-7.0743
29,nocopy,NZ_FOSL01000007.1,NZ_FOSL01000007.1,75156,0.6117,5,392,incopy,,0,0.0,0.4,3,-7.2235
29,nocopy,NZ_FOSL01000007.1,NZ_FOSL01000007.1,75156,0.6117,5,364,incopy,,0,0.0,0.36666666666666664,2,-6.7241
29,nocopy,NZ_FOSL01000007.1,NZ_FOSL01000007.1,75156,0.6117,10,380,incopy,,0,0.0,0.4666666666666667,6,-7.2848
29,nocopy,NZ_FOSL01000007.1,NZ_FOSL01000007.1,75156,0.6117,10,377,incopy,,0,0.0,0.43333333333333335,6,-7.6097
29,nocopy,NZ_FOSL01000007.1,NZ_FOSL01000007.1,75156,0.6117,10,351,incopy,,0,0.0,0.3333333333333333,3,-7.84
29,nocopy,NZ_FOSL01000007.1,NZ_FOSL01000007.1,75156,0.6117,10,330,incopy,,0,0.0,0.3333333333333333,4,-7.1876
29,nocopy,NZ_FOSL01000007.1,NZ_FOSL01000007.1,75156,0.6117,10,306,incopy,,0,0.0,0.43333333333333335,4,-6.7429
29,nocopy,NZ_FOSL01000007.1,NZ_FOSL01000007.1,75156,0.6117,10,334,incopy,,0,0.0,0.36666666666666664,4,-7.1867
29,nocopy,NZ_FOSL01000007.1,NZ_FOSL01000007.1,75156,0.6117,20,324,incopy,,0,0.0,0.38333333333333336,4,-7.4324
29,nocopy,NZ_FOSL01000007.1,NZ_FOSL01000007.1,75156,0.6117,20,370,incopy,,0,0.05,0.35833333333333334,7,-7.3233
29,nocopy,NZ_FOSL01000007.1,NZ_FOSL01000007.1,75156,0.6117,20,332,incopy,,0,0.0,0.3416666666666667,4,-7.7433
29,nocopy,NZ_FOSL01000007.1,NZ_FOSL01000007.1,75156,0.6117,20,358,incopy,,0,0.0,0.35833333333333334,5,-7.2535
29,nocopy,NZ_FOSL01000007.1,NZ_FOSL01000007.1,75156,0.6117,20,350,incopy,,0,0.0,0.35,5,-7.3901
29,nocopy,NZ_FOSL01000007.1,NZ_FOSL01000007.1,75156,0.6117,20,374,incopy,,0,0.0,0.4083333333333333,6,-7.351
30,copy,CP002279,CP002279,3810462,0.6343,1,338,incopy,,1,1.0,1.0,6,-0.04
30,copy,CP002279,CP002279,3810462,0.6343,1,314,incopy,,1,1.0,1.0,6,-0.1749
30,copy,CP002279,CP002279,3810462,0.6343,1,342,incopy,,1,1.0,1.0,6,-0.0651
30,copy,CP002279,CP002279,3810462,0.6343,1,354,incopy,,1,1.0,1.0,6,-0.1152
30,copy,CP002279,CP002279,3810462,0.6343,1,309,incopy,,1,1.0,1.0,6,-0.3773
30,copy,CP002279,CP002279,3810462,0.6343,1,342,incopy,,1,1.0,1.0,6,-0.0651
30,copy,CP002279,CP002279,3810462,0.6343,2,331,incopy,,1,1.0,1.0,12,-0.0919
30,copy,CP002279,CP002279,3810462,0.6343,2,338,incopy,,1,1.0,1.0,12,-0.3016
30,copy,CP002279,CP002279,3810462,0.6343,2,393,incopy,,1,1.0,1.0,12,-0.2126
30,copy,CP002279,CP002279,3810462,0.6343,2,319,incopy,,1,1.0,1.0,12,-0.1362
30,copy,CP002279,CP002279,3810462,0.6343,2,329,incopy,,1,1.0,1.0,12,-0.2754
30,copy,CP002279,CP002279,3810462,0.6343,2,324,incopy,,1,1.0,1.0,12,-0.1147
30,copy,CP002279,CP002279,3810462,0.6343,5,342,incopy,,0,0.8,0.9666666666666667,18,-0.6126
30,copy,CP002279,CP002279,3810462,0.6343,5,306,incopy,,0,0.8,0.9666666666666667,23,-0.8596
30,copy,CP002279,CP002279,3810462,0.6343,5,369,incopy,,0,0.8,0.9666666666666667,21,-0.4954
30,copy,CP002279,CP002279,3810462,0.6343,5,389,incopy,,0,0.6,0.9333333333333333,17,-0.7115
30,copy,CP002279,CP002279,3810462,0.6343,5,384,incopy,,1,1.0,1.0,30,-0.6282
30,copy,CP002279,CP002279,3810462,0.6343,5,386,incopy,,1,1.0,1.0,30,-0.442
30,copy,CP002279,CP002279,3810462,0.6343,10,372,incopy,,1,1.0,1.0,60,-0.7832
30,copy,CP002279,CP002279,3810462,0.6343,10,308,incopy,,0,0.5,0.7166666666666667,15,-1.5164
30,copy,CP002279,CP002279,3810462,0.6343,10,317,incopy,,0,0.7,0.8,24,-2.2325
30,copy,CP002279,CP002279,3810462,0.6343,10,385,incopy,,0,0.6,0.8166666666666667,19,-2.5336
30,copy,CP002279,CP002279,3810462,0.6343,10,303,incopy,,0,0.3,0.6,10,-3.8505
30,copy,CP002279,CP002279,3810462,0.6343,10,326,incopy,,0,0.6,0.7666666666666667,36,-2.3365
30,copy,CP002279,CP002279,3810462,0.6343,20,315,incopy,,0,0.35,0.525,21,-4.2953
30,copy,CP002279,CP002279,3810462,0.6343,20,350,incopy,,0,0.2,0.5166666666666667,13,-4.7743
30,copy,CP002279,CP002279,3810462,0.6343,20,328,incopy,,0,0.25,0.5333333333333333,19,-5.765
30,copy,CP002279,CP002279,3810462,0.6343,20,352,incopy,,0,0.25,0.475,19,-5.1237
30,copy,CP002279,CP002279,3810462,0.6343,20,358,incopy,,0,0.3,0.5416666666666666,13,-4.9062
30,copy,CP002279,CP002279,3810462,0.6343,20,332,incopy,,0,0.2,0.4666666666666667,14,-5.1633
31,nocopy,CP002279,CP002279,3810462,0.6343,1,338,incopy,,0,0.0,0.16666666666666666,1,-9.4884
31,nocopy,CP002279,CP002279,3810462,0.6343,1,314,incopy,,0,0.0,0.5,1,-7.0602
31,nocopy,CP002279,CP002279,3810462,0.6343,1,342,incopy,,0,0.0,0.8333333333333334,3,-5.9651
31,nocopy,CP002279,CP002279,3810462,0.6343,1,354,incopy,,0,0.0,0.8333333333333334,4,-5.0392
31,nocopy,CP002279,CP002279,3810462,0.6343,1,309,incopy,,0,0.0,0.5,2,-8.3358
31,nocopy,CP002279,CP002279,3810462,0.6343,1,342,incopy,,0,0.0,0.8333333333333334,3,-5.9651
31,nocopy,CP002279,CP002279,3810462,0.6343,2,331,incopy,,0,0.0,0.4166666666666667,1,-8.0871
31,nocopy,CP002279,CP002279,3810462,0.6343,2,338,incopy,,0,0.0,0.25,1,-7.2925
31,nocopy,CP002279,CP002279,3810462,0.6343,2,393,incopy,,0,0.0,0.25,2,-8.2203
31,nocopy,CP002279,CP002279,3810462,0.6343,2,319,incopy,,0,0.0,0.3333333333333333,3,-8.0623
31,nocopy,CP002279,CP002279,3810462,0.6343,2,329,incopy,,0,0.0,0.5,2,-7.7759
31,nocopy,CP002279,CP002279,3810462,0.6343,2,324,incopy,,0,0.0,0.3333333333333333,2,-9.0998
31,nocopy,CP002279,CP002279,3810462,0.6343,5,342,incopy,,0,0.0,0.4666666666666667,3,-7.3547
31,nocopy,CP002279,CP002279,3810462,0.6343,5,306,incopy,,0,0.0,0.3,2,-8.4222
31,nocopy,CP002279,CP002279,3810462,0.6343,5,369,incopy,,0,0.0,0.3333333333333333,6,-8.1803
31,nocopy,CP002279,CP002279,3810462,0.6343,5,389,incopy,,0,0.0,0.16666666666666666,2,-9.0135
31,nocopy,CP002279,CP002279,3810462,0.6343,5,384,incopy,,0,0.0,0.2,2,-8.2138
31,nocopy,CP002279,CP002279,3810462,0.6343,5,386,incopy,,0,0.0,0.36666666666666664,2,-7.9858
31,nocopy,CP002279,CP002279,3810462,0.6343,10,372,incopy,,0,0.0,0.3333333333333333,3,-7.859
31,nocopy,CP002279,CP002279,3810462,0.6343,10,308,incopy,,0,0.0,0.36666666666666664,2,-7.5642
31,nocopy,CP002279,CP002279,3810462,0.6343,10,317,incopy,,0,0.0,0.43333333333333335,5,-7.9889
31,nocopy,CP002279,CP002279,3810462,0.6343,10,385,incopy,,0,0.0,0.26666666666666666,4,-8.2153
31,nocopy,CP002279,CP002279,3810462,0.6343,10,303,incopy,,0,0.0,0.36666666666666664,4,-8.1284
31,nocopy,CP002279,CP002279,3810462,0.6343,10,326,incopy,,0,0.0,0.38333333333333336,3,-7.6578
31,nocopy,CP002279,CP002279,3810462,0.6343,20,315,incopy,,0,0.0,0.3,3,-7.9198
31,nocopy,CP002279,CP002279,3810462,0.6343,20,350,incopy,,0,0.0,0.39166666666666666,6,-7.7588
31,nocopy,CP002279,CP002279,3810462,0.6343,20,328,incopy,,0,0.0,0.375,3,-7.6161
31,nocopy,CP002279,CP002279,3810462,0.6343,20,352,incopy,,0,0.0,0.35,6,-7.82
31,nocopy,CP002279,CP002279,3810462,0.6343,20,358,incopy,,0,0.0,0.26666666666666666,4,-8.1083
31,nocopy,CP002279,CP002279,3810462,0.6343,20,332,incopy,,0,0.0,0.4,3,-7.741
32,copy,NZ_FOSL01000018.1,NZ_FOSL01000018.1,91578,0.611,1,310,incopy,,1,1.0,1.0,6,-0.1573
32,copy,NZ_FOSL01000018.1,NZ_FOSL01000018.1,91578,0.611,1,360,incopy,,1,1.0,1.0,6,-0.1617
32,copy,NZ_FOSL01000018.1,NZ_FOSL01000018.1,91578,0.611,1,312,incopy,,1,1.0,1.0,6,-0.0398
32,copy,NZ_FOSL01000018.1,NZ_FOSL01000018.1,91578,0.611,1,309,incopy,,1,1.0,1.0,6,-0.045
32,copy,NZ_FOSL01000018.1,NZ_FOSL01000018.1,91578,0.611,1,388,incopy,,1,1.0,1.0,6,-0.2706
32,copy,NZ_FOSL01000018.1,NZ_FOSL01000018.1,91578,0.611,1,320,incopy,,1,1.0,1.0,6,-0.1889
32,copy,NZ_FOSL01000018.1,NZ_FOSL01000018.1,91578,0.611,2,349,incopy,,1,1.0,1.0,12,-0.2066
32,copy,NZ_FOSL01000018.1,NZ_FOSL01000018.1,91578,0.611,2,347,incopy,,1,1.0,1.0,12,-0.1494
32,copy,NZ_FOSL01000018.1,NZ_FOSL01000018.1,91578,0.611,2,313,incopy,,1,1.0,1.0,12,-0.3327
32,copy,NZ_FOSL01000018.1,NZ_FOSL01000018.1,91578,0.611,2,305,incopy,,1,1.0,1.0,12,-0.0822
32,copy,NZ_FOSL01000018.1,NZ_FOSL01000018.1,91578,0.611,2,386,incopy,,1,1.0,1.0,12,-0.1865
32,copy,NZ_FOSL01000018.1,NZ_FOSL01000018.1,91578,0.611,2,324,incopy,,1,1.0,1.0,12,-0.3784
32,copy,NZ_FOSL01000018.1,NZ_FOSL01000018.1,91578,0.611,5,324,incopy,,0,0.6,0.8,8,-2.109
32,copy,NZ_FOSL01000018.1,NZ_FOSL01000018.1,91578,0.611,5,385,incopy,,0,0.8,0.9333333333333333,21,-1.6251
32,copy,NZ_FOSL01000018.1,NZ_FOSL01000018.1,91578,0.611,5,385,incopy,,0,0.8,0.9333333333333333,21,-1.6251
32,copy,NZ_FOSL01000018.1,NZ_FOSL01000018.1,91578,0.611,5,372,incopy,,1,1.0,1.0,30,-0.316
32,copy,NZ_FOSL01000018.1,NZ_FOSL01000018.1,91578,0.611,5,366,incopy,,1,1.0,1.0,30,-0.5263
32,copy,NZ_FOSL01000018.1,NZ_FOSL01000018.1,91578,0.611,5,373,incopy,,1,1.0,1.0,30,-0.4017
32,copy,NZ_FOSL01000018.1,NZ_FOSL01000018.1,91578,0.611,10,318,incopy,,0,0.4,0.6833333333333333,12,-3.9001
32,copy,NZ_FOSL01000018.1,NZ_FOSL01000018.1,91578,0.611,10,324,incopy,,0,0.5,0.7,18,-3.7301
32,copy,NZ_FOSL01000018.1,NZ_FOSL01000018.1,91578,0.611,10,367,incopy,,0,0.6,0.85,28,-1.8287
32,copy,NZ_FOSL01000018.1,NZ_FOSL01000018.1,91578,0.611,10,335,incopy,,0,0.6,0.8166666666666667,26,-3.976
32,copy,NZ_FOSL01000018.1,NZ_FOSL01000018.1,91578,0.611,10,347,incopy,,0,0.8,0.9166666666666666,41,-1.1365
32,copy,NZ_FOSL01000018.1,NZ_FOSL01000018.1,91578,0.611,10,321,incopy,,0,0.5,0.6,18,-3.0523
32,copy,NZ_FOSL01000018.1,NZ_FOSL01000018.1,91578,0.611,20,343,incopy,,0,0.35,0.6333333333333333,21,-4.6314
32,copy,NZ_FOSL01000018.1,NZ_FOSL01000018.1,91578,0.611,20,350,incopy,,0,0.25,0.6333333333333333,15,-5.1067
32,copy,NZ_FOSL01000018.1,NZ_FOSL01000018.1,91578,0.611,20,326,incopy,,0,0.15,0.4166666666666667,12,-6.6027
32,copy,NZ_FOSL01000018.1,NZ_FOSL01000018.1,91578,0.611,20,353,incopy,,0,0.25,0.5333333333333333,20,-4.783
32,copy,NZ_FOSL01000018.1,NZ_FOSL01000018.1,91578,0.611,20,303,incopy,,0,0.25,0.4583333333333333,19,-6.1715
32,copy,NZ_FOSL01000018.1,NZ_FOSL01000018.1,91578,0.611,20,353,incopy,,0,0.25,0.5333333333333333,20,-4.783
33,nocopy,NZ_FOSL01000018.1,NZ_FOSL01000018.1,91578,0.611,1,310,incopy,,0,0.0,0.5,2,-5.1094
33,nocopy,NZ_FOSL01000018.1,NZ_FOSL01000018.1,91578,0.611,1,360,incopy,,0,0.0,0.3333333333333333,1,-7.1878
33,nocopy,NZ_FOSL01000018.1,NZ_FOSL01000018.1,91578,0.611,1,312,incopy,,0,0.0,0.6666666666666666,4,-6.0439
33,nocopy,NZ_FOSL01000018.1,NZ_FOSL01000018.1,91578,0.611,1,309,incopy,,0,0.0,0.0,0,-9.6338
33,nocopy,NZ_FOSL01000018.1,NZ_FOSL01000018.1,91578,0.611,1,388,incopy,,0,0.0,0.3333333333333333,2,-8.8319
33,nocopy,NZ_FOSL01000018.1,NZ_FOSL01000018.1,91578,0.611,1,320,incopy,,0,0.0,0.16666666666666666,1,-8.334
33,nocopy,NZ_FOSL01000018.1,NZ_FOSL01000018.1,91578,0.611,2,349,incopy,,0,0.0,0.25,2,-7.5354
33,nocopy,NZ_FOSL01000018.1,NZ_FOSL01000018.1,91578,0.611,2,347,incopy,,0,0.0,0.25,2,-9.8736
33,nocopy,NZ_FOSL01000018.1,NZ_FOSL01000018.1,91578,0.611,2,313,incopy,,0,0.0,0.4166666666666667,2,-6.4933
33,nocopy,NZ_FOSL01000018.1,NZ_FOSL01000018.1,91578,0.611,2,305,incopy,,0,0.0,0.6666666666666666,4,-6.5123
33,nocopy,NZ_FOSL01000018.1,NZ_FOSL01000018.1,91578,0.611,2,386,incopy,,0,0.0,0.3333333333333333,3,-7.006
33,nocopy,NZ_FOSL01000018.1,NZ_FOSL01000018.1,91578,0.611,2,324,incopy,,0,0.0,0.5833333333333334,3,-6.8109
33,nocopy,NZ_FOSL01000018.1,NZ_FOSL01000018.1,91578,0.611,5,324,incopy,,0,0.0,0.43333333333333335,4,-7.9709
33,nocopy,NZ_FOSL01000018.1,NZ_FOSL01000018.1,91578,0.611,5,385,incopy,,0,0.0,0.4,3,-6.3547
33,nocopy,NZ_FOSL01000018.1,NZ_FOSL01000018.1,91578,0.611,5,385,incopy,,0,0.0,0.4,3,-6.3547
33,nocopy,NZ_FOSL01000018.1,NZ_FOSL01000018.1,91578,0.611,5,372,incopy,,0,0.0,0.3,1,-7.2211
33,nocopy,NZ_FOSL01000018.1,NZ_FOSL01000018.1,91578,0.611,5,366,incopy,,0,0.0,0.3333333333333333,4,-7.6873
33,nocopy,NZ_FOSL01000018.1,NZ_FOSL01000018.1,91578,0.611,5,373,incopy,,0,0.0,0.3,3,-7.823
33,nocopy,NZ_FOSL01000018.1,NZ_FOSL01000018.1,91578,0.611,10,318,incopy,,0,0.0,0.3,2,-7.5161
33,nocopy,NZ_FOSL01000018.1,NZ_FOSL01000018.1,91578,0.611,10,324,incopy,,0,0.0,0.31666666666666665,3,-7.7829
33,nocopy,NZ_FOSL01000018.1,NZ_FOSL01000018.1,91578,0.611,10,367,incopy,,0,0.0,0.3333333333333333,5,-7.4701
33,nocopy,NZ_FOSL01000018.1,NZ_FOSL01000018.1,91578,0.611,10,335,incopy,,0,0.0,0.45,6,-7.4433
33,nocopy,NZ_FOSL01000018.1,NZ_FOSL01000018.1,91578,0.611,10,347,incopy,,0,0.0,0.31666666666666665,5,-7.7891
33,nocopy,NZ_FOSL01000018.1,NZ_FOSL01000018.1,91578,0.611,10,321,incopy,,0,0.0,0.2833333333333333,4,-7.9021
33,nocopy,NZ_FOSL01000018.1,NZ_FOSL01000018.1,91578,0.611,20,343,incopy,,0,0.0,0.31666666666666665,4,-7.4611
33,nocopy,NZ_FOSL01000018.1,NZ_FOSL01000018.1,91578,0.611,20,350,incopy,,0,0.0,0.3,4,-7.3374
33,nocopy,NZ_FOSL01000018.1,NZ_FOSL01000018.1,91578,0.611,20,326,incopy,,0,0.0,0.325,4,-7.5867
33,nocopy,NZ_FOSL01000018.1,NZ_FOSL01000018.1,91578,0.611,20,353,incopy,,0,0.0,0.325,4,-7.4145
33,nocopy,NZ_FOSL01000018.1,NZ_FOSL01000018.1,91578,0.611,20,303,incopy,,0,0.0,0.325,5,-7.1069
33,nocopy,NZ_FOSL01000018.1,NZ_FOSL01000018.1,91578,0.611,20,353,incopy,,0,0.0,0.325,4,-7.4145
34,copy,NZ_FOSL01000008.1,NZ_FOSL01000008.1,144162,0.6213,1,343,incopy,,1,1.0,1.0,6,-0.1217
34,copy,NZ_FOSL01000008.1,NZ_FOSL01000008.1,144162,0.6213,1,320,incopy,,1,1.0,1.0,6,-0.5205
34,copy,NZ_FOSL01000008.1,NZ_FOSL01000008.1,144162,0.6213,1,340,incopy,,1,1.0,1.0,6,-1.1703
34,copy,NZ_FOSL01000008.1,NZ_FOSL01000008.1,144162,0.6213,1,374,incopy,,1,1.0,1.0,6,-0.0915
34,copy,NZ_FOSL01000008.1,NZ_FOSL01000008.1,144162,0.6213,1,379,incopy,,1,1.0,1.0,6,-0.1341
34,copy,NZ_FOSL01000008.1,NZ_FOSL01000008.1,144162,0.6213,1,354,incopy,,1,1.0,1.0,6,-0.0985
34,copy,NZ_FOSL01000008.1,NZ_FOSL01000008.1,144162,0.6213,2,310,incopy,,1,1.0,1.0,12,-0.0919
34,copy,NZ_FOSL01000008.1,NZ_FOSL01000008.1,144162,0.6213,2,315,incopy,,1,1.0,1.0,12,-0.1343
34,copy,NZ_FOSL01000008.1,NZ_FOSL01000008.1,144162,0.6213,2,303,incopy,,0,0.5,0.9166666666666666,7,-0.7389
34,copy,NZ_FOSL01000008.1,NZ_FOSL01000008.1,144162,0.6213,2,308,incopy,,1,1.0,1.0,12,-0.564
34,copy,NZ_FOSL01000008.1,NZ_FOSL01000008.1,144162,0.6213,2,311,incopy,,1,1.0,1.0,12,-0.2862
34,copy,NZ_FOSL01000008.1,NZ_FOSL01000008.1,144162,0.6213,2,389,incopy,,1,1.0,1.0,12,-0.1086
34,copy,NZ_FOSL01000008.1,NZ_FOSL01000008.1,144162,0.6213,5,383,incopy,,0,0.8,0.9,18,-0.9448
34,copy,NZ_FOSL01000008.1,NZ_FOSL01000008.1,144162,0.6213,5,370,incopy,,0,0.8,0.8666666666666667,12,-0.9263
34,copy,NZ_FOSL01000008.1,NZ_FOSL01000008.1,144162,0.6213,5,339,incopy,,0,0.8,0.8,18,-1.0012
34,copy,NZ_FOSL01000008.1,NZ_FOSL01000008.1,144162,0.6213,5,310,incopy,,0,0.8,0.8,12,-0.7497
34,copy,NZ_FOSL01000008.1,NZ_FOSL01000008.1,144162,0.6213,5,387,incopy,,0,0.6,0.8,12,-1.0946
34,copy,NZ_FOSL01000008.1,NZ_FOSL01000008.1,144162,0.6213,5,353,incopy,,0,0.8,0.8,12,-0.547
34,copy,NZ_FOSL01000008.1,NZ_FOSL01000008.1,144162,0.6213,10,382,incopy,,0,0.3,0.55,12,-3.7453
34,copy,NZ_FOSL01000008.1,NZ_FOSL01000008.1,144162,0.6213,10,347,incopy,,0,0.7,0.85,25,-2.3106
34,copy,NZ_FOSL01000008.1,NZ_FOSL01000008.1,144162,0.6213,10,373,incopy,,0,0.9,0.95,37,-1.4979
34,copy,NZ_FOSL01000008.1,NZ_FOSL01000008.1,144162,0.6213,10,346,incopy,,0,0.8,0.9166666666666666,31,-1.0546
34,copy,NZ_FOSL01000008.1,NZ_FOSL01000008.1,144162,0.6213,10,347,incopy,,0,0.7,0.85,25,-2.3106
34,copy,NZ_FOSL01000008.1,NZ_FOSL01000008.1,144162,0.6213,10,380,incopy,,0,0.6,0.6833333333333333,24,-3.3415
34,copy,NZ_FOSL01000008.1,NZ_FOSL01000008.1,144162,0.6213,20,356,incopy,,0,0.3,0.55,19,-5.1502
34,copy,NZ_FOSL01000008.1,NZ_FOSL01000008.1,144162,0.6213,20,319,incopy,,0,0.25,0.475,13,-5.054
34,copy,NZ_FOSL01000008.1,NZ_FOSL01000008.1,144162,0.6213,20,313,incopy,,0,0.3,0.48333333333333334,24,-5.016
34,copy,NZ_FOSL01000008.1,NZ_FOSL01000008.1,144162,0.6213,20,306,incopy,,0,0.2,0.44166666666666665,16,-5.8111
34,copy,NZ_FOSL01000008.1,NZ_FOSL01000008.1,144162,0.6213,20,318,incopy,,0,0.15,0.36666666666666664,13,-5.5378
34,copy,NZ_FOSL01000008.1,NZ_FOSL01000008.1,144162,0.6213,20,330,incopy,,0,0.15,0.4583333333333333,15,-6.3284
35,nocopy,NZ_FOSL01000008.1,NZ_FOSL01000008.1,144162,0.6213,1,343,incopy,,0,0.0,0.3333333333333333,2,-8.3459
35,nocopy,NZ_FOSL01000008.1,NZ_FOSL01000008.1,144162,0.6213,1,320,incopy,,0,0.0,0.3333333333333333,1,-6.1557
35,nocopy,NZ_FOSL01000008.1,NZ_FOSL01000008.1,144162,0.6213,1,340,incopy,,0,0.0,0.16666666666666666,1,-14.2315
35,nocopy,NZ_FOSL01000008.1,NZ_FOSL01000008.1,144162,0.6213,1,374,incopy,,0,0.0,0.16666666666666666,1,-8.9027
35,nocopy,NZ_FOSL01000008.1,NZ_FOSL01000008.1,144162,0.6213,1,379,incopy,,0,0.0,0.6666666666666666,4,-5.4112
35,nocopy,NZ_FOSL01000008.1,NZ_FOSL01000008.1,144162,0.6213,1,354,incopy,,0,0.0,0.3333333333333333,1,-6.5882
35,nocopy,NZ_FOSL01000008.1,NZ_FOSL01000008.1,144162,0.6213,2,310,incopy,,0,0.0,0.3333333333333333,3,-7.3113
35,nocopy,NZ_FOSL01000008.1,NZ_FOSL01000008.1,144162,0.6213,2,315,incopy,,0,0.0,0.25,2,-9.5557
35,nocopy,NZ_FOSL01000008.1,NZ_FOSL01000008.1,144162,0.6213,2,303,incopy,,0,0.0,0.25,1,-7.1254
35,nocopy,NZ_FOSL01000008.1,NZ_FOSL01000008.1,144162,0.6213,2,308,incopy,,0,0.0,0.4166666666666667,2,-7.6672
35,nocopy,NZ_FOSL01000008.1,NZ_FOSL01000008.1,144162,0.6213,2,311,incopy,,0,0.0,0.16666666666666666,1,-7.1145
35,nocopy,NZ_FOSL01000008.1,NZ_FOSL01000008.1,144162,0.6213,2,389,incopy,,0,0.0,0.16666666666666666,1,-9.3499
35,nocopy,NZ_FOSL01000008.1,NZ_FOSL01000008.1,144162,0.6213,5,383,incopy,,0,0.0,0.4,4,-8.3174
35,nocopy,NZ_FOSL01000008.1,NZ_FOSL01000008.1,144162,0.6213,5,370,incopy,,0,0.0,0.3,3,-7.331
35,nocopy,NZ_FOSL01000008.1,NZ_FOSL01000008.1,144162,0.6213,5,339,incopy,,0,0.0,0.4666666666666667,7,-8.3815
35,nocopy,NZ_FOSL01000008.1,NZ_FOSL01000008.1,144162,0.6213,5,310,incopy,,0,0.0,0.3,3,-7.3514
35,nocopy,NZ_FOSL01000008.1,NZ_FOSL01000008.1,144162,0.6213,5,387,incopy,,0,0.0,0.3333333333333333,5,-8.0168
35,nocopy,NZ_FOSL01000008.1,NZ_FOSL01000008.1,144162,0.6213,5,353,incopy,,0,0.0,0.36666666666666664,4,-6.8021
35,nocopy,NZ_FOSL01000008.1,NZ_FOSL01000008.1,144162,0.6213,10,382,incopy,,0,0.0,0.3333333333333333,3,-7.7438
35,nocopy,NZ_FOSL01000008.1,NZ_FOSL01000008.1,144162,0.6213,10,347,incopy,,0,0.0,0.25,6,-6.8432
35,nocopy,NZ_FOSL01000008.1,NZ_FOSL01000008.1,144162,0.6213,10,373,incopy,,0,0.0,0.3,4,-6.9065
35,nocopy,NZ_FOSL01000008.1,NZ_FOSL01000008.1,144162,0.6213,10,346,incopy,,0,0.0,0.35,6,-6.6606
35,nocopy,NZ_FOSL01000008.1,NZ_FOSL01000008.1,144162,0.6213,10,347,incopy,,0,0.0,0.25,6,-6.8432
35,nocopy,NZ_FOSL01000008.1,NZ_FOSL01000008.1,144162,0.6213,10,380,incopy,,0,0.0,0.36666666666666664,3,-7.6159
35,nocopy,NZ_FOSL01000008.1,NZ_FOSL01000008.1,144162,0.6213,20,356,incopy,,0,0.0,0.25,3,-7.0377
35,nocopy,NZ_FOSL01000008.1,NZ_FOSL01000008.1,144162,0.6213,20,319,incopy,,0,0.0,0.2916666666666667,4,-7.3942
35,nocopy,NZ_FOSL01000008.1,NZ_FOSL01000008.1,144162,0.6213,20,313,incopy,,0,0.0,0.2833333333333333,4,-7.5579
35,nocopy,NZ_FOSL01000008.1,NZ_FOSL01000008.1,144162,0.6213,20,306,incopy,,0,0.0,0.325,4,-7.5942
35,nocopy,NZ_FOSL01000008.1,NZ_FOSL01000008.1,144162,0.6213,20,318,incopy,,0,0.0,0.275,4,-7.3255
35,nocopy,NZ_FOSL01000008.1,NZ_FOSL01000008.1,144162,0.6213,20,330,incopy,,0,0.0,0.39166666666666666,7,-7.2382
36,copy,CP002279,CP002279,6101718,0.624,1,328,incopy,,1,1.0,1.0,6,-0.2026
36,copy,CP002279,CP002279,6101718,0.624,1,384,incopy,,1,1.0,1.0,6,-0.1361
36,copy,CP002279,CP002279,6101718,0.624,1,359,incopy,,1,1.0,1.0,6,-0.1962
36,copy,CP002279,CP002279,6101718,0.624,1,334,incopy,,1,1.0,1.0,6,-0.1568
36,copy,CP002279,CP002279,6101718,0.624,1,312,incopy,,1,1.0,1.0,6,-0.3741
36,copy,CP002279,CP002279,6101718,0.624,1,342,incopy,,1,1.0,1.0,6,-0.0723
36,copy,CP002279,CP002279,6101718,0.624,2,367,incopy,,1,1.0,1.0,12,-0.0446
36,copy,CP002279,CP002279,6101718,0.624,2,305,incopy,,1,1.0,1.0,12,-0.1503
36,copy,CP002279,CP002279,6101718,0.624,2,343,incopy,,1,1.0,1.0,12,-0.0331
36,copy,CP002279,CP002279,6101718,0.624,2,353,incopy,,1,1.0,1.0,12,-0.0864
36,copy,CP002279,CP002279,6101718,0.624,2,367,incopy,,1,1.0,1.0,12,-0.0446
36,copy,CP002279,CP002279,6101718,0.624,2,341,incopy,,1,1.0,1.0,12,-0.0924
36,copy,CP002279,CP002279,6101718,0.624,5,349,incopy,,1,1.0,1.0,30,-0.3903
36,copy,CP002279,CP002279,6101718,0.624,5,371,incopy,,0,0.8,0.8,18,-0.7706
36,copy,CP002279,CP002279,6101718,0.624,5,310,incopy,,0,0.8,0.9333333333333333,24,-0.7919
36,copy,CP002279,CP002279,6101718,0.624,5,313,incopy,,1,1.0,1.0,30,-0.424
36,copy,CP002279,CP002279,6101718,0.624,5,329,incopy,,1,1.0,1.0,30,-0.301
36,copy,CP002279,CP002279,6101718,0.624,5,379,incopy,,1,1.0,1.0,30,-0.359
36,copy,CP002279,CP002279,6101718,0.624,10,373,incopy,,0,0.6,0.8166666666666667,21,-1.8904
36,copy,CP002279,CP002279,6101718,0.624,10,368,incopy,,0,0.5,0.7,18,-3.0425
36,copy,CP002279,CP002279,6101718,0.624,10,314,incopy,,0,0.6,0.85,23,-1.2756
36,copy,CP002279,CP002279,6101718,0.624,10,383,incopy,,0,0.3,0.6333333333333333,12,-3.7685
36,copy,CP002279,CP002279,6101718,0.624,10,305,incopy,,0,0.4,0.6833333333333333,14,-2.8013
36,copy,CP002279,CP002279,6101718,0.624,10,304,incopy,,0,0.4,0.65,15,-5.3005
36,copy,CP002279,CP002279,6101718,0.624,20,341,incopy,,0,0.2,0.45,12,-5.3235
36,copy,CP002279,CP002279,6101718,0.624,20,347,incopy,,0,0.25,0.425,12,-5.5032
36,copy,CP002279,CP002279,6101718,0.624,20,366,incopy,,0,0.35,0.6083333333333333,18,-4.7619
36,copy,CP002279,CP002279,6101718,0.624,20,365,incopy,,0,0.3,0.5916666666666667,26,-4.8689
36,copy,CP002279,CP002279,6101718,0.624,20,364,incopy,,0,0.45,0.6833333333333333,25,-4.0489
36,copy,CP002279,CP002279,6101718,0.624,20,353,incopy,,0,0.2,0.4666666666666667,13,-5.7095
37,nocopy,CP002279,CP002279,6101718,0.624,1,328,incopy,,0,0.0,0.16666666666666666,1,-5.7425
37,nocopy,CP002279,CP002279,6101718,0.624,1,384,incopy,,0,0.0,0.3333333333333333,1,-7.9402
37,nocopy,CP002279,CP002279,6101718,0.624,1,359,incopy,,0,0.0,0.16666666666666666,1,-6.5447
37,nocopy,CP002279,CP002279,6101718,0.624,1,334,incopy,,0,0.0,0.5,2,-7.3397
37,nocopy,CP002279,CP002279,6101718,0.624,1,312,incopy,,0,0.0,0.16666666666666666,1,-9.2008
37,nocopy,CP002279,CP002279,6101718,0.624,1,342,incopy,,0,0.0,0.3333333333333333,2,-6.9484
37,nocopy,CP002279,CP002279,6101718,0.624,2,367,incopy,,0,0.0,0.16666666666666666,1,-9.3891
37,nocopy,CP002279,CP002279,6101718,0.624,2,305,incopy,,0,0.0,0.4166666666666667,3,-6.1595
37,nocopy,CP002279,CP002279,6101718,0.624,2,343,incopy,,0,0.0,0.4166666666666667,3,-7.8698
37,nocopy,CP002279,CP002279,6101718,0.624,2,353,incopy,,0,0.0,0.4166666666666667,2,-8.096
37,nocopy,CP002279,CP002279,6101718,0.624,2,367,incopy,,0,0.0,0.16666666666666666,1,-9.3891
37,nocopy,CP002279,CP002279,6101718,0.624,2,341,incopy,,0,0.0,0.5,4,-7.3145
37,nocopy,CP002279,CP002279,6101718,0.624,5,349,incopy,,0,0.0,0.3,2,-8.2799
37,nocopy,CP002279,CP002279,6101718,0.624,5,371,incopy,,0,0.0,0.36666666666666664,2,-7.1534
37,nocopy,CP002279,CP002279,6101718,0.624,5,310,incopy,,0,0.0,0.5,4,-7.3031
37,nocopy,CP002279,CP002279,6101718,0.624,5,313,incopy,,0,0.0,0.3333333333333333,3,-7.5852
37,nocopy,CP002279,CP002279,6101718,0.624,5,329,incopy,,0,0.0,0.36666666666666664,3,-7.4544
37,nocopy,CP002279,CP002279,6101718,0.624,5,379,incopy,,0,0.0,0.36666666666666664,2,-7.4315
37,nocopy,CP002279,CP002279,6101718,0.624,10,373,incopy,,0,0.0,0.2833333333333333,2,-7.8388
37,nocopy,CP002279,CP002279,6101718,0.624,10,368,incopy,,0,0.0,0.38333333333333336,3,-7.262
37,nocopy,CP002279,CP002279,6101718,0.624,10,314,incopy,,0,0.0,0.36666666666666664,4,-7.9311
37,nocopy,CP002279,CP002279,6101718,0.624,10,383,incopy,,0,0.1,0.38333333333333336,7,-6.8948
37,nocopy,CP002279,CP002279,6101718,0.624,10,305,incopy,,0,0.0,0.36666666666666664,4,-7.5124
37,nocopy,CP002279,CP002279,6101718,0.624,10,304,incopy,,0,0.0,0.4,6,-7.4874
37,nocopy,CP002279,CP002279,6101718,0.624,20,341,incopy,,0,0.0,0.3333333333333333,4,-7.5901
37,nocopy,CP002279,CP002279,6101718,0.624,20,347,incopy,,0,0.0,0.3416666666666667,5,-7.1499
37,nocopy,CP002279,CP002279,6101718,0.624,20,366,incopy,,0,0.0,0.35,4,-7.3981
37,nocopy,CP002279,CP002279,6101718,0.624,20,365,incopy,,0,0.0,0.35,3,-7.5038
37,nocopy,CP002279,CP002279,6101718,0.624,20,364,incopy,,0,0.0,0.36666666666666664,3,-7.4295
37,nocopy,CP002279,CP002279,6101718,0.624,20,353,incopy,,0,0.0,0.36666666666666664,4,-6.9807
38,copy,NZ_FOSL01000003.1,NZ_FOSL01000003.1,338064,0.627,1,319,incopy,,1,1.0,1.0,6,-0.1845
38,copy,NZ_FOSL01000003.1,NZ_FOSL01000003.1,338064,0.627,1,356,incopy,,1,1.0,1.0,6,-0.0473
38,copy,NZ_FOSL01000003.1,NZ_FOSL01000003.1,338064,0.627,1,330,incopy,,1,1.0,1.0,6,-0.1305
38,copy,NZ_FOSL01000003.1,NZ_FOSL01000003.1,338064,0.627,1,395,incopy,,1,1.0,1.0,6,-0.3448
38,copy,NZ_FOSL01000003.1,NZ_FOSL01000003.1,338064,0.627,1,351,incopy,,1,1.0,1.0,6,-0.1156
38,copy,NZ_FOSL01000003.1,NZ_FOSL01000003.1,338064,0.627,1,363,incopy,,1,1.0,1.0,6,-0.0258
38,copy,NZ_FOSL01000003.1,NZ_FOSL01000003.1,338064,0.627,2,335,incopy,,1,1.0,1.0,12,-0.3289
38,copy,NZ_FOSL01000003.1,NZ_FOSL01000003.1,338064,0.627,2,392,incopy,,1,1.0,1.0,12,-0.117
38,copy,NZ_FOSL01000003.1,NZ_FOSL01000003.1,338064,0.627,2,345,incopy,,1,1.0,1.0,12,-0.8425
38,copy,NZ_FOSL01000003.1,NZ_FOSL01000003.1,338064,0.627,2,359,incopy,,1,1.0,1.0,12,-0.7236
38,copy,NZ_FOSL01000003.1,NZ_FOSL01000003.1,338064,0.627,2,356,incopy,,1,1.0,1.0,12,-0.27
38,copy,NZ_FOSL01000003.1,NZ_FOSL01000003.1,338064,0.627,2,382,incopy,,1,1.0,1.0,12,-0.6917
38,copy,NZ_FOSL01000003.1,NZ_FOSL01000003.1,338064,0.627,5,358,incopy,,0,0.6,0.7666666666666667,12,-1.0815
38,copy,NZ_FOSL01000003.1,NZ_FOSL01000003.1,338064,0.627,5,337,incopy,,1,1.0,1.0,30,-0.184
38,copy,NZ_FOSL01000003.1,NZ_FOSL01000003.1,338064,0.627,5,325,incopy,,0,0.2,0.5666666666666667,6,-2.3529
38,copy,NZ_FOSL01000003.1,NZ_FOSL01000003.1,338064,0.627,5,353,incopy,,0,0.6,0.7333333333333333,12,-1.9652
38,copy,NZ_FOSL01000003.1,NZ_FOSL01000003.1,338064,0.627,5,331,incopy,,0,0.8,0.9666666666666667,23,-1.2157
38,copy,NZ_FOSL01000003.1,NZ_FOSL01000003.1,338064,0.627,5,312,incopy,,0,0.8,0.9666666666666667,19,-0.4887
38,copy,NZ_FOSL01000003.1,NZ_FOSL01000003.1,338064,0.627,10,346,incopy,,0,0.3,0.5666666666666667,9,-4.1715
38,copy,NZ_FOSL01000003.1,NZ_FOSL01000003.1,338064,0.627,10,304,incopy,,0,0.4,0.65,14,-3.8236
38,copy,NZ_FOSL01000003.1,NZ_FOSL01000003.1,338064,0.627,10,305,incopy,,0,0.4,0.75,15,-3.1254
38,copy,NZ_FOSL01000003.1,NZ_FOSL01000003.1,338064,0.627,10,378,incopy,,0,0.3,0.5666666666666667,10,-4.5065
38,copy,NZ_FOSL01000003.1,NZ_FOSL01000003.1,338064,0.627,10,330,incopy,,0,0.4,0.7333333333333333,12,-3.0352
38,copy,NZ_FOSL01000003.1,NZ_FOSL01000003.1,338064,0.627,10,326,incopy,,0,0.5,0.7,12,-2.9541
38,copy,NZ_FOSL01000003.1,NZ_FOSL01000003.1,338064,0.627,20,339,incopy,,0,0.25,0.5583333333333333,18,-5.0454
38,copy,NZ_FOSL01000003.1,NZ_FOSL01000003.1,338064,0.627,20,349,incopy,,0,0.25,0.5583333333333333,19,-5.0042
38,copy,NZ_FOSL01000003.1,NZ_FOSL01000003.1,338064,0.627,20,311,incopy,,0,0.3,0.6333333333333333,19,-4.522
38,copy,NZ_FOSL01000003.1,NZ_FOSL01000003.1,338064,0.627,20,339,incopy,,0,0.25,0.5583333333333333,18,-5.0454
38,copy,NZ_FOSL01000003.1,NZ_FOSL01000003.1,338064,0.627,20,342,incopy,,0,0.1,0.5166666666666667,14,-5.5047
38,copy,NZ_FOSL01000003.1,NZ_FOSL01000003.1,338064,0.627,20,334,incopy,,0,0.2,0.4583333333333333,18,-5.7371
39,nocopy,NZ_FOSL01000003.1,NZ_FOSL01000003.1,338064,0.627,1,319,incopy,,0,0.0,0.16666666666666666,1,-9.802
39,nocopy,NZ_FOSL01000003.1,NZ_FOSL01000003.1,338064,0.627,1,356,incopy,,0,0.0,0.0,0,-8.6844
39,nocopy,NZ_FOSL01000003.1,NZ_FOSL01000003.1,338064,0.627,1,330,incopy,,0,0.0,0.6666666666666666,3,-10.1577
39,nocopy,NZ_FOSL01000003.1,NZ_FOSL01000003.1,338064,0.627,1,395,incopy,,0,0.0,0.3333333333333333,1,-9.395
39,nocopy,NZ_FOSL01000003.1,NZ_FOSL01000003.1,338064,0.627,1,351,incopy,,0,0.0,0.16666666666666666,1,-8.1667
39,nocopy,NZ_FOSL01000003.1,NZ_FOSL01000003.1,338064,0.627,1,363,incopy,,0,0.0,0.16666666666666666,1,-10.2737
39,nocopy,NZ_FOSL01000003.1,NZ_FOSL01000003.1,338064,0.627,2,335,incopy,,0,0.0,0.5,2,-7.0606
39,nocopy,NZ_FOSL01000003.1,NZ_FOSL01000003.1,338064,0.627,2,392,incopy,,0,0.0,0.3333333333333333,4,-7.7189
39,nocopy,NZ_FOSL01000003.1,NZ_FOSL01000003.1,338064,0.627,2,345,incopy,,0,0.0,0.4166666666666667,2,-9.7681
39,nocopy,NZ_FOSL01000003.1,NZ_FOSL01000003.1,338064,0.627,2,359,incopy,,0,0.0,0.5,2,-6.9419
39,nocopy,NZ_FOSL01000003.1,NZ_FOSL01000003.1,338064,0.627,2,356,incopy,,0,0.0,0.16666666666666666,1,-7.3518
39,nocopy,NZ_FOSL01000003.1,NZ_FOSL01000003.1,338064,0.627,2,382,incopy,,0,0.0,0.5,2,-6.7518
39,nocopy,NZ_FOSL01000003.1,NZ_FOSL01000003.1,338064,0.627,5,358,incopy,,0,0.0,0.23333333333333334,2,-7.3473
39,nocopy,NZ_FOSL01000003.1,NZ_FOSL01000003.1,338064,0.627,5,337,incopy,,0,0.0,0.3,3,-7.1528
39,nocopy,NZ_FOSL01000003.1,NZ_FOSL01000003.1,338064,0.627,5,325,incopy,,0,0.0,0.4666666666666667,7,-7.4495
39,nocopy,NZ_FOSL01000003.1,NZ_FOSL01000003.1,338064,0.627,5,353,incopy,,0,0.0,0.3333333333333333,4,-6.9734
39,nocopy,NZ_FOSL01000003.1,NZ_FOSL01000003.1,338064,0.627,5,331,incopy,,0,0.0,0.3333333333333333,2,-7.9209
39,nocopy,NZ_FOSL01000003.1,NZ_FOSL01000003.1,338064,0.627,5,312,incopy,,0,0.0,0.5,2,-6.3382
39,nocopy,NZ_FOSL01000003.1,NZ_FOSL01000003.1,338064,0.627,10,346,incopy,,0,0.0,0.43333333333333335,5,-7.2395
39,nocopy,NZ_FOSL01000003.1,NZ_FOSL01000003.1,338064,0.627,10,304,incopy,,0,0.0,0.2833333333333333,3,-7.6963
39,nocopy,NZ_FOSL01000003.1,NZ_FOSL01000003.1,338064,0.627,10,305,incopy,,0,0.0,0.3333333333333333,3,-7.6803
39,nocopy,NZ_FOSL01000003.1,NZ_FOSL01000003.1,338064,0.627,10,378,incopy,,0,0.0,0.23333333333333334,2,-7.4971
39,nocopy,NZ_FOSL01000003.1,NZ_FOSL01000003.1,338064,0.627,10,330,incopy,,0,0.0,0.3333333333333333,3,-7.1528
39,nocopy,NZ_FOSL01000003.1,NZ_FOSL01000003.1,338064,0.627,10,326,incopy,,0,0.0,0.35,2,-8.0823
39,nocopy,NZ_FOSL01000003.1,NZ_FOSL01000003.1,338064,0.627,20,339,incopy,,0,0.0,0.36666666666666664,4,-7.693
39,nocopy,NZ_FOSL01000003.1,NZ_FOSL01000003.1,338064,0.627,20,349,incopy,,0,0.0,0.3416666666666667,5,-6.9116
39,nocopy,NZ_FOSL01000003.1,NZ_FOSL01000003.1,338064,0.627,20,311,incopy,,0,0.0,0.4583333333333333,4,-7.5319
39,nocopy,NZ_FOSL01000003.1,NZ_FOSL01000003.1,338064,0.627,20,339,incopy,,0,0.0,0.36666666666666664,4,-7.6929
39,nocopy,NZ_FOSL01000003.1,NZ_FOSL01000003.1,338064,0.627,20,342,incopy,,0,0.0,0.3333333333333333,4,-7.5821
39,nocopy,NZ_FOSL01000003.1,NZ_FOSL01000003.1,338064,0.627,20,334,incopy,,0,0.0,0.35833333333333334,5,-7.7365
40,copy,NZ_FOSL01000060.1,NZ_FOSL01000060.1,5466,0.6047,1,390,incopy,,1,1.0,1.0,6,-0.2455
40,copy,NZ_FOSL01000060.1,NZ_FOSL01000060.1,5466,0.6047,1,374,incopy,,1,1.0,1.0,6,-0.1452
40,copy,NZ_FOSL01000060.1,NZ_FOSL01000060.1,5466,0.6047,1,335,incopy,,1,1.0,1.0,6,-0.0603
40,copy,NZ_FOSL01000060.1,NZ_FOSL01000060.1,5466,0.6047,1,392,incopy,,1,1.0,1.0,6,-0.1576
40,copy,NZ_FOSL01000060.1,NZ_FOSL01000060.1,5466,0.6047,1,395,incopy,,1,1.0,1.0,6,-0.2881
40,copy,NZ_FOSL01000060.1,NZ_FOSL01000060.1,5466,0.6047,1,317,incopy,,1,1.0,1.0,6,-0.076
40,copy,NZ_FOSL01000060.1,NZ_FOSL01000060.1,5466,0.6047,2,309,incopy,,1,1.0,1.0,12,-0.1504
40,copy,NZ_FOSL01000060.1,NZ_FOSL01000060.1,5466,0.6047,2,351,incopy,,1,1.0,1.0,12,-0.1957
40,copy,NZ_FOSL01000060.1,NZ_FOSL01000060.1,5466,0.6047,2,386,incopy,,1,1.0,1.0,12,-0.3129
40,copy,NZ_FOSL01000060.1,NZ_FOSL01000060.1,5466,0.6047,2,383,incopy,,1,1.0,1.0,12,-0.0911
40,copy,NZ_FOSL01000060.1,NZ_FOSL01000060.1,5466,0.6047,2,309,incopy,,1,1.0,1.0,12,-0.1504
40,copy,NZ_FOSL01000060.1,NZ_FOSL01000060.1,5466,0.6047,2,306,incopy,,1,1.0,1.0,12,-0.2022
40,copy,NZ_FOSL01000060.1,NZ_FOSL01000060.1,5466,0.6047,5,381,incopy,,1,1.0,1.0,30,-0.257
40,copy,NZ_FOSL01000060.1,NZ_FOSL01000060.1,5466,0.6047,5,343,incopy,,1,1.0,1.0,30,-0.2605
40,copy,NZ_FOSL01000060.1,NZ_FOSL01000060.1,5466,0.6047,5,375,incopy,,1,1.0,1.0,30,-0.4459
40,copy,NZ_FOSL01000060.1,NZ_FOSL01000060.1,5466,0.6047,5,388,incopy,,1,1.0,1.0,30,-0.9171
40,copy,NZ_FOSL01000060.1,NZ_FOSL01000060.1,5466,0.6047,5,391,incopy,,1,1.0,1.0,30,-0.4105
40,copy,NZ_FOSL01000060.1,NZ_FOSL01000060.1,5466,0.6047,5,338,incopy,,1,1.0,1.0,30,-0.347
40,copy,NZ_FOSL01000060.1,NZ_FOSL01000060.1,5466,0.6047,10,373,incopy,,0,0.8,0.9,24,-2.4863
40,copy,NZ_FOSL01000060.1,NZ_FOSL01000060.1,5466,0.6047,10,314,incopy,,0,0.6,0.7333333333333333,29,-2.2094
40,copy,NZ_FOSL01000060.1,NZ_FOSL01000060.1,5466,0.6047,10,331,incopy,,0,0.6,0.7,25,-1.6191
40,copy,NZ_FOSL01000060.1,NZ_FOSL01000060.1,5466,0.6047,10,363,incopy,,0,0.5,0.7,18,-2.9233
40,copy,NZ_FOSL01000060.1,NZ_FOSL01000060.1,5466,0.6047,10,386,incopy,,0,0.7,0.7833333333333333,24,-3.2842
40,copy,NZ_FOSL01000060.1,NZ_FOSL01000060.1,5466,0.6047,10,362,incopy,,0,0.5,0.6666666666666666,22,-3.9891
40,copy,NZ_FOSL01000060.1,NZ_FOSL01000060.1,5466,0.6047,20,342,incopy,,0,0.25,0.55,20,-4.787
40,copy,NZ_FOSL01000060.1,NZ_FOSL01000060.1,5466,0.6047,20,348,incopy,,0,0.3,0.55,24,-6.0463
40,copy,NZ_FOSL01000060.1,NZ_FOSL01000060.1,5466,0.6047,20,312,incopy,,0,0.3,0.5833333333333334,24,-4.5243
40,copy,NZ_FOSL01000060.1,NZ_FOSL01000060.1,5466,0.6047,20,309,incopy,,0,0.25,0.5666666666666667,16,-4.9108
40,copy,NZ_FOSL01000060.1,NZ_FOSL01000060.1,5466,0.6047,20,337,incopy,,0,0.15,0.4166666666666667,12,-6.0438
40,copy,NZ_FOSL01000060.1,NZ_FOSL01000060.1,5466,0.6047,20,373,incopy,,0,0.25,0.5333333333333333,24,-6.1182
41,nocopy,NZ_FOSL01000060.1,NZ_FOSL01000060.1,5466,0.6047,1,390,incopy,,0,0.0,0.16666666666666666,1,-10.449
41,nocopy,NZ_FOSL01000060.1,NZ_FOSL01000060.1,5466,0.6047,1,374,incopy,,0,0.0,0.5,1,-6.6721
41,nocopy,NZ_FOSL01000060.1,NZ_FOSL01000060.1,5466,0.6047,1,335,incopy,,0,0.0,0.0,0,-9.4533
41,nocopy,NZ_FOSL01000060.1,NZ_FOSL01000060.1,5466,0.6047,1,392,incopy,,0,0.0,0.3333333333333333,1,-10.0162
41,nocopy,NZ_FOSL01000060.1,NZ_FOSL01000060.1,5466,0.6047,1,395,incopy,,0,0.0,0.3333333333333333,1,-8.1622
41,nocopy,NZ_FOSL01000060.1,NZ_FOSL01000060.1,5466,0.6047,1,317,incopy,,0,0.0,0.16666666666666666,1,-7.3608
41,nocopy,NZ_FOSL01000060.1,NZ_FOSL01000060.1,5466,0.6047,2,309,incopy,,0,0.0,0.5,2,-8.1924
41,nocopy,NZ_FOSL01000060.1,NZ_FOSL01000060.1,5466,0.6047,2,351,incopy,,0,0.0,0.16666666666666666,2,-7.9079
41,nocopy,NZ_FOSL01000060.1,NZ_FOSL01000060.1,5466,0.6047,2,386,incopy,,0,0.0,0.4166666666666667,2,-7.651
41,nocopy,NZ_FOSL01000060.1,NZ_FOSL01000060.1,5466,0.6047,2,383,incopy,,0,0.0,0.5833333333333334,3,-7.5191
41,nocopy,NZ_FOSL01000060.1,NZ_FOSL01000060.1,5466,0.6047,2,309,incopy,,0,0.0,0.5,2,-8.1924
41,nocopy,NZ_FOSL01000060.1,NZ_FOSL01000060.1,5466,0.6047,2,306,incopy,,0,0.0,0.25,1,-7.9597
41,nocopy,NZ_FOSL01000060.1,NZ_FOSL01000060.1,5466,0.6047,5,381,incopy,,0,0.0,0.4,2,-7.568
41,nocopy,NZ_FOSL01000060.1,NZ_FOSL01000060.1,5466,0.6047,5,343,incopy,,0,0.0,0.5333333333333333,5,-7.3167
41,nocopy,NZ_FOSL01000060.1,NZ_FOSL01000060.1,5466,0.6047,5,375,incopy,,0,0.0,0.4,2,-8.0215
41,nocopy,NZ_FOSL01000060.1,NZ_FOSL01000060.1,5466,0.6047,5,388,incopy,,0,0.0,0.4,4,-8.4844
41,nocopy,NZ_FOSL01000060.1,NZ_FOSL01000060.1,5466,0.6047,5,391,incopy,,0,0.0,0.4,2,-8.0468
41,nocopy,NZ_FOSL01000060.1,NZ_FOSL01000060.1,5466,0.6047,5,338,incopy,,0,0.0,0.3,5,-8.7281
41,nocopy,NZ_FOSL01000060.1,NZ_FOSL01000060.1,5466,0.6047,10,373,incopy,,0,0.0,0.35,2,-8.1367
41,nocopy,NZ_FOSL01000060.1,NZ_FOSL01000060.1,5466,0.6047,10,314,incopy,,0,0.0,0.26666666666666666,3,-8.7748
41,nocopy,NZ_FOSL01000060.1,NZ_FOSL01000060.1,5466,0.6047,10,331,incopy,,0,0.1,0.36666666666666664,6,-7.8224
41,nocopy,NZ_FOSL01000060.1,NZ_FOSL01000060.1,5466,0.6047,10,363,incopy,,0,0.0,0.4166666666666667,5,-7.2327
41,nocopy,NZ_FOSL01000060.1,NZ_FOSL01000060.1,5466,0.6047,10,386,incopy,,0,0.0,0.38333333333333336,2,-8.0293
41,nocopy,NZ_FOSL01000060.1,NZ_FOSL01000060.1,5466,0.6047,10,362,incopy,,0,0.0,0.38333333333333336,4,-7.6329
41,nocopy,NZ_FOSL01000060.1,NZ_FOSL01000060.1,5466,0.6047,20,342,incopy,,0,0.0,0.43333333333333335,4,-7.5605
41,nocopy,NZ_FOSL01000060.1,NZ_FOSL01000060.1,5466,0.6047,20,348,incopy,,0,0.0,0.4,4,-7.673
41,nocopy,NZ_FOSL01000060.1,NZ_FOSL01000060.1,5466,0.6047,20,312,incopy,,0,0.0,0.26666666666666666,3,-8.5002
41,nocopy,NZ_FOSL01000060.1,NZ_FOSL01000060.1,5466,0.6047,20,309,incopy,,0,0.0,0.26666666666666666,3,-8.6013
41,nocopy,NZ_FOSL01000060.1,NZ_FOSL01000060.1,5466,0.6047,20,337,incopy,,0,0.0,0.36666666666666664,5,-7.7714
41,nocopy,NZ_FOSL01000060.1,NZ_FOSL01000060.1,5466,0.6047,20,373,incopy,,0,0.0,0.39166666666666666,4,-8.1866
42,copy,NZ_FOSL01000002.1,NZ_FOSL01000002.1,159030,0.647,1,368,incopy,,1,1.0,1.0,6,-0.0674
42,copy,NZ_FOSL01000002.1,NZ_FOSL01000002.1,159030,0.647,1,367,incopy,,1,1.0,1.0,6,-0.0324
42,copy,NZ_FOSL01000002.1,NZ_FOSL01000002.1,159030,0.647,1,326,incopy,,1,1.0,1.0,6,-0.216
42,copy,NZ_FOSL01000002.1,NZ_FOSL01000002.1,159030,0.647,1,302,incopy,,1,1.0,1.0,6,-1.8537
42,copy,NZ_FOSL01000002.1,NZ_FOSL01000002.1,159030,0.647,1,335,incopy,,1,1.0,1.0,6,-0.0822
42,copy,NZ_FOSL01000002.1,NZ_FOSL01000002.1,159030,0.647,1,377,incopy,,1,1.0,1.0,6,-0.1341
42,copy,NZ_FOSL01000002.1,NZ_FOSL01000002.1,159030,0.647,2,318,incopy,,1,1.0,1.0,12,-0.3441
42,copy,NZ_FOSL01000002.1,NZ_FOSL01000002.1,159030,0.647,2,386,incopy,,1,1.0,1.0,12,-0.0503
42,copy,NZ_FOSL01000002.1,NZ_FOSL01000002.1,159030,0.647,2,358,incopy,,1,1.0,1.0,12,-0.176
42,copy,NZ_FOSL01000002.1,NZ_FOSL01000002.1,159030,0.647,2,377,incopy,,1,1.0,1.0,12,-0.1686
42,copy,NZ_FOSL01000002.1,NZ_FOSL01000002.1,159030,0.647,2,368,incopy,,1,1.0,1.0,12,-0.3089
42,copy,NZ_FOSL01000002.1,NZ_FOSL01000002.1,159030,0.647,2,318,incopy,,1,1.0,1.0,12,-0.344
42,copy,NZ_FOSL01000002.1,NZ_FOSL01000002.1,159030,0.647,5,315,incopy,,1,1.0,1.0,30,-0.3888
42,copy,NZ_FOSL01000002.1,NZ_FOSL01000002.1,159030,0.647,5,384,incopy,,0,0.4,0.6,13,-1.1392
42,copy,NZ_FOSL01000002.1,NZ_FOSL01000002.1,159030,0.647,5,371,incopy,,1,1.0,1.0,30,-0.7717
42,copy,NZ_FOSL01000002.1,NZ_FOSL01000002.1,159030,0.647,5,389,incopy,,1,1.0,1.0,30,-0.6861
42,copy,NZ_FOSL01000002.1,NZ_FOSL01000002.1,159030,0.647,5,351,incopy,,0,0.6,0.6666666666666666,12,-2.5359
42,copy,NZ_FOSL01000002.1,NZ_FOSL01000002.1,159030,0.647,5,386,incopy,,0,0.8,0.9666666666666667,15,-0.5759
42,copy,NZ_FOSL01000002.1,NZ_FOSL01000002.1,159030,0.647,10,303,incopy,,0,0.5,0.6333333333333333,24,-3.8749
42,copy,NZ_FOSL01000002.1,NZ_FOSL01000002.1,159030,0.647,10,344,incopy,,0,0.5,0.6833333333333333,19,-3.7978
42,copy,NZ_FOSL01000002.1,NZ_FOSL01000002.1,159030,0.647,10,367,incopy,,0,0.6,0.7833333333333333,18,-2.9829
42,copy,NZ_FOSL01000002.1,NZ_FOSL01000002.1,159030,0.647,10,377,incopy,,0,0.8,0.8833333333333333,36,-1.8922
42,copy,NZ_FOSL01000002.1,NZ_FOSL01000002.1,159030,0.647,10,314,incopy,,0,0.5,0.6333333333333333,13,-3.1239
42,copy,NZ_FOSL01000002.1,NZ_FOSL01000002.1,159030,0.647,10,374,incopy,,0,0.3,0.5833333333333334,14,-3.9201
42,copy,NZ_FOSL01000002.1,NZ_FOSL01000002.1,159030,0.647,20,316,incopy,,0,0.25,0.475,19,-6.3799
42,copy,NZ_FOSL01000002.1,NZ_FOSL01000002.1,159030,0.647,20,312,incopy,,0,0.2,0.4083333333333333,12,-5.7283
42,copy,NZ_FOSL01000002.1,NZ_FOSL01000002.1,159030,0.647,20,359,incopy,,0,0.25,0.5083333333333333,18,-5.2443
42,copy,NZ_FOSL01000002.1,NZ_FOSL01000002.1,159030,0.647,20,318,incopy,,0,0.35,0.525,24,-5.3171
42,copy,NZ_FOSL01000002.1,NZ_FOSL01000002.1,159030,0.647,20,346,incopy,,0,0.4,0.625,31,-4.5694
42,copy,NZ_FOSL01000002.1,NZ_FOSL01000002.1,159030,0.647,20,319,incopy,,0,0.15,0.38333333333333336,13,-5.4032
43,nocopy,NZ_FOSL01000002.1,NZ_FOSL01000002.1,159030,0.647,1,368,incopy,,0,0.0,0.3333333333333333,1,-10.4443
43,nocopy,NZ_FOSL01000002.1,NZ_FOSL01000002.1,159030,0.647,1,367,incopy,,0,0.0,0.16666666666666666,1,-11.3542
43,nocopy,NZ_FOSL01000002.1,NZ_FOSL01000002.1,159030,0.647,1,326,incopy,,0,0.0,0.16666666666666666,1,-8.1328
43,nocopy,NZ_FOSL01000002.1,NZ_FOSL01000002.1,159030,0.647,1,302,incopy,,0,0.0,0.3333333333333333,1,-7.5796
43,nocopy,NZ_FOSL01000002.1,NZ_FOSL01000002.1,159030,0.647,1,335,incopy,,0,0.0,0.5,2,-5.6279
43,nocopy,NZ_FOSL01000002.1,NZ_FOSL01000002.1,159030,0.647,1,377,incopy,,0,0.0,0.5,2,-6.0728
43,nocopy,NZ_FOSL01000002.1,NZ_FOSL01000002.1,159030,0.647,2,318,incopy,,0,0.0,0.6666666666666666,3,-6.2437
43,nocopy,NZ_FOSL01000002.1,NZ_FOSL01000002.1,159030,0.647,2,386,incopy,,0,0.0,0.25,2,-9.2723
43,nocopy,NZ_FOSL01000002.1,NZ_FOSL01000002.1,159030,0.647,2,358,incopy,,0,0.0,0.5,2,-6.8171
43,nocopy,NZ_FOSL01000002.1,NZ_FOSL01000002.1,159030,0.647,2,377,incopy,,0,0.0,0.4166666666666667,3,-6.0891
43,nocopy,NZ_FOSL01000002.1,NZ_FOSL01000002.1,159030,0.647,2,368,incopy,,0,0.0,0.25,2,-9.4778
43,nocopy,NZ_FOSL01000002.1,NZ_FOSL01000002.1,159030,0.647,2,318,incopy,,0,0.0,0.6666666666666666,3,-6.2437
43,nocopy,NZ_FOSL01000002.1,NZ_FOSL01000002.1,159030,0.647,5,315,incopy,,0,0.0,0.43333333333333335,3,-7.7631
43,nocopy,NZ_FOSL01000002.1,NZ_FOSL01000002.1,159030,0.647,5,384,incopy,,0,0.0,0.26666666666666666,2,-7.3197
43,nocopy,NZ_FOSL01000002.1,NZ_FOSL01000002.1,159030,0.647,5,371,incopy,,0,0.0,0.5,3,-7.1557
43,nocopy,NZ_FOSL01000002.1,NZ_FOSL01000002.1,159030,0.647,5,389,incopy,,0,0.0,0.36666666666666664,3,-7.0869
43,nocopy,NZ_FOSL01000002.1,NZ_FOSL01000002.1,159030,0.647,5,351,incopy,,0,0.0,0.2,3,-9.7278
43,nocopy,NZ_FOSL01000002.1,NZ_FOSL01000002.1,159030,0.647,5,386,incopy,,0,0.0,0.3,3,-7.3416
43,nocopy,NZ_FOSL01000002.1,NZ_FOSL01000002.1,159030,0.647,10,303,incopy,,0,0.0,0.4,4,-7.0041
43,nocopy,NZ_FOSL01000002.1,NZ_FOSL01000002.1,159030,0.647,10,344,incopy,,0,0.0,0.26666666666666666,3,-7.9238
43,nocopy,NZ_FOSL01000002.1,NZ_FOSL01000002.1,159030,0.647,10,367,incopy,,0,0.0,0.38333333333333336,3,-7.8867
43,nocopy,NZ_FOSL01000002.1,NZ_FOSL01000002.1,159030,0.647,10,377,incopy,,0,0.0,0.3333333333333333,6,-7.364
43,nocopy,NZ_FOSL01000002.1,NZ_FOSL01000002.1,159030,0.647,10,314,incopy,,0,0.0,0.31666666666666665,3,-7.5266
43,nocopy,NZ_FOSL01000002.1,NZ_FOSL01000002.1,159030,0.647,10,374,incopy,,0,0.0,0.36666666666666664,6,-7.5136
43,nocopy,NZ_FOSL01000002.1,NZ_FOSL01000002.1,159030,0.647,20,316,incopy,,0,0.0,0.35,5,-7.2687
43,nocopy,NZ_FOSL01000002.1,NZ_FOSL01000002.1,159030,0.647,20,312,incopy,,0,0.0,0.39166666666666666,5,-7.1983
43,nocopy,NZ_FOSL01000002.1,NZ_FOSL01000002.1,159030,0.647,20,359,incopy,,0,0.0,0.35833333333333334,3,-7.6583
43,nocopy,NZ_FOSL01000002.1,NZ_FOSL01000002.1,159030,0.647,20,318,incopy,,0,0.0,0.375,5,-7.0068
43,nocopy,NZ_FOSL01000002.1,NZ_FOSL01000002.1,159030,0.647,20,346,incopy,,0,0.0,0.3333333333333333,4,-7.9888
43,nocopy,NZ_FOSL01000002.1,NZ_FOSL01000002.1,159030,0.647,20,319,incopy,,0,0.0,0.35833333333333334,6,-7.0121
44,copy,CP002279,CP002279,2088024,0.6373,1,322,incopy,,1,1.0,1.0,6,-0.0409
44,copy,CP002279,CP002279,2088024,0.6373,1,378,incopy,,1,1.0,1.0,6,-0.2204
44,copy,CP002279,CP002279,2088024,0.6373,1,386,incopy,,1,1.0,1.0,6,-0.6185
44,copy,CP002279,CP002279,2088024,0.6373,1,380,incopy,,0,0.0,0.8333333333333334,3,-2.242
44,copy,CP002279,CP002279,2088024,0.6373,1,329,incopy,,1,1.0,1.0,6,-0.0832
44,copy,CP002279,CP002279,2088024,0.6373,1,321,incopy,,1,1.0,1.0,6,-0.0829
44,copy,CP002279,CP002279,2088024,0.6373,2,310,incopy,,1,1.0,1.0,12,-0.086
44,copy,CP002279,CP002279,2088024,0.6373,2,324,incopy,,1,1.0,1.0,12,-0.0678
44,copy,CP002279,CP002279,2088024,0.6373,2,365,incopy,,1,1.0,1.0,12,-0.0684
44,copy,CP002279,CP002279,2088024,0.6373,2,393,incopy,,1,1.0,1.0,12,-0.0673
44,copy,CP002279,CP002279,2088024,0.6373,2,332,incopy,,1,1.0,1.0,12,-0.0895
44,copy,CP002279,CP002279,2088024,0.6373,2,347,incopy,,1,1.0,1.0,12,-0.2704
44,copy,CP002279,CP002279,2088024,0.6373,5,319,incopy,,1,1.0,1.0,30,-0.5484
44,copy,CP002279,CP002279,2088024,0.6373,5,328,incopy,,0,0.8,0.8666666666666667,18,-0.8139
44,copy,CP002279,CP002279,2088024,0.6373,5,310,incopy,,0,0.8,0.8333333333333334,13,-1.0007
44,copy,CP002279,CP002279,2088024,0.6373,5,343,incopy,,0,0.8,0.9,14,-0.6853
44,copy,CP002279,CP002279,2088024,0.6373,5,329,incopy,,0,0.8,0.8666666666666667,13,-1.5161
44,copy,CP002279,CP002279,2088024,0.6373,5,372,incopy,,1,1.0,1.0,30,-0.2998
44,copy,CP002279,CP002279,2088024,0.6373,10,344,incopy,,0,0.4,0.6833333333333333,13,-3.3847
44,copy,CP002279,CP002279,2088024,0.6373,10,351,incopy,,0,0.6,0.7833333333333333,24,-2.9514
44,copy,CP002279,CP002279,2088024,0.6373,10,348,incopy,,0,0.4,0.6833333333333333,13,-3.1371
44,copy,CP002279,CP002279,2088024,0.6373,10,331,incopy,,0,0.7,0.8333333333333334,26,-1.9835
44,copy,CP002279,CP002279,2088024,0.6373,10,317,incopy,,0,0.4,0.5833333333333334,18,-3.5915
44,copy,CP002279,CP002279,2088024,0.6373,10,327,incopy,,0,0.6,0.7833333333333333,19,-3.5433
44,copy,CP002279,CP002279,2088024,0.6373,20,313,incopy,,0,0.35,0.625,19,-4.6461
44,copy,CP002279,CP002279,2088024,0.6373,20,362,incopy,,0,0.2,0.425,13,-5.323
44,copy,CP002279,CP002279,2088024,0.6373,20,340,incopy,,0,0.25,0.55,18,-5.5052
44,copy,CP002279,CP002279,2088024,0.6373,20,312,incopy,,0,0.35,0.55,24,-4.1619
44,copy,CP002279,CP002279,2088024,0.6373,20,341,incopy,,0,0.3,0.5333333333333333,18,-5.274
44,copy,CP002279,CP002279,2088024,0.6373,20,313,incopy,,0,0.35,0.625,19,-4.6461
45,nocopy,CP002279,CP002279,2088024,0.6373,1,322,incopy,,0,0.0,0.3333333333333333,1,-7.4809
45,nocopy,CP002279,CP002279,2088024,0.6373,1,378,incopy,,0,0.0,0.5,2,-7.3838
45,nocopy,CP002279,CP002279,2088024,0.6373,1,386,incopy,,0,0.0,0.8333333333333334,4,-5.492
45,nocopy,CP002279,CP002279,2088024,0.6373,1,380,incopy,,0,0.0,0.0,0,-6.8394
45,nocopy,CP002279,CP002279,2088024,0.6373,1,329,incopy,,0,0.0,0.0,0,-6.6465
45,nocopy,CP002279,CP002279,2088024,0.6373,1,321,incopy,,0,0.0,0.8333333333333334,5,-5.2214
45,nocopy,CP002279,CP002279,2088024,0.6373,2,310,incopy,,0,0.0,0.3333333333333333,2,-7.9394
45,nocopy,CP002279,CP002279,2088024,0.6373,2,324,incopy,,0,0.0,0.4166666666666667,4,-5.8523
45,nocopy,CP002279,CP002279,2088024,0.6373,2,365,incopy,,0,0.0,0.25,2,-8.375
45,nocopy,CP002279,CP002279,2088024,0.6373,2,393,incopy,,0,0.0,0.25,1,-7.9639
45,nocopy,CP002279,CP002279,2088024,0.6373,2,332,incopy,,0,0.0,0.5,2,-6.5604
45,nocopy,CP002279,CP002279,2088024,0.6373,2,347,incopy,,0,0.0,0.6666666666666666,4,-5.5615
45,nocopy,CP002279,CP002279,2088024,0.6373,5,319,incopy,,0,0.0,0.5,6,-6.6909
45,nocopy,CP002279,CP002279,2088024,0.6373,5,328,incopy,,0,0.0,0.43333333333333335,4,-6.7398
45,nocopy,CP002279,CP002279,2088024,0.6373,5,310,incopy,,0,0.0,0.4,3,-7.129
45,nocopy,CP002279,CP002279,2088024,0.6373,5,343,incopy,,0,0.0,0.3333333333333333,3,-7.3328
45,nocopy,CP002279,CP002279,2088024,0.6373,5,329,incopy,,0,0.0,0.4666666666666667,3,-6.8602
45,nocopy,CP002279,CP002279,2088024,0.6373,5,372,incopy,,0,0.0,0.3333333333333333,3,-7.5719
45,nocopy,CP002279,CP002279,2088024,0.6373,10,344,incopy,,0,0.0,0.3333333333333333,4,-6.8522
45,nocopy,CP002279,CP002279,2088024,0.6373,10,351,incopy,,0,0.0,0.45,6,-7.3706
45,nocopy,CP002279,CP002279,2088024,0.6373,10,348,incopy,,0,0.0,0.35,4,-6.7662
45,nocopy,CP002279,CP002279,2088024,0.6373,10,331,incopy,,0,0.0,0.36666666666666664,3,-7.0715
45,nocopy,CP002279,CP002279,2088024,0.6373,10,317,incopy,,0,0.0,0.5166666666666667,6,-6.3966
45,nocopy,CP002279,CP002279,2088024,0.6373,10,327,incopy,,0,0.0,0.43333333333333335,4,-7.1403
45,nocopy,CP002279,CP002279,2088024,0.6373,20,313,incopy,,0,0.0,0.43333333333333335,6,-6.7842
45,nocopy,CP002279,CP002279,2088024,0.6373,20,362,incopy,,0,0.0,0.35833333333333334,6,-7.5408
45,nocopy,CP002279,CP002279,2088024,0.6373,20,340,incopy,,0,0.0,0.38333333333333336,6,-7.2179
45,nocopy,CP002279,CP002279,2088024,0.6373,20,312,incopy,,0,0.0,0.43333333333333335,6,-6.8765
45,nocopy,CP002279,CP002279,2088024,0.6373,20,341,incopy,,0,0.0,0.36666666666666664,6,-7.3022
45,nocopy,CP002279,CP002279,2088024,0.6373,20,313,incopy,,0,0.0,0.43333333333333335,6,-6.7842
46,copy,NZ_FOSL01000004.1,NZ_FOSL01000004.1,148230,0.611,1,345,incopy,,1,1.0,1.0,6,-0.0566
46,copy,NZ_FOSL01000004.1,NZ_FOSL01000004.1,148230,0.611,1,344,incopy,,1,1.0,1.0,6,-0.0612
46,copy,NZ_FOSL01000004.1,NZ_FOSL01000004.1,148230,0.611,1,364,incopy,,1,1.0,1.0,6,-0.3746
46,copy,NZ_FOSL01000004.1,NZ_FOSL01000004.1,148230,0.611,1,327,incopy,,1,1.0,1.0,6,-0.0134
46,copy,NZ_FOSL01000004.1,NZ_FOSL01000004.1,148230,0.611,1,363,incopy,,1,1.0,1.0,6,-0.0186
46,copy,NZ_FOSL01000004.1,NZ_FOSL01000004.1,148230,0.611,1,394,incopy,,1,1.0,1.0,6,-0.2923
46,copy,NZ_FOSL01000004.1,NZ_FOSL01000004.1,148230,0.611,2,395,incopy,,1,1.0,1.0,12,-0.1578
46,copy,NZ_FOSL01000004.1,NZ_FOSL01000004.1,148230,0.611,2,389,incopy,,1,1.0,1.0,12,-0.15
46,copy,NZ_FOSL01000004.1,NZ_FOSL01000004.1,148230,0.611,2,311,incopy,,1,1.0,1.0,12,-0.2181
46,copy,NZ_FOSL01000004.1,NZ_FOSL01000004.1,148230,0.611,2,350,incopy,,1,1.0,1.0,12,-0.0503
46,copy,NZ_FOSL01000004.1,NZ_FOSL01000004.1,148230,0.611,2,389,incopy,,1,1.0,1.0,12,-0.15
46,copy,NZ_FOSL01000004.1,NZ_FOSL01000004.1,148230,0.611,2,326,incopy,,1,1.0,1.0,12,-0.0879
46,copy,NZ_FOSL01000004.1,NZ_FOSL01000004.1,148230,0.611,5,351,incopy,,1,1.0,1.0,30,-0.1907
46,copy,NZ_FOSL01000004.1,NZ_FOSL01000004.1,148230,0.611,5,371,incopy,,0,0.8,0.8,18,-0.4761
46,copy,NZ_FOSL01000004.1,NZ_FOSL01000004.1,148230,0.611,5,319,incopy,,1,1.0,1.0,30,-0.407
46,copy,NZ_FOSL01000004.1,NZ_FOSL01000004.1,148230,0.611,5,356,incopy,,1,1.0,1.0,30,-0.4476
46,copy,NZ_FOSL01000004.1,NZ_FOSL01000004.1,148230,0.611,5,383,incopy,,0,0.8,0.9,14,-0.3031
46,copy,NZ_FOSL01000004.1,NZ_FOSL01000004.1,148230,0.611,5,356,incopy,,1,1.0,1.0,30,-0.4476
46,copy,NZ_FOSL01000004.1,NZ_FOSL01000004.1,148230,0.611,10,343,incopy,,0,0.5,0.6166666666666667,12,-2.8182
46,copy,NZ_FOSL01000004.1,NZ_FOSL01000004.1,148230,0.611,10,310,incopy,,0,0.7,0.8166666666666667,25,-2.4937
46,copy,NZ_FOSL01000004.1,NZ_FOSL01000004.1,148230,0.611,10,363,incopy,,0,0.5,0.7,20,-2.5329
46,copy,NZ_FOSL01000004.1,NZ_FOSL01000004.1,148230,0.611,10,358,incopy,,0,0.8,0.9333333333333333,26,-1.6557
46,copy,NZ_FOSL01000004.1,NZ_FOSL01000004.1,148230,0.611,10,303,incopy,,0,0.4,0.5166666666666667,7,-3.0652
46,copy,NZ_FOSL01000004.1,NZ_FOSL01000004.1,148230,0.611,10,325,incopy,,0,0.6,0.7333333333333333,30,-2.5607
46,copy,NZ_FOSL01000004.1,NZ_FOSL01000004.1,148230,0.611,20,320,incopy,,0,0.25,0.6,23,-5.312
46,copy,NZ_FOSL01000004.1,NZ_FOSL01000004.1,148230,0.611,20,307,incopy,,0,0.25,0.4666666666666667,24,-5.4831
46,copy,NZ_FOSL01000004.1,NZ_FOSL01000004.1,148230,0.611,20,317,incopy,,0,0.2,0.44166666666666665,18,-5.578
46,copy,NZ_FOSL01000004.1,NZ_FOSL01000004.1,148230,0.611,20,303,incopy,,0,0.15,0.55,12,-5.5302
46,copy,NZ_FOSL01000004.1,NZ_FOSL01000004.1,148230,0.611,20,366,incopy,,0,0.4,0.6166666666666667,19,-4.4412
46,copy,NZ_FOSL01000004.1,NZ_FOSL01000004.1,148230,0.611,20,310,incopy,,0,0.45,0.7166666666666667,24,-3.6498
47,nocopy,NZ_FOSL01000004.1,NZ_FOSL01000004.1,148230,0.611,1,345,incopy,,0,0.0,0.5,2,-8.2521
47,nocopy,NZ_FOSL01000004.1,NZ_FOSL01000004.1,148230,0.611,1,344,incopy,,0,0.0,0.3333333333333333,1,-8.979
47,nocopy,NZ_FOSL01000004.1,NZ_FOSL01000004.1,148230,0.611,1,364,incopy,,0,0.0,0.3333333333333333,1,-7.1397
47,nocopy,NZ_FOSL01000004.1,NZ_FOSL01000004.1,148230,0.611,1,327,incopy,,0,0.0,0.3333333333333333,2,-7.8301
47,nocopy,NZ_FOSL01000004.1,NZ_FOSL01000004.1,148230,0.611,1,363,incopy,,0,0.0,0.3333333333333333,1,-5.716
47,nocopy,NZ_FOSL01000004.1,NZ_FOSL01000004.1,148230,0.611,1,394,incopy,,0,0.0,0.16666666666666666,1,-7.6997
47,nocopy,NZ_FOSL01000004.1,NZ_FOSL01000004.1,148230,0.611,2,395,incopy,,0,0.0,0.16666666666666666,1,-9.8658
47,nocopy,NZ_FOSL01000004.1,NZ_FOSL01000004.1,148230,0.611,2,389,incopy,,0,0.0,0.25,1,-8.9593
47,nocopy,NZ_FOSL01000004.1,NZ_FOSL01000004.1,148230,0.611,2,311,incopy,,0,0.0,0.4166666666666667,3,-7.3666
47,nocopy,NZ_FOSL01000004.1,NZ_FOSL01000004.1,148230,0.611,2,350,incopy,,0,0.0,0.3333333333333333,3,-7.639
47,nocopy,NZ_FOSL01000004.1,NZ_FOSL01000004.1,148230,0.611,2,389,incopy,,0,0.0,0.25,1,-8.9593
47,nocopy,NZ_FOSL01000004.1,NZ_FOSL01000004.1,148230,0.611,2,326,incopy,,0,0.0,0.25,1,-7.5067
47,nocopy,NZ_FOSL01000004.1,NZ_FOSL01000004.1,148230,0.611,5,351,incopy,,0,0.0,0.4666666666666667,3,-7.643
47,nocopy,NZ_FOSL01000004.1,NZ_FOSL01000004.1,148230,0.611,5,371,incopy,,0,0.0,0.36666666666666664,3,-7.5984
47,nocopy,NZ_FOSL01000004.1,NZ_FOSL01000004.1,148230,0.611,5,319,incopy,,0,0.0,0.5,5,-6.6045
47,nocopy,NZ_FOSL01000004.1,NZ_FOSL01000004.1,148230,0.611,5,356,incopy,,0,0.0,0.3,3,-7.1279
47,nocopy,NZ_FOSL01000004.1,NZ_FOSL01000004.1,148230,0.611,5,383,incopy,,0,0.0,0.3333333333333333,4,-7.1117
47,nocopy,NZ_FOSL01000004.1,NZ_FOSL01000004.1,148230,0.611,5,356,incopy,,0,0.0,0.3,3,-7.1279
47,nocopy,NZ_FOSL01000004.1,NZ_FOSL01000004.1,148230,0.611,10,343,incopy,,0,0.0,0.23333333333333334,3,-8.6229
47,nocopy,NZ_FOSL01000004.1,NZ_FOSL01000004.1,148230,0.611,10,310,incopy,,0,0.0,0.35,4,-7.0153
47,nocopy,NZ_FOSL01000004.1,NZ_FOSL01000004.1,148230,0.611,10,363,incopy,,0,0.0,0.31666666666666665,3,-6.8324
47,nocopy,NZ_FOSL01000004.1,NZ_FOSL01000004.1,148230,0.611,10,358,incopy,,0,0.0,0.3333333333333333,3,-6.9521
47,nocopy,NZ_FOSL01000004.1,NZ_FOSL01000004.1,148230,0.611,10,303,incopy,,0,0.0,0.4166666666666667,5,-6.7342
47,nocopy,NZ_FOSL01000004.1,NZ_FOSL01000004.1,148230,0.611,10,325,incopy,,0,0.0,0.35,2,-8.4167
47,nocopy,NZ_FOSL01000004.1,NZ_FOSL01000004.1,148230,0.611,20,320,incopy,,0,0.0,0.31666666666666665,4,-7.832
47,nocopy,NZ_FOSL01000004.1,NZ_FOSL01000004.1,148230,0.611,20,307,incopy,,0,0.0,0.35,5,-7.2231
47,nocopy,NZ_FOSL01000004.1,NZ_FOSL01000004.1,148230,0.611,20,317,incopy,,0,0.0,0.3333333333333333,5,-7.7085
47,nocopy,NZ_FOSL01000004.1,NZ_FOSL01000004.1,148230,0.611,20,303,incopy,,0,0.0,0.3416666666666667,4,-6.7991
47,nocopy,NZ_FOSL01000004.1,NZ_FOSL01000004.1,148230,0.611,20,366,incopy,,0,0.0,0.325,4,-7.2176
47,nocopy,NZ_FOSL01000004.1,NZ_FOSL01000004.1,148230,0.611,20,310,incopy,,0,0.0,0.35833333333333334,5,-7.295
48,copy,CP002279,CP002279,527466,0.6533,1,381,incopy,,1,1.0,1.0,6,-0.1262
48,copy,CP002279,CP002279,527466,0.6533,1,320,incopy,,1,1.0,1.0,6,-0.1089
48,copy,CP002279,CP002279,527466,0.6533,1,328,incopy,,1,1.0,1.0,6,-0.306
48,copy,CP002279,CP002279,527466,0.6533,1,367,incopy,,1,1.0,1.0,6,-0.1545
48,copy,CP002279,CP002279,527466,0.6533,1,315,incopy,,1,1.0,1.0,6,-0.1952
48,copy,CP002279,CP002279,527466,0.6533,1,315,incopy,,1,1.0,1.0,6,-0.1952
48,copy,CP002279,CP002279,527466,0.6533,2,394,incopy,,1,1.0,1.0,12,-0.2739
48,copy,CP002279,CP002279,527466,0.6533,2,351,incopy,,1,1.0,1.0,12,-0.6354
48,copy,CP002279,CP002279,527466,0.6533,2,324,incopy,,1,1.0,1.0,12,-0.402
48,copy,CP002279,CP002279,527466,0.6533,2,305,incopy,,1,1.0,1.0,12,-0.3795
48,copy,CP002279,CP002279,527466,0.6533,2,376,incopy,,1,1.0,1.0,12,-0.6271
48,copy,CP002279,CP002279,527466,0.6533,2,379,incopy,,1,1.0,1.0,12,-0.1839
48,copy,CP002279,CP002279,527466,0.6533,5,358,incopy,,0,0.8,0.8333333333333334,18,-1.4704
48,copy,CP002279,CP002279,527466,0.6533,5,361,incopy,,0,0.8,0.9,12,-1.4802
48,copy,CP002279,CP002279,527466,0.6533,5,384,incopy,,1,1.0,1.0,30,-0.4608
48,copy,CP002279,CP002279,527466,0.6533,5,349,incopy,,0,0.6,0.7666666666666667,12,-1.2303
48,copy,CP002279,CP002279,527466,0.6533,5,358,incopy,,0,0.8,0.8333333333333334,18,-1.4704
48,copy,CP002279,CP002279,527466,0.6533,5,384,incopy,,1,1.0,1.0,30,-0.4608
48,copy,CP002279,CP002279,527466,0.6533,10,337,incopy,,0,0.5,0.7166666666666667,26,-3.7078
48,copy,CP002279,CP002279,527466,0.6533,10,329,incopy,,0,0.4,0.6333333333333333,19,-3.3816
48,copy,CP002279,CP002279,527466,0.6533,10,359,incopy,,0,0.5,0.6666666666666666,18,-3.904
48,copy,CP002279,CP002279,527466,0.6533,10,334,incopy,,0,0.6,0.7666666666666667,19,-2.8239
48,copy,CP002279,CP002279,527466,0.6533,10,351,incopy,,0,0.3,0.7166666666666667,11,-3.0098
48,copy,CP002279,CP002279,527466,0.6533,10,336,incopy,,0,0.4,0.6166666666666667,16,-4.1741
48,copy,CP002279,CP002279,527466,0.6533,20,328,incopy,,0,0.15,0.45,12,-5.2881
48,copy,CP002279,CP002279,527466,0.6533,20,364,incopy,,0,0.2,0.475,12,-5.3835
48,copy,CP002279,CP002279,527466,0.6533,20,339,incopy,,0,0.25,0.5166666666666667,14,-5.1511
48,copy,CP002279,CP002279,527466,0.6533,20,369,incopy,,0,0.25,0.6166666666666667,25,-4.3396
48,copy,CP002279,CP002279,527466,0.6533,20,346,incopy,,0,0.25,0.5416666666666666,19,-5.2437
48,copy,CP002279,CP002279,527466,0.6533,20,370,incopy,,0,0.25,0.5416666666666666,19,-4.2556
49,nocopy,CP002279,CP002279,527466,0.6533,1,381,incopy,,0,0.0,0.16666666666666666,1,-5.9058
49,nocopy,CP002279,CP002279,527466,0.6533,1,320,incopy,,0,0.0,0.16666666666666666,1,-9.6921
49,nocopy,CP002279,CP002279,527466,0.6533,1,328,incopy,,0,0.0,0.5,3,-8.1607
49,nocopy,CP002279,CP002279,527466,0.6533,1,367,incopy,,0,0.0,0.16666666666666666,1,-9.8162
49,nocopy,CP002279,CP002279,527466,0.6533,1,315,incopy,,0,0.0,0.5,3,-6.734
49,nocopy,CP002279,CP002279,527466,0.6533,1,315,incopy,,0,0.0,0.5,3,-6.734
49,nocopy,CP002279,CP002279,527466,0.6533,2,394,incopy,,0,0.0,0.75,5,-4.7701
49,nocopy,CP002279,CP002279,527466,0.6533,2,351,incopy,,0,0.0,0.08333333333333333,1,-8.6688
49,nocopy,CP002279,CP002279,527466,0.6533,2,324,incopy,,0,0.0,0.25,2,-7.5543
49,nocopy,CP002279,CP002279,527466,0.6533,2,305,incopy,,0,0.0,0.25,1,-9.0564
49,nocopy,CP002279,CP002279,527466,0.6533,2,376,incopy,,0,0.0,0.16666666666666666,1,-9.0942
49,nocopy,CP002279,CP002279,527466,0.6533,2,379,incopy,,0,0.0,0.16666666666666666,1,-9.0009
49,nocopy,CP002279,CP002279,527466,0.6533,5,358,incopy,,0,0.0,0.43333333333333335,5,-6.8885
49,nocopy,CP002279,CP002279,527466,0.6533,5,361,incopy,,0,0.0,0.5,5,-7.4331
49,nocopy,CP002279,CP002279,527466,0.6533,5,384,incopy,,0,0.0,0.36666666666666664,4,-6.4691
49,nocopy,CP002279,CP002279,527466,0.6533,5,349,incopy,,0,0.0,0.26666666666666666,4,-8.4858
49,nocopy,CP002279,CP002279,527466,0.6533,5,358,incopy,,0,0.0,0.43333333333333335,5,-6.8885
49,nocopy,CP002279,CP002279,527466,0.6533,5,384,incopy,,0,0.0,0.36666666666666664,4,-6.4691
49,nocopy,CP002279,CP002279,527466,0.6533,10,337,incopy,,0,0.0,0.4,3,-7.2096
49,nocopy,CP002279,CP002279,527466,0.6533,10,329,incopy,,0,0.0,0.25,3,-7.9655
49,nocopy,CP002279,CP002279,527466,0.6533,10,359,incopy,,0,0.0,0.43333333333333335,5,-7.3881
49,nocopy,CP002279,CP002279,527466,0.6533,10,334,incopy,,0,0.0,0.2833333333333333,3,-7.3111
49,nocopy,CP002279,CP002279,527466,0.6533,10,351,incopy,,0,0.0,0.31666666666666665,3,-7.51
49,nocopy,CP002279,CP002279,527466,0.6533,10,336,incopy,,0,0.0,0.31666666666666665,3,-7.3732
49,nocopy,CP002279,CP002279,527466,0.6533,20,328,incopy,,0,0.0,0.35833333333333334,3,-7.6495
49,nocopy,CP002279,CP002279,527466,0.6533,20,364,incopy,,0,0.0,0.35833333333333334,5,-7.7756
49,nocopy,CP002279,CP002279,527466,0.6533,20,339,incopy,,0,0.0,0.3416666666666667,5,-7.6911
49,nocopy,CP002279,CP002279,527466,0.6533,20,369,incopy,,0,0.0,0.375,4,-7.5782
49,nocopy,CP002279,CP002279,527466,0.6533,20,346,incopy,,0,0.0,0.325,4,-7.7272
49,nocopy,CP002279,CP002279,527466,0.6533,20,370,incopy,,0,0.0,0.36666666666666664,5,-7.4758
50,copy,CP002279,CP002279,1391538,0.6327,1,309,incopy,,1,1.0,1.0,6,-0.2627
50,copy,CP002279,CP002279,1391538,0.6327,1,361,incopy,,1,1.0,1.0,6,-0.1007
50,copy,CP002279,CP002279,1391538,0.6327,1,307,incopy,,1,1.0,1.0,6,-0.226
50,copy,CP002279,CP002279,1391538,0.6327,1,305,incopy,,1,1.0,1.0,6,-0.3817
50,copy,CP002279,CP002279,1391538,0.6327,1,308,incopy,,1,1.0,1.0,6,-0.7324
50,copy,CP002279,CP002279,1391538,0.6327,1,329,incopy,,1,1.0,1.0,6,-0.0561
50,copy,CP002279,CP002279,1391538,0.6327,2,394,incopy,,1,1.0,1.0,12,-0.2958
50,copy,CP002279,CP002279,1391538,0.6327,2,357,incopy,,1,1.0,1.0,12,-0.2792
50,copy,CP002279,CP002279,1391538,0.6327,2,385,incopy,,0,0.5,0.75,6,-0.9213
50,copy,CP002279,CP002279,1391538,0.6327,2,372,incopy,,1,1.0,1.0,12,-0.2498
50,copy,CP002279,CP002279,1391538,0.6327,2,344,incopy,,1,1.0,1.0,12,-0.5859
50,copy,CP002279,CP002279,1391538,0.6327,2,325,incopy,,1,1.0,1.0,12,-0.1759
50,copy,CP002279,CP002279,1391538,0.6327,5,379,incopy,,0,0.8,0.8,24,-1.3305
50,copy,CP002279,CP002279,1391538,0.6327,5,324,incopy,,0,0.2,0.4,6,-3.3355
50,copy,CP002279,CP002279,1391538,0.6327,5,331,incopy,,0,0.8,0.8,12,-0.6149
50,copy,CP002279,CP002279,1391538,0.6327,5,313,incopy,,1,1.0,1.0,30,-0.5745
50,copy,CP002279,CP002279,1391538,0.6327,5,305,incopy,,0,0.8,0.9,13,-0.896
50,copy,CP002279,CP002279,1391538,0.6327,5,341,incopy,,1,1.0,1.0,30,-0.4262
50,copy,CP002279,CP002279,1391538,0.6327,10,350,incopy,,0,0.5,0.7166666666666667,18,-3.2869
50,copy,CP002279,CP002279,1391538,0.6327,10,321,incopy,,0,0.3,0.6666666666666666,18,-3.5213
50,copy,CP002279,CP002279,1391538,0.6327,10,319,incopy,,0,0.1,0.48333333333333334,6,-5.5128
50,copy,CP002279,CP002279,1391538,0.6327,10,306,incopy,,0,0.2,0.4666666666666667,7,-5.1389
50,copy,CP002279,CP002279,1391538,0.6327,10,375,incopy,,0,0.4,0.6,12,-4.3139
50,copy,CP002279,CP002279,1391538,0.6327,10,377,incopy,,0,0.4,0.6666666666666666,18,-3.9172
50,copy,CP002279,CP002279,1391538,0.6327,20,370,incopy,,0,0.25,0.55,18,-5.2757
50,copy,CP002279,CP002279,1391538,0.6327,20,334,incopy,,0,0.3,0.575,18,-5.9063
50,copy,CP002279,CP002279,1391538,0.6327,20,341,incopy,,0,0.3,0.5166666666666667,19,-5.4752
50,copy,CP002279,CP002279,1391538,0.6327,20,368,incopy,,0,0.3,0.55,24,-5.2208
50,copy,CP002279,CP002279,1391538,0.6327,20,350,incopy,,0,0.25,0.6,13,-5.2218
50,copy,CP002279,CP002279,1391538,0.6327,20,330,incopy,,0,0.2,0.5083333333333333,12,-5.9551
51,nocopy,CP002279,CP002279,1391538,0.6327,1,309,incopy,,0,0.0,0.5,2,-6.3077
51,nocopy,CP002279,CP002279,1391538,0.6327,1,361,incopy,,0,0.0,0.16666666666666666,1,-9.3328
51,nocopy,CP002279,CP002279,1391538,0.6327,1,307,incopy,,0,0.0,0.3333333333333333,1,-7.5547
51,nocopy,CP002279,CP002279,1391538,0.6327,1,305,incopy,,0,0.0,0.5,2,-6.2753
51,nocopy,CP002279,CP002279,1391538,0.6327,1,308,incopy,,0,0.0,0.5,2,-7.3469
51,nocopy,CP002279,CP002279,1391538,0.6327,1,329,incopy,,0,0.0,0.3333333333333333,1,-8.03
51,nocopy,CP002279,CP002279,1391538,0.6327,2,394,incopy,,0,0.0,0.4166666666666667,2,-7.5491
51,nocopy,CP002279,CP002279,1391538,0.6327,2,357,incopy,,0,0.0,0.16666666666666666,1,-7.4918
51,nocopy,CP002279,CP002279,1391538,0.6327,2,385,incopy,,0,0.0,0.3333333333333333,2,-6.1377
51,nocopy,CP002279,CP002279,1391538,0.6327,2,372,incopy,,0,0.0,0.3333333333333333,2,-7.0901
51,nocopy,CP002279,CP002279,1391538,0.6327,2,344,incopy,,0,0.0,0.25,2,-8.3738
51,nocopy,CP002279,CP002279,1391538,0.6327,2,325,incopy,,0,0.0,0.4166666666666667,2,-7.6209
51,nocopy,CP002279,CP002279,1391538,0.6327,5,379,incopy,,0,0.0,0.5666666666666667,4,-6.009
51,nocopy,CP002279,CP002279,1391538,0.6327,5,324,incopy,,0,0.0,0.36666666666666664,2,-8.2297
51,nocopy,CP002279,CP002279,1391538,0.6327,5,331,incopy,,0,0.0,0.3333333333333333,4,-7.8934
51,nocopy,CP002279,CP002279,1391538,0.6327,5,313,incopy,,0,0.0,0.3333333333333333,2,-8.2966
51,nocopy,CP002279,CP002279,1391538,0.6327,5,305,incopy,,0,0.0,0.4666666666666667,4,-7.0089
51,nocopy,CP002279,CP002279,1391538,0.6327,5,341,incopy,,0,0.0,0.16666666666666666,2,-8.4078
51,nocopy,CP002279,CP002279,1391538,0.6327,10,350,incopy,,0,0.0,0.11666666666666667,1,-8.0583
51,nocopy,CP002279,CP002279,1391538,0.6327,10,321,incopy,,0,0.0,0.2833333333333333,2,-8.3205
51,nocopy,CP002279,CP002279,1391538,0.6327,10,319,incopy,,0,0.0,0.36666666666666664,2,-7.9653
51,nocopy,CP002279,CP002279,1391538,0.6327,10,306,incopy,,0,0.0,0.35,2,-7.9155
51,nocopy,CP002279,CP002279,1391538,0.6327,10,375,incopy,,0,0.0,0.2833333333333333,3,-7.2126
51,nocopy,CP002279,CP002279,1391538,0.6327,10,377,incopy,,0,0.0,0.3333333333333333,4,-6.996
51,nocopy,CP002279,CP002279,1391538,0.6327,20,370,incopy,,0,0.0,0.3333333333333333,3,-7.1763
51,nocopy,CP002279,CP002279,1391538,0.6327,20,334,incopy,,0,0.0,0.18333333333333332,3,-7.9653
51,nocopy,CP002279,CP002279,1391538,0.6327,20,341,incopy,,0,0.0,0.20833333333333334,4,-8.1208
51,nocopy,CP002279,CP002279,1391538,0.6327,20,368,incopy,,0,0.0,0.3,4,-7.4619
51,nocopy,CP002279,CP002279,1391538,0.6327,20,350,incopy,,0,0.0,0.24166666666666667,3,-8.6363
51,nocopy,CP002279,CP002279,1391538,0.6327,20,330,incopy,,0,0.0,0.20833333333333334,4,-7.9797
52,copy,NZ_FOSL01000007.1,NZ_FOSL01000007.1,149028,0.6367,1,326,incopy,,1,1.0,1.0,6,-0.2677
52,copy,NZ_FOSL01000007.1,NZ_FOSL01000007.1,149028,0.6367,1,363,incopy,,1,1.0,1.0,6,-0.0395
52,copy,NZ_FOSL01000007.1,NZ_FOSL01000007.1,149028,0.6367,1,343,incopy,,1,1.0,1.0,6,-0.1155
52,copy,NZ_FOSL01000007.1,NZ_FOSL01000007.1,149028,0.6367,1,364,incopy,,1,1.0,1.0,6,-0.0742
52,copy,NZ_FOSL01000007.1,NZ_FOSL01000007.1,149028,0.6367,1,383,incopy,,1,1.0,1.0,6,-0.3449
52,copy,NZ_FOSL01000007.1,NZ_FOSL01000007.1,149028,0.6367,1,318,incopy,,1,1.0,1.0,6,-0.2354
52,copy,NZ_FOSL01000007.1,NZ_FOSL01000007.1,149028,0.6367,2,334,incopy,,1,1.0,1.0,12,-0.1128
52,copy,NZ_FOSL01000007.1,NZ_FOSL01000007.1,149028,0.6367,2,336,incopy,,1,1.0,1.0,12,-0.1299
52,copy,NZ_FOSL01000007.1,NZ_FOSL01000007.1,149028,0.6367,2,351,incopy,,1,1.0,1.0,12,-0.1862
52,copy,NZ_FOSL01000007.1,NZ_FOSL01000007.1,149028,0.6367,2,387,incopy,,1,1.0,1.0,12,-0.4543
52,copy,NZ_FOSL01000007.1,NZ_FOSL01000007.1,149028,0.6367,2,324,incopy,,1,1.0,1.0,12,-0.0557
52,copy,NZ_FOSL01000007.1,NZ_FOSL01000007.1,149028,0.6367,2,320,incopy,,1,1.0,1.0,12,-0.6456
52,copy,NZ_FOSL01000007.1,NZ_FOSL01000007.1,149028,0.6367,5,309,incopy,,0,0.8,0.9333333333333333,14,-0.7172
52,copy,NZ_FOSL01000007.1,NZ_FOSL01000007.1,149028,0.6367,5,369,incopy,,1,1.0,1.0,30,-0.3411
52,copy,NZ_FOSL01000007.1,NZ_FOSL01000007.1,149028,0.6367,5,340,incopy,,1,1.0,1.0,30,-0.333
52,copy,NZ_FOSL01000007.1,NZ_FOSL01000007.1,149028,0.6367,5,372,incopy,,1,1.0,1.0,30,-0.5781
52,copy,NZ_FOSL01000007.1,NZ_FOSL01000007.1,149028,0.6367,5,377,incopy,,1,1.0,1.0,30,-0.4151
52,copy,NZ_FOSL01000007.1,NZ_FOSL01000007.1,149028,0.6367,5,314,incopy,,1,1.0,1.0,30,-0.683
52,copy,NZ_FOSL01000007.1,NZ_FOSL01000007.1,149028,0.6367,10,369,incopy,,0,0.6,0.8333333333333334,21,-2.4012
52,copy,NZ_FOSL01000007.1,NZ_FOSL01000007.1,149028,0.6367,10,383,incopy,,0,0.6,0.7666666666666667,19,-1.8232
52,copy,NZ_FOSL01000007.1,NZ_FOSL01000007.1,149028,0.6367,10,305,incopy,,0,0.5,0.75,13,-3.8879
52,copy,NZ_FOSL01000007.1,NZ_FOSL01000007.1,149028,0.6367,10,385,incopy,,0,0.5,0.7666666666666667,21,-2.8727
52,copy,NZ_FOSL01000007.1,NZ_FOSL01000007.1,149028,0.6367,10,352,incopy,,0,0.7,0.8333333333333334,18,-1.3586
52,copy,NZ_FOSL01000007.1,NZ_FOSL01000007.1,149028,0.6367,10,386,incopy,,0,0.4,0.6666666666666666,12,-2.6917
52,copy,NZ_FOSL01000007.1,NZ_FOSL01000007.1,149028,0.6367,20,315,incopy,,0,0.35,0.6916666666666667,29,-4.5533
52,copy,NZ_FOSL01000007.1,NZ_FOSL01000007.1,149028,0.6367,20,349,incopy,,0,0.5,0.6583333333333333,36,-4.2142
52,copy,NZ_FOSL01000007.1,NZ_FOSL01000007.1,149028,0.6367,20,338,incopy,,0,0.25,0.5583333333333333,23,-5.1367
52,copy,NZ_FOSL01000007.1,NZ_FOSL01000007.1,149028,0.6367,20,326,incopy,,0,0.2,0.5083333333333333,12,-5.7761
52,copy,NZ_FOSL01000007.1,NZ_FOSL01000007.1,149028,0.6367,20,314,incopy,,0,0.45,0.6833333333333333,24,-4.206
52,copy,NZ_FOSL01000007.1,NZ_FOSL01000007.1,149028,0.6367,20,359,incopy,,0,0.3,0.5333333333333333,24,-5.5113
53,nocopy,NZ_FOSL01000007.1,NZ_FOSL01000007.1,149028,0.6367,1,326,incopy,,0,0.0,0.3333333333333333,2,-10.3209
53,nocopy,NZ_FOSL01000007.1,NZ_FOSL01000007.1,149028,0.6367,1,363,incopy,,0,0.0,0.3333333333333333,1,-6.7786
53,nocopy,NZ_FOSL01000007.1,NZ_FOSL01000007.1,149028,0.6367,1,343,incopy,,0,0.0,0.6666666666666666,3,-4.702
53,nocopy,NZ_FOSL01000007.1,NZ_FOSL01000007.1,149028,0.6367,1,364,incopy,,0,0.0,0.3333333333333333,1,-8.6838
53,nocopy,NZ_FOSL01000007.1,NZ_FOSL01000007.1,149028,0.6367,1,383,incopy,,0,0.0,0.0,0,-8.6756
53,nocopy,NZ_FOSL01000007.1,NZ_FOSL01000007.1,149028,0.6367,1,318,incopy,,0,0.0,0.8333333333333334,4,-5.9452
53,nocopy,NZ_FOSL01000007.1,NZ_FOSL01000007.1,149028,0.6367,2,334,incopy,,0,0.0,0.25,1,-8.8697
53,nocopy,NZ_FOSL01000007.1,NZ_FOSL01000007.1,149028,0.6367,2,336,incopy,,0,0.0,0.25,1,-9.6313
53,nocopy,NZ_FOSL01000007.1,NZ_FOSL01000007.1,149028,0.6367,2,351,incopy,,0,0.0,0.25,1,-7.1506
53,nocopy,NZ_FOSL01000007.1,NZ_FOSL01000007.1,149028,0.6367,2,387,incopy,,0,0.0,0.4166666666666667,3,-8.2611
53,nocopy,NZ_FOSL01000007.1,NZ_FOSL01000007.1,149028,0.6367,2,324,incopy,,0,0.0,0.4166666666666667,2,-8.049
53,nocopy,NZ_FOSL01000007.1,NZ_FOSL01000007.1,149028,0.6367,2,320,incopy,,0,0.0,0.4166666666666667,2,-7.313
53,nocopy,NZ_FOSL01000007.1,NZ_FOSL01000007.1,149028,0.6367,5,309,incopy,,0,0.0,0.5333333333333333,6,-7.1405
53,nocopy,NZ_FOSL01000007.1,NZ_FOSL01000007.1,149028,0.6367,5,369,incopy,,0,0.0,0.4,5,-7.0959
53,nocopy,NZ_FOSL01000007.1,NZ_FOSL01000007.1,149028,0.6367,5,340,incopy,,0,0.0,0.43333333333333335,5,-7.0135
53,nocopy,NZ_FOSL01000007.1,NZ_FOSL01000007.1,149028,0.6367,5,372,incopy,,0,0.0,0.23333333333333334,4,-7.2551
53,nocopy,NZ_FOSL01000007.1,NZ_FOSL01000007.1,149028,0.6367,5,377,incopy,,0,0.0,0.3333333333333333,3,-7.4912
53,nocopy,NZ_FOSL01000007.1,NZ_FOSL01000007.1,149028,0.6367,5,314,incopy,,0,0.0,0.5333333333333333,6,-6.4732
53,nocopy,NZ_FOSL01000007.1,NZ_FOSL01000007.1,149028,0.6367,10,369,incopy,,0,0.0,0.35,4,-7.2085
53,nocopy,NZ_FOSL01000007.1,NZ_FOSL01000007.1,149028,0.6367,10,383,incopy,,0,0.0,0.3333333333333333,4,-7.2953
53,nocopy,NZ_FOSL01000007.1,NZ_FOSL01000007.1,149028,0.6367,10,305,incopy,,0,0.1,0.4,8,-7.124
53,nocopy,NZ_FOSL01000007.1,NZ_FOSL01000007.1,149028,0.6367,10,385,incopy,,0,0.0,0.35,3,-6.962
53,nocopy,NZ_FOSL01000007.1,NZ_FOSL01000007.1,149028,0.6367,10,352,incopy,,0,0.0,0.5,4,-6.6183
53,nocopy,NZ_FOSL01000007.1,NZ_FOSL01000007.1,149028,0.6367,10,386,incopy,,0,0.0,0.35,4,-7.3269
53,nocopy,NZ_FOSL01000007.1,NZ_FOSL01000007.1,149028,0.6367,20,315,incopy,,0,0.0,0.4,5,-7.2046
53,nocopy,NZ_FOSL01000007.1,NZ_FOSL01000007.1,149028,0.6367,20,349,incopy,,0,0.0,0.43333333333333335,5,-7.0453
53,nocopy,NZ_FOSL01000007.1,NZ_FOSL01000007.1,149028,0.6367,20,338,incopy,,0,0.0,0.39166666666666666,4,-7.2466
53,nocopy,NZ_FOSL01000007.1,NZ_FOSL01000007.1,149028,0.6367,20,326,incopy,,0,0.0,0.36666666666666664,4,-7.4991
53,nocopy,NZ_FOSL01000007.1,NZ_FOSL01000007.1,149028,0.6367,20,314,incopy,,0,0.0,0.38333333333333336,5,-7.216
53,nocopy,NZ_FOSL01000007.1,NZ_FOSL01000007.1,149028,0.6367,20,359,incopy,,0,0.0,0.35,5,-7.0624
54,copy,NZ_FOSL01000006.1,NZ_FOSL01000006.1,8910,0.633,1,357,incopy,,1,1.0,1.0,6,-0.1369
54,copy,NZ_FOSL01000006.1,NZ_FOSL01000006.1,8910,0.633,1,316,incopy,,1,1.0,1.0,6,-0.18
54,copy,NZ_FOSL01000006.1,NZ_FOSL01000006.1,8910,0.633,1,362,incopy,,1,1.0,1.0,6,-0.1315
54,copy,NZ_FOSL01000006.1,NZ_FOSL01000006.1,8910,0.633,1,382,incopy,,1,1.0,1.0,6,-0.2194
54,copy,NZ_FOSL01000006.1,NZ_FOSL01000006.1,8910,0.633,1,351,incopy,,1,1.0,1.0,6,-0.0731
54,copy,NZ_FOSL01000006.1,NZ_FOSL01000006.1,8910,0.633,1,371,incopy,,1,1.0,1.0,6,-0.2513
54,copy,NZ_FOSL01000006.1,NZ_FOSL01000006.1,8910,0.633,2,332,incopy,,1,1.0,1.0,12,-0.2205
54,copy,NZ_FOSL01000006.1,NZ_FOSL01000006.1,8910,0.633,2,304,incopy,,1,1.0,1.0,12,-0.2293
54,copy,NZ_FOSL01000006.1,NZ_FOSL01000006.1,8910,0.633,2,356,incopy,,1,1.0,1.0,12,-0.1663
54,copy,NZ_FOSL01000006.1,NZ_FOSL01000006.1,8910,0.633,2,323,incopy,,1,1.0,1.0,12,-0.1961
54,copy,NZ_FOSL01000006.1,NZ_FOSL01000006.1,8910,0.633,2,327,incopy,,1,1.0,1.0,12,-0.2257
54,copy,NZ_FOSL01000006.1,NZ_FOSL01000006.1,8910,0.633,2,391,incopy,,1,1.0,1.0,12,-0.0708
54,copy,NZ_FOSL01000006.1,NZ_FOSL01000006.1,8910,0.633,5,376,incopy,,1,1.0,1.0,30,-0.6856
54,copy,NZ_FOSL01000006.1,NZ_FOSL01000006.1,8910,0.633,5,313,incopy,,0,0.8,0.8666666666666667,13,-1.1904
54,copy,NZ_FOSL01000006.1,NZ_FOSL01000006.1,8910,0.633,5,306,incopy,,1,1.0,1.0,30,-0.2262
54,copy,NZ_FOSL01000006.1,NZ_FOSL01000006.1,8910,0.633,5,343,incopy,,0,0.8,0.9666666666666667,19,-0.4847
54,copy,NZ_FOSL01000006.1,NZ_FOSL01000006.1,8910,0.633,5,360,incopy,,0,0.8,0.8333333333333334,18,-1.0674
54,copy,NZ_FOSL01000006.1,NZ_FOSL01000006.1,8910,0.633,5,381,incopy,,1,1.0,1.0,30,-0.3686
54,copy,NZ_FOSL01000006.1,NZ_FOSL01000006.1,8910,0.633,10,319,incopy,,0,0.6,0.75,19,-2.9427
54,copy,NZ_FOSL01000006.1,NZ_FOSL01000006.1,8910,0.633,10,324,incopy,,0,0.5,0.7833333333333333,18,-3.159
54,copy,NZ_FOSL01000006.1,NZ_FOSL01000006.1,8910,0.633,10,361,incopy,,0,0.4,0.65,13,-3.7467
54,copy,NZ_FOSL01000006.1,NZ_FOSL01000006.1,8910,0.633,10,343,incopy,,0,0.5,0.7333333333333333,18,-3.0396
54,copy,NZ_FOSL01000006.1,NZ_FOSL01000006.1,8910,0.633,10,343,incopy,,0,0.5,0.7333333333333333,18,-3.0396
54,copy,NZ_FOSL01000006.1,NZ_FOSL01000006.1,8910,0.633,10,352,incopy,,0,0.4,0.6666666666666666,16,-4.0775
54,copy,NZ_FOSL01000006.1,NZ_FOSL01000006.1,8910,0.633,20,336,incopy,,0,0.15,0.475,12,-5.8827
54,copy,NZ_FOSL01000006.1,NZ_FOSL01000006.1,8910,0.633,20,372,incopy,,0,0.25,0.45,12,-5.897
54,copy,NZ_FOSL01000006.1,NZ_FOSL01000006.1,8910,0.633,20,324,incopy,,0,0.2,0.5,13,-5.432
54,copy,NZ_FOSL01000006.1,NZ_FOSL01000006.1,8910,0.633,20,332,incopy,,0,0.25,0.4583333333333333,13,-6.3948
54,copy,NZ_FOSL01000006.1,NZ_FOSL01000006.1,8910,0.633,20,339,incopy,,0,0.15,0.5083333333333333,15,-5.9185
54,copy,NZ_FOSL01000006.1,NZ_FOSL01000006.1,8910,0.633,20,314,incopy,,0,0.3,0.575,18,-5.5164
55,nocopy,NZ_FOSL01000006.1,NZ_FOSL01000006.1,8910,0.633,1,357,incopy,,0,0.0,0.3333333333333333,2,-8.837
55,nocopy,NZ_FOSL01000006.1,NZ_FOSL01000006.1,8910,0.633,1,316,incopy,,0,0.0,0.3333333333333333,1,-4.2092
55,nocopy,NZ_FOSL01000006.1,NZ_FOSL01000006.1,8910,0.633,1,362,incopy,,0,0.0,0.5,2,-7.5118
55,nocopy,NZ_FOSL01000006.1,NZ_FOSL01000006.1,8910,0.633,1,382,incopy,,0,0.0,0.8333333333333334,3,-6.4137
55,nocopy,NZ_FOSL01000006.1,NZ_FOSL01000006.1,8910,0.633,1,351,incopy,,0,0.0,0.3333333333333333,2,-5.1037
55,nocopy,NZ_FOSL01000006.1,NZ_FOSL01000006.1,8910,0.633,1,371,incopy,,0,0.0,0.5,2,-6.0991
55,nocopy,NZ_FOSL01000006.1,NZ_FOSL01000006.1,8910,0.633,2,332,incopy,,0,0.0,0.16666666666666666,1,-8.4443
55,nocopy,NZ_FOSL01000006.1,NZ_FOSL01000006.1,8910,0.633,2,304,incopy,,0,0.0,0.16666666666666666,1,-7.6224
55,nocopy,NZ_FOSL01000006.1,NZ_FOSL01000006.1,8910,0.633,2,356,incopy,,0,0.0,0.16666666666666666,2,-7.3584
55,nocopy,NZ_FOSL01000006.1,NZ_FOSL01000006.1,8910,0.633,2,323,incopy,,0,0.0,0.4166666666666667,2,-8.4226
55,nocopy,NZ_FOSL01000006.1,NZ_FOSL01000006.1,8910,0.633,2,327,incopy,,0,0.0,0.16666666666666666,1,-7.8357
55,nocopy,NZ_FOSL01000006.1,NZ_FOSL01000006.1,8910,0.633,2,391,incopy,,0,0.0,0.25,1,-7.6504
55,nocopy,NZ_FOSL01000006.1,NZ_FOSL01000006.1,8910,0.633,5,376,incopy,,0,0.0,0.26666666666666666,4,-7.1476
55,nocopy,NZ_FOSL01000006.1,NZ_FOSL01000006.1,8910,0.633,5,313,incopy,,0,0.0,0.4,3,-6.7535
55,nocopy,NZ_FOSL01000006.1,NZ_FOSL01000006.1,8910,0.633,5,306,incopy,,0,0.0,0.26666666666666666,3,-6.8839
55,nocopy,NZ_FOSL01000006.1,NZ_FOSL01000006.1,8910,0.633,5,343,incopy,,0,0.0,0.43333333333333335,3,-7.3491
55,nocopy,NZ_FOSL01000006.1,NZ_FOSL01000006.1,8910,0.633,5,360,incopy,,0,0.0,0.4,4,-7.2693
55,nocopy,NZ_FOSL01000006.1,NZ_FOSL01000006.1,8910,0.633,5,381,incopy,,0,0.0,0.4,3,-7.9882
55,nocopy,NZ_FOSL01000006.1,NZ_FOSL01000006.1,8910,0.633,10,319,incopy,,0,0.0,0.35,3,-7.5174
55,nocopy,NZ_FOSL01000006.1,NZ_FOSL01000006.1,8910,0.633,10,324,incopy,,0,0.0,0.26666666666666666,3,-7.6748
55,nocopy,NZ_FOSL01000006.1,NZ_FOSL01000006.1,8910,0.633,10,361,incopy,,0,0.0,0.3,4,-7.4452
55,nocopy,NZ_FOSL01000006.1,NZ_FOSL01000006.1,8910,0.633,10,343,incopy,,0,0.0,0.31666666666666665,3,-7.5671
55,nocopy,NZ_FOSL01000006.1,NZ_FOSL01000006.1,8910,0.633,10,343,incopy,,0,0.0,0.31666666666666665,3,-7.5671
55,nocopy,NZ_FOSL01000006.1,NZ_FOSL01000006.1,8910,0.633,10,352,incopy,,0,0.0,0.35,4,-7.0727
55,nocopy,NZ_FOSL01000006.1,NZ_FOSL01000006.1,8910,0.633,20,336,incopy,,0,0.0,0.35,4,-7.3425
55,nocopy,NZ_FOSL01000006.1,NZ_FOSL01000006.1,8910,0.633,20,372,incopy,,0,0.0,0.2916666666666667,3,-7.5156
55,nocopy,NZ_FOSL01000006.1,NZ_FOSL01000006.1,8910,0.633,20,324,incopy,,0,0.0,0.2916666666666667,3,-7.4556
55,nocopy,NZ_FOSL01000006.1,NZ_FOSL01000006.1,8910,0.633,20,332,incopy,,0,0.0,0.3,5,-7.4887
55,nocopy,NZ_FOSL01000006.1,NZ_FOSL01000006.1,8910,0.633,20,339,incopy,,0,0.0,0.25833333333333336,4,-7.4493
55,nocopy,NZ_FOSL01000006.1,NZ_FOSL01000006.1,8910,0.633,20,314,incopy,,0,0.0,0.31666666666666665,3,-7.3675
56,copy,NZ_FOSL01000017.1,NZ_FOSL01000017.1,71892,0.6223,1,349,incopy,,1,1.0,1.0,6,-0.3921
56,copy,NZ_FOSL01000017.1,NZ_FOSL01000017.1,71892,0.6223,1,341,incopy,,1,1.0,1.0,6,-0.2243
56,copy,NZ_FOSL01000017.1,NZ_FOSL01000017.1,71892,0.6223,1,393,incopy,,1,1.0,1.0,6,-0.2137
56,copy,NZ_FOSL01000017.1,NZ_FOSL01000017.1,71892,0.6223,1,370,incopy,,1,1.0,1.0,6,-0.1891
56,copy,NZ_FOSL01000017.1,NZ_FOSL01000017.1,71892,0.6223,1,392,incopy,,1,1.0,1.0,6,-0.1036
56,copy,NZ_FOSL01000017.1,NZ_FOSL01000017.1,71892,0.6223,1,339,incopy,,1,1.0,1.0,6,-0.456
56,copy,NZ_FOSL01000017.1,NZ_FOSL01000017.1,71892,0.6223,2,321,incopy,,1,1.0,1.0,12,-0.2908
56,copy,NZ_FOSL01000017.1,NZ_FOSL01000017.1,71892,0.6223,2,384,incopy,,1,1.0,1.0,12,-0.4093
56,copy,NZ_FOSL01000017.1,NZ_FOSL01000017.1,71892,0.6223,2,319,incopy,,1,1.0,1.0,12,-0.7155
56,copy,NZ_FOSL01000017.1,NZ_FOSL01000017.1,71892,0.6223,2,333,incopy,,1,1.0,1.0,12,-0.366
56,copy,NZ_FOSL01000017.1,NZ_FOSL01000017.1,71892,0.6223,2,372,incopy,,1,1.0,1.0,12,-0.0848
56,copy,NZ_FOSL01000017.1,NZ_FOSL01000017.1,71892,0.6223,2,388,incopy,,0,0.5,0.9166666666666666,10,-2.1453
56,copy,NZ_FOSL01000017.1,NZ_FOSL01000017.1,71892,0.6223,5,317,incopy,,0,0.8,0.8666666666666667,18,-2.2334
56,copy,NZ_FOSL01000017.1,NZ_FOSL01000017.1,71892,0.6223,5,316,incopy,,0,0.6,0.7,12,-2.527
56,copy,NZ_FOSL01000017.1,NZ_FOSL01000017.1,71892,0.6223,5,312,incopy,,0,0.8,0.8333333333333334,18,-1.3433
56,copy,NZ_FOSL01000017.1,NZ_FOSL01000017.1,71892,0.6223,5,372,incopy,,1,1.0,1.0,30,-0.521
56,copy,NZ_FOSL01000017.1,NZ_FOSL01000017.1,71892,0.6223,5,381,incopy,,1,1.0,1.0,30,-0.619
56,copy,NZ_FOSL01000017.1,NZ_FOSL01000017.1,71892,0.6223,5,336,incopy,,1,1.0,1.0,30,-0.3115
56,copy,NZ_FOSL01000017.1,NZ_FOSL01000017.1,71892,0.6223,10,364,incopy,,0,0.6,0.7833333333333333,25,-1.9711
56,copy,NZ_FOSL01000017.1,NZ_FOSL01000017.1,71892,0.6223,10,325,incopy,,0,0.5,0.6333333333333333,18,-4.0112
56,copy,NZ_FOSL01000017.1,NZ_FOSL01000017.1,71892,0.6223,10,353,incopy,,0,0.7,0.7666666666666667,18,-2.3634
56,copy,NZ_FOSL01000017.1,NZ_FOSL01000017.1,71892,0.6223,10,346,incopy,,0,0.6,0.7666666666666667,23,-2.3859
56,copy,NZ_FOSL01000017.1,NZ_FOSL01000017.1,71892,0.6223,10,345,incopy,,0,0.5,0.7166666666666667,18,-4.4454
56,copy,NZ_FOSL01000017.1,NZ_FOSL01000017.1,71892,0.6223,10,380,incopy,,0,0.4,0.7,21,-3.6139
56,copy,NZ_FOSL01000017.1,NZ_FOSL01000017.1,71892,0.6223,20,307,incopy,,0,0.25,0.4583333333333333,13,-6.1615
56,copy,NZ_FOSL01000017.1,NZ_FOSL01000017.1,71892,0.6223,20,310,incopy,,0,0.15,0.375,8,-7.1839
56,copy,NZ_FOSL01000017.1,NZ_FOSL01000017.1,71892,0.6223,20,326,incopy,,0,0.3,0.4666666666666667,24,-6.3948
56,copy,NZ_FOSL01000017.1,NZ_FOSL01000017.1,71892,0.6223,20,352,incopy,,0,0.35,0.6666666666666666,26,-3.8577
56,copy,NZ_FOSL01000017.1,NZ_FOSL01000017.1,71892,0.6223,20,305,incopy,,0,0.2,0.4083333333333333,12,-6.0287
56,copy,NZ_FOSL01000017.1,NZ_FOSL01000017.1,71892,0.6223,20,343,incopy,,0,0.25,0.5833333333333334,18,-5.6219
57,nocopy,NZ_FOSL01000017.1,NZ_FOSL01000017.1,71892,0.6223,1,349,incopy,,0,0.0,0.3333333333333333,2,-8.6141
57,nocopy,NZ_FOSL01000017.1,NZ_FOSL01000017.1,71892,0.6223,1,341,incopy,,0,0.0,0.3333333333333333,1,-6.8636
57,nocopy,NZ_FOSL01000017.1,NZ_FOSL01000017.1,71892,0.6223,1,393,incopy,,0,0.0,0.3333333333333333,1,-8.4197
57,nocopy,NZ_FOSL01000017.1,NZ_FOSL01000017.1,71892,0.6223,1,370,incopy,,0,0.0,0.6666666666666666,2,-6.2582
57,nocopy,NZ_FOSL01000017.1,NZ_FOSL01000017.1,71892,0.6223,1,392,incopy,,0,0.0,0.16666666666666666,1,-8.0293
57,nocopy,NZ_FOSL01000017.1,NZ_FOSL01000017.1,71892,0.6223,1,339,incopy,,0,0.0,0.5,2,-6.8415
57,nocopy,NZ_FOSL01000017.1,NZ_FOSL01000017.1,71892,0.6223,2,321,incopy,,0,0.0,0.25,3,-7.59
57,nocopy,NZ_FOSL01000017.1,NZ_FOSL01000017.1,71892,0.6223,2,384,incopy,,0,0.0,0.5833333333333334,4,-7.9678
57,nocopy,NZ_FOSL01000017.1,NZ_FOSL01000017.1,71892,0.6223,2,319,incopy,,0,0.0,0.6666666666666666,3,-6.3134
57,nocopy,NZ_FOSL01000017.1,NZ_FOSL01000017.1,71892,0.6223,2,333,incopy,,0,0.0,0.4166666666666667,2,-8.715
57,nocopy,NZ_FOSL01000017.1,NZ_FOSL01000017.1,71892,0.6223,2,372,incopy,,0,0.0,0.25,1,-8.3547
57,nocopy,NZ_FOSL01000017.1,NZ_FOSL01000017.1,71892,0.6223,2,388,incopy,,0,0.0,0.5,3,-6.9683
57,nocopy,NZ_FOSL01000017.1,NZ_FOSL01000017.1,71892,0.6223,5,317,incopy,,0,0.0,0.4,3,-6.5449
57,nocopy,NZ_FOSL01000017.1,NZ_FOSL01000017.1,71892,0.6223,5,316,incopy,,0,0.0,0.3333333333333333,2,-6.4537
57,nocopy,NZ_FOSL01000017.1,NZ_FOSL01000017.1,71892,0.6223,5,312,incopy,,0,0.0,0.36666666666666664,3,-6.8776
57,nocopy,NZ_FOSL01000017.1,NZ_FOSL01000017.1,71892,0.6223,5,372,incopy,,0,0.0,0.4,4,-7.2045
57,nocopy,NZ_FOSL01000017.1,NZ_FOSL01000017.1,71892,0.6223,5,381,incopy,,0,0.2,0.4666666666666667,8,-7.8149
57,nocopy,NZ_FOSL01000017.1,NZ_FOSL01000017.1,71892,0.6223,5,336,incopy,,0,0.0,0.4,3,-6.9684
57,nocopy,NZ_FOSL01000017.1,NZ_FOSL01000017.1,71892,0.6223,10,364,incopy,,0,0.0,0.4666666666666667,6,-6.3417
57,nocopy,NZ_FOSL01000017.1,NZ_FOSL01000017.1,71892,0.6223,10,325,incopy,,0,0.1,0.55,10,-6.3191
57,nocopy,NZ_FOSL01000017.1,NZ_FOSL01000017.1,71892,0.6223,10,353,incopy,,0,0.0,0.3333333333333333,5,-7.3173
57,nocopy,NZ_FOSL01000017.1,NZ_FOSL01000017.1,71892,0.6223,10,346,incopy,,0,0.0,0.3,3,-7.0804
57,nocopy,NZ_FOSL01000017.1,NZ_FOSL01000017.1,71892,0.6223,10,345,incopy,,0,0.0,0.35,4,-6.9828
57,nocopy,NZ_FOSL01000017.1,NZ_FOSL01000017.1,71892,0.6223,10,380,incopy,,0,0.0,0.2833333333333333,4,-7.3646
57,nocopy,NZ_FOSL01000017.1,NZ_FOSL01000017.1,71892,0.6223,20,307,incopy,,0,0.05,0.425,8,-6.9812
57,nocopy,NZ_FOSL01000017.1,NZ_FOSL01000017.1,71892,0.6223,20,310,incopy,,0,0.05,0.4,10,-6.9579
57,nocopy,NZ_FOSL01000017.1,NZ_FOSL01000017.1,71892,0.6223,20,326,incopy,,0,0.0,0.4666666666666667,6,-6.6268
57,nocopy,NZ_FOSL01000017.1,NZ_FOSL01000017.1,71892,0.6223,20,352,incopy,,0,0.0,0.39166666666666666,5,-6.7588
57,nocopy,NZ_FOSL01000017.1,NZ_FOSL01000017.1,71892,0.6223,20,305,incopy,,0,0.0,0.4,4,-7.1327
57,nocopy,NZ_FOSL01000017.1,NZ_FOSL01000017.1,71892,0.6223,20,343,incopy,,0,0.0,0.3416666666666667,6,-7.1786
58,copy,CP002279,CP002279,3226764,0.6473,1,303,incopy,,1,1.0,1.0,6,-0.1619
58,copy,CP002279,CP002279,3226764,0.6473,1,368,incopy,,1,1.0,1.0,6,-0.1138
58,copy,CP002279,CP002279,3226764,0.6473,1,331,incopy,,1,1.0,1.0,6,-0.1677
58,copy,CP002279,CP002279,3226764,0.6473,1,368,incopy,,1,1.0,1.0,6,-0.1138
58,copy,CP002279,CP002279,3226764,0.6473,1,390,incopy,,1,1.0,1.0,6,-0.587
58,copy,CP002279,CP002279,3226764,0.6473,1,340,incopy,,1,1.0,1.0,6,-0.5779
58,copy,CP002279,CP002279,3226764,0.6473,2,355,incopy,,1,1.0,1.0,12,-0.0959
58,copy,CP002279,CP002279,3226764,0.6473,2,391,incopy,,0,0.5,0.5833333333333334,6,-2.0134
58,copy,CP002279,CP002279,3226764,0.6473,2,370,incopy,,1,1.0,1.0,12,-0.4638
58,copy,CP002279,CP002279,3226764,0.6473,2,381,incopy,,1,1.0,1.0,12,-0.1494
58,copy,CP002279,CP002279,3226764,0.6473,2,320,incopy,,1,1.0,1.0,12,-0.2314
58,copy,CP002279,CP002279,3226764,0.6473,2,332,incopy,,1,1.0,1.0,12,-0.1067
58,copy,CP002279,CP002279,3226764,0.6473,5,317,incopy,,1,1.0,1.0,30,-0.5444
58,copy,CP002279,CP002279,3226764,0.6473,5,365,incopy,,0,0.8,0.8,24,-2.4809
58,copy,CP002279,CP002279,3226764,0.6473,5,372,incopy,,0,0.8,0.9333333333333333,21,-0.4221
58,copy,CP002279,CP002279,3226764,0.6473,5,345,incopy,,1,1.0,1.0,30,-0.2951
58,copy,CP002279,CP002279,3226764,0.6473,5,332,incopy,,1,1.0,1.0,30,-0.4044
58,copy,CP002279,CP002279,3226764,0.6473,5,342,incopy,,0,0.8,0.9666666666666667,23,-0.8156
58,copy,CP002279,CP002279,3226764,0.6473,10,315,incopy,,0,0.5,0.7,18,-4.4434
58,copy,CP002279,CP002279,3226764,0.6473,10,383,incopy,,0,0.2,0.4666666666666667,7,-4.9557
58,copy,CP002279,CP002279,3226764,0.6473,10,343,incopy,,0,0.7,0.8833333333333333,24,-2.2583
58,copy,CP002279,CP002279,3226764,0.6473,10,312,incopy,,0,0.4,0.7333333333333333,12,-3.0399
58,copy,CP002279,CP002279,3226764,0.6473,10,374,incopy,,0,0.8,0.8833333333333333,24,-1.5315
58,copy,CP002279,CP002279,3226764,0.6473,10,375,incopy,,0,0.5,0.75,18,-3.6494
58,copy,CP002279,CP002279,3226764,0.6473,20,332,incopy,,0,0.4,0.6333333333333333,24,-3.3424
58,copy,CP002279,CP002279,3226764,0.6473,20,371,incopy,,0,0.25,0.5833333333333334,20,-5.1594
58,copy,CP002279,CP002279,3226764,0.6473,20,328,incopy,,0,0.3,0.6583333333333333,19,-4.6888
58,copy,CP002279,CP002279,3226764,0.6473,20,324,incopy,,0,0.25,0.55,18,-5.0455
58,copy,CP002279,CP002279,3226764,0.6473,20,336,incopy,,0,0.35,0.6833333333333333,27,-4.2179
58,copy,CP002279,CP002279,3226764,0.6473,20,335,incopy,,0,0.4,0.7416666666666667,33,-4.0464
59,nocopy,CP002279,CP002279,3226764,0.6473,1,303,incopy,,0,0.0,0.5,2,-7.2182
59,nocopy,CP002279,CP002279,3226764,0.6473,1,368,incopy,,0,0.0,0.16666666666666666,1,-9.1553
59,nocopy,CP002279,CP002279,3226764,0.6473,1,331,incopy,,0,0.0,0.3333333333333333,1,-8.6834
59,nocopy,CP002279,CP002279,3226764,0.6473,1,368,incopy,,0,0.0,0.16666666666666666,1,-9.1553
59,nocopy,CP002279,CP002279,3226764,0.6473,1,390,incopy,,0,0.0,0.6666666666666666,4,-5.7239
59,nocopy,CP002279,CP002279,3226764,0.6473,1,340,incopy,,0,0.0,0.3333333333333333,1,-7.6951
59,nocopy,CP002279,CP002279,3226764,0.6473,2,355,incopy,,0,0.0,0.16666666666666666,2,-8.6684
59,nocopy,CP002279,CP002279,3226764,0.6473,2,391,incopy,,0,0.0,0.3333333333333333,2,-7.9868
59,nocopy,CP002279,CP002279,3226764,0.6473,2,370,incopy,,0,0.0,0.4166666666666667,2,-8.0928
59,nocopy,CP002279,CP002279,3226764,0.6473,2,381,incopy,,0,0.0,0.4166666666666667,3,-7.6175
59,nocopy,CP002279,CP002279,3226764,0.6473,2,320,incopy,,0,0.0,0.3333333333333333,2,-7.854
59,nocopy,CP002279,CP002279,3226764,0.6473,2,332,incopy,,0,0.0,0.3333333333333333,2,-7.9228
59,nocopy,CP002279,CP002279,3226764,0.6473,5,317,incopy,,0,0.0,0.5,3,-6.8351
59,nocopy,CP002279,CP002279,3226764,0.6473,5,365,incopy,,0,0.0,0.43333333333333335,5,-7.4043
59,nocopy,CP002279,CP002279,3226764,0.6473,5,372,incopy,,0,0.0,0.36666666666666664,6,-7.8948
59,nocopy,CP002279,CP002279,3226764,0.6473,5,345,incopy,,0,0.0,0.43333333333333335,4,-7.5438
59,nocopy,CP002279,CP002279,3226764,0.6473,5,332,incopy,,0,0.0,0.43333333333333335,3,-7.5252
59,nocopy,CP002279,CP002279,3226764,0.6473,5,342,incopy,,0,0.0,0.36666666666666664,3,-7.6738
59,nocopy,CP002279,CP002279,3226764,0.6473,10,315,incopy,,0,0.0,0.43333333333333335,3,-7.0952
59,nocopy,CP002279,CP002279,3226764,0.6473,10,383,incopy,,0,0.0,0.35,3,-7.9468
59,nocopy,CP002279,CP002279,3226764,0.6473,10,343,incopy,,0,0.0,0.43333333333333335,4,-7.3869
59,nocopy,CP002279,CP002279,3226764,0.6473,10,312,incopy,,0,0.0,0.45,4,-7.5504
59,nocopy,CP002279,CP002279,3226764,0.6473,10,374,incopy,,0,0.0,0.26666666666666666,3,-7.8591
59,nocopy,CP002279,CP002279,3226764,0.6473,10,375,incopy,,0,0.0,0.2833333333333333,3,-8.1243
59,nocopy,CP002279,CP002279,3226764,0.6473,20,332,incopy,,0,0.0,0.48333333333333334,5,-7.1304
59,nocopy,CP002279,CP002279,3226764,0.6473,20,371,incopy,,0,0.0,0.31666666666666665,3,-8.0837
59,nocopy,CP002279,CP002279,3226764,0.6473,20,328,incopy,,0,0.0,0.4,4,-7.3635
59,nocopy,CP002279,CP002279,3226764,0.6473,20,324,incopy,,0,0.05,0.49166666666666664,6,-7.0256
59,nocopy,CP002279,CP002279,3226764,0.6473,20,336,incopy,,0,0.0,0.4,4,-7.2836
59,nocopy,CP002279,CP002279,3226764,0.6473,20,335,incopy,,0,0.0,0.43333333333333335,4,-7.2166
60,copy,CP002279,CP002279,5132958,0.623,1,306,incopy,,1,1.0,1.0,6,-0.2869
60,copy,CP002279,CP002279,5132958,0.623,1,311,incopy,,1,1.0,1.0,6,-0.6277
60,copy,CP002279,CP002279,5132958,0.623,1,371,incopy,,1,1.0,1.0,6,-0.1411
60,copy,CP002279,CP002279,5132958,0.623,1,307,incopy,,1,1.0,1.0,6,-0.1431
60,copy,CP002279,CP002279,5132958,0.623,1,380,incopy,,1,1.0,1.0,6,-0.1051
60,copy,CP002279,CP002279,5132958,0.623,1,302,incopy,,1,1.0,1.0,6,-0.3695
60,copy,CP002279,CP002279,5132958,0.623,2,337,incopy,,1,1.0,1.0,12,-0.0879
60,copy,CP002279,CP002279,5132958,0.623,2,346,incopy,,1,1.0,1.0,12,-0.0902
60,copy,CP002279,CP002279,5132958,0.623,2,352,incopy,,1,1.0,1.0,12,-0.1169
60,copy,CP002279,CP002279,5132958,0.623,2,308,incopy,,1,1.0,1.0,12,-0.1819
60,copy,CP002279,CP002279,5132958,0.623,2,314,incopy,,0,0.5,0.9166666666666666,6,-1.4704
60,copy,CP002279,CP002279,5132958,0.623,2,341,incopy,,1,1.0,1.0,12,-0.0729
60,copy,CP002279,CP002279,5132958,0.623,5,369,incopy,,1,1.0,1.0,30,-0.1891
60,copy,CP002279,CP002279,5132958,0.623,5,346,incopy,,0,0.6,0.6333333333333333,12,-1.702
60,copy,CP002279,CP002279,5132958,0.623,5,317,incopy,,1,1.0,1.0,30,-0.5407
60,copy,CP002279,CP002279,5132958,0.623,5,391,incopy,,1,1.0,1.0,30,-0.2184
60,copy,CP002279,CP002279,5132958,0.623,5,341,incopy,,1,1.0,1.0,30,-0.4295
60,copy,CP002279,CP002279,5132958,0.623,5,346,incopy,,0,0.6,0.6333333333333333,12,-1.702
60,copy,CP002279,CP002279,5132958,0.623,10,362,incopy,,0,0.8,0.85,25,-1.7704
60,copy,CP002279,CP002279,5132958,0.623,10,349,incopy,,0,0.8,0.9,25,-1.615
60,copy,CP002279,CP002279,5132958,0.623,10,376,incopy,,0,0.6,0.7666666666666667,19,-2.4502
60,copy,CP002279,CP002279,5132958,0.623,10,381,incopy,,0,0.7,0.8166666666666667,24,-2.1078
60,copy,CP002279,CP002279,5132958,0.623,10,302,incopy,,0,0.5,0.6333333333333333,18,-3.5961
60,copy,CP002279,CP002279,5132958,0.623,10,384,incopy,,0,0.6,0.75,26,-3.0323
60,copy,CP002279,CP002279,5132958,0.623,20,329,incopy,,0,0.2,0.4083333333333333,8,-5.5393
60,copy,CP002279,CP002279,5132958,0.623,20,331,incopy,,0,0.2,0.39166666666666666,12,-5.4357
60,copy,CP002279,CP002279,5132958,0.623,20,359,incopy,,0,0.4,0.5666666666666667,18,-4.5192
60,copy,CP002279,CP002279,5132958,0.623,20,347,incopy,,0,0.35,0.6,24,-5.1856
60,copy,CP002279,CP002279,5132958,0.623,20,336,incopy,,0,0.15,0.375,12,-5.5719
60,copy,CP002279,CP002279,5132958,0.623,20,348,incopy,,0,0.45,0.6666666666666666,30,-4.6625
61,nocopy,CP002279,CP002279,5132958,0.623,1,306,incopy,,0,0.0,0.5,2,-6.6602
61,nocopy,CP002279,CP002279,5132958,0.623,1,311,incopy,,0,0.0,0.16666666666666666,1,-6.6922
61,nocopy,CP002279,CP002279,5132958,0.623,1,371,incopy,,0,0.0,0.6666666666666666,2,-6.5087
61,nocopy,CP002279,CP002279,5132958,0.623,1,307,incopy,,0,0.0,0.3333333333333333,1,-7.3966
61,nocopy,CP002279,CP002279,5132958,0.623,1,380,incopy,,0,0.0,0.5,2,-6.1835
61,nocopy,CP002279,CP002279,5132958,0.623,1,302,incopy,,0,0.0,0.16666666666666666,1,-5.8472
61,nocopy,CP002279,CP002279,5132958,0.623,2,337,incopy,,0,0.0,0.4166666666666667,2,-8.5325
61,nocopy,CP002279,CP002279,5132958,0.623,2,346,incopy,,0,0.0,0.16666666666666666,1,-8.5618
61,nocopy,CP002279,CP002279,5132958,0.623,2,352,incopy,,0,0.0,0.5833333333333334,3,-6.7595
61,nocopy,CP002279,CP002279,5132958,0.623,2,308,incopy,,0,0.0,0.4166666666666667,5,-7.8229
61,nocopy,CP002279,CP002279,5132958,0.623,2,314,incopy,,0,0.0,0.3333333333333333,3,-7.0468
61,nocopy,CP002279,CP002279,5132958,0.623,2,341,incopy,,0,0.0,0.25,2,-7.1434
61,nocopy,CP002279,CP002279,5132958,0.623,5,369,incopy,,0,0.0,0.43333333333333335,6,-7.2825
61,nocopy,CP002279,CP002279,5132958,0.623,5,346,incopy,,0,0.0,0.26666666666666666,2,-7.924
61,nocopy,CP002279,CP002279,5132958,0.623,5,317,incopy,,0,0.0,0.36666666666666664,3,-7.799
61,nocopy,CP002279,CP002279,5132958,0.623,5,391,incopy,,0,0.0,0.26666666666666666,2,-8.2752
61,nocopy,CP002279,CP002279,5132958,0.623,5,341,incopy,,0,0.0,0.3333333333333333,3,-7.342
61,nocopy,CP002279,CP002279,5132958,0.623,5,346,incopy,,0,0.0,0.26666666666666666,2,-7.924
61,nocopy,CP002279,CP002279,5132958,0.623,10,362,incopy,,0,0.0,0.4166666666666667,5,-7.5734
61,nocopy,CP002279,CP002279,5132958,0.623,10,349,incopy,,0,0.0,0.43333333333333335,5,-6.8946
61,nocopy,CP002279,CP002279,5132958,0.623,10,376,incopy,,0,0.0,0.26666666666666666,3,-7.5577
61,nocopy,CP002279,CP002279,5132958,0.623,10,381,incopy,,0,0.0,0.3333333333333333,2,-7.5762
61,nocopy,CP002279,CP002279,5132958,0.623,10,302,incopy,,0,0.0,0.31666666666666665,3,-7.3928
61,nocopy,CP002279,CP002279,5132958,0.623,10,384,incopy,,0,0.0,0.35,4,-7.7473
61,nocopy,CP002279,CP002279,5132958,0.623,20,329,incopy,,0,0.0,0.375,4,-7.4154
61,nocopy,CP002279,CP002279,5132958,0.623,20,331,incopy,,0,0.0,0.35833333333333334,3,-7.501
61,nocopy,CP002279,CP002279,5132958,0.623,20,359,incopy,,0,0.0,0.43333333333333335,6,-7.3766
61,nocopy,CP002279,CP002279,5132958,0.623,20,347,incopy,,0,0.0,0.4083333333333333,5,-7.3089
61,nocopy,CP002279,CP002279,5132958,0.623,20,336,incopy,,0,0.0,0.39166666666666666,4,-7.3659
61,nocopy,CP002279,CP002279,5132958,0.623,20,348,incopy,,0,0.0,0.4166666666666667,5,-7.367
62,copy,NZ_FOSL01000001.1,NZ_FOSL01000001.1,260736,0.648,1,391,incopy,,1,1.0,1.0,6,-0.1712
62,copy,NZ_FOSL01000001.1,NZ_FOSL01000001.1,260736,0.648,1,361,incopy,,1,1.0,1.0,6,-0.2451
62,copy,NZ_FOSL01000001.1,NZ_FOSL01000001.1,260736,0.648,1,337,incopy,,1,1.0,1.0,6,-0.2662
62,copy,NZ_FOSL01000001.1,NZ_FOSL01000001.1,260736,0.648,1,356,incopy,,1,1.0,1.0,6,-0.1336
62,copy,NZ_FOSL01000001.1,NZ_FOSL01000001.1,260736,0.648,1,385,incopy,,1,1.0,1.0,6,-0.5042
62,copy,NZ_FOSL01000001.1,NZ_FOSL01000001.1,260736,0.648,1,395,incopy,,1,1.0,1.0,6,-0.0804
62,copy,NZ_FOSL01000001.1,NZ_FOSL01000001.1,260736,0.648,2,341,incopy,,1,1.0,1.0,12,-0.1259
62,copy,NZ_FOSL01000001.1,NZ_FOSL01000001.1,260736,0.648,2,345,incopy,,1,1.0,1.0,12,-0.1444
62,copy,NZ_FOSL01000001.1,NZ_FOSL01000001.1,260736,0.648,2,368,incopy,,1,1.0,1.0,12,-0.0841
62,copy,NZ_FOSL01000001.1,NZ_FOSL01000001.1,260736,0.648,2,321,incopy,,0,0.5,0.6666666666666666,6,-1.1003
62,copy,NZ_FOSL01000001.1,NZ_FOSL01000001.1,260736,0.648,2,347,incopy,,1,1.0,1.0,12,-0.2436
62,copy,NZ_FOSL01000001.1,NZ_FOSL01000001.1,260736,0.648,2,330,incopy,,1,1.0,1.0,12,-0.0382
62,copy,NZ_FOSL01000001.1,NZ_FOSL01000001.1,260736,0.648,5,326,incopy,,1,1.0,1.0,30,-0.3968
62,copy,NZ_FOSL01000001.1,NZ_FOSL01000001.1,260736,0.648,5,330,incopy,,1,1.0,1.0,30,-0.1631
62,copy,NZ_FOSL01000001.1,NZ_FOSL01000001.1,260736,0.648,5,325,incopy,,0,0.8,0.9333333333333333,18,-0.7832
62,copy,NZ_FOSL01000001.1,NZ_FOSL01000001.1,260736,0.648,5,319,incopy,,0,0.8,0.8,12,-1.1465
62,copy,NZ_FOSL01000001.1,NZ_FOSL01000001.1,260736,0.648,5,357,incopy,,1,1.0,1.0,30,-0.4752
62,copy,NZ_FOSL01000001.1,NZ_FOSL01000001.1,260736,0.648,5,373,incopy,,1,1.0,1.0,30,-0.3152
62,copy,NZ_FOSL01000001.1,NZ_FOSL01000001.1,260736,0.648,10,322,incopy,,0,0.2,0.5833333333333334,12,-4.5654
62,copy,NZ_FOSL01000001.1,NZ_FOSL01000001.1,260736,0.648,10,380,incopy,,0,0.3,0.48333333333333334,12,-4.6085
62,copy,NZ_FOSL01000001.1,NZ_FOSL01000001.1,260736,0.648,10,383,incopy,,0,0.4,0.6833333333333333,12,-2.5264
62,copy,NZ_FOSL01000001.1,NZ_FOSL01000001.1,260736,0.648,10,324,incopy,,0,0.4,0.75,15,-2.1301
62,copy,NZ_FOSL01000001.1,NZ_FOSL01000001.1,260736,0.648,10,329,incopy,,0,0.8,0.9,35,-1.9482
62,copy,NZ_FOSL01000001.1,NZ_FOSL01000001.1,260736,0.648,10,386,incopy,,0,0.3,0.5,13,-5.6277
62,copy,NZ_FOSL01000001.1,NZ_FOSL01000001.1,260736,0.648,20,333,incopy,,0,0.35,0.625,26,-4.1683
62,copy,NZ_FOSL01000001.1,NZ_FOSL01000001.1,260736,0.648,20,366,incopy,,0,0.2,0.4666666666666667,18,-5.9025
62,copy,NZ_FOSL01000001.1,NZ_FOSL01000001.1,260736,0.648,20,334,incopy,,0,0.25,0.55,18,-4.8477
62,copy,NZ_FOSL01000001.1,NZ_FOSL01000001.1,260736,0.648,20,357,incopy,,0,0.35,0.55,24,-5.1531
62,copy,NZ_FOSL01000001.1,NZ_FOSL01000001.1,260736,0.648,20,351,incopy,,0,0.25,0.575,19,-5.0584
62,copy,NZ_FOSL01000001.1,NZ_FOSL01000001.1,260736,0.648,20,308,incopy,,0,0.2,0.5166666666666667,18,-5.3119
63,nocopy,NZ_FOSL01000001.1,NZ_FOSL01000001.1,260736,0.648,1,391,incopy,,0,0.0,0.16666666666666666,1,-9.7611
63,nocopy,NZ_FOSL01000001.1,NZ_FOSL01000001.1,260736,0.648,1,361,incopy,,1,1.0,1.0,6,-0.151
63,nocopy,NZ_FOSL01000001.1,NZ_FOSL01000001.1,260736,0.648,1,337,incopy,,0,0.0,0.3333333333333333,1,-8.6416
63,nocopy,NZ_FOSL01000001.1,NZ_FOSL01000001.1,260736,0.648,1,356,incopy,,1,1.0,1.0,6,-0.3076
63,nocopy,NZ_FOSL01000001.1,NZ_FOSL01000001.1,260736,0.648,1,385,incopy,,0,0.0,0.0,0,-7.6265
63,nocopy,NZ_FOSL01000001.1,NZ_FOSL01000001.1,260736,0.648,1,395,incopy,,0,0.0,0.5,2,-6.578
63,nocopy,NZ_FOSL01000001.1,NZ_FOSL01000001.1,260736,0.648,2,341,incopy,,0,0.0,0.3333333333333333,2,-6.7474
63,nocopy,NZ_FOSL01000001.1,NZ_FOSL01000001.1,260736,0.648,2,345,incopy,,0,0.0,0.3333333333333333,2,-9.7855
63,nocopy,NZ_FOSL01000001.1,NZ_FOSL01000001.1,260736,0.648,2,368,incopy,,0,0.5,0.6666666666666666,8,-3.4183
63,nocopy,NZ_FOSL01000001.1,NZ_FOSL01000001.1,260736,0.648,2,321,incopy,,0,0.0,0.16666666666666666,2,-7.9391
63,nocopy,NZ_FOSL01000001.1,NZ_FOSL01000001.1,260736,0.648,2,347,incopy,,0,0.0,0.5,4,-7.2004
63,nocopy,NZ_FOSL01000001.1,NZ_FOSL01000001.1,260736,0.648,2,330,incopy,,0,0.0,0.4166666666666667,2,-6.9081
63,nocopy,NZ_FOSL01000001.1,NZ_FOSL01000001.1,260736,0.648,5,326,incopy,,0,0.0,0.13333333333333333,2,-8.3098
63,nocopy,NZ_FOSL01000001.1,NZ_FOSL01000001.1,260736,0.648,5,330,incopy,,0,0.0,0.3,2,-7.4047
63,nocopy,NZ_FOSL01000001.1,NZ_FOSL01000001.1,260736,0.648,5,325,incopy,,0,0.0,0.36666666666666664,2,-8.0268
63,nocopy,NZ_FOSL01000001.1,NZ_FOSL01000001.1,260736,0.648,5,319,incopy,,0,0.0,0.26666666666666666,3,-7.7851
63,nocopy,NZ_FOSL01000001.1,NZ_FOSL01000001.1,260736,0.648,5,357,incopy,,0,0.6,0.8,12,-2.4302
63,nocopy,NZ_FOSL01000001.1,NZ_FOSL01000001.1,260736,0.648,5,373,incopy,,0,0.0,0.43333333333333335,5,-7.1709
63,nocopy,NZ_FOSL01000001.1,NZ_FOSL01000001.1,260736,0.648,10,322,incopy,,0,0.0,0.23333333333333334,2,-8.4554
63,nocopy,NZ_FOSL01000001.1,NZ_FOSL01000001.1,260736,0.648,10,380,incopy,,0,0.0,0.43333333333333335,5,-6.5573
63,nocopy,NZ_FOSL01000001.1,NZ_FOSL01000001.1,260736,0.648,10,383,incopy,,0,0.0,0.43333333333333335,5,-6.6395
63,nocopy,NZ_FOSL01000001.1,NZ_FOSL01000001.1,260736,0.648,10,324,incopy,,0,0.0,0.2,2,-7.8855
63,nocopy,NZ_FOSL01000001.1,NZ_FOSL01000001.1,260736,0.648,10,329,incopy,,0,0.0,0.3,5,-7.8598
63,nocopy,NZ_FOSL01000001.1,NZ_FOSL01000001.1,260736,0.648,10,386,incopy,,0,0.0,0.43333333333333335,5,-6.997
63,nocopy,NZ_FOSL01000001.1,NZ_FOSL01000001.1,260736,0.648,20,333,incopy,,0,0.15,0.43333333333333335,12,-7.0023
63,nocopy,NZ_FOSL01000001.1,NZ_FOSL01000001.1,260736,0.648,20,366,incopy,,0,0.0,0.4,5,-7.1071
63,nocopy,NZ_FOSL01000001.1,NZ_FOSL01000001.1,260736,0.648,20,334,incopy,,0,0.15,0.4666666666666667,19,-6.8019
63,nocopy,NZ_FOSL01000001.1,NZ_FOSL01000001.1,260736,0.648,20,357,incopy,,0,0.05,0.35,6,-8.0489
63,nocopy,NZ_FOSL01000001.1,NZ_FOSL01000001.1,260736,0.648,20,351,incopy,,0,0.05,0.30833333333333335,6,-7.5773
63,nocopy,NZ_FOSL01000001.1,NZ_FOSL01000001.1,260736,0.648,20,308,incopy,,0,0.0,0.26666666666666666,4,-7.7697
64,copy,NZ_FOSL01000005.1,NZ_FOSL01000005.1,1266,0.6443,1,355,incopy,,1,1.0,1.0,6,-0.1623
64,copy,NZ_FOSL01000005.1,NZ_FOSL01000005.1,1266,0.6443,1,322,incopy,,1,1.0,1.0,6,-0.0536
64,copy,NZ_FOSL01000005.1,NZ_FOSL01000005.1,1266,0.6443,1,336,incopy,,1,1.0,1.0,6,-0.8224
64,copy,NZ_FOSL01000005.1,NZ_FOSL01000005.1,1266,0.6443,1,332,incopy,,1,1.0,1.0,6,-0.0831
64,copy,NZ_FOSL01000005.1,NZ_FOSL01000005.1,1266,0.6443,1,383,incopy,,1,1.0,1.0,6,-0.2719
64,copy,NZ_FOSL01000005.1,NZ_FOSL01000005.1,1266,0.6443,1,327,incopy,,1,1.0,1.0,6,-0.1224
64,copy,NZ_FOSL01000005.1,NZ_FOSL01000005.1,1266,0.6443,2,331,incopy,,1,1.0,1.0,12,-0.1788
64,copy,NZ_FOSL01000005.1,NZ_FOSL01000005.1,1266,0.6443,2,337,incopy,,1,1.0,1.0,12,-0.0718
64,copy,NZ_FOSL01000005.1,NZ_FOSL01000005.1,1266,0.6443,2,346,incopy,,1,1.0,1.0,12,-0.4202
64,copy,NZ_FOSL01000005.1,NZ_FOSL01000005.1,1266,0.6443,2,336,incopy,,1,1.0,1.0,12,-1.2474
64,copy,NZ_FOSL01000005.1,NZ_FOSL01000005.1,1266,0.6443,2,319,incopy,,1,1.0,1.0,12,-0.1299
64,copy,NZ_FOSL01000005.1,NZ_FOSL01000005.1,1266,0.6443,2,346,incopy,,1,1.0,1.0,12,-0.4202
64,copy,NZ_FOSL01000005.1,NZ_FOSL01000005.1,1266,0.6443,5,348,incopy,,1,1.0,1.0,30,-0.228
64,copy,NZ_FOSL01000005.1,NZ_FOSL01000005.1,1266,0.6443,5,314,incopy,,0,0.6,0.9333333333333333,12,-1.2115
64,copy,NZ_FOSL01000005.1,NZ_FOSL01000005.1,1266,0.6443,5,375,incopy,,0,0.6,0.7333333333333333,12,-1.363
64,copy,NZ_FOSL01000005.1,NZ_FOSL01000005.1,1266,0.6443,5,309,incopy,,0,0.8,0.9,18,-0.778
64,copy,NZ_FOSL01000005.1,NZ_FOSL01000005.1,1266,0.6443,5,361,incopy,,1,1.0,1.0,30,-0.6197
64,copy,NZ_FOSL01000005.1,NZ_FOSL01000005.1,1266,0.6443,5,382,incopy,,0,0.6,0.7666666666666667,13,-2.8315
64,copy,NZ_FOSL01000005.1,NZ_FOSL01000005.1,1266,0.6443,10,351,incopy,,0,0.5,0.7166666666666667,17,-2.5472
64,copy,NZ_FOSL01000005.1,NZ_FOSL01000005.1,1266,0.6443,10,351,incopy,,0,0.5,0.7166666666666667,17,-2.5472
64,copy,NZ_FOSL01000005.1,NZ_FOSL01000005.1,1266,0.6443,10,333,incopy,,0,0.3,0.5333333333333333,12,-2.7441
64,copy,NZ_FOSL01000005.1,NZ_FOSL01000005.1,1266,0.6443,10,349,incopy,,0,0.6,0.7833333333333333,20,-1.8733
64,copy,NZ_FOSL01000005.1,NZ_FOSL01000005.1,1266,0.6443,10,347,incopy,,0,0.6,0.7,30,-1.7456
64,copy,NZ_FOSL01000005.1,NZ_FOSL01000005.1,1266,0.6443,10,384,incopy,,0,0.3,0.5333333333333333,12,-3.4084
64,copy,NZ_FOSL01000005.1,NZ_FOSL01000005.1,1266,0.6443,20,302,incopy,,0,0.15,0.5583333333333333,11,-5.7413
64,copy,NZ_FOSL01000005.1,NZ_FOSL01000005.1,1266,0.6443,20,342,incopy,,0,0.35,0.6666666666666666,31,-4.2619
64,copy,NZ_FOSL01000005.1,NZ_FOSL01000005.1,1266,0.6443,20,348,incopy,,0,0.25,0.5833333333333334,18,-5.2996
64,copy,NZ_FOSL01000005.1,NZ_FOSL01000005.1,1266,0.6443,20,326,incopy,,0,0.25,0.5166666666666667,18,-5.1757
64,copy,NZ_FOSL01000005.1,NZ_FOSL01000005.1,1266,0.6443,20,350,incopy,,0,0.15,0.49166666666666664,12,-6.3033
64,copy,NZ_FOSL01000005.1,NZ_FOSL01000005.1,1266,0.6443,20,334,incopy,,0,0.2,0.5833333333333334,17,-4.7947
65,nocopy,NZ_FOSL01000005.1,NZ_FOSL01000005.1,1266,0.6443,1,355,incopy,,0,0.0,0.16666666666666666,1,-6.4513
65,nocopy,NZ_FOSL01000005.1,NZ_FOSL01000005.1,1266,0.6443,1,322,incopy,,0,0.0,0.3333333333333333,1,-6.5701
65,nocopy,NZ_FOSL01000005.1,NZ_FOSL01000005.1,1266,0.6443,1,336,incopy,,0,0.0,0.3333333333333333,1,-6.6841
65,nocopy,NZ_FOSL01000005.1,NZ_FOSL01000005.1,1266,0.6443,1,332,incopy,,0,0.0,0.16666666666666666,1,-7.7716
65,nocopy,NZ_FOSL01000005.1,NZ_FOSL01000005.1,1266,0.6443,1,383,incopy,,0,0.0,0.3333333333333333,1,-7.0511
65,nocopy,NZ_FOSL01000005.1,NZ_FOSL01000005.1,1266,0.6443,1,327,incopy,,0,0.0,0.8333333333333334,3,-5.3282
65,nocopy,NZ_FOSL01000005.1,NZ_FOSL01000005.1,1266,0.6443,2,331,incopy,,0,0.0,0.3333333333333333,2,-7.5088
65,nocopy,NZ_FOSL01000005.1,NZ_FOSL01000005.1,1266,0.6443,2,337,incopy,,0,0.0,0.4166666666666667,2,-6.6423
65,nocopy,NZ_FOSL01000005.1,NZ_FOSL01000005.1,1266,0.6443,2,346,incopy,,0,0.0,0.3333333333333333,3,-7.6144
65,nocopy,NZ_FOSL01000005.1,NZ_FOSL01000005.1,1266,0.6443,2,336,incopy,,0,0.0,0.4166666666666667,1,-6.7084
65,nocopy,NZ_FOSL01000005.1,NZ_FOSL01000005.1,1266,0.6443,2,319,incopy,,0,0.0,0.5,2,-6.2725
65,nocopy,NZ_FOSL01000005.1,NZ_FOSL01000005.1,1266,0.6443,2,346,incopy,,0,0.0,0.3333333333333333,3,-7.6144
65,nocopy,NZ_FOSL01000005.1,NZ_FOSL01000005.1,1266,0.6443,5,348,incopy,,0,0.0,0.3333333333333333,2,-6.3223
65,nocopy,NZ_FOSL01000005.1,NZ_FOSL01000005.1,1266,0.6443,5,314,incopy,,0,0.0,0.4666666666666667,4,-6.9073
65,nocopy,NZ_FOSL01000005.1,NZ_FOSL01000005.1,1266,0.6443,5,375,incopy,,0,0.0,0.36666666666666664,3,-7.2216
65,nocopy,NZ_FOSL01000005.1,NZ_FOSL01000005.1,1266,0.6443,5,309,incopy,,0,0.0,0.3,4,-8.1669
65,nocopy,NZ_FOSL01000005.1,NZ_FOSL01000005.1,1266,0.6443,5,361,incopy,,0,0.0,0.26666666666666666,2,-7.098
65,nocopy,NZ_FOSL01000005.1,NZ_FOSL01000005.1,1266,0.6443,5,382,incopy,,0,0.0,0.4666666666666667,5,-8.4327
65,nocopy,NZ_FOSL01000005.1,NZ_FOSL01000005.1,1266,0.6443,10,351,incopy,,0,0.0,0.45,5,-6.6523
65,nocopy,NZ_FOSL01000005.1,NZ_FOSL01000005.1,1266,0.6443,10,351,incopy,,0,0.0,0.45,5,-6.6523
65,nocopy,NZ_FOSL01000005.1,NZ_FOSL01000005.1,1266,0.6443,10,333,incopy,,0,0.0,0.21666666666666667,2,-7.276
65,nocopy,NZ_FOSL01000005.1,NZ_FOSL01000005.1,1266,0.6443,10,349,incopy,,0,0.0,0.4166666666666667,3,-6.5638
65,nocopy,NZ_FOSL01000005.1,NZ_FOSL01000005.1,1266,0.6443,10,347,incopy,,0,0.0,0.4666666666666667,4,-6.6222
65,nocopy,NZ_FOSL01000005.1,NZ_FOSL01000005.1,1266,0.6443,10,384,incopy,,0,0.0,0.38333333333333336,5,-7.9293
65,nocopy,NZ_FOSL01000005.1,NZ_FOSL01000005.1,1266,0.6443,20,302,incopy,,0,0.0,0.3333333333333333,4,-7.2956
65,nocopy,NZ_FOSL01000005.1,NZ_FOSL01000005.1,1266,0.6443,20,342,incopy,,0,0.0,0.43333333333333335,4,-6.8672
65,nocopy,NZ_FOSL01000005.1,NZ_FOSL01000005.1,1266,0.6443,20,348,incopy,,0,0.0,0.4083333333333333,5,-6.7223
65,nocopy,NZ_FOSL01000005.1,NZ_FOSL01000005.1,1266,0.6443,20,326,incopy,,0,0.0,0.2833333333333333,4,-7.1646
65,nocopy,NZ_FOSL01000005.1,NZ_FOSL01000005.1,1266,0.6443,20,350,incopy,,0,0.0,0.45,5,-6.8665
65,nocopy,NZ_FOSL01000005.1,NZ_FOSL01000005.1,1266,0.6443,20,334,incopy,,0,0.0,0.325,4,-6.9864
66,copy,NZ_FOSL01000052.1,NZ_FOSL01000052.1,12270,0.6413,1,395,incopy,,1,1.0,1.0,6,-0.1055
66,copy,NZ_FOSL01000052.1,NZ_FOSL01000052.1,12270,0.6413,1,388,incopy,,1,1.0,1.0,6,-0.1458
66,copy,NZ_FOSL01000052.1,NZ_FOSL01000052.1,12270,0.6413,1,369,incopy,,1,1.0,1.0,6,-0.0726
66,copy,NZ_FOSL01000052.1,NZ_FOSL01000052.1,12270,0.6413,1,308,incopy,,1,1.0,1.0,6,-0.1944
66,copy,NZ_FOSL01000052.1,NZ_FOSL01000052.1,12270,0.6413,1,350,incopy,,1,1.0,1.0,6,-0.6452
66,copy,NZ_FOSL01000052.1,NZ_FOSL01000052.1,12270,0.6413,1,306,incopy,,1,1.0,1.0,6,-0.314
66,copy,NZ_FOSL01000052.1,NZ_FOSL01000052.1,12270,0.6413,2,316,incopy,,1,1.0,1.0,12,-0.0732
66,copy,NZ_FOSL01000052.1,NZ_FOSL01000052.1,12270,0.6413,2,326,incopy,,1,1.0,1.0,12,-0.1566
66,copy,NZ_FOSL01000052.1,NZ_FOSL01000052.1,12270,0.6413,2,370,incopy,,1,1.0,1.0,12,-0.6064
66,copy,NZ_FOSL01000052.1,NZ_FOSL01000052.1,12270,0.6413,2,379,incopy,,1,1.0,1.0,12,-0.542
66,copy,NZ_FOSL01000052.1,NZ_FOSL01000052.1,12270,0.6413,2,336,incopy,,1,1.0,1.0,12,-0.0324
66,copy,NZ_FOSL01000052.1,NZ_FOSL01000052.1,12270,0.6413,2,384,incopy,,1,1.0,1.0,12,-0.0623
66,copy,NZ_FOSL01000052.1,NZ_FOSL01000052.1,12270,0.6413,5,385,incopy,,1,1.0,1.0,30,-0.256
66,copy,NZ_FOSL01000052.1,NZ_FOSL01000052.1,12270,0.6413,5,322,incopy,,1,1.0,1.0,30,-0.3931
66,copy,NZ_FOSL01000052.1,NZ_FOSL01000052.1,12270,0.6413,5,325,incopy,,1,1.0,1.0,30,-0.6
66,copy,NZ_FOSL01000052.1,NZ_FOSL01000052.1,12270,0.6413,5,366,incopy,,1,1.0,1.0,30,-0.1572
66,copy,NZ_FOSL01000052.1,NZ_FOSL01000052.1,12270,0.6413,5,377,incopy,,1,1.0,1.0,30,-0.7027
66,copy,NZ_FOSL01000052.1,NZ_FOSL01000052.1,12270,0.6413,5,326,incopy,,1,1.0,1.0,30,-0.5251
66,copy,NZ_FOSL01000052.1,NZ_FOSL01000052.1,12270,0.6413,10,378,incopy,,0,0.6,0.8,14,-2.8881
66,copy,NZ_FOSL01000052.1,NZ_FOSL01000052.1,12270,0.6413,10,328,incopy,,0,0.6,0.7333333333333333,24,-3.7684
66,copy,NZ_FOSL01000052.1,NZ_FOSL01000052.1,12270,0.6413,10,373,incopy,,0,0.4,0.65,15,-3.9582
66,copy,NZ_FOSL01000052.1,NZ_FOSL01000052.1,12270,0.6413,10,358,incopy,,0,0.4,0.6,14,-3.6733
66,copy,NZ_FOSL01000052.1,NZ_FOSL01000052.1,12270,0.6413,10,377,incopy,,0,0.7,0.85,24,-2.0269
66,copy,NZ_FOSL01000052.1,NZ_FOSL01000052.1,12270,0.6413,10,385,incopy,,0,0.4,0.6666666666666666,19,-3.8104
66,copy,NZ_FOSL01000052.1,NZ_FOSL01000052.1,12270,0.6413,20,318,incopy,,0,0.15,0.5083333333333333,12,-6.212
66,copy,NZ_FOSL01000052.1,NZ_FOSL01000052.1,12270,0.6413,20,322,incopy,,0,0.2,0.6166666666666667,22,-5.0885
66,copy,NZ_FOSL01000052.1,NZ_FOSL01000052.1,12270,0.6413,20,361,incopy,,0,0.35,0.6833333333333333,26,-4.3387
66,copy,NZ_FOSL01000052.1,NZ_FOSL01000052.1,12270,0.6413,20,376,incopy,,0,0.15,0.475,13,-6.3722
66,copy,NZ_FOSL01000052.1,NZ_FOSL01000052.1,12270,0.6413,20,330,incopy,,0,0.3,0.5166666666666667,18,-4.5999
66,copy,NZ_FOSL01000052.1,NZ_FOSL01000052.1,12270,0.6413,20,369,incopy,,0,0.2,0.5166666666666667,14,-5.5394
67,nocopy,NZ_FOSL01000052.1,NZ_FOSL01000052.1,12270,0.6413,1,395,incopy,,0,0.0,0.3333333333333333,2,-7.4469
67,nocopy,NZ_FOSL01000052.1,NZ_FOSL01000052.1,12270,0.6413,1,388,incopy,,0,0.0,0.8333333333333334,4,-6.4387
67,nocopy,NZ_FOSL01000052.1,NZ_FOSL01000052.1,12270,0.6413,1,369,incopy,,0,0.0,0.3333333333333333,2,-9.331
67,nocopy,NZ_FOSL01000052.1,NZ_FOSL01000052.1,12270,0.6413,1,308,incopy,,0,0.0,0.3333333333333333,2,-7.8067
67,nocopy,NZ_FOSL01000052.1,NZ_FOSL01000052.1,12270,0.6413,1,350,incopy,,0,0.0,0.5,2,-6.8134
67,nocopy,NZ_FOSL01000052.1,NZ_FOSL01000052.1,12270,0.6413,1,306,incopy,,0,0.0,0.3333333333333333,1,-7.7783
67,nocopy,NZ_FOSL01000052.1,NZ_FOSL01000052.1,12270,0.6413,2,316,incopy,,0,0.0,0.16666666666666666,1,-8.9896
67,nocopy,NZ_FOSL01000052.1,NZ_FOSL01000052.1,12270,0.6413,2,326,incopy,,0,0.0,0.25,1,-7.699
67,nocopy,NZ_FOSL01000052.1,NZ_FOSL01000052.1,12270,0.6413,2,370,incopy,,0,0.0,0.16666666666666666,1,-9.279
67,nocopy,NZ_FOSL01000052.1,NZ_FOSL01000052.1,12270,0.6413,2,379,incopy,,0,0.0,0.6666666666666666,5,-8.1567
67,nocopy,NZ_FOSL01000052.1,NZ_FOSL01000052.1,12270,0.6413,2,336,incopy,,0,0.0,0.25,1,-7.66
67,nocopy,NZ_FOSL01000052.1,NZ_FOSL01000052.1,12270,0.6413,2,384,incopy,,0,0.0,0.5833333333333334,2,-7.1648
67,nocopy,NZ_FOSL01000052.1,NZ_FOSL01000052.1,12270,0.6413,5,385,incopy,,0,0.2,0.5,6,-7.0414
67,nocopy,NZ_FOSL01000052.1,NZ_FOSL01000052.1,12270,0.6413,5,322,incopy,,0,0.0,0.23333333333333334,3,-8.5705
67,nocopy,NZ_FOSL01000052.1,NZ_FOSL01000052.1,12270,0.6413,5,325,incopy,,0,0.0,0.3,3,-7.7414
67,nocopy,NZ_FOSL01000052.1,NZ_FOSL01000052.1,12270,0.6413,5,366,incopy,,0,0.2,0.4,6,-7.0887
67,nocopy,NZ_FOSL01000052.1,NZ_FOSL01000052.1,12270,0.6413,5,377,incopy,,0,0.0,0.36666666666666664,3,-8.4998
67,nocopy,NZ_FOSL01000052.1,NZ_FOSL01000052.1,12270,0.6413,5,326,incopy,,0,0.0,0.36666666666666664,5,-7.6788
67,nocopy,NZ_FOSL01000052.1,NZ_FOSL01000052.1,12270,0.6413,10,378,incopy,,0,0.0,0.45,4,-7.894
67,nocopy,NZ_FOSL01000052.1,NZ_FOSL01000052.1,12270,0.6413,10,328,incopy,,0,0.0,0.25,2,-8.074
67,nocopy,NZ_FOSL01000052.1,NZ_FOSL01000052.1,12270,0.6413,10,373,incopy,,0,0.0,0.26666666666666666,3,-8.1001
67,nocopy,NZ_FOSL01000052.1,NZ_FOSL01000052.1,12270,0.6413,10,358,incopy,,0,0.0,0.31666666666666665,4,-7.3616
67,nocopy,NZ_FOSL01000052.1,NZ_FOSL01000052.1,12270,0.6413,10,377,incopy,,0,0.0,0.4,3,-8.1291
67,nocopy,NZ_FOSL01000052.1,NZ_FOSL01000052.1,12270,0.6413,10,385,incopy,,0,0.0,0.4166666666666667,3,-7.3655
67,nocopy,NZ_FOSL01000052.1,NZ_FOSL01000052.1,12270,0.6413,20,318,incopy,,0,0.0,0.35,3,-8.321
67,nocopy,NZ_FOSL01000052.1,NZ_FOSL01000052.1,12270,0.6413,20,322,incopy,,0,0.0,0.35,3,-8.2252
67,nocopy,NZ_FOSL01000052.1,NZ_FOSL01000052.1,12270,0.6413,20,361,incopy,,0,0.0,0.30833333333333335,3,-7.8096
67,nocopy,NZ_FOSL01000052.1,NZ_FOSL01000052.1,12270,0.6413,20,376,incopy,,0,0.0,0.425,4,-7.7008
67,nocopy,NZ_FOSL01000052.1,NZ_FOSL01000052.1,12270,0.6413,20,330,incopy,,0,0.0,0.375,3,-8.0186
67,nocopy,NZ_FOSL01000052.1,NZ_FOSL01000052.1,12270,0.6413,20,369,incopy,,0,0.0,0.275,3,-8.1809
68,copy,CP002279,CP002279,5894742,0.6397,1,315,incopy,,1,1.0,1.0,6,-0.1684
68,copy,CP002279,CP002279,5894742,0.6397,1,324,incopy,,1,1.0,1.0,6,-0.145
68,copy,CP002279,CP002279,5894742,0.6397,1,375,incopy,,1,1.0,1.0,6,-0.1127
68,copy,CP002279,CP002279,5894742,0.6397,1,332,incopy,,1,1.0,1.0,6,-0.0503
68,copy,CP002279,CP002279,5894742,0.6397,1,368,incopy,,1,1.0,1.0,6,-0.4712
68,copy,CP002279,CP002279,5894742,0.6397,1,348,incopy,,1,1.0,1.0,6,-0.1543
68,copy,CP002279,CP002279,5894742,0.6397,2,316,incopy,,0,0.5,0.9166666666666666,10,-0.6894
68,copy,CP002279,CP002279,5894742,0.6397,2,332,incopy,,1,1.0,1.0,12,-0.089
68,copy,CP002279,CP002279,5894742,0.6397,2,336,incopy,,1,1.0,1.0,12,-0.0834
68,copy,CP002279,CP002279,5894742,0.6397,2,342,incopy,,0,0.5,0.9166666666666666,6,-0.8065
68,copy,CP002279,CP002279,5894742,0.6397,2,358,incopy,,1,1.0,1.0,12,-0.2863
68,copy,CP002279,CP002279,5894742,0.6397,2,305,incopy,,1,1.0,1.0,12,-0.1587
68,copy,CP002279,CP002279,5894742,0.6397,5,304,incopy,,1,1.0,1.0,30,-1.34
68,copy,CP002279,CP002279,5894742,0.6397,5,381,incopy,,1,1.0,1.0,30,-0.82
68,copy,CP002279,CP002279,5894742,0.6397,5,375,incopy,,0,0.8,0.8666666666666667,18,-0.6558
68,copy,CP002279,CP002279,5894742,0.6397,5,302,incopy,,1,1.0,1.0,30,-0.8951
68,copy,CP002279,CP002279,5894742,0.6397,5,346,incopy,,1,1.0,1.0,30,-0.4035
68,copy,CP002279,CP002279,5894742,0.6397,5,336,incopy,,1,1.0,1.0,30,-0.5535
68,copy,CP002279,CP002279,5894742,0.6397,10,304,incopy,,0,0.4,0.7166666666666667,19,-3.9213
68,copy,CP002279,CP002279,5894742,0.6397,10,309,incopy,,0,0.4,0.65,13,-3.9191
68,copy,CP002279,CP002279,5894742,0.6397,10,383,incopy,,0,0.7,0.85,26,-2.1972
68,copy,CP002279,CP002279,5894742,0.6397,10,357,incopy,,0,0.6,0.7,19,-2.6434
68,copy,CP002279,CP002279,5894742,0.6397,10,387,incopy,,0,0.4,0.6333333333333333,21,-4.8108
68,copy,CP002279,CP002279,5894742,0.6397,10,376,incopy,,0,0.4,0.6833333333333333,17,-2.8379
68,copy,CP002279,CP002279,5894742,0.6397,20,326,incopy,,0,0.3,0.4666666666666667,19,-5.2428
68,copy,CP002279,CP002279,5894742,0.6397,20,305,incopy,,0,0.15,0.4083333333333333,7,-5.967
68,copy,CP002279,CP002279,5894742,0.6397,20,358,incopy,,0,0.35,0.5583333333333333,25,-5.4057
68,copy,CP002279,CP002279,5894742,0.6397,20,362,incopy,,0,0.25,0.5083333333333333,13,-5.541
68,copy,CP002279,CP002279,5894742,0.6397,20,331,incopy,,0,0.3,0.6,16,-4.64
68,copy,CP002279,CP002279,5894742,0.6397,20,328,incopy,,0,0.3,0.49166666666666664,24,-5.8221
69,nocopy,CP002279,CP002279,5894742,0.6397,1,315,incopy,,0,0.0,0.3333333333333333,1,-6.5644
69,nocopy,CP002279,CP002279,5894742,0.6397,1,324,incopy,,0,0.0,0.5,2,-7.5652
69,nocopy,CP002279,CP002279,5894742,0.6397,1,375,incopy,,0,0.0,0.16666666666666666,1,-7.6857
69,nocopy,CP002279,CP002279,5894742,0.6397,1,332,incopy,,0,0.0,0.6666666666666666,2,-6.76
69,nocopy,CP002279,CP002279,5894742,0.6397,1,368,incopy,,0,0.0,0.5,1,-7.4999
69,nocopy,CP002279,CP002279,5894742,0.6397,1,348,incopy,,0,0.0,0.16666666666666666,1,-9.4176
69,nocopy,CP002279,CP002279,5894742,0.6397,2,316,incopy,,0,0.0,0.3333333333333333,2,-5.7585
69,nocopy,CP002279,CP002279,5894742,0.6397,2,332,incopy,,0,0.0,0.4166666666666667,2,-7.1956
69,nocopy,CP002279,CP002279,5894742,0.6397,2,336,incopy,,0,0.0,0.4166666666666667,3,-8.7714
69,nocopy,CP002279,CP002279,5894742,0.6397,2,342,incopy,,0,0.0,0.25,1,-8.0667
69,nocopy,CP002279,CP002279,5894742,0.6397,2,358,incopy,,0,0.0,0.3333333333333333,2,-6.6029
69,nocopy,CP002279,CP002279,5894742,0.6397,2,305,incopy,,0,0.0,0.3333333333333333,1,-7.4338
69,nocopy,CP002279,CP002279,5894742,0.6397,5,304,incopy,,0,0.0,0.2,3,-7.3898
69,nocopy,CP002279,CP002279,5894742,0.6397,5,381,incopy,,0,0.0,0.26666666666666666,2,-6.9855
69,nocopy,CP002279,CP002279,5894742,0.6397,5,375,incopy,,0,0.0,0.26666666666666666,2,-7.9358
69,nocopy,CP002279,CP002279,5894742,0.6397,5,302,incopy,,0,0.0,0.26666666666666666,3,-7.643
69,nocopy,CP002279,CP002279,5894742,0.6397,5,346,incopy,,0,0.0,0.26666666666666666,2,-7.1917
69,nocopy,CP002279,CP002279,5894742,0.6397,5,336,incopy,,0,0.0,0.23333333333333334,2,-8.1699
69,nocopy,CP002279,CP002279,5894742,0.6397,10,304,incopy,,0,0.0,0.3,3,-7.4262
69,nocopy,CP002279,CP002279,5894742,0.6397,10,309,incopy,,0,0.0,0.3,3,-7.0559
69,nocopy,CP002279,CP002279,5894742,0.6397,10,383,incopy,,0,0.0,0.38333333333333336,5,-6.939
69,nocopy,CP002279,CP002279,5894742,0.6397,10,357,incopy,,0,0.0,0.3,3,-7.1604
69,nocopy,CP002279,CP002279,5894742,0.6397,10,387,incopy,,0,0.0,0.31666666666666665,4,-6.521
69,nocopy,CP002279,CP002279,5894742,0.6397,10,376,incopy,,0,0.0,0.2833333333333333,2,-6.9457
69,nocopy,CP002279,CP002279,5894742,0.6397,20,326,incopy,,0,0.0,0.36666666666666664,5,-7.2942
69,nocopy,CP002279,CP002279,5894742,0.6397,20,305,incopy,,0,0.0,0.3,3,-7.0483
69,nocopy,CP002279,CP002279,5894742,0.6397,20,358,incopy,,0,0.0,0.4083333333333333,6,-7.3549
69,nocopy,CP002279,CP002279,5894742,0.6397,20,362,incopy,,0,0.0,0.31666666666666665,3,-7.5678
69,nocopy,CP002279,CP002279,5894742,0.6397,20,331,incopy,,0,0.0,0.25833333333333336,5,-7.5382
69,nocopy,CP002279,CP002279,5894742,0.6397,20,328,incopy,,0,0.0,0.25,3,-7.2076
70,copy,NZ_FOSL01000001.1,NZ_FOSL01000001.1,42006,0.6397,1,303,incopy,,1,1.0,1.0,6,-0.1327
70,copy,NZ_FOSL01000001.1,NZ_FOSL01000001.1,42006,0.6397,1,371,incopy,,1,1.0,1.0,6,-0.1756
70,copy,NZ_FOSL01000001.1,NZ_FOSL01000001.1,42006,0.6397,1,338,incopy,,1,1.0,1.0,6,-0.0772
70,copy,NZ_FOSL01000001.1,NZ_FOSL01000001.1,42006,0.6397,1,309,incopy,,1,1.0,1.0,6,-0.0938
70,copy,NZ_FOSL01000001.1,NZ_FOSL01000001.1,42006,0.6397,1,362,incopy,,1,1.0,1.0,6,-0.4205
70,copy,NZ_FOSL01000001.1,NZ_FOSL01000001.1,42006,0.6397,1,326,incopy,,1,1.0,1.0,6,-0.0686
70,copy,NZ_FOSL01000001.1,NZ_FOSL01000001.1,42006,0.6397,2,375,incopy,,1,1.0,1.0,12,-0.296
70,copy,NZ_FOSL01000001.1,NZ_FOSL01000001.1,42006,0.6397,2,380,incopy,,1,1.0,1.0,12,-0.0473
70,copy,NZ_FOSL01000001.1,NZ_FOSL01000001.1,42006,0.6397,2,393,incopy,,1,1.0,1.0,12,-0.1565
70,copy,NZ_FOSL01000001.1,NZ_FOSL01000001.1,42006,0.6397,2,394,incopy,,1,1.0,1.0,12,-0.2052
70,copy,NZ_FOSL01000001.1,NZ_FOSL01000001.1,42006,0.6397,2,370,incopy,,1,1.0,1.0,12,-0.1475
70,copy,NZ_FOSL01000001.1,NZ_FOSL01000001.1,42006,0.6397,2,370,incopy,,1,1.0,1.0,12,-0.1475
70,copy,NZ_FOSL01000001.1,NZ_FOSL01000001.1,42006,0.6397,5,329,incopy,,1,1.0,1.0,30,-0.7445
70,copy,NZ_FOSL01000001.1,NZ_FOSL01000001.1,42006,0.6397,5,328,incopy,,1,1.0,1.0,30,-0.8296
70,copy,NZ_FOSL01000001.1,NZ_FOSL01000001.1,42006,0.6397,5,389,incopy,,0,0.8,0.9,20,-0.7525
70,copy,NZ_FOSL01000001.1,NZ_FOSL01000001.1,42006,0.6397,5,314,incopy,,1,1.0,1.0,30,-0.3523
70,copy,NZ_FOSL01000001.1,NZ_FOSL01000001.1,42006,0.6397,5,326,incopy,,1,1.0,1.0,30,-0.5646
70,copy,NZ_FOSL01000001.1,NZ_FOSL01000001.1,42006,0.6397,5,324,incopy,,1,1.0,1.0,30,-0.5547
70,copy,NZ_FOSL01000001.1,NZ_FOSL01000001.1,42006,0.6397,10,339,incopy,,0,0.4,0.6333333333333333,11,-3.3272
70,copy,NZ_FOSL01000001.1,NZ_FOSL01000001.1,42006,0.6397,10,387,incopy,,0,0.3,0.5166666666666667,13,-4.7937
70,copy,NZ_FOSL01000001.1,NZ_FOSL01000001.1,42006,0.6397,10,316,incopy,,0,0.6,0.8,25,-2.2908
70,copy,NZ_FOSL01000001.1,NZ_FOSL01000001.1,42006,0.6397,10,342,incopy,,0,0.4,0.6333333333333333,11,-4.1894
70,copy,NZ_FOSL01000001.1,NZ_FOSL01000001.1,42006,0.6397,10,361,incopy,,0,0.4,0.7,13,-4.1259
70,copy,NZ_FOSL01000001.1,NZ_FOSL01000001.1,42006,0.6397,10,341,incopy,,0,0.7,0.8833333333333333,18,-3.2331
70,copy,NZ_FOSL01000001.1,NZ_FOSL01000001.1,42006,0.6397,20,357,incopy,,0,0.3,0.575,21,-5.0513
70,copy,NZ_FOSL01000001.1,NZ_FOSL01000001.1,42006,0.6397,20,374,incopy,,0,0.35,0.5333333333333333,30,-4.319
70,copy,NZ_FOSL01000001.1,NZ_FOSL01000001.1,42006,0.6397,20,307,incopy,,0,0.45,0.6333333333333333,31,-4.6864
70,copy,NZ_FOSL01000001.1,NZ_FOSL01000001.1,42006,0.6397,20,376,incopy,,0,0.3,0.45,24,-5.057
70,copy,NZ_FOSL01000001.1,NZ_FOSL01000001.1,42006,0.6397,20,349,incopy,,0,0.2,0.475,14,-5.768
70,copy,NZ_FOSL01000001.1,NZ_FOSL01000001.1,42006,0.6397,20,313,incopy,,0,0.3,0.6166666666666667,19,-5.1138
71,nocopy,NZ_FOSL01000001.1,NZ_FOSL01000001.1,42006,0.6397,1,303,incopy,,0,0.0,0.8333333333333334,4,-4.251
71,nocopy,NZ_FOSL01000001.1,NZ_FOSL01000001.1,42006,0.6397,1,371,incopy,,0,0.0,0.5,2,-7.9626
71,nocopy,NZ_FOSL01000001.1,NZ_FOSL01000001.1,42006,0.6397,1,338,incopy,,0,0.0,0.3333333333333333,2,-9.7673
71,nocopy,NZ_FOSL01000001.1,NZ_FOSL01000001.1,42006,0.6397,1,309,incopy,,0,0.0,0.5,2,-5.9869
71,nocopy,NZ_FOSL01000001.1,NZ_FOSL01000001.1,42006,0.6397,1,362,incopy,,0,0.0,0.8333333333333334,4,-4.5965
71,nocopy,NZ_FOSL01000001.1,NZ_FOSL01000001.1,42006,0.6397,1,326,incopy,,0,0.0,0.6666666666666666,2,-7.2858
71,nocopy,NZ_FOSL01000001.1,NZ_FOSL01000001.1,42006,0.6397,2,375,incopy,,0,0.0,0.16666666666666666,1,-9.3004
71,nocopy,NZ_FOSL01000001.1,NZ_FOSL01000001.1,42006,0.6397,2,380,incopy,,0,0.0,0.4166666666666667,2,-7.324
71,nocopy,NZ_FOSL01000001.1,NZ_FOSL01000001.1,42006,0.6397,2,393,incopy,,0,0.0,0.3333333333333333,2,-8.3599
71,nocopy,NZ_FOSL01000001.1,NZ_FOSL01000001.1,42006,0.6397,2,394,incopy,,0,0.0,0.5833333333333334,2,-6.5468
71,nocopy,NZ_FOSL01000001.1,NZ_FOSL01000001.1,42006,0.6397,2,370,incopy,,0,0.0,0.3333333333333333,2,-6.9283
71,nocopy,NZ_FOSL01000001.1,NZ_FOSL01000001.1,42006,0.6397,2,370,incopy,,0,0.0,0.3333333333333333,2,-6.9283
71,nocopy,NZ_FOSL01000001.1,NZ_FOSL01000001.1,42006,0.6397,5,329,incopy,,0,0.0,0.36666666666666664,2,-7.1858
71,nocopy,NZ_FOSL01000001.1,NZ_FOSL01000001.1,42006,0.6397,5,328,incopy,,0,0.0,0.3,2,-7.3712
71,nocopy,NZ_FOSL01000001.1,NZ_FOSL01000001.1,42006,0.6397,5,389,incopy,,0,0.0,0.26666666666666666,3,-7.9669
71,nocopy,NZ_FOSL01000001.1,NZ_FOSL01000001.1,42006,0.6397,5,314,incopy,,0,0.0,0.4666666666666667,5,-7.0022
71,nocopy,NZ_FOSL01000001.1,NZ_FOSL01000001.1,42006,0.6397,5,326,incopy,,0,0.0,0.36666666666666664,2,-7.2635
71,nocopy,NZ_FOSL01000001.1,NZ_FOSL01000001.1,42006,0.6397,5,324,incopy,,0,0.0,0.36666666666666664,3,-7.4111
71,nocopy,NZ_FOSL01000001.1,NZ_FOSL01000001.1,42006,0.6397,10,339,incopy,,0,0.0,0.3333333333333333,2,-7.2127
71,nocopy,NZ_FOSL01000001.1,NZ_FOSL01000001.1,42006,0.6397,10,387,incopy,,0,0.0,0.3333333333333333,3,-7.6624
71,nocopy,NZ_FOSL01000001.1,NZ_FOSL01000001.1,42006,0.6397,10,316,incopy,,0,0.1,0.43333333333333335,6,-6.6763
71,nocopy,NZ_FOSL01000001.1,NZ_FOSL01000001.1,42006,0.6397,10,342,incopy,,0,0.0,0.4166666666666667,5,-7.5847
71,nocopy,NZ_FOSL01000001.1,NZ_FOSL01000001.1,42006,0.6397,10,361,incopy,,0,0.0,0.26666666666666666,2,-7.478
71,nocopy,NZ_FOSL01000001.1,NZ_FOSL01000001.1,42006,0.6397,10,341,incopy,,0,0.0,0.35,5,-7.4788
71,nocopy,NZ_FOSL01000001.1,NZ_FOSL01000001.1,42006,0.6397,20,357,incopy,,0,0.0,0.3333333333333333,3,-7.9064
71,nocopy,NZ_FOSL01000001.1,NZ_FOSL01000001.1,42006,0.6397,20,374,incopy,,0,0.0,0.25,3,-8.2083
71,nocopy,NZ_FOSL01000001.1,NZ_FOSL01000001.1,42006,0.6397,20,307,incopy,,0,0.05,0.43333333333333335,6,-6.9092
71,nocopy,NZ_FOSL01000001.1,NZ_FOSL01000001.1,42006,0.6397,20,376,incopy,,0,0.0,0.25833333333333336,4,-8.2115
71,nocopy,NZ_FOSL01000001.1,NZ_FOSL01000001.1,42006,0.6397,20,349,incopy,,0,0.0,0.25,3,-7.6997
71,nocopy,NZ_FOSL01000001.1,NZ_FOSL01000001.1,42006,0.6397,20,313,incopy,,0,0.0,0.425,8,-6.9896
72,copy,CP002279,CP002279,503574,0.66,1,333,incopy,,1,1.0,1.0,6,-0.2013
72,copy,CP002279,CP002279,503574,0.66,1,304,incopy,,1,1.0,1.0,6,-0.1978
72,copy,CP002279,CP002279,503574,0.66,1,350,incopy,,1,1.0,1.0,6,-0.1079
72,copy,CP002279,CP002279,503574,0.66,1,348,incopy,,1,1.0,1.0,6,-0.1286
72,copy,CP002279,CP002279,503574,0.66,1,325,incopy,,1,1.0,1.0,6,-0.4058
72,copy,CP002279,CP002279,503574,0.66,1,369,incopy,,1,1.0,1.0,6,-0.1716
72,copy,CP002279,CP002279,503574,0.66,2,333,incopy,,1,1.0,1.0,12,-0.2879
72,copy,CP002279,CP002279,503574,0.66,2,370,incopy,,1,1.0,1.0,12,-0.2407
72,copy,CP002279,CP002279,503574,0.66,2,370,incopy,,1,1.0,1.0,12,-0.2407
72,copy,CP002279,CP002279,503574,0.66,2,344,incopy,,1,1.0,1.0,12,-0.2627
72,copy,CP002279,CP002279,503574,0.66,2,333,incopy,,1,1.0,1.0,12,-0.2879
72,copy,CP002279,CP002279,503574,0.66,2,368,incopy,,1,1.0,1.0,12,-0.166
72,copy,CP002279,CP002279,503574,0.66,5,390,incopy,,1,1.0,1.0,30,-0.7568
72,copy,CP002279,CP002279,503574,0.66,5,378,incopy,,0,0.6,0.6333333333333333,6,-2.1072
72,copy,CP002279,CP002279,503574,0.66,5,354,incopy,,0,0.8,0.9333333333333333,15,-1.0968
72,copy,CP002279,CP002279,503574,0.66,5,342,incopy,,0,0.8,0.8666666666666667,19,-1.0606
72,copy,CP002279,CP002279,503574,0.66,5,392,incopy,,0,0.8,0.9333333333333333,21,-1.084
72,copy,CP002279,CP002279,503574,0.66,5,330,incopy,,0,0.6,0.7666666666666667,12,-1.2269
72,copy,CP002279,CP002279,503574,0.66,10,313,incopy,,0,0.4,0.6666666666666666,15,-2.8043
72,copy,CP002279,CP002279,503574,0.66,10,349,incopy,,0,0.5,0.7666666666666667,15,-3.6891
72,copy,CP002279,CP002279,503574,0.66,10,386,incopy,,0,0.3,0.5833333333333334,13,-2.7856
72,copy,CP002279,CP002279,503574,0.66,10,375,incopy,,0,0.5,0.6833333333333333,12,-3.3108
72,copy,CP002279,CP002279,503574,0.66,10,350,incopy,,0,0.3,0.6,11,-4.053
72,copy,CP002279,CP002279,503574,0.66,10,364,incopy,,0,0.5,0.75,12,-2.2234
72,copy,CP002279,CP002279,503574,0.66,20,357,incopy,,0,0.35,0.5666666666666667,24,-4.6601
72,copy,CP002279,CP002279,503574,0.66,20,308,incopy,,0,0.2,0.6,15,-4.9033
72,copy,CP002279,CP002279,503574,0.66,20,363,incopy,,0,0.3,0.575,22,-5.2759
72,copy,CP002279,CP002279,503574,0.66,20,315,incopy,,0,0.35,0.48333333333333334,30,-4.3962
72,copy,CP002279,CP002279,503574,0.66,20,353,incopy,,0,0.4,0.5666666666666667,25,-4.5261
72,copy,CP002279,CP002279,503574,0.66,20,339,incopy,,0,0.25,0.525,19,-4.6907
73,nocopy,CP002279,CP002279,503574,0.66,1,333,incopy,,0,0.0,0.16666666666666666,1,-5.2704
73,nocopy,CP002279,CP002279,503574,0.66,1,304,incopy,,0,0.0,0.16666666666666666,1,-6.8651
73,nocopy,CP002279,CP002279,503574,0.66,1,350,incopy,,0,0.0,0.3333333333333333,1,-7.9881
73,nocopy,CP002279,CP002279,503574,0.66,1,348,incopy,,0,0.0,0.3333333333333333,1,-9.6864
73,nocopy,CP002279,CP002279,503574,0.66,1,325,incopy,,0,0.0,0.16666666666666666,1,-6.8109
73,nocopy,CP002279,CP002279,503574,0.66,1,369,incopy,,0,0.0,0.5,3,-7.4059
73,nocopy,CP002279,CP002279,503574,0.66,2,333,incopy,,0,0.0,0.4166666666666667,3,-6.0982
73,nocopy,CP002279,CP002279,503574,0.66,2,370,incopy,,0,0.0,0.3333333333333333,2,-5.8653
73,nocopy,CP002279,CP002279,503574,0.66,2,370,incopy,,0,0.0,0.3333333333333333,2,-5.8652
73,nocopy,CP002279,CP002279,503574,0.66,2,344,incopy,,0,0.0,0.25,1,-8.293
73,nocopy,CP002279,CP002279,503574,0.66,2,333,incopy,,0,0.0,0.4166666666666667,3,-6.0982
73,nocopy,CP002279,CP002279,503574,0.66,2,368,incopy,,0,0.0,0.3333333333333333,2,-7.7448
73,nocopy,CP002279,CP002279,503574,0.66,5,390,incopy,,0,0.0,0.3,2,-7.355
73,nocopy,CP002279,CP002279,503574,0.66,5,378,incopy,,0,0.0,0.23333333333333334,2,-9.121
73,nocopy,CP002279,CP002279,503574,0.66,5,354,incopy,,0,0.0,0.3333333333333333,4,-6.9973
73,nocopy,CP002279,CP002279,503574,0.66,5,342,incopy,,0,0.0,0.3333333333333333,3,-7.9641
73,nocopy,CP002279,CP002279,503574,0.66,5,392,incopy,,0,0.0,0.4,3,-6.5143
73,nocopy,CP002279,CP002279,503574,0.66,5,330,incopy,,0,0.0,0.4666666666666667,2,-7.603
73,nocopy,CP002279,CP002279,503574,0.66,10,313,incopy,,0,0.0,0.23333333333333334,2,-7.732
73,nocopy,CP002279,CP002279,503574,0.66,10,349,incopy,,0,0.0,0.4,5,-7.039
73,nocopy,CP002279,CP002279,503574,0.66,10,386,incopy,,0,0.0,0.35,3,-7.242
73,nocopy,CP002279,CP002279,503574,0.66,10,375,incopy,,0,0.0,0.31666666666666665,3,-8.9743
73,nocopy,CP002279,CP002279,503574,0.66,10,350,incopy,,0,0.0,0.4,3,-7.0334
73,nocopy,CP002279,CP002279,503574,0.66,10,364,incopy,,0,0.0,0.3333333333333333,3,-7.8031
73,nocopy,CP002279,CP002279,503574,0.66,20,357,incopy,,0,0.0,0.325,4,-7.3804
73,nocopy,CP002279,CP002279,503574,0.66,20,308,incopy,,0,0.0,0.325,4,-7.5864
73,nocopy,CP002279,CP002279,503574,0.66,20,363,incopy,,0,0.0,0.2833333333333333,4,-7.8242
73,nocopy,CP002279,CP002279,503574,0.66,20,315,incopy,,0,0.0,0.3333333333333333,4,-7.2718
73,nocopy,CP002279,CP002279,503574,0.66,20,353,incopy,,0,0.0,0.35833333333333334,5,-7.2205
73,nocopy,CP002279,CP002279,503574,0.66,20,339,incopy,,0,0.0,0.475,5,-7.1944
74,copy,NZ_FOSL01000013.1,NZ_FOSL01000013.1,82464,0.62,1,343,incopy,,1,1.0,1.0,6,-0.1379
74,copy,NZ_FOSL01000013.1,NZ_FOSL01000013.1,82464,0.62,1,312,incopy,,1,1.0,1.0,6,-0.0937
74,copy,NZ_FOSL01000013.1,NZ_FOSL01000013.1,82464,0.62,1,308,incopy,,1,1.0,1.0,6,-0.3189
74,copy,NZ_FOSL01000013.1,NZ_FOSL01000013.1,82464,0.62,1,313,incopy,,0,0.0,0.8333333333333334,4,-3.9103
74,copy,NZ_FOSL01000013.1,NZ_FOSL01000013.1,82464,0.62,1,344,incopy,,1,1.0,1.0,6,-0.0855
74,copy,NZ_FOSL01000013.1,NZ_FOSL01000013.1,82464,0.62,1,388,incopy,,1,1.0,1.0,6,-0.4385
74,copy,NZ_FOSL01000013.1,NZ_FOSL01000013.1,82464,0.62,2,302,incopy,,1,1.0,1.0,12,-0.2793
74,copy,NZ_FOSL01000013.1,NZ_FOSL01000013.1,82464,0.62,2,370,incopy,,1,1.0,1.0,12,-0.0546
74,copy,NZ_FOSL01000013.1,NZ_FOSL01000013.1,82464,0.62,2,352,incopy,,1,1.0,1.0,12,-0.1314
74,copy,NZ_FOSL01000013.1,NZ_FOSL01000013.1,82464,0.62,2,309,incopy,,1,1.0,1.0,12,-0.1221
74,copy,NZ_FOSL01000013.1,NZ_FOSL01000013.1,82464,0.62,2,356,incopy,,1,1.0,1.0,12,-0.0688
74,copy,NZ_FOSL01000013.1,NZ_FOSL01000013.1,82464,0.62,2,378,incopy,,1,1.0,1.0,12,-0.1351
74,copy,NZ_FOSL01000013.1,NZ_FOSL01000013.1,82464,0.62,5,323,incopy,,0,0.8,0.8666666666666667,13,-0.4525
74,copy,NZ_FOSL01000013.1,NZ_FOSL01000013.1,82464,0.62,5,335,incopy,,0,0.8,0.8333333333333334,18,-0.735
74,copy,NZ_FOSL01000013.1,NZ_FOSL01000013.1,82464,0.62,5,389,incopy,,0,0.8,0.9,18,-1.286
74,copy,NZ_FOSL01000013.1,NZ_FOSL01000013.1,82464,0.62,5,316,incopy,,0,0.8,0.8333333333333334,18,-1.9386
74,copy,NZ_FOSL01000013.1,NZ_FOSL01000013.1,82464,0.62,5,324,incopy,,0,0.8,0.8666666666666667,18,-0.6424
74,copy,NZ_FOSL01000013.1,NZ_FOSL01000013.1,82464,0.62,5,364,incopy,,0,0.8,0.9,21,-0.5953
74,copy,NZ_FOSL01000013.1,NZ_FOSL01000013.1,82464,0.62,10,317,incopy,,0,0.7,0.8,25,-3.1866
74,copy,NZ_FOSL01000013.1,NZ_FOSL01000013.1,82464,0.62,10,355,incopy,,0,0.6,0.7166666666666667,18,-2.6246
74,copy,NZ_FOSL01000013.1,NZ_FOSL01000013.1,82464,0.62,10,363,incopy,,0,0.5,0.7166666666666667,23,-4.0368
74,copy,NZ_FOSL01000013.1,NZ_FOSL01000013.1,82464,0.62,10,337,incopy,,0,0.5,0.7333333333333333,15,-2.2054
74,copy,NZ_FOSL01000013.1,NZ_FOSL01000013.1,82464,0.62,10,304,incopy,,0,0.4,0.6,13,-3.8111
74,copy,NZ_FOSL01000013.1,NZ_FOSL01000013.1,82464,0.62,10,316,incopy,,0,0.5,0.6,19,-3.817
74,copy,NZ_FOSL01000013.1,NZ_FOSL01000013.1,82464,0.62,20,322,incopy,,0,0.35,0.5583333333333333,26,-5.1411
74,copy,NZ_FOSL01000013.1,NZ_FOSL01000013.1,82464,0.62,20,328,incopy,,0,0.35,0.5666666666666667,18,-4.7298
74,copy,NZ_FOSL01000013.1,NZ_FOSL01000013.1,82464,0.62,20,316,incopy,,0,0.4,0.5833333333333334,24,-4.8979
74,copy,NZ_FOSL01000013.1,NZ_FOSL01000013.1,82464,0.62,20,354,incopy,,0,0.3,0.55,30,-4.8747
74,copy,NZ_FOSL01000013.1,NZ_FOSL01000013.1,82464,0.62,20,310,incopy,,0,0.15,0.4083333333333333,12,-6.6879
74,copy,NZ_FOSL01000013.1,NZ_FOSL01000013.1,82464,0.62,20,325,incopy,,0,0.35,0.5333333333333333,24,-4.5795
75,nocopy,NZ_FOSL01000013.1,NZ_FOSL01000013.1,82464,0.62,1,343,incopy,,0,0.0,0.3333333333333333,1,-7.4135
75,nocopy,NZ_FOSL01000013.1,NZ_FOSL01000013.1,82464,0.62,1,312,incopy,,0,0.0,0.16666666666666666,1,-8.2206
75,nocopy,NZ_FOSL01000013.1,NZ_FOSL01000013.1,82464,0.62,1,308,incopy,,0,0.0,0.5,3,-8.7009
75,nocopy,NZ_FOSL01000013.1,NZ_FOSL01000013.1,82464,0.62,1,313,incopy,,0,0.0,0.3333333333333333,2,-7.4609
75,nocopy,NZ_FOSL01000013.1,NZ_FOSL01000013.1,82464,0.62,1,344,incopy,,0,0.0,0.6666666666666666,4,-5.8172
75,nocopy,NZ_FOSL01000013.1,NZ_FOSL01000013.1,82464,0.62,1,388,incopy,,0,0.0,0.0,0,-7.7475
75,nocopy,NZ_FOSL01000013.1,NZ_FOSL01000013.1,82464,0.62,2,302,incopy,,0,0.0,0.3333333333333333,2,-9.0768
75,nocopy,NZ_FOSL01000013.1,NZ_FOSL01000013.1,82464,0.62,2,370,incopy,,0,0.0,0.25,1,-9.6062
75,nocopy,NZ_FOSL01000013.1,NZ_FOSL01000013.1,82464,0.62,2,352,incopy,,0,0.0,0.5,3,-6.409
75,nocopy,NZ_FOSL01000013.1,NZ_FOSL01000013.1,82464,0.62,2,309,incopy,,0,0.0,0.5,3,-7.0649
75,nocopy,NZ_FOSL01000013.1,NZ_FOSL01000013.1,82464,0.62,2,356,incopy,,0,0.0,0.4166666666666667,2,-6.6135
75,nocopy,NZ_FOSL01000013.1,NZ_FOSL01000013.1,82464,0.62,2,378,incopy,,0,0.0,0.4166666666666667,2,-10.1586
75,nocopy,NZ_FOSL01000013.1,NZ_FOSL01000013.1,82464,0.62,5,323,incopy,,0,0.0,0.3333333333333333,5,-6.9773
75,nocopy,NZ_FOSL01000013.1,NZ_FOSL01000013.1,82464,0.62,5,335,incopy,,0,0.0,0.36666666666666664,2,-8.1382
75,nocopy,NZ_FOSL01000013.1,NZ_FOSL01000013.1,82464,0.62,5,389,incopy,,0,0.0,0.23333333333333334,2,-7.7312
75,nocopy,NZ_FOSL01000013.1,NZ_FOSL01000013.1,82464,0.62,5,316,incopy,,0,0.0,0.43333333333333335,3,-6.7565
75,nocopy,NZ_FOSL01000013.1,NZ_FOSL01000013.1,82464,0.62,5,324,incopy,,0,0.0,0.36666666666666664,3,-7.2576
75,nocopy,NZ_FOSL01000013.1,NZ_FOSL01000013.1,82464,0.62,5,364,incopy,,0,0.0,0.13333333333333333,1,-8.7044
75,nocopy,NZ_FOSL01000013.1,NZ_FOSL01000013.1,82464,0.62,10,317,incopy,,0,0.0,0.38333333333333336,4,-7.2496
75,nocopy,NZ_FOSL01000013.1,NZ_FOSL01000013.1,82464,0.62,10,355,incopy,,0,0.0,0.25,2,-7.6368
75,nocopy,NZ_FOSL01000013.1,NZ_FOSL01000013.1,82464,0.62,10,363,incopy,,0,0.0,0.3,2,-8.2257
75,nocopy,NZ_FOSL01000013.1,NZ_FOSL01000013.1,82464,0.62,10,337,incopy,,0,0.0,0.38333333333333336,3,-7.8909
75,nocopy,NZ_FOSL01000013.1,NZ_FOSL01000013.1,82464,0.62,10,304,incopy,,0,0.0,0.26666666666666666,3,-7.2505
75,nocopy,NZ_FOSL01000013.1,NZ_FOSL01000013.1,82464,0.62,10,316,incopy,,0,0.0,0.4666666666666667,4,-6.9405
75,nocopy,NZ_FOSL01000013.1,NZ_FOSL01000013.1,82464,0.62,20,322,incopy,,0,0.0,0.375,3,-7.6746
75,nocopy,NZ_FOSL01000013.1,NZ_FOSL01000013.1,82464,0.62,20,328,incopy,,0,0.0,0.30833333333333335,4,-7.8913
75,nocopy,NZ_FOSL01000013.1,NZ_FOSL01000013.1,82464,0.62,20,316,incopy,,0,0.0,0.375,6,-7.3407
75,nocopy,NZ_FOSL01000013.1,NZ_FOSL01000013.1,82464,0.62,20,354,incopy,,0,0.0,0.25833333333333336,3,-8.0611
75,nocopy,NZ_FOSL01000013.1,NZ_FOSL01000013.1,82464,0.62,20,310,incopy,,0,0.0,0.3,4,-7.3676
75,nocopy,NZ_FOSL01000013.1,NZ_FOSL01000013.1,82464,0.62,20,325,incopy,,0,0.0,0.2833333333333333,6,-8.1445
76,copy,NZ_FOSL01000014.1,NZ_FOSL01000014.1,40272,0.5593,1,390,incopy,,1,1.0,1.0,6,-0.1887
76,copy,NZ_FOSL01000014.1,NZ_FOSL01000014.1,40272,0.5593,1,368,incopy,,1,1.0,1.0,6,-0.663
76,copy,NZ_FOSL01000014.1,NZ_FOSL01000014.1,40272,0.5593,1,348,incopy,,1,1.0,1.0,6,-0.1188
76,copy,NZ_FOSL01000014.1,NZ_FOSL01000014.1,40272,0.5593,1,318,incopy,,1,1.0,1.0,6,-0.182
76,copy,NZ_FOSL01000014.1,NZ_FOSL01000014.1,40272,0.5593,1,309,incopy,,1,1.0,1.0,6,-0.0934
76,copy,NZ_FOSL01000014.1,NZ_FOSL01000014.1,40272,0.5593,1,354,incopy,,1,1.0,1.0,6,-0.1695
76,copy,NZ_FOSL01000014.1,NZ_FOSL01000014.1,40272,0.5593,2,313,incopy,,1,1.0,1.0,12,-0.3213
76,copy,NZ_FOSL01000014.1,NZ_FOSL01000014.1,40272,0.5593,2,325,incopy,,1,1.0,1.0,12,-0.1527
76,copy,NZ_FOSL01000014.1,NZ_FOSL01000014.1,40272,0.5593,2,317,incopy,,1,1.0,1.0,12,-0.2467
76,copy,NZ_FOSL01000014.1,NZ_FOSL01000014.1,40272,0.5593,2,375,incopy,,1,1.0,1.0,12,-0.3962
76,copy,NZ_FOSL01000014.1,NZ_FOSL01000014.1,40272,0.5593,2,363,incopy,,1,1.0,1.0,12,-0.0617
76,copy,NZ_FOSL01000014.1,NZ_FOSL01000014.1,40272,0.5593,2,339,incopy,,1,1.0,1.0,12,-0.6185
76,copy,NZ_FOSL01000014.1,NZ_FOSL01000014.1,40272,0.5593,5,355,incopy,,1,1.0,1.0,30,-0.2752
76,copy,NZ_FOSL01000014.1,NZ_FOSL01000014.1,40272,0.5593,5,385,incopy,,0,0.8,0.8666666666666667,12,-0.8939
76,copy,NZ_FOSL01000014.1,NZ_FOSL01000014.1,40272,0.5593,5,384,incopy,,1,1.0,1.0,30,-0.4924
76,copy,NZ_FOSL01000014.1,NZ_FOSL01000014.1,40272,0.5593,5,336,incopy,,1,1.0,1.0,30,-0.8693
76,copy,NZ_FOSL01000014.1,NZ_FOSL01000014.1,40272,0.5593,5,352,incopy,,1,1.0,1.0,30,-0.3095
76,copy,NZ_FOSL01000014.1,NZ_FOSL01000014.1,40272,0.5593,5,344,incopy,,1,1.0,1.0,30,-0.3973
76,copy,NZ_FOSL01000014.1,NZ_FOSL01000014.1,40272,0.5593,10,320,incopy,,0,0.4,0.6333333333333333,15,-3.9244
76,copy,NZ_FOSL01000014.1,NZ_FOSL01000014.1,40272,0.5593,10,357,incopy,,0,0.4,0.6333333333333333,12,-3.7266
76,copy,NZ_FOSL01000014.1,NZ_FOSL01000014.1,40272,0.5593,10,308,incopy,,0,0.2,0.5166666666666667,10,-6.0905
76,copy,NZ_FOSL01000014.1,NZ_FOSL01000014.1,40272,0.5593,10,366,incopy,,0,0.4,0.6666666666666666,13,-3.7089
76,copy,NZ_FOSL01000014.1,NZ_FOSL01000014.1,40272,0.5593,10,371,incopy,,0,0.7,0.8833333333333333,21,-1.9554
76,copy,NZ_FOSL01000014.1,NZ_FOSL01000014.1,40272,0.5593,10,307,incopy,,0,0.9,0.9666666666666667,42,-1.4293
76,copy,NZ_FOSL01000014.1,NZ_FOSL01000014.1,40272,0.5593,20,349,incopy,,0,0.25,0.5333333333333333,13,-4.7157
76,copy,NZ_FOSL01000014.1,NZ_FOSL01000014.1,40272,0.5593,20,311,incopy,,0,0.35,0.5333333333333333,21,-5.2459
76,copy,NZ_FOSL01000014.1,NZ_FOSL01000014.1,40272,0.5593,20,358,incopy,,0,0.3,0.5666666666666667,22,-4.9579
76,copy,NZ_FOSL01000014.1,NZ_FOSL01000014.1,40272,0.5593,20,343,incopy,,0,0.3,0.55,18,-5.1612
76,copy,NZ_FOSL01000014.1,NZ_FOSL01000014.1,40272,0.5593,20,312,incopy,,0,0.35,0.6083333333333333,25,-4.6354
76,copy,NZ_FOSL01000014.1,NZ_FOSL01000014.1,40272,0.5593,20,327,incopy,,0,0.3,0.5333333333333333,19,-5.6628
77,nocopy,NZ_FOSL01000014.1,NZ_FOSL01000014.1,40272,0.5593,1,390,incopy,,0,0.0,0.3333333333333333,1,-9.5328
77,nocopy,NZ_FOSL01000014.1,NZ_FOSL01000014.1,40272,0.5593,1,368,incopy,,0,0.0,0.3333333333333333,1,-8.0562
77,nocopy,NZ_FOSL01000014.1,NZ_FOSL01000014.1,40272,0.5593,1,348,incopy,,0,0.0,0.16666666666666666,1,-9.4236
77,nocopy,NZ_FOSL01000014.1,NZ_FOSL01000014.1,40272,0.5593,1,318,incopy,,0,0.0,0.5,2,-7.2799
77,nocopy,NZ_FOSL01000014.1,NZ_FOSL01000014.1,40272,0.5593,1,309,incopy,,0,0.0,0.3333333333333333,2,-8.5665
77,nocopy,NZ_FOSL01000014.1,NZ_FOSL01000014.1,40272,0.5593,1,354,incopy,,0,0.0,0.5,1,-6.9377
77,nocopy,NZ_FOSL01000014.1,NZ_FOSL01000014.1,40272,0.5593,2,313,incopy,,0,0.0,0.25,1,-7.9353
77,nocopy,NZ_FOSL01000014.1,NZ_FOSL01000014.1,40272,0.5593,2,325,incopy,,0,0.0,0.4166666666666667,3,-9.6134
77,nocopy,NZ_FOSL01000014.1,NZ_FOSL01000014.1,40272,0.5593,2,317,incopy,,0,0.0,0.3333333333333333,1,-8.66
77,nocopy,NZ_FOSL01000014.1,NZ_FOSL01000014.1,40272,0.5593,2,375,incopy,,0,0.0,0.3333333333333333,2,-8.2677
77,nocopy,NZ_FOSL01000014.1,NZ_FOSL01000014.1,40272,0.5593,2,363,incopy,,0,0.0,0.16666666666666666,1,-8.5269
77,nocopy,NZ_FOSL01000014.1,NZ_FOSL01000014.1,40272,0.5593,2,339,incopy,,0,0.0,0.3333333333333333,1,-7.6482
77,nocopy,NZ_FOSL01000014.1,NZ_FOSL01000014.1,40272,0.5593,5,355,incopy,,0,0.0,0.2,2,-8.3293
77,nocopy,NZ_FOSL01000014.1,NZ_FOSL01000014.1,40272,0.5593,5,385,incopy,,0,0.0,0.3,2,-8.7689
77,nocopy,NZ_FOSL01000014.1,NZ_FOSL01000014.1,40272,0.5593,5,384,incopy,,0,0.0,0.2,1,-8.671
77,nocopy,NZ_FOSL01000014.1,NZ_FOSL01000014.1,40272,0.5593,5,336,incopy,,0,0.0,0.16666666666666666,1,-9.0541
77,nocopy,NZ_FOSL01000014.1,NZ_FOSL01000014.1,40272,0.5593,5,352,incopy,,0,0.0,0.3333333333333333,3,-7.9618
77,nocopy,NZ_FOSL01000014.1,NZ_FOSL01000014.1,40272,0.5593,5,344,incopy,,0,0.0,0.26666666666666666,2,-8.6225
77,nocopy,NZ_FOSL01000014.1,NZ_FOSL01000014.1,40272,0.5593,10,320,incopy,,0,0.0,0.23333333333333334,2,-8.246
77,nocopy,NZ_FOSL01000014.1,NZ_FOSL01000014.1,40272,0.5593,10,357,incopy,,0,0.0,0.31666666666666665,3,-8.6173
77,nocopy,NZ_FOSL01000014.1,NZ_FOSL01000014.1,40272,0.5593,10,308,incopy,,0,0.0,0.2833333333333333,3,-8.1347
77,nocopy,NZ_FOSL01000014.1,NZ_FOSL01000014.1,40272,0.5593,10,366,incopy,,0,0.0,0.2833333333333333,4,-8.3917
77,nocopy,NZ_FOSL01000014.1,NZ_FOSL01000014.1,40272,0.5593,10,371,incopy,,0,0.0,0.31666666666666665,4,-8.4236
77,nocopy,NZ_FOSL01000014.1,NZ_FOSL01000014.1,40272,0.5593,10,307,incopy,,0,0.0,0.2833333333333333,3,-8.3474
77,nocopy,NZ_FOSL01000014.1,NZ_FOSL01000014.1,40272,0.5593,20,349,incopy,,0,0.0,0.2916666666666667,5,-8.6118
77,nocopy,NZ_FOSL01000014.1,NZ_FOSL01000014.1,40272,0.5593,20,311,incopy,,0,0.0,0.2833333333333333,2,-8.6231
77,nocopy,NZ_FOSL01000014.1,NZ_FOSL01000014.1,40272,0.5593,20,358,incopy,,0,0.0,0.19166666666666668,4,-8.3307
77,nocopy,NZ_FOSL01000014.1,NZ_FOSL01000014.1,40272,0.5593,20,343,incopy,,0,0.0,0.275,5,-8.4587
77,nocopy,NZ_FOSL01000014.1,NZ_FOSL01000014.1,40272,0.5593,20,312,incopy,,0,0.0,0.3,3,-8.5098
77,nocopy,NZ_FOSL01000014.1,NZ_FOSL01000014.1,40272,0.5593,20,327,incopy,,0,0.0,0.3,3,-8.2809
78,copy,NZ_FOSL01000005.1,NZ_FOSL01000005.1,28218,0.6443,1,309,incopy,,1,1.0,1.0,6,-0.2346
78,copy,NZ_FOSL01000005.1,NZ_FOSL01000005.1,28218,0.6443,1,366,incopy,,1,1.0,1.0,6,-0.1323
78,copy,NZ_FOSL01000005.1,NZ_FOSL01000005.1,28218,0.6443,1,381,incopy,,1,1.0,1.0,6,-0.1548
78,copy,NZ_FOSL01000005.1,NZ_FOSL01000005.1,28218,0.6443,1,355,incopy,,1,1.0,1.0,6,-0.1133
78,copy,NZ_FOSL01000005.1,NZ_FOSL01000005.1,28218,0.6443,1,376,incopy,,1,1.0,1.0,6,-0.0879
78,copy,NZ_FOSL01000005.1,NZ_FOSL01000005.1,28218,0.6443,1,339,incopy,,1,1.0,1.0,6,-0.0848
78,copy,NZ_FOSL01000005.1,NZ_FOSL01000005.1,28218,0.6443,2,387,incopy,,1,1.0,1.0,12,-0.1979
78,copy,NZ_FOSL01000005.1,NZ_FOSL01000005.1,28218,0.6443,2,342,incopy,,1,1.0,1.0,12,-0.0846
78,copy,NZ_FOSL01000005.1,NZ_FOSL01000005.1,28218,0.6443,2,350,incopy,,1,1.0,1.0,12,-0.2559
78,copy,NZ_FOSL01000005.1,NZ_FOSL01000005.1,28218,0.6443,2,314,incopy,,0,0.5,0.6666666666666666,6,-3.3138
78,copy,NZ_FOSL01000005.1,NZ_FOSL01000005.1,28218,0.6443,2,375,incopy,,1,1.0,1.0,12,-0.2115
78,copy,NZ_FOSL01000005.1,NZ_FOSL01000005.1,28218,0.6443,2,372,incopy,,1,1.0,1.0,12,-0.2083
78,copy,NZ_FOSL01000005.1,NZ_FOSL01000005.1,28218,0.6443,5,342,incopy,,1,1.0,1.0,30,-0.3622
78,copy,NZ_FOSL01000005.1,NZ_FOSL01000005.1,28218,0.6443,5,333,incopy,,0,0.8,0.9,19,-1.7818
78,copy,NZ_FOSL01000005.1,NZ_FOSL01000005.1,28218,0.6443,5,348,incopy,,0,0.6,0.8,12,-1.1098
78,copy,NZ_FOSL01000005.1,NZ_FOSL01000005.1,28218,0.6443,5,380,incopy,,1,1.0,1.0,30,-0.5738
78,copy,NZ_FOSL01000005.1,NZ_FOSL01000005.1,28218,0.6443,5,382,incopy,,0,0.8,0.8333333333333334,12,-0.8893
78,copy,NZ_FOSL01000005.1,NZ_FOSL01000005.1,28218,0.6443,5,326,incopy,,0,0.8,0.8666666666666667,18,-0.3927
78,copy,NZ_FOSL01000005.1,NZ_FOSL01000005.1,28218,0.6443,10,324,incopy,,0,0.8,0.8666666666666667,30,-1.7884
78,copy,NZ_FOSL01000005.1,NZ_FOSL01000005.1,28218,0.6443,10,328,incopy,,0,0.4,0.7166666666666667,19,-3.6467
78,copy,NZ_FOSL01000005.1,NZ_FOSL01000005.1,28218,0.6443,10,318,incopy,,0,0.6,0.7833333333333333,19,-2.8196
78,copy,NZ_FOSL01000005.1,NZ_FOSL01000005.1,28218,0.6443,10,355,incopy,,0,0.7,0.85,24,-2.3546
78,copy,NZ_FOSL01000005.1,NZ_FOSL01000005.1,28218,0.6443,10,324,incopy,,0,0.8,0.8666666666666667,30,-1.7884
78,copy,NZ_FOSL01000005.1,NZ_FOSL01000005.1,28218,0.6443,10,323,incopy,,0,0.7,0.8333333333333334,18,-1.889
78,copy,NZ_FOSL01000005.1,NZ_FOSL01000005.1,28218,0.6443,20,309,incopy,,0,0.35,0.5916666666666667,25,-5.1514
78,copy,NZ_FOSL01000005.1,NZ_FOSL01000005.1,28218,0.6443,20,354,incopy,,0,0.25,0.4666666666666667,19,-5.6415
78,copy,NZ_FOSL01000005.1,NZ_FOSL01000005.1,28218,0.6443,20,377,incopy,,0,0.2,0.5416666666666666,24,-5.8451
78,copy,NZ_FOSL01000005.1,NZ_FOSL01000005.1,28218,0.6443,20,356,incopy,,0,0.35,0.625,26,-4.9191
78,copy,NZ_FOSL01000005.1,NZ_FOSL01000005.1,28218,0.6443,20,359,incopy,,0,0.2,0.5083333333333333,12,-5.3566
78,copy,NZ_FOSL01000005.1,NZ_FOSL01000005.1,28218,0.6443,20,316,incopy,,0,0.25,0.49166666666666664,20,-5.0079
79,nocopy,NZ_FOSL01000005.1,NZ_FOSL01000005.1,28218,0.6443,1,309,incopy,,0,0.0,0.16666666666666666,1,-9.0328
79,nocopy,NZ_FOSL01000005.1,NZ_FOSL01000005.1,28218,0.6443,1,366,incopy,,0,0.0,0.5,2,-5.967
79,nocopy,NZ_FOSL01000005.1,NZ_FOSL01000005.1,28218,0.6443,1,381,incopy,,0,0.0,0.6666666666666666,4,-5.9445
79,nocopy,NZ_FOSL01000005.1,NZ_FOSL01000005.1,28218,0.6443,1,355,incopy,,0,0.0,0.16666666666666666,1,-13.6209
79,nocopy,NZ_FOSL01000005.1,NZ_FOSL01000005.1,28218,0.6443,1,376,incopy,,0,0.0,0.5,3,-8.159
79,nocopy,NZ_FOSL01000005.1,NZ_FOSL01000005.1,28218,0.6443,1,339,incopy,,0,0.0,0.16666666666666666,1,-7.7441
79,nocopy,NZ_FOSL01000005.1,NZ_FOSL01000005.1,28218,0.6443,2,387,incopy,,0,0.0,0.3333333333333333,1,-5.2505
79,nocopy,NZ_FOSL01000005.1,NZ_FOSL01000005.1,28218,0.6443,2,342,incopy,,0,0.0,0.5,3,-8.0189
79,nocopy,NZ_FOSL01000005.1,NZ_FOSL01000005.1,28218,0.6443,2,350,incopy,,0,0.0,0.08333333333333333,1,-7.9756
79,nocopy,NZ_FOSL01000005.1,NZ_FOSL01000005.1,28218,0.6443,2,314,incopy,,0,0.0,0.75,4,-6.7861
79,nocopy,NZ_FOSL01000005.1,NZ_FOSL01000005.1,28218,0.6443,2,375,incopy,,0,0.0,0.25,2,-8.7557
79,nocopy,NZ_FOSL01000005.1,NZ_FOSL01000005.1,28218,0.6443,2,372,incopy,,0,0.0,0.0,0,-7.1115
79,nocopy,NZ_FOSL01000005.1,NZ_FOSL01000005.1,28218,0.6443,5,342,incopy,,0,0.0,0.26666666666666666,3,-7.732
79,nocopy,NZ_FOSL01000005.1,NZ_FOSL01000005.1,28218,0.6443,5,333,incopy,,0,0.0,0.3333333333333333,5,-7.0537
79,nocopy,NZ_FOSL01000005.1,NZ_FOSL01000005.1,28218,0.6443,5,348,incopy,,0,0.0,0.16666666666666666,1,-8.0509
79,nocopy,NZ_FOSL01000005.1,NZ_FOSL01000005.1,28218,0.6443,5,380,incopy,,0,0.0,0.4,4,-6.171
79,nocopy,NZ_FOSL01000005.1,NZ_FOSL01000005.1,28218,0.6443,5,382,incopy,,0,0.0,0.43333333333333335,5,-6.1724
79,nocopy,NZ_FOSL01000005.1,NZ_FOSL01000005.1,28218,0.6443,5,326,incopy,,0,0.0,0.5666666666666667,6,-6.6887
79,nocopy,NZ_FOSL01000005.1,NZ_FOSL01000005.1,28218,0.6443,10,324,incopy,,0,0.0,0.3,4,-7.0867
79,nocopy,NZ_FOSL01000005.1,NZ_FOSL01000005.1,28218,0.6443,10,328,incopy,,0,0.0,0.3,4,-7.036
79,nocopy,NZ_FOSL01000005.1,NZ_FOSL01000005.1,28218,0.6443,10,318,incopy,,0,0.0,0.43333333333333335,5,-6.2884
79,nocopy,NZ_FOSL01000005.1,NZ_FOSL01000005.1,28218,0.6443,10,355,incopy,,0,0.0,0.3,4,-7.3507
79,nocopy,NZ_FOSL01000005.1,NZ_FOSL01000005.1,28218,0.6443,10,324,incopy,,0,0.0,0.3,4,-7.0867
79,nocopy,NZ_FOSL01000005.1,NZ_FOSL01000005.1,28218,0.6443,10,323,incopy,,0,0.0,0.3,3,-7.0597
79,nocopy,NZ_FOSL01000005.1,NZ_FOSL01000005.1,28218,0.6443,20,309,incopy,,0,0.0,0.3333333333333333,4,-6.897
79,nocopy,NZ_FOSL01000005.1,NZ_FOSL01000005.1,28218,0.6443,20,354,incopy,,0,0.0,0.325,3,-7.3012
79,nocopy,NZ_FOSL01000005.1,NZ_FOSL01000005.1,28218,0.6443,20,377,incopy,,0,0.0,0.39166666666666666,5,-6.9018
79,nocopy,NZ_FOSL01000005.1,NZ_FOSL01000005.1,28218,0.6443,20,356,incopy,,0,0.0,0.3416666666666667,5,-7.2779
79,nocopy,NZ_FOSL01000005.1,NZ_FOSL01000005.1,28218,0.6443,20,359,incopy,,0,0.0,0.2916666666666667,4,-7.2027
79,nocopy,NZ_FOSL01000005.1,NZ_FOSL01000005.1,28218,0.6443,20,316,incopy,,0,0.0,0.26666666666666666,2,-6.8895
