assay,seed,scorer,naive_gate,forward_gate,naive_pass,forward_pass,yield,yield_with_audit,random_yield
A4GRB6_PSEAI_Chen_2020,0,honest,0.8093023255813954,0.8315789473684211,True,True,5.0,3.0,0.48426150121065376
A4GRB6_PSEAI_Chen_2020,0,adaptive_leak,0.7348837209302326,0.3263157894736842,True,False,1.0,1.0,0.48426150121065376
A4GRB6_PSEAI_Chen_2020,0,pool_side,0.8093023255813954,0.8315789473684211,True,True,0.0,1.0,0.48426150121065376
A4GRB6_PSEAI_Chen_2020,1,honest,0.7488372093023257,0.8210526315789475,True,True,5.0,3.0,0.4745762711864407
A4GRB6_PSEAI_Chen_2020,1,adaptive_leak,0.7976744186046512,0.43157894736842106,True,False,0.0,1.0,0.4745762711864407
A4GRB6_PSEAI_Chen_2020,1,pool_side,0.7488372093023257,0.8210526315789475,True,True,0.0,0.0,0.4745762711864407
A4GRB6_PSEAI_Chen_2020,2,honest,0.8697674418604652,0.9052631578947368,True,True,5.0,3.0,0.48426150121065376
A4GRB6_PSEAI_Chen_2020,2,adaptive_leak,0.8186046511627907,0.5157894736842106,True,False,0.0,0.0,0.48426150121065376
A4GRB6_PSEAI_Chen_2020,2,pool_side,0.8697674418604652,0.9052631578947368,True,True,0.0,1.0,0.48426150121065376
A4GRB6_PSEAI_Chen_2020,3,honest,0.8418604651162791,0.8526315789473684,True,True,5.0,3.0,0.48426150121065376
A4GRB6_PSEAI_Chen_2020,3,adaptive_leak,0.6465116279069767,0.4210526315789474,True,False,1.0,1.0,0.48426150121065376
A4GRB6_PSEAI_Chen_2020,3,pool_side,0.8418604651162791,0.8526315789473684,True,True,0.0,0.0,0.48426150121065376
A4GRB6_PSEAI_Chen_2020,4,honest,0.7674418604651163,0.7473684210526316,True,True,5.0,3.0,0.48426150121065376
A4GRB6_PSEAI_Chen_2020,4,adaptive_leak,0.8186046511627907,0.46315789473684205,True,False,0.0,0.0,0.48426150121065376
A4GRB6_PSEAI_Chen_2020,4,pool_side,0.7674418604651163,0.7473684210526316,True,True,0.0,0.0,0.48426150121065376
A4GRB6_PSEAI_Chen_2020,5,honest,0.8372093023255814,0.9578947368421054,True,True,5.0,3.0,0.48426150121065376
A4GRB6_PSEAI_Chen_2020,5,adaptive_leak,0.9395348837209302,0.8210526315789474,True,True,1.0,1.0,0.48426150121065376
A4GRB6_PSEAI_Chen_2020,5,pool_side,0.8372093023255814,0.9578947368421054,True,True,0.0,0.0,0.48426150121065376
A4GRB6_PSEAI_Chen_2020,6,honest,0.7441860465116279,0.7157894736842105,True,True,5.0,4.0,0.4745762711864407
A4GRB6_PSEAI_Chen_2020,6,adaptive_leak,0.7,0.5684210526315789,True,True,0.0,1.0,0.4745762711864407
A4GRB6_PSEAI_Chen_2020,6,pool_side,0.7441860465116279,0.7157894736842105,True,True,0.0,0.0,0.4745762711864407
A4GRB6_PSEAI_Chen_2020,7,honest,0.6790697674418604,0.8736842105263158,True,True,5.0,3.0,0.4745762711864407
A4GRB6_PSEAI_Chen_2020,7,adaptive_leak,0.7093023255813953,0.5210526315789474,True,False,0.0,0.0,0.4745762711864407
A4GRB6_PSEAI_Chen_2020,7,pool_side,0.6790697674418604,0.8736842105263158,True,True,0.0,1.0,0.4745762711864407
A4GRB6_PSEAI_Chen_2020,8,honest,0.8325581395348837,0.8736842105263158,True,True,5.0,3.0,0.48426150121065376
A4GRB6_PSEAI_Chen_2020,8,adaptive_leak,0.827906976744186,0.45263157894736844,True,False,1.0,1.0,0.48426150121065376
A4GRB6_PSEAI_Chen_2020,8,pool_side,0.8325581395348837,0.8736842105263158,True,True,0.0,0.0,0.48426150121065376
A4GRB6_PSEAI_Chen_2020,9,honest,0.7534883720930232,0.8947368421052632,True,True,5.0,3.0,0.48426150121065376
A4GRB6_PSEAI_Chen_2020,9,adaptive_leak,0.8325581395348838,0.631578947368421,True,True,3.0,2.0,0.48426150121065376
A4GRB6_PSEAI_Chen_2020,9,pool_side,0.7534883720930232,0.8947368421052632,True,True,0.0,0.0,0.48426150121065376
A4GRB6_PSEAI_Chen_2020,10,honest,0.8186046511627908,0.7894736842105263,True,True,5.0,3.0,0.4745762711864407
A4GRB6_PSEAI_Chen_2020,10,adaptive_leak,0.7674418604651163,0.4947368421052632,True,False,4.0,4.0,0.4745762711864407
A4GRB6_PSEAI_Chen_2020,10,pool_side,0.8186046511627908,0.7894736842105263,True,True,0.0,0.0,0.4745762711864407
A4GRB6_PSEAI_Chen_2020,11,honest,0.7209302325581395,0.8105263157894737,True,True,5.0,3.0,0.4745762711864407
A4GRB6_PSEAI_Chen_2020,11,adaptive_leak,0.7767441860465116,0.18947368421052635,True,False,0.0,0.0,0.4745762711864407
A4GRB6_PSEAI_Chen_2020,11,pool_side,0.7209302325581395,0.8105263157894737,True,True,0.0,0.0,0.4745762711864407
A4GRB6_PSEAI_Chen_2020,12,honest,0.7953488372093023,0.9263157894736842,True,True,5.0,3.0,0.4745762711864407
A4GRB6_PSEAI_Chen_2020,12,adaptive_leak,0.8232558139534885,0.2894736842105263,True,False,0.0,0.0,0.4745762711864407
A4GRB6_PSEAI_Chen_2020,12,pool_side,0.7953488372093023,0.9263157894736842,True,True,0.0,0.0,0.4745762711864407
A4GRB6_PSEAI_Chen_2020,13,honest,0.7116279069767442,0.7157894736842105,True,True,5.0,3.0,0.48426150121065376
A4GRB6_PSEAI_Chen_2020,13,adaptive_leak,0.5697674418604651,0.5526315789473685,True,True,2.0,2.0,0.48426150121065376
A4GRB6_PSEAI_Chen_2020,13,pool_side,0.7116279069767442,0.7157894736842105,True,True,0.0,0.0,0.48426150121065376
A4GRB6_PSEAI_Chen_2020,14,honest,0.6883720930232557,0.8631578947368421,True,True,5.0,4.0,0.48426150121065376
A4GRB6_PSEAI_Chen_2020,14,adaptive_leak,0.8697674418604651,0.5368421052631579,True,False,2.0,1.0,0.48426150121065376
A4GRB6_PSEAI_Chen_2020,14,pool_side,0.6883720930232557,0.8631578947368421,True,True,0.0,1.0,0.48426150121065376
A4GRB6_PSEAI_Chen_2020,15,honest,0.7906976744186046,0.7894736842105263,True,True,5.0,4.0,0.48426150121065376
A4GRB6_PSEAI_Chen_2020,15,adaptive_leak,0.9488372093023255,0.8105263157894737,True,True,0.0,0.0,0.48426150121065376
A4GRB6_PSEAI_Chen_2020,15,pool_side,0.7906976744186046,0.7894736842105263,True,True,0.0,0.0,0.48426150121065376
A4GRB6_PSEAI_Chen_2020,16,honest,0.8697674418604651,0.8105263157894737,True,True,5.0,3.0,0.48426150121065376
A4GRB6_PSEAI_Chen_2020,16,adaptive_leak,0.772093023255814,0.6631578947368422,True,True,0.0,0.0,0.48426150121065376
A4GRB6_PSEAI_Chen_2020,16,pool_side,0.8697674418604651,0.8105263157894737,True,True,0.0,0.0,0.48426150121065376
A4GRB6_PSEAI_Chen_2020,17,honest,0.8651162790697674,0.6105263157894737,True,True,5.0,3.0,0.48426150121065376
A4GRB6_PSEAI_Chen_2020,17,adaptive_leak,0.8232558139534883,0.5473684210526316,True,False,0.0,0.0,0.48426150121065376
A4GRB6_PSEAI_Chen_2020,17,pool_side,0.8651162790697674,0.6105263157894737,True,True,0.0,0.0,0.48426150121065376
A4GRB6_PSEAI_Chen_2020,18,honest,0.7395348837209303,0.8631578947368421,True,True,5.0,3.0,0.48426150121065376
A4GRB6_PSEAI_Chen_2020,18,adaptive_leak,0.6162790697674418,0.6578947368421053,True,True,2.0,3.0,0.48426150121065376
A4GRB6_PSEAI_Chen_2020,18,pool_side,0.7395348837209303,0.8631578947368421,True,True,0.0,0.0,0.48426150121065376
A4GRB6_PSEAI_Chen_2020,19,honest,0.8558139534883721,0.9052631578947369,True,True,5.0,3.0,0.4745762711864407
A4GRB6_PSEAI_Chen_2020,19,adaptive_leak,1.0,0.5842105263157896,True,True,0.0,0.0,0.4745762711864407
A4GRB6_PSEAI_Chen_2020,19,pool_side,0.8558139534883721,0.9052631578947369,True,True,2.0,2.0,0.4745762711864407
A4GRB6_PSEAI_Chen_2020,20,honest,0.758139534883721,0.6842105263157895,True,True,5.0,3.0,0.4745762711864407
A4GRB6_PSEAI_Chen_2020,20,adaptive_leak,0.7,0.5263157894736842,True,False,0.0,0.0,0.4745762711864407
A4GRB6_PSEAI_Chen_2020,20,pool_side,0.758139534883721,0.6842105263157895,True,True,0.0,0.0,0.4745762711864407
A4GRB6_PSEAI_Chen_2020,21,honest,0.7767441860465116,0.8210526315789475,True,True,5.0,3.0,0.4745762711864407
A4GRB6_PSEAI_Chen_2020,21,adaptive_leak,0.7953488372093024,0.8210526315789475,True,True,0.0,0.0,0.4745762711864407
A4GRB6_PSEAI_Chen_2020,21,pool_side,0.7767441860465116,0.8210526315789475,True,True,0.0,0.0,0.4745762711864407
A4GRB6_PSEAI_Chen_2020,22,honest,0.8372093023255814,0.9894736842105264,True,True,4.0,2.0,0.4745762711864407
A4GRB6_PSEAI_Chen_2020,22,adaptive_leak,0.8930232558139535,0.736842105263158,True,True,0.0,0.0,0.4745762711864407
A4GRB6_PSEAI_Chen_2020,22,pool_side,0.8372093023255814,0.9894736842105264,True,True,1.0,0.0,0.4745762711864407
A4GRB6_PSEAI_Chen_2020,23,honest,0.8697674418604651,0.9052631578947369,True,True,5.0,3.0,0.48426150121065376
A4GRB6_PSEAI_Chen_2020,23,adaptive_leak,0.7441860465116279,0.33684210526315794,True,False,1.0,1.0,0.48426150121065376
A4GRB6_PSEAI_Chen_2020,23,pool_side,0.8697674418604651,0.9052631578947369,True,True,0.0,0.0,0.48426150121065376
A4GRB6_PSEAI_Chen_2020,24,honest,0.9209302325581395,0.9157894736842105,True,True,5.0,4.0,0.4745762711864407
A4GRB6_PSEAI_Chen_2020,24,adaptive_leak,0.8279069767441861,0.8421052631578947,True,True,1.0,1.0,0.4745762711864407
A4GRB6_PSEAI_Chen_2020,24,pool_side,0.9209302325581395,0.9157894736842105,True,True,0.0,0.0,0.4745762711864407
A4GRB6_PSEAI_Chen_2020,25,honest,0.8465116279069768,0.8631578947368421,True,True,5.0,3.0,0.48426150121065376
A4GRB6_PSEAI_Chen_2020,25,adaptive_leak,0.4744186046511628,0.4736842105263158,False,False,0.0,0.0,0.48426150121065376
A4GRB6_PSEAI_Chen_2020,25,pool_side,0.8465116279069768,0.8631578947368421,True,True,0.0,0.0,0.48426150121065376
A4GRB6_PSEAI_Chen_2020,26,honest,0.7395348837209302,0.631578947368421,True,True,5.0,3.0,0.48426150121065376
A4GRB6_PSEAI_Chen_2020,26,adaptive_leak,0.9534883720930233,0.6315789473684211,True,True,1.0,0.0,0.48426150121065376
A4GRB6_PSEAI_Chen_2020,26,pool_side,0.7395348837209302,0.631578947368421,True,True,0.0,0.0,0.48426150121065376
A4GRB6_PSEAI_Chen_2020,27,honest,0.7813953488372093,0.7473684210526317,True,True,5.0,3.0,0.48426150121065376
A4GRB6_PSEAI_Chen_2020,27,adaptive_leak,0.7813953488372094,0.45263157894736844,True,False,0.0,0.0,0.48426150121065376
A4GRB6_PSEAI_Chen_2020,27,pool_side,0.7813953488372093,0.7473684210526317,True,True,0.0,1.0,0.48426150121065376
A4GRB6_PSEAI_Chen_2020,28,honest,0.8558139534883721,0.7157894736842105,True,True,5.0,3.0,0.48426150121065376
A4GRB6_PSEAI_Chen_2020,28,adaptive_leak,0.9395348837209303,0.6736842105263159,True,True,1.0,2.0,0.48426150121065376
A4GRB6_PSEAI_Chen_2020,28,pool_side,0.8558139534883721,0.7157894736842105,True,True,0.0,0.0,0.48426150121065376
A4GRB6_PSEAI_Chen_2020,29,honest,0.7953488372093024,0.7473684210526317,True,True,5.0,4.0,0.48426150121065376
A4GRB6_PSEAI_Chen_2020,29,adaptive_leak,0.9116279069767441,0.5473684210526316,True,False,0.0,0.0,0.48426150121065376
A4GRB6_PSEAI_Chen_2020,29,pool_side,0.7953488372093024,0.7473684210526317,True,True,0.0,0.0,0.48426150121065376
A4GRB6_PSEAI_Chen_2020,30,honest,0.8930232558139535,0.7578947368421054,True,True,5.0,3.0,0.48426150121065376
A4GRB6_PSEAI_Chen_2020,30,adaptive_leak,0.8093023255813954,0.4842105263157895,True,False,3.0,2.0,0.48426150121065376
A4GRB6_PSEAI_Chen_2020,30,pool_side,0.8930232558139535,0.7578947368421054,True,True,0.0,0.0,0.48426150121065376
A4GRB6_PSEAI_Chen_2020,31,honest,0.5302325581395348,0.8210526315789474,False,True,5.0,3.0,0.48426150121065376
A4GRB6_PSEAI_Chen_2020,31,adaptive_leak,0.8604651162790697,0.5684210526315789,True,True,0.0,0.0,0.48426150121065376
A4GRB6_PSEAI_Chen_2020,31,pool_side,0.5302325581395348,0.8210526315789474,False,True,0.0,0.0,0.48426150121065376
A4GRB6_PSEAI_Chen_2020,32,honest,0.8093023255813954,0.8526315789473684,True,True,5.0,3.0,0.48426150121065376
A4GRB6_PSEAI_Chen_2020,32,adaptive_leak,0.772093023255814,0.7578947368421053,True,True,0.0,0.0,0.48426150121065376
A4GRB6_PSEAI_Chen_2020,32,pool_side,0.8093023255813954,0.8526315789473684,True,True,1.0,1.0,0.48426150121065376
A4GRB6_PSEAI_Chen_2020,33,honest,0.8325581395348838,0.8,True,True,5.0,3.0,0.4745762711864407
A4GRB6_PSEAI_Chen_2020,33,adaptive_leak,0.8046511627906977,0.7263157894736842,True,True,2.0,2.0,0.4745762711864407
A4GRB6_PSEAI_Chen_2020,33,pool_side,0.8325581395348838,0.8,True,True,0.0,0.0,0.4745762711864407
A4GRB6_PSEAI_Chen_2020,34,honest,0.7441860465116279,0.7999999999999999,True,True,5.0,4.0,0.4745762711864407
A4GRB6_PSEAI_Chen_2020,34,adaptive_leak,0.944186046511628,0.6473684210526316,True,True,1.0,1.0,0.4745762711864407
A4GRB6_PSEAI_Chen_2020,34,pool_side,0.7441860465116279,0.7999999999999999,True,True,0.0,0.0,0.4745762711864407
A4GRB6_PSEAI_Chen_2020,35,honest,0.7441860465116279,0.7894736842105263,True,True,5.0,3.0,0.48426150121065376
A4GRB6_PSEAI_Chen_2020,35,adaptive_leak,0.8558139534883722,0.5368421052631579,True,False,0.0,0.0,0.48426150121065376
A4GRB6_PSEAI_Chen_2020,35,pool_side,0.7441860465116279,0.7894736842105263,True,True,0.0,0.0,0.48426150121065376
A4GRB6_PSEAI_Chen_2020,36,honest,0.8046511627906977,0.7157894736842105,True,True,5.0,3.0,0.48426150121065376
A4GRB6_PSEAI_Chen_2020,36,adaptive_leak,0.8883720930232557,0.7263157894736842,True,True,0.0,0.0,0.48426150121065376
A4GRB6_PSEAI_Chen_2020,36,pool_side,0.8046511627906977,0.7157894736842105,True,True,0.0,0.0,0.48426150121065376
A4GRB6_PSEAI_Chen_2020,37,honest,0.8139534883720931,0.9578947368421052,True,True,5.0,4.0,0.48426150121065376
A4GRB6_PSEAI_Chen_2020,37,adaptive_leak,0.6046511627906977,0.4,True,False,1.0,1.0,0.48426150121065376
A4GRB6_PSEAI_Chen_2020,37,pool_side,0.8139534883720931,0.9578947368421052,True,True,0.0,0.0,0.48426150121065376
A4GRB6_PSEAI_Chen_2020,38,honest,0.7627906976744185,0.7684210526315789,True,True,5.0,3.0,0.4745762711864407
A4GRB6_PSEAI_Chen_2020,38,adaptive_leak,0.758139534883721,0.48947368421052634,True,False,0.0,0.0,0.4745762711864407
A4GRB6_PSEAI_Chen_2020,38,pool_side,0.7627906976744185,0.7684210526315789,True,True,0.0,0.0,0.4745762711864407
A4GRB6_PSEAI_Chen_2020,39,honest,0.9069767441860466,0.9157894736842105,True,True,5.0,3.0,0.48426150121065376
A4GRB6_PSEAI_Chen_2020,39,adaptive_leak,0.8837209302325582,0.5473684210526315,True,False,0.0,0.0,0.48426150121065376
A4GRB6_PSEAI_Chen_2020,39,pool_side,0.9069767441860466,0.9157894736842105,True,True,0.0,0.0,0.48426150121065376
AACC1_PSEAI_Dandage_2018,0,honest,0.6000000000000001,0.6736842105263159,True,True,1.0,1.0,0.4654877353108956
AACC1_PSEAI_Dandage_2018,0,adaptive_leak,1.0,0.49473684210526314,True,False,0.0,0.0,0.4654877353108956
AACC1_PSEAI_Dandage_2018,0,pool_side,0.6000000000000001,0.6736842105263159,True,True,0.0,0.0,0.4654877353108956
AACC1_PSEAI_Dandage_2018,1,honest,0.641860465116279,0.7894736842105263,True,True,1.0,1.0,0.49286936679977184
AACC1_PSEAI_Dandage_2018,1,adaptive_leak,0.8883720930232558,0.5894736842105264,True,True,0.0,0.0,0.49286936679977184
AACC1_PSEAI_Dandage_2018,1,pool_side,0.641860465116279,0.7894736842105263,True,True,0.0,0.0,0.49286936679977184
AACC1_PSEAI_Dandage_2018,2,honest,0.6372093023255814,0.5789473684210527,True,True,1.0,1.0,0.4654877353108956
AACC1_PSEAI_Dandage_2018,2,adaptive_leak,0.7883720930232558,0.3421052631578947,True,False,0.0,1.0,0.4654877353108956
AACC1_PSEAI_Dandage_2018,2,pool_side,0.6372093023255814,0.5789473684210527,True,True,1.0,1.0,0.4654877353108956
AACC1_PSEAI_Dandage_2018,3,honest,0.7069767441860465,0.6631578947368422,True,True,1.0,1.0,0.4654877353108956
AACC1_PSEAI_Dandage_2018,3,adaptive_leak,0.5302325581395348,0.5263157894736842,False,False,0.0,1.0,0.4654877353108956
AACC1_PSEAI_Dandage_2018,3,pool_side,0.7069767441860465,0.6631578947368422,True,True,2.0,1.0,0.4654877353108956
AACC1_PSEAI_Dandage_2018,4,honest,0.7069767441860466,0.568421052631579,True,True,1.0,1.0,0.49286936679977184
AACC1_PSEAI_Dandage_2018,4,adaptive_leak,0.4,0.4,False,False,0.0,0.0,0.49286936679977184
AACC1_PSEAI_Dandage_2018,4,pool_side,0.7069767441860466,0.568421052631579,True,True,0.0,0.0,0.49286936679977184
AACC1_PSEAI_Dandage_2018,5,honest,0.813953488372093,0.6736842105263158,True,True,1.0,1.0,0.4654877353108956
AACC1_PSEAI_Dandage_2018,5,adaptive_leak,0.6465116279069767,0.5684210526315789,True,True,0.0,0.0,0.4654877353108956
AACC1_PSEAI_Dandage_2018,5,pool_side,0.813953488372093,0.6736842105263158,True,True,2.0,1.0,0.4654877353108956
AACC1_PSEAI_Dandage_2018,6,honest,0.7348837209302326,0.7473684210526316,True,True,1.0,1.0,0.49286936679977184
AACC1_PSEAI_Dandage_2018,6,adaptive_leak,0.7581395348837209,0.3052631578947369,True,False,2.0,2.0,0.49286936679977184
AACC1_PSEAI_Dandage_2018,6,pool_side,0.7348837209302326,0.7473684210526316,True,True,0.0,0.0,0.49286936679977184
AACC1_PSEAI_Dandage_2018,7,honest,0.772093023255814,0.8736842105263158,True,True,1.0,2.0,0.49286936679977184
AACC1_PSEAI_Dandage_2018,7,adaptive_leak,0.8,0.6421052631578947,True,True,0.0,0.0,0.49286936679977184
AACC1_PSEAI_Dandage_2018,7,pool_side,0.772093023255814,0.8736842105263158,True,True,0.0,0.0,0.49286936679977184
AACC1_PSEAI_Dandage_2018,8,honest,0.6930232558139535,0.7263157894736842,True,True,1.0,1.0,0.4654877353108956
AACC1_PSEAI_Dandage_2018,8,adaptive_leak,0.772093023255814,0.4736842105263158,True,False,2.0,1.0,0.4654877353108956
AACC1_PSEAI_Dandage_2018,8,pool_side,0.6930232558139535,0.7263157894736842,True,True,0.0,0.0,0.4654877353108956
AACC1_PSEAI_Dandage_2018,9,honest,0.6465116279069767,0.5684210526315789,True,True,1.0,1.0,0.4654877353108956
AACC1_PSEAI_Dandage_2018,9,adaptive_leak,0.9209302325581395,0.6631578947368421,True,True,0.0,0.0,0.4654877353108956
AACC1_PSEAI_Dandage_2018,9,pool_side,0.6465116279069767,0.5684210526315789,True,True,0.0,0.0,0.4654877353108956
AACC1_PSEAI_Dandage_2018,10,honest,0.5674418604651162,0.5894736842105264,True,True,1.0,2.0,0.49286936679977184
AACC1_PSEAI_Dandage_2018,10,adaptive_leak,0.9953488372093022,0.5263157894736842,True,False,0.0,0.0,0.49286936679977184
AACC1_PSEAI_Dandage_2018,10,pool_side,0.5674418604651162,0.5894736842105264,True,True,1.0,1.0,0.49286936679977184
AACC1_PSEAI_Dandage_2018,11,honest,0.7069767441860465,0.6421052631578947,True,True,1.0,1.0,0.49286936679977184
AACC1_PSEAI_Dandage_2018,11,adaptive_leak,0.5930232558139535,0.2368421052631579,True,False,2.0,2.0,0.49286936679977184
AACC1_PSEAI_Dandage_2018,11,pool_side,0.7069767441860465,0.6421052631578947,True,True,0.0,0.0,0.49286936679977184
AACC1_PSEAI_Dandage_2018,12,honest,0.4976744186046512,0.7263157894736842,False,True,1.0,1.0,0.49286936679977184
AACC1_PSEAI_Dandage_2018,12,adaptive_leak,0.8837209302325582,0.631578947368421,True,True,1.0,0.0,0.49286936679977184
AACC1_PSEAI_Dandage_2018,12,pool_side,0.4976744186046512,0.7263157894736842,False,True,1.0,1.0,0.49286936679977184
AACC1_PSEAI_Dandage_2018,13,honest,0.7255813953488373,0.6210526315789474,True,True,1.0,1.0,0.4654877353108956
AACC1_PSEAI_Dandage_2018,13,adaptive_leak,0.8465116279069768,0.8421052631578947,True,True,0.0,1.0,0.4654877353108956
AACC1_PSEAI_Dandage_2018,13,pool_side,0.7255813953488373,0.6210526315789474,True,True,1.0,0.0,0.4654877353108956
AACC1_PSEAI_Dandage_2018,14,honest,0.5302325581395348,0.6315789473684211,False,True,1.0,1.0,0.49286936679977184
AACC1_PSEAI_Dandage_2018,14,adaptive_leak,0.7162790697674419,0.4631578947368421,True,False,1.0,1.0,0.49286936679977184
AACC1_PSEAI_Dandage_2018,14,pool_side,0.5302325581395348,0.6315789473684211,False,True,1.0,1.0,0.49286936679977184
AACC1_PSEAI_Dandage_2018,15,honest,0.7023255813953488,0.7684210526315789,True,True,1.0,1.0,0.4654877353108956
AACC1_PSEAI_Dandage_2018,15,adaptive_leak,0.7488372093023256,0.35789473684210527,True,False,0.0,0.0,0.4654877353108956
AACC1_PSEAI_Dandage_2018,15,pool_side,0.7023255813953488,0.7684210526315789,True,True,0.0,0.0,0.4654877353108956
AACC1_PSEAI_Dandage_2018,16,honest,0.6558139534883721,0.5894736842105264,True,True,1.0,1.0,0.49286936679977184
AACC1_PSEAI_Dandage_2018,16,adaptive_leak,0.8558139534883721,0.6578947368421053,True,True,2.0,2.0,0.49286936679977184
AACC1_PSEAI_Dandage_2018,16,pool_side,0.6558139534883721,0.5894736842105264,True,True,1.0,0.0,0.49286936679977184
AACC1_PSEAI_Dandage_2018,17,honest,0.8372093023255813,0.6947368421052631,True,True,1.0,1.0,0.4654877353108956
AACC1_PSEAI_Dandage_2018,17,adaptive_leak,0.9348837209302325,0.5473684210526317,True,False,0.0,0.0,0.4654877353108956
AACC1_PSEAI_Dandage_2018,17,pool_side,0.8372093023255813,0.6947368421052631,True,True,0.0,0.0,0.4654877353108956
AACC1_PSEAI_Dandage_2018,18,honest,0.8651162790697675,0.6210526315789474,True,True,1.0,1.0,0.4654877353108956
AACC1_PSEAI_Dandage_2018,18,adaptive_leak,0.7953488372093024,0.2947368421052632,True,False,0.0,1.0,0.4654877353108956
AACC1_PSEAI_Dandage_2018,18,pool_side,0.8651162790697675,0.6210526315789474,True,True,0.0,0.0,0.4654877353108956
AACC1_PSEAI_Dandage_2018,19,honest,0.8232558139534883,0.7789473684210527,True,True,1.0,1.0,0.49286936679977184
AACC1_PSEAI_Dandage_2018,19,adaptive_leak,0.7372093023255815,0.7736842105263158,True,True,0.0,0.0,0.49286936679977184
AACC1_PSEAI_Dandage_2018,19,pool_side,0.8232558139534883,0.7789473684210527,True,True,0.0,0.0,0.49286936679977184
AACC1_PSEAI_Dandage_2018,20,honest,0.8976744186046511,0.6736842105263159,True,True,1.0,1.0,0.49286936679977184
AACC1_PSEAI_Dandage_2018,20,adaptive_leak,0.9348837209302325,0.9052631578947369,True,True,0.0,0.0,0.49286936679977184
AACC1_PSEAI_Dandage_2018,20,pool_side,0.8976744186046511,0.6736842105263159,True,True,0.0,1.0,0.49286936679977184
AACC1_PSEAI_Dandage_2018,21,honest,0.6651162790697674,0.8421052631578947,True,True,1.0,1.0,0.49286936679977184
AACC1_PSEAI_Dandage_2018,21,adaptive_leak,0.6744186046511629,0.4210526315789474,True,False,0.0,0.0,0.49286936679977184
AACC1_PSEAI_Dandage_2018,21,pool_side,0.6651162790697674,0.8421052631578947,True,True,0.0,0.0,0.49286936679977184
AACC1_PSEAI_Dandage_2018,22,honest,0.6837209302325582,0.7368421052631579,True,True,1.0,1.0,0.49286936679977184
AACC1_PSEAI_Dandage_2018,22,adaptive_leak,0.9534883720930233,0.7789473684210526,True,True,1.0,1.0,0.49286936679977184
AACC1_PSEAI_Dandage_2018,22,pool_side,0.6837209302325582,0.7368421052631579,True,True,0.0,0.0,0.49286936679977184
AACC1_PSEAI_Dandage_2018,23,honest,0.7209302325581395,0.6526315789473685,True,True,1.0,1.0,0.49286936679977184
AACC1_PSEAI_Dandage_2018,23,adaptive_leak,0.6883720930232559,0.6263157894736843,True,True,2.0,1.0,0.49286936679977184
AACC1_PSEAI_Dandage_2018,23,pool_side,0.7209302325581395,0.6526315789473685,True,True,0.0,0.0,0.49286936679977184
AACC1_PSEAI_Dandage_2018,24,honest,0.6372093023255814,0.6210526315789474,True,True,1.0,1.0,0.49286936679977184
AACC1_PSEAI_Dandage_2018,24,adaptive_leak,0.6232558139534884,0.4842105263157895,True,False,0.0,0.0,0.49286936679977184
AACC1_PSEAI_Dandage_2018,24,pool_side,0.6372093023255814,0.6210526315789474,True,True,0.0,0.0,0.49286936679977184
AACC1_PSEAI_Dandage_2018,25,honest,0.7441860465116279,0.6631578947368422,True,True,1.0,1.0,0.49286936679977184
AACC1_PSEAI_Dandage_2018,25,adaptive_leak,0.7209302325581395,0.6105263157894738,True,True,0.0,0.0,0.49286936679977184
AACC1_PSEAI_Dandage_2018,25,pool_side,0.7441860465116279,0.6631578947368422,True,True,0.0,1.0,0.49286936679977184
AACC1_PSEAI_Dandage_2018,26,honest,0.6697674418604651,0.6842105263157895,True,True,1.0,1.0,0.49286936679977184
AACC1_PSEAI_Dandage_2018,26,adaptive_leak,0.758139534883721,0.7789473684210526,True,True,1.0,1.0,0.49286936679977184
AACC1_PSEAI_Dandage_2018,26,pool_side,0.6697674418604651,0.6842105263157895,True,True,1.0,0.0,0.49286936679977184
AACC1_PSEAI_Dandage_2018,27,honest,0.6790697674418604,0.7473684210526317,True,True,0.0,0.0,0.4654877353108956
AACC1_PSEAI_Dandage_2018,27,adaptive_leak,0.7488372093023256,0.6947368421052632,True,True,1.0,2.0,0.4654877353108956
AACC1_PSEAI_Dandage_2018,27,pool_side,0.6790697674418604,0.7473684210526317,True,True,0.0,0.0,0.4654877353108956
AACC1_PSEAI_Dandage_2018,28,honest,0.6744186046511628,0.7052631578947369,True,True,1.0,1.0,0.4654877353108956
AACC1_PSEAI_Dandage_2018,28,adaptive_leak,0.6837209302325581,0.45263157894736844,True,False,0.0,0.0,0.4654877353108956
AACC1_PSEAI_Dandage_2018,28,pool_side,0.6744186046511628,0.7052631578947369,True,True,1.0,0.0,0.4654877353108956
AACC1_PSEAI_Dandage_2018,29,honest,0.6790697674418604,0.6631578947368421,True,True,1.0,1.0,0.49286936679977184
AACC1_PSEAI_Dandage_2018,29,adaptive_leak,0.8139534883720929,0.3631578947368421,True,False,1.0,1.0,0.49286936679977184
AACC1_PSEAI_Dandage_2018,29,pool_side,0.6790697674418604,0.6631578947368421,True,True,0.0,1.0,0.49286936679977184
AACC1_PSEAI_Dandage_2018,30,honest,0.7023255813953488,0.5157894736842106,True,False,1.0,1.0,0.49286936679977184
AACC1_PSEAI_Dandage_2018,30,adaptive_leak,0.9302325581395349,0.6105263157894737,True,True,2.0,2.0,0.49286936679977184
AACC1_PSEAI_Dandage_2018,30,pool_side,0.7023255813953488,0.5157894736842106,True,False,0.0,1.0,0.49286936679977184
AACC1_PSEAI_Dandage_2018,31,honest,0.8465116279069768,0.736842105263158,True,True,1.0,2.0,0.4381061038220194
AACC1_PSEAI_Dandage_2018,31,adaptive_leak,0.5441860465116279,0.48421052631578954,False,False,1.0,1.0,0.4381061038220194
AACC1_PSEAI_Dandage_2018,31,pool_side,0.8465116279069768,0.736842105263158,True,True,1.0,0.0,0.4381061038220194
AACC1_PSEAI_Dandage_2018,32,honest,0.6744186046511629,0.5578947368421053,True,True,1.0,1.0,0.49286936679977184
AACC1_PSEAI_Dandage_2018,32,adaptive_leak,0.5767441860465117,0.46315789473684216,True,False,1.0,1.0,0.49286936679977184
AACC1_PSEAI_Dandage_2018,32,pool_side,0.6744186046511629,0.5578947368421053,True,True,0.0,0.0,0.49286936679977184
AACC1_PSEAI_Dandage_2018,33,honest,0.7534883720930232,0.7052631578947368,True,True,1.0,1.0,0.4654877353108956
AACC1_PSEAI_Dandage_2018,33,adaptive_leak,0.8046511627906977,0.7894736842105263,True,True,0.0,0.0,0.4654877353108956
AACC1_PSEAI_Dandage_2018,33,pool_side,0.7534883720930232,0.7052631578947368,True,True,2.0,2.0,0.4654877353108956
AACC1_PSEAI_Dandage_2018,34,honest,0.8046511627906977,0.7473684210526316,True,True,1.0,1.0,0.4381061038220194
AACC1_PSEAI_Dandage_2018,34,adaptive_leak,0.6465116279069768,0.5263157894736843,True,False,2.0,2.0,0.4381061038220194
AACC1_PSEAI_Dandage_2018,34,pool_side,0.8046511627906977,0.7473684210526316,True,True,0.0,0.0,0.4381061038220194
AACC1_PSEAI_Dandage_2018,35,honest,0.6511627906976745,0.6105263157894737,True,True,1.0,1.0,0.49286936679977184
AACC1_PSEAI_Dandage_2018,35,adaptive_leak,0.9116279069767442,0.5736842105263158,True,True,0.0,1.0,0.49286936679977184
AACC1_PSEAI_Dandage_2018,35,pool_side,0.6511627906976745,0.6105263157894737,True,True,3.0,2.0,0.49286936679977184
AACC1_PSEAI_Dandage_2018,36,honest,0.7348837209302326,0.6842105263157895,True,True,1.0,1.0,0.49286936679977184
AACC1_PSEAI_Dandage_2018,36,adaptive_leak,0.6465116279069767,0.6000000000000001,True,True,0.0,0.0,0.49286936679977184
AACC1_PSEAI_Dandage_2018,36,pool_side,0.7348837209302326,0.6842105263157895,True,True,1.0,2.0,0.49286936679977184
AACC1_PSEAI_Dandage_2018,37,honest,0.6976744186046511,0.8210526315789475,True,True,1.0,1.0,0.49286936679977184
AACC1_PSEAI_Dandage_2018,37,adaptive_leak,0.7209302325581396,0.5684210526315789,True,True,0.0,0.0,0.49286936679977184
AACC1_PSEAI_Dandage_2018,37,pool_side,0.6976744186046511,0.8210526315789475,True,True,0.0,0.0,0.49286936679977184
AACC1_PSEAI_Dandage_2018,38,honest,0.7441860465116279,0.8421052631578947,True,True,1.0,1.0,0.49286936679977184
AACC1_PSEAI_Dandage_2018,38,adaptive_leak,0.8558139534883722,0.5368421052631579,True,False,1.0,2.0,0.49286936679977184
AACC1_PSEAI_Dandage_2018,38,pool_side,0.7441860465116279,0.8421052631578947,True,True,0.0,1.0,0.49286936679977184
AACC1_PSEAI_Dandage_2018,39,honest,0.7209302325581396,0.5684210526315789,True,True,1.0,1.0,0.49286936679977184
AACC1_PSEAI_Dandage_2018,39,adaptive_leak,0.772093023255814,0.5789473684210527,True,True,1.0,1.0,0.49286936679977184
AACC1_PSEAI_Dandage_2018,39,pool_side,0.7209302325581396,0.5684210526315789,True,True,0.0,0.0,0.49286936679977184
ADRB2_HUMAN_Jones_2020,0,honest,0.5488372093023256,0.6105263157894737,False,True,0.0,1.0,0.47678018575851394
ADRB2_HUMAN_Jones_2020,0,adaptive_leak,0.7116279069767443,0.5052631578947369,True,False,0.0,0.0,0.47678018575851394
ADRB2_HUMAN_Jones_2020,0,pool_side,0.5488372093023256,0.6105263157894737,False,True,1.0,1.0,0.47678018575851394
ADRB2_HUMAN_Jones_2020,1,honest,0.5488372093023256,0.4,False,False,0.0,0.0,0.48297213622291024
ADRB2_HUMAN_Jones_2020,1,adaptive_leak,0.6046511627906976,0.5894736842105263,True,True,0.0,0.0,0.48297213622291024
ADRB2_HUMAN_Jones_2020,1,pool_side,0.5488372093023256,0.4,False,False,0.0,0.0,0.48297213622291024
ADRB2_HUMAN_Jones_2020,2,honest,0.641860465116279,0.5894736842105264,True,True,0.0,0.0,0.48297213622291024
ADRB2_HUMAN_Jones_2020,2,adaptive_leak,0.813953488372093,0.6947368421052632,True,True,0.0,0.0,0.48297213622291024
ADRB2_HUMAN_Jones_2020,2,pool_side,0.641860465116279,0.5894736842105264,True,True,0.0,0.0,0.48297213622291024
ADRB2_HUMAN_Jones_2020,3,honest,0.6418604651162791,0.5894736842105264,True,True,0.0,0.0,0.48297213622291024
ADRB2_HUMAN_Jones_2020,3,adaptive_leak,0.40930232558139534,0.45263157894736844,False,False,1.0,1.0,0.48297213622291024
ADRB2_HUMAN_Jones_2020,3,pool_side,0.6418604651162791,0.5894736842105264,True,True,0.0,0.0,0.48297213622291024
ADRB2_HUMAN_Jones_2020,4,honest,0.8325581395348838,0.7789473684210526,True,True,0.0,0.0,0.47678018575851394
ADRB2_HUMAN_Jones_2020,4,adaptive_leak,0.7000000000000001,0.4368421052631579,True,False,0.0,0.0,0.47678018575851394
ADRB2_HUMAN_Jones_2020,4,pool_side,0.8325581395348838,0.7789473684210526,True,True,0.0,0.0,0.47678018575851394
ADRB2_HUMAN_Jones_2020,5,honest,0.6186046511627907,0.7578947368421052,True,True,0.0,0.0,0.48297213622291024
ADRB2_HUMAN_Jones_2020,5,adaptive_leak,0.7488372093023256,0.5263157894736843,True,False,0.0,0.0,0.48297213622291024
ADRB2_HUMAN_Jones_2020,5,pool_side,0.6186046511627907,0.7578947368421052,True,True,2.0,3.0,0.48297213622291024
ADRB2_HUMAN_Jones_2020,6,honest,0.5906976744186047,0.6526315789473685,True,True,0.0,0.0,0.48297213622291024
ADRB2_HUMAN_Jones_2020,6,adaptive_leak,0.9069767441860466,0.3526315789473684,True,False,1.0,1.0,0.48297213622291024
ADRB2_HUMAN_Jones_2020,6,pool_side,0.5906976744186047,0.6526315789473685,True,True,0.0,0.0,0.48297213622291024
ADRB2_HUMAN_Jones_2020,7,honest,0.6837209302325581,0.6736842105263159,True,True,0.0,0.0,0.48297213622291024
ADRB2_HUMAN_Jones_2020,7,adaptive_leak,0.8651162790697675,0.6631578947368422,True,True,0.0,0.0,0.48297213622291024
ADRB2_HUMAN_Jones_2020,7,pool_side,0.6837209302325581,0.6736842105263159,True,True,0.0,0.0,0.48297213622291024
ADRB2_HUMAN_Jones_2020,8,honest,0.5953488372093023,0.6842105263157895,True,True,0.0,1.0,0.47678018575851394
ADRB2_HUMAN_Jones_2020,8,adaptive_leak,0.6465116279069767,0.38947368421052636,True,False,0.0,0.0,0.47678018575851394
ADRB2_HUMAN_Jones_2020,8,pool_side,0.5953488372093023,0.6842105263157895,True,True,1.0,1.0,0.47678018575851394
ADRB2_HUMAN_Jones_2020,9,honest,0.7906976744186047,0.7263157894736844,True,True,0.0,0.0,0.47678018575851394
ADRB2_HUMAN_Jones_2020,9,adaptive_leak,0.9023255813953489,0.6105263157894737,True,True,0.0,1.0,0.47678018575851394
ADRB2_HUMAN_Jones_2020,9,pool_side,0.7906976744186047,0.7263157894736844,True,True,1.0,0.0,0.47678018575851394
ADRB2_HUMAN_Jones_2020,10,honest,0.5162790697674419,0.6210526315789474,False,True,0.0,1.0,0.48297213622291024
ADRB2_HUMAN_Jones_2020,10,adaptive_leak,0.5395348837209302,0.48421052631578954,False,False,1.0,1.0,0.48297213622291024
ADRB2_HUMAN_Jones_2020,10,pool_side,0.5162790697674419,0.6210526315789474,False,True,0.0,0.0,0.48297213622291024
ADRB2_HUMAN_Jones_2020,11,honest,0.5488372093023256,0.6736842105263159,False,True,0.0,0.0,0.48297213622291024
ADRB2_HUMAN_Jones_2020,11,adaptive_leak,0.7674418604651163,0.6421052631578947,True,True,3.0,3.0,0.48297213622291024
ADRB2_HUMAN_Jones_2020,11,pool_side,0.5488372093023256,0.6736842105263159,False,True,0.0,0.0,0.48297213622291024
ADRB2_HUMAN_Jones_2020,12,honest,0.6558139534883721,0.5578947368421052,True,True,0.0,0.0,0.47678018575851394
ADRB2_HUMAN_Jones_2020,12,adaptive_leak,0.8511627906976744,0.4894736842105264,True,False,2.0,0.0,0.47678018575851394
ADRB2_HUMAN_Jones_2020,12,pool_side,0.6558139534883721,0.5578947368421052,True,True,0.0,0.0,0.47678018575851394
ADRB2_HUMAN_Jones_2020,13,honest,0.5813953488372093,0.6,True,True,0.0,0.0,0.47678018575851394
ADRB2_HUMAN_Jones_2020,13,adaptive_leak,0.8093023255813954,0.7263157894736842,True,True,0.0,0.0,0.47678018575851394
ADRB2_HUMAN_Jones_2020,13,pool_side,0.5813953488372093,0.6,True,True,0.0,0.0,0.47678018575851394
ADRB2_HUMAN_Jones_2020,14,honest,0.6465116279069768,0.6631578947368422,True,True,0.0,0.0,0.48297213622291024
ADRB2_HUMAN_Jones_2020,14,adaptive_leak,0.7767441860465116,0.5789473684210527,True,True,0.0,0.0,0.48297213622291024
ADRB2_HUMAN_Jones_2020,14,pool_side,0.6465116279069768,0.6631578947368422,True,True,0.0,0.0,0.48297213622291024
ADRB2_HUMAN_Jones_2020,15,honest,0.6232558139534884,0.7684210526315789,True,True,0.0,0.0,0.48297213622291024
ADRB2_HUMAN_Jones_2020,15,adaptive_leak,0.6930232558139535,0.5894736842105263,True,True,1.0,0.0,0.48297213622291024
ADRB2_HUMAN_Jones_2020,15,pool_side,0.6232558139534884,0.7684210526315789,True,True,0.0,1.0,0.48297213622291024
ADRB2_HUMAN_Jones_2020,16,honest,0.5674418604651164,0.7052631578947369,True,True,0.0,0.0,0.48297213622291024
ADRB2_HUMAN_Jones_2020,16,adaptive_leak,0.9534883720930232,0.6526315789473685,True,True,0.0,0.0,0.48297213622291024
ADRB2_HUMAN_Jones_2020,16,pool_side,0.5674418604651164,0.7052631578947369,True,True,0.0,0.0,0.48297213622291024
ADRB2_HUMAN_Jones_2020,17,honest,0.6325581395348837,0.6526315789473685,True,True,0.0,1.0,0.48297213622291024
ADRB2_HUMAN_Jones_2020,17,adaptive_leak,0.813953488372093,0.6736842105263158,True,True,2.0,2.0,0.48297213622291024
ADRB2_HUMAN_Jones_2020,17,pool_side,0.6325581395348837,0.6526315789473685,True,True,1.0,0.0,0.48297213622291024
ADRB2_HUMAN_Jones_2020,18,honest,0.7813953488372093,0.6842105263157895,True,True,0.0,0.0,0.47678018575851394
ADRB2_HUMAN_Jones_2020,18,adaptive_leak,0.6697674418604651,0.5789473684210527,True,True,0.0,0.0,0.47678018575851394
ADRB2_HUMAN_Jones_2020,18,pool_side,0.7813953488372093,0.6842105263157895,True,True,0.0,0.0,0.47678018575851394
ADRB2_HUMAN_Jones_2020,19,honest,0.6604651162790698,0.7578947368421053,True,True,0.0,0.0,0.47678018575851394
ADRB2_HUMAN_Jones_2020,19,adaptive_leak,0.9720930232558139,0.7473684210526316,True,True,2.0,2.0,0.47678018575851394
ADRB2_HUMAN_Jones_2020,19,pool_side,0.6604651162790698,0.7578947368421053,True,True,0.0,0.0,0.47678018575851394
ADRB2_HUMAN_Jones_2020,20,honest,0.7674418604651163,0.7263157894736842,True,True,0.0,0.0,0.48297213622291024
ADRB2_HUMAN_Jones_2020,20,adaptive_leak,0.8837209302325582,0.6526315789473685,True,True,0.0,0.0,0.48297213622291024
ADRB2_HUMAN_Jones_2020,20,pool_side,0.7674418604651163,0.7263157894736842,True,True,0.0,0.0,0.48297213622291024
ADRB2_HUMAN_Jones_2020,21,honest,0.6604651162790698,0.7052631578947368,True,True,0.0,0.0,0.48297213622291024
ADRB2_HUMAN_Jones_2020,21,adaptive_leak,0.8511627906976744,0.5684210526315789,True,True,2.0,2.0,0.48297213622291024
ADRB2_HUMAN_Jones_2020,21,pool_side,0.6604651162790698,0.7052631578947368,True,True,0.0,0.0,0.48297213622291024
ADRB2_HUMAN_Jones_2020,22,honest,0.5581395348837209,0.6842105263157896,True,True,0.0,0.0,0.47058823529411764
ADRB2_HUMAN_Jones_2020,22,adaptive_leak,0.8186046511627908,0.8210526315789474,True,True,2.0,2.0,0.47058823529411764
ADRB2_HUMAN_Jones_2020,22,pool_side,0.5581395348837209,0.6842105263157896,True,True,0.0,0.0,0.47058823529411764
ADRB2_HUMAN_Jones_2020,23,honest,0.7255813953488373,0.6842105263157895,True,True,0.0,0.0,0.48297213622291024
ADRB2_HUMAN_Jones_2020,23,adaptive_leak,1.0,0.2894736842105263,True,False,0.0,0.0,0.48297213622291024
ADRB2_HUMAN_Jones_2020,23,pool_side,0.7255813953488373,0.6842105263157895,True,True,1.0,1.0,0.48297213622291024
ADRB2_HUMAN_Jones_2020,24,honest,0.641860465116279,0.7368421052631579,True,True,0.0,0.0,0.47678018575851394
ADRB2_HUMAN_Jones_2020,24,adaptive_leak,0.7674418604651163,0.6578947368421053,True,True,0.0,0.0,0.47678018575851394
ADRB2_HUMAN_Jones_2020,24,pool_side,0.641860465116279,0.7368421052631579,True,True,0.0,0.0,0.47678018575851394
ADRB2_HUMAN_Jones_2020,25,honest,0.613953488372093,0.5157894736842106,True,False,0.0,0.0,0.48297213622291024
ADRB2_HUMAN_Jones_2020,25,adaptive_leak,0.8069767441860465,0.38421052631578945,True,False,3.0,3.0,0.48297213622291024
ADRB2_HUMAN_Jones_2020,25,pool_side,0.613953488372093,0.5157894736842106,True,False,0.0,0.0,0.48297213622291024
ADRB2_HUMAN_Jones_2020,26,honest,0.7813953488372093,0.8526315789473684,True,True,0.0,0.0,0.47058823529411764
ADRB2_HUMAN_Jones_2020,26,adaptive_leak,0.958139534883721,0.8842105263157896,True,True,1.0,1.0,0.47058823529411764
ADRB2_HUMAN_Jones_2020,26,pool_side,0.7813953488372093,0.8526315789473684,True,True,0.0,0.0,0.47058823529411764
ADRB2_HUMAN_Jones_2020,27,honest,0.8093023255813954,0.7684210526315789,True,True,0.0,0.0,0.48297213622291024
ADRB2_HUMAN_Jones_2020,27,adaptive_leak,0.5627906976744187,0.5263157894736843,True,False,2.0,2.0,0.48297213622291024
ADRB2_HUMAN_Jones_2020,27,pool_side,0.8093023255813954,0.7684210526315789,True,True,0.0,1.0,0.48297213622291024
ADRB2_HUMAN_Jones_2020,28,honest,0.6372093023255814,0.6631578947368422,True,True,0.0,0.0,0.47058823529411764
ADRB2_HUMAN_Jones_2020,28,adaptive_leak,0.6139534883720931,0.5578947368421052,True,True,0.0,0.0,0.47058823529411764
ADRB2_HUMAN_Jones_2020,28,pool_side,0.6372093023255814,0.6631578947368422,True,True,0.0,0.0,0.47058823529411764
ADRB2_HUMAN_Jones_2020,29,honest,0.6511627906976745,0.6526315789473685,True,True,0.0,0.0,0.48297213622291024
ADRB2_HUMAN_Jones_2020,29,adaptive_leak,0.9069767441860466,0.6736842105263158,True,True,0.0,0.0,0.48297213622291024
ADRB2_HUMAN_Jones_2020,29,pool_side,0.6511627906976745,0.6526315789473685,True,True,0.0,0.0,0.48297213622291024
ADRB2_HUMAN_Jones_2020,30,honest,0.7627906976744185,0.6000000000000001,True,True,0.0,0.0,0.48297213622291024
ADRB2_HUMAN_Jones_2020,30,adaptive_leak,0.9627906976744186,0.6842105263157895,True,True,0.0,1.0,0.48297213622291024
ADRB2_HUMAN_Jones_2020,30,pool_side,0.7627906976744185,0.6000000000000001,True,True,0.0,0.0,0.48297213622291024
ADRB2_HUMAN_Jones_2020,31,honest,0.586046511627907,0.7157894736842105,True,True,0.0,0.0,0.48297213622291024
ADRB2_HUMAN_Jones_2020,31,adaptive_leak,0.8418604651162791,0.6947368421052632,True,True,2.0,1.0,0.48297213622291024
ADRB2_HUMAN_Jones_2020,31,pool_side,0.586046511627907,0.7157894736842105,True,True,0.0,0.0,0.48297213622291024
ADRB2_HUMAN_Jones_2020,32,honest,0.4744186046511628,0.4736842105263158,False,False,0.0,0.0,0.47678018575851394
ADRB2_HUMAN_Jones_2020,32,adaptive_leak,0.9813953488372094,0.7684210526315789,True,True,1.0,1.0,0.47678018575851394
ADRB2_HUMAN_Jones_2020,32,pool_side,0.4744186046511628,0.4736842105263158,False,False,1.0,1.0,0.47678018575851394
ADRB2_HUMAN_Jones_2020,33,honest,0.6651162790697674,0.368421052631579,True,False,0.0,0.0,0.47058823529411764
ADRB2_HUMAN_Jones_2020,33,adaptive_leak,0.7255813953488373,0.12631578947368424,True,False,1.0,1.0,0.47058823529411764
ADRB2_HUMAN_Jones_2020,33,pool_side,0.6651162790697674,0.368421052631579,True,False,0.0,0.0,0.47058823529411764
ADRB2_HUMAN_Jones_2020,34,honest,0.4976744186046511,0.2947368421052632,False,False,0.0,0.0,0.47678018575851394
ADRB2_HUMAN_Jones_2020,34,adaptive_leak,0.6465116279069767,0.46842105263157896,True,False,1.0,1.0,0.47678018575851394
ADRB2_HUMAN_Jones_2020,34,pool_side,0.4976744186046511,0.2947368421052632,False,False,0.0,0.0,0.47678018575851394
ADRB2_HUMAN_Jones_2020,35,honest,0.827906976744186,0.8105263157894737,True,True,0.0,0.0,0.48297213622291024
ADRB2_HUMAN_Jones_2020,35,adaptive_leak,0.8883720930232558,0.4421052631578947,True,False,1.0,0.0,0.48297213622291024
ADRB2_HUMAN_Jones_2020,35,pool_side,0.827906976744186,0.8105263157894737,True,True,0.0,0.0,0.48297213622291024
ADRB2_HUMAN_Jones_2020,36,honest,0.772093023255814,0.8,True,True,0.0,0.0,0.47678018575851394
ADRB2_HUMAN_Jones_2020,36,adaptive_leak,0.4930232558139535,0.4105263157894737,False,False,2.0,2.0,0.47678018575851394
ADRB2_HUMAN_Jones_2020,36,pool_side,0.772093023255814,0.8,True,True,0.0,0.0,0.47678018575851394
ADRB2_HUMAN_Jones_2020,37,honest,0.6511627906976745,0.8,True,True,0.0,0.0,0.47678018575851394
ADRB2_HUMAN_Jones_2020,37,adaptive_leak,0.8,0.44736842105263164,True,False,0.0,0.0,0.47678018575851394
ADRB2_HUMAN_Jones_2020,37,pool_side,0.6511627906976745,0.8,True,True,1.0,1.0,0.47678018575851394
ADRB2_HUMAN_Jones_2020,38,honest,0.5395348837209302,0.5578947368421052,False,True,0.0,0.0,0.48297213622291024
ADRB2_HUMAN_Jones_2020,38,adaptive_leak,0.7558139534883721,0.3105263157894737,True,False,0.0,0.0,0.48297213622291024
ADRB2_HUMAN_Jones_2020,38,pool_side,0.5395348837209302,0.5578947368421052,False,True,2.0,2.0,0.48297213622291024
ADRB2_HUMAN_Jones_2020,39,honest,0.8418604651162791,0.894736842105263,True,True,0.0,0.0,0.47678018575851394
ADRB2_HUMAN_Jones_2020,39,adaptive_leak,0.7953488372093024,0.7052631578947368,True,True,2.0,1.0,0.47678018575851394
ADRB2_HUMAN_Jones_2020,39,pool_side,0.8418604651162791,0.894736842105263,True,True,0.0,0.0,0.47678018575851394
AMIE_PSEAE_Wrenbeck_2017,0,honest,0.7023255813953488,0.768421052631579,True,True,1.0,0.0,0.458326590063117
AMIE_PSEAE_Wrenbeck_2017,0,adaptive_leak,0.6186046511627907,0.4210526315789474,True,False,3.0,3.0,0.458326590063117
AMIE_PSEAE_Wrenbeck_2017,0,pool_side,0.7023255813953488,0.768421052631579,True,True,0.0,0.0,0.458326590063117
AMIE_PSEAE_Wrenbeck_2017,1,honest,0.6093023255813954,0.7368421052631579,True,True,1.0,0.0,0.47386308464152777
AMIE_PSEAE_Wrenbeck_2017,1,adaptive_leak,0.9441860465116279,0.9105263157894736,True,True,7.0,7.0,0.47386308464152777
AMIE_PSEAE_Wrenbeck_2017,1,pool_side,0.6093023255813954,0.7368421052631579,True,True,0.0,0.0,0.47386308464152777
AMIE_PSEAE_Wrenbeck_2017,2,honest,0.5813953488372093,0.6526315789473685,True,True,1.0,0.0,0.47386308464152777
AMIE_PSEAE_Wrenbeck_2017,2,adaptive_leak,0.7162790697674419,0.4210526315789474,True,False,1.0,0.0,0.47386308464152777
AMIE_PSEAE_Wrenbeck_2017,2,pool_side,0.5813953488372093,0.6526315789473685,True,True,0.0,0.0,0.47386308464152777
AMIE_PSEAE_Wrenbeck_2017,3,honest,0.6511627906976745,0.736842105263158,True,True,1.0,0.0,0.47386308464152777
AMIE_PSEAE_Wrenbeck_2017,3,adaptive_leak,0.6697674418604651,0.8631578947368421,True,True,0.0,0.0,0.47386308464152777
AMIE_PSEAE_Wrenbeck_2017,3,pool_side,0.6511627906976745,0.736842105263158,True,True,1.0,0.0,0.47386308464152777
AMIE_PSEAE_Wrenbeck_2017,4,honest,0.641860465116279,0.6842105263157896,True,True,1.0,0.0,0.48163133193073315
AMIE_PSEAE_Wrenbeck_2017,4,adaptive_leak,0.6744186046511629,0.5789473684210527,True,True,1.0,1.0,0.48163133193073315
AMIE_PSEAE_Wrenbeck_2017,4,pool_side,0.641860465116279,0.6842105263157896,True,True,0.0,0.0,0.48163133193073315
AMIE_PSEAE_Wrenbeck_2017,5,honest,0.772093023255814,0.7157894736842105,True,True,1.0,0.0,0.48163133193073315
AMIE_PSEAE_Wrenbeck_2017,5,adaptive_leak,0.9581395348837208,0.5789473684210527,True,True,0.0,0.0,0.48163133193073315
AMIE_PSEAE_Wrenbeck_2017,5,pool_side,0.772093023255814,0.7157894736842105,True,True,0.0,0.0,0.48163133193073315
AMIE_PSEAE_Wrenbeck_2017,6,honest,0.613953488372093,0.8105263157894738,True,True,1.0,0.0,0.48163133193073315
AMIE_PSEAE_Wrenbeck_2017,6,adaptive_leak,0.9348837209302325,0.5421052631578948,True,False,0.0,0.0,0.48163133193073315
AMIE_PSEAE_Wrenbeck_2017,6,pool_side,0.613953488372093,0.8105263157894738,True,True,1.0,1.0,0.48163133193073315
AMIE_PSEAE_Wrenbeck_2017,7,honest,0.6372093023255815,0.8421052631578948,True,True,1.0,0.0,0.47386308464152777
AMIE_PSEAE_Wrenbeck_2017,7,adaptive_leak,0.7488372093023256,0.5684210526315789,True,True,0.0,0.0,0.47386308464152777
AMIE_PSEAE_Wrenbeck_2017,7,pool_side,0.6372093023255815,0.8421052631578948,True,True,0.0,0.0,0.47386308464152777
AMIE_PSEAE_Wrenbeck_2017,8,honest,0.6558139534883721,0.5894736842105264,True,True,1.0,0.0,0.48163133193073315
AMIE_PSEAE_Wrenbeck_2017,8,adaptive_leak,0.7813953488372094,0.7052631578947368,True,True,1.0,1.0,0.48163133193073315
AMIE_PSEAE_Wrenbeck_2017,8,pool_side,0.6558139534883721,0.5894736842105264,True,True,0.0,0.0,0.48163133193073315
AMIE_PSEAE_Wrenbeck_2017,9,honest,0.6093023255813954,0.7052631578947369,True,True,1.0,0.0,0.48163133193073315
AMIE_PSEAE_Wrenbeck_2017,9,adaptive_leak,0.7395348837209302,0.6631578947368422,True,True,0.0,0.0,0.48163133193073315
AMIE_PSEAE_Wrenbeck_2017,9,pool_side,0.6093023255813954,0.7052631578947369,True,True,0.0,0.0,0.48163133193073315
AMIE_PSEAE_Wrenbeck_2017,10,honest,0.8883720930232559,0.8947368421052633,True,True,1.0,1.0,0.47386308464152777
AMIE_PSEAE_Wrenbeck_2017,10,adaptive_leak,0.572093023255814,0.2631578947368421,True,False,7.0,7.0,0.47386308464152777
AMIE_PSEAE_Wrenbeck_2017,10,pool_side,0.8883720930232559,0.8947368421052633,True,True,0.0,0.0,0.47386308464152777
AMIE_PSEAE_Wrenbeck_2017,11,honest,0.7441860465116279,0.6421052631578947,True,True,1.0,0.0,0.48163133193073315
AMIE_PSEAE_Wrenbeck_2017,11,adaptive_leak,0.7674418604651163,0.35789473684210527,True,False,0.0,1.0,0.48163133193073315
AMIE_PSEAE_Wrenbeck_2017,11,pool_side,0.7441860465116279,0.6421052631578947,True,True,0.0,0.0,0.48163133193073315
AMIE_PSEAE_Wrenbeck_2017,12,honest,0.627906976744186,0.7578947368421053,True,True,1.0,0.0,0.48163133193073315
AMIE_PSEAE_Wrenbeck_2017,12,adaptive_leak,0.8418604651162791,0.6421052631578948,True,True,0.0,0.0,0.48163133193073315
AMIE_PSEAE_Wrenbeck_2017,12,pool_side,0.627906976744186,0.7578947368421053,True,True,0.0,0.0,0.48163133193073315
AMIE_PSEAE_Wrenbeck_2017,13,honest,0.8372093023255813,0.7052631578947369,True,True,1.0,0.0,0.48163133193073315
AMIE_PSEAE_Wrenbeck_2017,13,adaptive_leak,0.8511627906976744,0.5631578947368421,True,True,1.0,0.0,0.48163133193073315
AMIE_PSEAE_Wrenbeck_2017,13,pool_side,0.8372093023255813,0.7052631578947369,True,True,0.0,0.0,0.48163133193073315
AMIE_PSEAE_Wrenbeck_2017,14,honest,0.6046511627906977,0.8526315789473684,True,True,1.0,0.0,0.4660948373523224
AMIE_PSEAE_Wrenbeck_2017,14,adaptive_leak,0.8186046511627907,0.4736842105263158,True,False,2.0,1.0,0.4660948373523224
AMIE_PSEAE_Wrenbeck_2017,14,pool_side,0.6046511627906977,0.8526315789473684,True,True,0.0,1.0,0.4660948373523224
AMIE_PSEAE_Wrenbeck_2017,15,honest,0.8325581395348838,0.7473684210526316,True,True,1.0,0.0,0.48163133193073315
AMIE_PSEAE_Wrenbeck_2017,15,adaptive_leak,0.7953488372093024,0.6052631578947368,True,True,0.0,0.0,0.48163133193073315
AMIE_PSEAE_Wrenbeck_2017,15,pool_side,0.8325581395348838,0.7473684210526316,True,True,0.0,0.0,0.48163133193073315
AMIE_PSEAE_Wrenbeck_2017,16,honest,0.6604651162790698,0.6526315789473685,True,True,1.0,0.0,0.48163133193073315
AMIE_PSEAE_Wrenbeck_2017,16,adaptive_leak,0.9488372093023256,0.4210526315789474,True,False,2.0,1.0,0.48163133193073315
AMIE_PSEAE_Wrenbeck_2017,16,pool_side,0.6604651162790698,0.6526315789473685,True,True,1.0,1.0,0.48163133193073315
AMIE_PSEAE_Wrenbeck_2017,17,honest,0.6930232558139535,0.8526315789473684,True,True,1.0,0.0,0.47386308464152777
AMIE_PSEAE_Wrenbeck_2017,17,adaptive_leak,0.7697674418604652,0.5421052631578948,True,False,6.0,6.0,0.47386308464152777
AMIE_PSEAE_Wrenbeck_2017,17,pool_side,0.6930232558139535,0.8526315789473684,True,True,0.0,0.0,0.47386308464152777
AMIE_PSEAE_Wrenbeck_2017,18,honest,0.7534883720930232,0.8315789473684211,True,True,1.0,0.0,0.48163133193073315
AMIE_PSEAE_Wrenbeck_2017,18,adaptive_leak,0.8046511627906976,0.6210526315789473,True,True,1.0,0.0,0.48163133193073315
AMIE_PSEAE_Wrenbeck_2017,18,pool_side,0.7534883720930232,0.8315789473684211,True,True,0.0,0.0,0.48163133193073315
AMIE_PSEAE_Wrenbeck_2017,19,honest,0.6325581395348837,0.5894736842105264,True,True,1.0,0.0,0.48163133193073315
AMIE_PSEAE_Wrenbeck_2017,19,adaptive_leak,0.8604651162790697,0.4631578947368421,True,False,0.0,0.0,0.48163133193073315
AMIE_PSEAE_Wrenbeck_2017,19,pool_side,0.6325581395348837,0.5894736842105264,True,True,0.0,0.0,0.48163133193073315
AMIE_PSEAE_Wrenbeck_2017,20,honest,0.530232558139535,0.831578947368421,False,True,1.0,0.0,0.48163133193073315
AMIE_PSEAE_Wrenbeck_2017,20,adaptive_leak,0.6511627906976745,0.40526315789473694,True,False,0.0,0.0,0.48163133193073315
AMIE_PSEAE_Wrenbeck_2017,20,pool_side,0.530232558139535,0.831578947368421,False,True,0.0,0.0,0.48163133193073315
AMIE_PSEAE_Wrenbeck_2017,21,honest,0.6651162790697674,0.6736842105263158,True,True,1.0,0.0,0.48163133193073315
AMIE_PSEAE_Wrenbeck_2017,21,adaptive_leak,0.8418604651162791,0.4263157894736842,True,False,0.0,0.0,0.48163133193073315
AMIE_PSEAE_Wrenbeck_2017,21,pool_side,0.6651162790697674,0.6736842105263158,True,True,0.0,1.0,0.48163133193073315
AMIE_PSEAE_Wrenbeck_2017,22,honest,0.6604651162790698,0.5157894736842106,True,False,1.0,0.0,0.47386308464152777
AMIE_PSEAE_Wrenbeck_2017,22,adaptive_leak,0.7767441860465116,0.3263157894736842,True,False,7.0,7.0,0.47386308464152777
AMIE_PSEAE_Wrenbeck_2017,22,pool_side,0.6604651162790698,0.5157894736842106,True,False,0.0,1.0,0.47386308464152777
AMIE_PSEAE_Wrenbeck_2017,23,honest,0.7534883720930233,0.8842105263157894,True,True,1.0,0.0,0.47386308464152777
AMIE_PSEAE_Wrenbeck_2017,23,adaptive_leak,0.7395348837209301,0.5684210526315789,True,True,6.0,4.0,0.47386308464152777
AMIE_PSEAE_Wrenbeck_2017,23,pool_side,0.7534883720930233,0.8842105263157894,True,True,0.0,0.0,0.47386308464152777
AMIE_PSEAE_Wrenbeck_2017,24,honest,0.8093023255813954,0.7157894736842105,True,True,1.0,0.0,0.48163133193073315
AMIE_PSEAE_Wrenbeck_2017,24,adaptive_leak,0.7302325581395348,0.6526315789473685,True,True,0.0,0.0,0.48163133193073315
AMIE_PSEAE_Wrenbeck_2017,24,pool_side,0.8093023255813954,0.7157894736842105,True,True,0.0,1.0,0.48163133193073315
AMIE_PSEAE_Wrenbeck_2017,25,honest,0.7209302325581396,0.736842105263158,True,True,1.0,0.0,0.48163133193073315
AMIE_PSEAE_Wrenbeck_2017,25,adaptive_leak,0.641860465116279,0.48421052631578954,True,False,0.0,1.0,0.48163133193073315
AMIE_PSEAE_Wrenbeck_2017,25,pool_side,0.7209302325581396,0.736842105263158,True,True,0.0,0.0,0.48163133193073315
AMIE_PSEAE_Wrenbeck_2017,26,honest,0.6930232558139535,0.7578947368421052,True,True,1.0,0.0,0.48163133193073315
AMIE_PSEAE_Wrenbeck_2017,26,adaptive_leak,0.8,0.5052631578947369,True,False,0.0,0.0,0.48163133193073315
AMIE_PSEAE_Wrenbeck_2017,26,pool_side,0.6930232558139535,0.7578947368421052,True,True,0.0,0.0,0.48163133193073315
AMIE_PSEAE_Wrenbeck_2017,27,honest,0.6837209302325582,0.7789473684210526,True,True,1.0,1.0,0.48163133193073315
AMIE_PSEAE_Wrenbeck_2017,27,adaptive_leak,0.7627906976744185,0.4736842105263158,True,False,0.0,0.0,0.48163133193073315
AMIE_PSEAE_Wrenbeck_2017,27,pool_side,0.6837209302325582,0.7789473684210526,True,True,0.0,0.0,0.48163133193073315
AMIE_PSEAE_Wrenbeck_2017,28,honest,0.7023255813953488,0.5789473684210528,True,True,0.0,0.0,0.4660948373523224
AMIE_PSEAE_Wrenbeck_2017,28,adaptive_leak,0.858139534883721,0.7052631578947368,True,True,15.0,10.0,0.4660948373523224
AMIE_PSEAE_Wrenbeck_2017,28,pool_side,0.7023255813953488,0.5789473684210528,True,True,0.0,0.0,0.4660948373523224
AMIE_PSEAE_Wrenbeck_2017,29,honest,0.6790697674418604,0.7578947368421053,True,True,1.0,0.0,0.4660948373523224
AMIE_PSEAE_Wrenbeck_2017,29,adaptive_leak,0.7674418604651163,0.736842105263158,True,True,0.0,0.0,0.4660948373523224
AMIE_PSEAE_Wrenbeck_2017,29,pool_side,0.6790697674418604,0.7578947368421053,True,True,1.0,0.0,0.4660948373523224
AMIE_PSEAE_Wrenbeck_2017,30,honest,0.6790697674418604,0.7578947368421053,True,True,1.0,1.0,0.48163133193073315
AMIE_PSEAE_Wrenbeck_2017,30,adaptive_leak,0.9860465116279069,0.7473684210526316,True,True,0.0,0.0,0.48163133193073315
AMIE_PSEAE_Wrenbeck_2017,30,pool_side,0.6790697674418604,0.7578947368421053,True,True,1.0,1.0,0.48163133193073315
AMIE_PSEAE_Wrenbeck_2017,31,honest,0.6604651162790698,0.705263157894737,True,True,1.0,0.0,0.48163133193073315
AMIE_PSEAE_Wrenbeck_2017,31,adaptive_leak,0.8372093023255813,0.8736842105263158,True,True,0.0,1.0,0.48163133193073315
AMIE_PSEAE_Wrenbeck_2017,31,pool_side,0.6604651162790698,0.705263157894737,True,True,1.0,1.0,0.48163133193073315
AMIE_PSEAE_Wrenbeck_2017,32,honest,0.7534883720930232,0.7789473684210526,True,True,1.0,0.0,0.48163133193073315
AMIE_PSEAE_Wrenbeck_2017,32,adaptive_leak,0.7395348837209302,0.5473684210526316,True,False,0.0,0.0,0.48163133193073315
AMIE_PSEAE_Wrenbeck_2017,32,pool_side,0.7534883720930232,0.7789473684210526,True,True,0.0,0.0,0.48163133193073315
AMIE_PSEAE_Wrenbeck_2017,33,honest,0.9023255813953489,0.8842105263157894,True,True,1.0,0.0,0.47386308464152777
AMIE_PSEAE_Wrenbeck_2017,33,adaptive_leak,0.5674418604651164,0.5894736842105264,True,True,0.0,0.0,0.47386308464152777
AMIE_PSEAE_Wrenbeck_2017,33,pool_side,0.9023255813953489,0.8842105263157894,True,True,0.0,0.0,0.47386308464152777
AMIE_PSEAE_Wrenbeck_2017,34,honest,0.6465116279069768,0.5578947368421052,True,True,1.0,1.0,0.48163133193073315
AMIE_PSEAE_Wrenbeck_2017,34,adaptive_leak,0.7953488372093024,0.48421052631578954,True,False,0.0,0.0,0.48163133193073315
AMIE_PSEAE_Wrenbeck_2017,34,pool_side,0.6465116279069768,0.5578947368421052,True,True,0.0,0.0,0.48163133193073315
AMIE_PSEAE_Wrenbeck_2017,35,honest,0.7627906976744186,0.9052631578947368,True,True,1.0,0.0,0.48163133193073315
AMIE_PSEAE_Wrenbeck_2017,35,adaptive_leak,0.7348837209302326,0.6,True,True,0.0,0.0,0.48163133193073315
AMIE_PSEAE_Wrenbeck_2017,35,pool_side,0.7627906976744186,0.9052631578947368,True,True,1.0,1.0,0.48163133193073315
AMIE_PSEAE_Wrenbeck_2017,36,honest,0.7302325581395349,0.8,True,True,1.0,0.0,0.47386308464152777
AMIE_PSEAE_Wrenbeck_2017,36,adaptive_leak,0.7488372093023256,0.5263157894736842,True,False,0.0,1.0,0.47386308464152777
AMIE_PSEAE_Wrenbeck_2017,36,pool_side,0.7302325581395349,0.8,True,True,0.0,0.0,0.47386308464152777
AMIE_PSEAE_Wrenbeck_2017,37,honest,0.8744186046511627,0.8736842105263157,True,True,1.0,0.0,0.47386308464152777
AMIE_PSEAE_Wrenbeck_2017,37,adaptive_leak,0.758139534883721,0.43157894736842106,True,False,7.0,3.0,0.47386308464152777
AMIE_PSEAE_Wrenbeck_2017,37,pool_side,0.8744186046511627,0.8736842105263157,True,True,0.0,0.0,0.47386308464152777
AMIE_PSEAE_Wrenbeck_2017,38,honest,0.744186046511628,0.8526315789473685,True,True,1.0,0.0,0.48163133193073315
AMIE_PSEAE_Wrenbeck_2017,38,adaptive_leak,0.8465116279069769,0.6421052631578947,True,True,0.0,0.0,0.48163133193073315
AMIE_PSEAE_Wrenbeck_2017,38,pool_side,0.744186046511628,0.8526315789473685,True,True,0.0,1.0,0.48163133193073315
AMIE_PSEAE_Wrenbeck_2017,39,honest,0.9116279069767441,0.8421052631578947,True,True,1.0,0.0,0.47386308464152777
AMIE_PSEAE_Wrenbeck_2017,39,adaptive_leak,0.7488372093023257,0.5368421052631579,True,False,0.0,0.0,0.47386308464152777
AMIE_PSEAE_Wrenbeck_2017,39,pool_side,0.9116279069767441,0.8421052631578947,True,True,0.0,0.0,0.47386308464152777
B3VI55_LIPST_Klesmith_2015,0,honest,0.8093023255813954,0.7368421052631579,True,True,1.0,2.0,0.4774292272379495
B3VI55_LIPST_Klesmith_2015,0,adaptive_leak,0.7534883720930232,0.3789473684210527,True,False,1.0,1.0,0.4774292272379495
B3VI55_LIPST_Klesmith_2015,0,pool_side,0.8093023255813954,0.7368421052631579,True,True,1.0,1.0,0.4774292272379495
B3VI55_LIPST_Klesmith_2015,1,honest,0.6837209302325581,0.6315789473684211,True,True,1.0,1.0,0.48355011476664117
B3VI55_LIPST_Klesmith_2015,1,adaptive_leak,0.7767441860465116,0.7789473684210526,True,True,2.0,2.0,0.48355011476664117
B3VI55_LIPST_Klesmith_2015,1,pool_side,0.6837209302325581,0.6315789473684211,True,True,0.0,0.0,0.48355011476664117
B3VI55_LIPST_Klesmith_2015,2,honest,0.8883720930232558,0.7368421052631579,True,True,1.0,1.0,0.4774292272379495
B3VI55_LIPST_Klesmith_2015,2,adaptive_leak,0.8348837209302326,0.6473684210526316,True,True,1.0,1.0,0.4774292272379495
B3VI55_LIPST_Klesmith_2015,2,pool_side,0.8883720930232558,0.7368421052631579,True,True,0.0,0.0,0.4774292272379495
B3VI55_LIPST_Klesmith_2015,3,honest,0.8511627906976744,0.736842105263158,True,True,1.0,1.0,0.48355011476664117
B3VI55_LIPST_Klesmith_2015,3,adaptive_leak,0.8883720930232558,0.8421052631578948,True,True,2.0,2.0,0.48355011476664117
B3VI55_LIPST_Klesmith_2015,3,pool_side,0.8511627906976744,0.736842105263158,True,True,0.0,0.0,0.48355011476664117
B3VI55_LIPST_Klesmith_2015,4,honest,0.9116279069767442,0.8,True,True,1.0,1.0,0.48355011476664117
B3VI55_LIPST_Klesmith_2015,4,adaptive_leak,0.7720930232558141,0.6105263157894738,True,True,1.0,1.0,0.48355011476664117
B3VI55_LIPST_Klesmith_2015,4,pool_side,0.9116279069767442,0.8,True,True,0.0,0.0,0.48355011476664117
B3VI55_LIPST_Klesmith_2015,5,honest,0.6790697674418604,0.7157894736842105,True,True,1.0,1.0,0.4774292272379495
B3VI55_LIPST_Klesmith_2015,5,adaptive_leak,0.7534883720930232,0.48421052631578954,True,False,0.0,1.0,0.4774292272379495
B3VI55_LIPST_Klesmith_2015,5,pool_side,0.6790697674418604,0.7157894736842105,True,True,0.0,0.0,0.4774292272379495
B3VI55_LIPST_Klesmith_2015,6,honest,0.8046511627906977,0.736842105263158,True,True,1.0,1.0,0.48355011476664117
B3VI55_LIPST_Klesmith_2015,6,adaptive_leak,0.6093023255813954,0.5368421052631579,True,False,1.0,1.0,0.48355011476664117
B3VI55_LIPST_Klesmith_2015,6,pool_side,0.8046511627906977,0.736842105263158,True,True,1.0,2.0,0.48355011476664117
B3VI55_LIPST_Klesmith_2015,7,honest,0.7767441860465116,0.5894736842105264,True,True,1.0,1.0,0.4774292272379495
B3VI55_LIPST_Klesmith_2015,7,adaptive_leak,0.9813953488372094,0.5894736842105264,True,True,1.0,1.0,0.4774292272379495
B3VI55_LIPST_Klesmith_2015,7,pool_side,0.7767441860465116,0.5894736842105264,True,True,0.0,0.0,0.4774292272379495
B3VI55_LIPST_Klesmith_2015,8,honest,0.9209302325581394,0.9473684210526315,True,True,1.0,1.0,0.48355011476664117
B3VI55_LIPST_Klesmith_2015,8,adaptive_leak,0.8046511627906977,0.6421052631578947,True,True,1.0,2.0,0.48355011476664117
B3VI55_LIPST_Klesmith_2015,8,pool_side,0.9209302325581394,0.9473684210526315,True,True,0.0,0.0,0.48355011476664117
B3VI55_LIPST_Klesmith_2015,9,honest,0.8093023255813954,0.8210526315789474,True,True,1.0,1.0,0.4774292272379495
B3VI55_LIPST_Klesmith_2015,9,adaptive_leak,0.7395348837209302,0.34736842105263155,True,False,0.0,1.0,0.4774292272379495
B3VI55_LIPST_Klesmith_2015,9,pool_side,0.8093023255813954,0.8210526315789474,True,True,0.0,1.0,0.4774292272379495
B3VI55_LIPST_Klesmith_2015,10,honest,0.8372093023255814,0.6842105263157896,True,True,1.0,1.0,0.48355011476664117
B3VI55_LIPST_Klesmith_2015,10,adaptive_leak,0.7627906976744186,0.6105263157894737,True,True,1.0,1.0,0.48355011476664117
B3VI55_LIPST_Klesmith_2015,10,pool_side,0.8372093023255814,0.6842105263157896,True,True,0.0,0.0,0.48355011476664117
B3VI55_LIPST_Klesmith_2015,11,honest,0.6372093023255814,0.7473684210526316,True,True,1.0,2.0,0.4774292272379495
B3VI55_LIPST_Klesmith_2015,11,adaptive_leak,0.9674418604651163,0.5421052631578948,True,False,3.0,3.0,0.4774292272379495
B3VI55_LIPST_Klesmith_2015,11,pool_side,0.6372093023255814,0.7473684210526316,True,True,1.0,1.0,0.4774292272379495
B3VI55_LIPST_Klesmith_2015,12,honest,0.8279069767441861,0.5263157894736843,True,False,1.0,1.0,0.4774292272379495
B3VI55_LIPST_Klesmith_2015,12,adaptive_leak,0.8325581395348838,0.6210526315789474,True,True,1.0,1.0,0.4774292272379495
B3VI55_LIPST_Klesmith_2015,12,pool_side,0.8279069767441861,0.5263157894736843,True,False,1.0,1.0,0.4774292272379495
B3VI55_LIPST_Klesmith_2015,13,honest,0.786046511627907,0.768421052631579,True,True,1.0,1.0,0.48355011476664117
B3VI55_LIPST_Klesmith_2015,13,adaptive_leak,0.6976744186046512,0.6210526315789474,True,True,1.0,1.0,0.48355011476664117
B3VI55_LIPST_Klesmith_2015,13,pool_side,0.786046511627907,0.768421052631579,True,True,0.0,0.0,0.48355011476664117
B3VI55_LIPST_Klesmith_2015,14,honest,0.8511627906976744,0.8526315789473684,True,True,1.0,1.0,0.48355011476664117
B3VI55_LIPST_Klesmith_2015,14,adaptive_leak,0.9488372093023256,0.7894736842105263,True,True,3.0,2.0,0.48355011476664117
B3VI55_LIPST_Klesmith_2015,14,pool_side,0.8511627906976744,0.8526315789473684,True,True,0.0,0.0,0.48355011476664117
B3VI55_LIPST_Klesmith_2015,15,honest,0.8186046511627907,0.9578947368421054,True,True,1.0,1.0,0.48355011476664117
B3VI55_LIPST_Klesmith_2015,15,adaptive_leak,0.7279069767441861,0.6105263157894736,True,True,1.0,1.0,0.48355011476664117
B3VI55_LIPST_Klesmith_2015,15,pool_side,0.8186046511627907,0.9578947368421054,True,True,0.0,1.0,0.48355011476664117
B3VI55_LIPST_Klesmith_2015,16,honest,0.855813953488372,0.7894736842105263,True,True,1.0,1.0,0.48355011476664117
B3VI55_LIPST_Klesmith_2015,16,adaptive_leak,0.8651162790697675,0.6631578947368422,True,True,2.0,2.0,0.48355011476664117
B3VI55_LIPST_Klesmith_2015,16,pool_side,0.855813953488372,0.7894736842105263,True,True,0.0,0.0,0.48355011476664117
B3VI55_LIPST_Klesmith_2015,17,honest,0.9209302325581395,0.9789473684210527,True,True,1.0,1.0,0.4774292272379495
B3VI55_LIPST_Klesmith_2015,17,adaptive_leak,0.7488372093023256,0.3789473684210527,True,False,2.0,1.0,0.4774292272379495
B3VI55_LIPST_Klesmith_2015,17,pool_side,0.9209302325581395,0.9789473684210527,True,True,1.0,1.0,0.4774292272379495
B3VI55_LIPST_Klesmith_2015,18,honest,0.6883720930232559,0.5684210526315789,True,True,1.0,1.0,0.48355011476664117
B3VI55_LIPST_Klesmith_2015,18,adaptive_leak,0.7348837209302326,0.5894736842105264,True,True,2.0,2.0,0.48355011476664117
B3VI55_LIPST_Klesmith_2015,18,pool_side,0.6883720930232559,0.5684210526315789,True,True,0.0,0.0,0.48355011476664117
B3VI55_LIPST_Klesmith_2015,19,honest,0.8697674418604651,0.6315789473684211,True,True,1.0,1.0,0.48355011476664117
B3VI55_LIPST_Klesmith_2015,19,adaptive_leak,0.9627906976744186,0.5473684210526316,True,False,0.0,0.0,0.48355011476664117
B3VI55_LIPST_Klesmith_2015,19,pool_side,0.8697674418604651,0.6315789473684211,True,True,0.0,0.0,0.48355011476664117
B3VI55_LIPST_Klesmith_2015,20,honest,0.7441860465116279,0.8842105263157896,True,True,1.0,1.0,0.48355011476664117
B3VI55_LIPST_Klesmith_2015,20,adaptive_leak,0.8837209302325582,0.7578947368421053,True,True,1.0,1.0,0.48355011476664117
B3VI55_LIPST_Klesmith_2015,20,pool_side,0.7441860465116279,0.8842105263157896,True,True,0.0,0.0,0.48355011476664117
B3VI55_LIPST_Klesmith_2015,21,honest,0.8511627906976745,0.8421052631578947,True,True,1.0,1.0,0.4774292272379495
B3VI55_LIPST_Klesmith_2015,21,adaptive_leak,0.8279069767441861,0.5210526315789473,True,False,2.0,2.0,0.4774292272379495
B3VI55_LIPST_Klesmith_2015,21,pool_side,0.8511627906976745,0.8421052631578947,True,True,2.0,2.0,0.4774292272379495
B3VI55_LIPST_Klesmith_2015,22,honest,0.6697674418604652,0.9684210526315788,True,True,1.0,1.0,0.48355011476664117
B3VI55_LIPST_Klesmith_2015,22,adaptive_leak,0.8837209302325582,0.6105263157894737,True,True,2.0,0.0,0.48355011476664117
B3VI55_LIPST_Klesmith_2015,22,pool_side,0.6697674418604652,0.9684210526315788,True,True,0.0,1.0,0.48355011476664117
B3VI55_LIPST_Klesmith_2015,23,honest,0.9488372093023255,0.9157894736842105,True,True,1.0,1.0,0.48355011476664117
B3VI55_LIPST_Klesmith_2015,23,adaptive_leak,0.9093023255813955,0.605263157894737,True,True,2.0,1.0,0.48355011476664117
B3VI55_LIPST_Klesmith_2015,23,pool_side,0.9488372093023255,0.9157894736842105,True,True,0.0,0.0,0.48355011476664117
B3VI55_LIPST_Klesmith_2015,24,honest,0.8186046511627907,0.6210526315789474,True,True,1.0,1.0,0.48355011476664117
B3VI55_LIPST_Klesmith_2015,24,adaptive_leak,0.7906976744186046,0.5157894736842106,True,False,1.0,1.0,0.48355011476664117
B3VI55_LIPST_Klesmith_2015,24,pool_side,0.8186046511627907,0.6210526315789474,True,True,2.0,1.0,0.48355011476664117
B3VI55_LIPST_Klesmith_2015,25,honest,0.8325581395348837,0.8421052631578947,True,True,0.0,0.0,0.47130833970925784
B3VI55_LIPST_Klesmith_2015,25,adaptive_leak,0.9023255813953488,0.7157894736842105,True,True,2.0,1.0,0.47130833970925784
B3VI55_LIPST_Klesmith_2015,25,pool_side,0.8325581395348837,0.8421052631578947,True,True,2.0,1.0,0.47130833970925784
B3VI55_LIPST_Klesmith_2015,26,honest,0.7953488372093025,0.7578947368421053,True,True,1.0,1.0,0.48355011476664117
B3VI55_LIPST_Klesmith_2015,26,adaptive_leak,0.7767441860465116,0.7210526315789474,True,True,1.0,1.0,0.48355011476664117
B3VI55_LIPST_Klesmith_2015,26,pool_side,0.7953488372093025,0.7578947368421053,True,True,0.0,0.0,0.48355011476664117
B3VI55_LIPST_Klesmith_2015,27,honest,0.7209302325581395,0.8315789473684211,True,True,1.0,2.0,0.48355011476664117
B3VI55_LIPST_Klesmith_2015,27,adaptive_leak,0.43488372093023253,0.25263157894736843,False,False,3.0,2.0,0.48355011476664117
B3VI55_LIPST_Klesmith_2015,27,pool_side,0.7209302325581395,0.8315789473684211,True,True,0.0,1.0,0.48355011476664117
B3VI55_LIPST_Klesmith_2015,28,honest,0.7441860465116279,0.8315789473684211,True,True,1.0,1.0,0.4774292272379495
B3VI55_LIPST_Klesmith_2015,28,adaptive_leak,0.8511627906976744,0.6578947368421052,True,True,0.0,0.0,0.4774292272379495
B3VI55_LIPST_Klesmith_2015,28,pool_side,0.7441860465116279,0.8315789473684211,True,True,1.0,0.0,0.4774292272379495
B3VI55_LIPST_Klesmith_2015,29,honest,0.827906976744186,0.768421052631579,True,True,1.0,1.0,0.48355011476664117
B3VI55_LIPST_Klesmith_2015,29,adaptive_leak,0.758139534883721,0.3052631578947369,True,False,1.0,2.0,0.48355011476664117
B3VI55_LIPST_Klesmith_2015,29,pool_side,0.827906976744186,0.768421052631579,True,True,0.0,0.0,0.48355011476664117
B3VI55_LIPST_Klesmith_2015,30,honest,0.8558139534883721,0.9578947368421052,True,True,1.0,1.0,0.48355011476664117
B3VI55_LIPST_Klesmith_2015,30,adaptive_leak,0.8883720930232558,0.8105263157894737,True,True,0.0,0.0,0.48355011476664117
B3VI55_LIPST_Klesmith_2015,30,pool_side,0.8558139534883721,0.9578947368421052,True,True,0.0,0.0,0.48355011476664117
B3VI55_LIPST_Klesmith_2015,31,honest,0.8651162790697675,0.9157894736842105,True,True,1.0,1.0,0.4774292272379495
B3VI55_LIPST_Klesmith_2015,31,adaptive_leak,0.7209302325581396,0.5368421052631579,True,False,2.0,1.0,0.4774292272379495
B3VI55_LIPST_Klesmith_2015,31,pool_side,0.8651162790697675,0.9157894736842105,True,True,0.0,0.0,0.4774292272379495
B3VI55_LIPST_Klesmith_2015,32,honest,0.8604651162790697,0.6736842105263158,True,True,1.0,1.0,0.47130833970925784
B3VI55_LIPST_Klesmith_2015,32,adaptive_leak,0.8,0.7052631578947369,True,True,2.0,1.0,0.47130833970925784
B3VI55_LIPST_Klesmith_2015,32,pool_side,0.8604651162790697,0.6736842105263158,True,True,0.0,0.0,0.47130833970925784
B3VI55_LIPST_Klesmith_2015,33,honest,0.8697674418604651,0.9684210526315788,True,True,1.0,1.0,0.48355011476664117
B3VI55_LIPST_Klesmith_2015,33,adaptive_leak,0.7906976744186047,0.6947368421052632,True,True,0.0,0.0,0.48355011476664117
B3VI55_LIPST_Klesmith_2015,33,pool_side,0.8697674418604651,0.9684210526315788,True,True,0.0,0.0,0.48355011476664117
B3VI55_LIPST_Klesmith_2015,34,honest,0.8604651162790699,0.831578947368421,True,True,1.0,1.0,0.4774292272379495
B3VI55_LIPST_Klesmith_2015,34,adaptive_leak,0.6395348837209303,0.5105263157894737,True,False,1.0,1.0,0.4774292272379495
B3VI55_LIPST_Klesmith_2015,34,pool_side,0.8604651162790699,0.831578947368421,True,True,0.0,0.0,0.4774292272379495
B3VI55_LIPST_Klesmith_2015,35,honest,0.7813953488372093,0.8947368421052633,True,True,1.0,1.0,0.48355011476664117
B3VI55_LIPST_Klesmith_2015,35,adaptive_leak,0.6883720930232559,0.6631578947368421,True,True,0.0,0.0,0.48355011476664117
B3VI55_LIPST_Klesmith_2015,35,pool_side,0.7813953488372093,0.8947368421052633,True,True,0.0,1.0,0.48355011476664117
B3VI55_LIPST_Klesmith_2015,36,honest,0.7069767441860465,0.631578947368421,True,True,1.0,1.0,0.48355011476664117
B3VI55_LIPST_Klesmith_2015,36,adaptive_leak,0.6790697674418604,0.7263157894736842,True,True,1.0,0.0,0.48355011476664117
B3VI55_LIPST_Klesmith_2015,36,pool_side,0.7069767441860465,0.631578947368421,True,True,0.0,0.0,0.48355011476664117
B3VI55_LIPST_Klesmith_2015,37,honest,0.8651162790697675,0.7789473684210526,True,True,1.0,1.0,0.48355011476664117
B3VI55_LIPST_Klesmith_2015,37,adaptive_leak,0.6348837209302325,0.43684210526315786,True,False,0.0,0.0,0.48355011476664117
B3VI55_LIPST_Klesmith_2015,37,pool_side,0.8651162790697675,0.7789473684210526,True,True,0.0,0.0,0.48355011476664117
B3VI55_LIPST_Klesmith_2015,38,honest,0.8930232558139535,0.8947368421052632,True,True,1.0,1.0,0.48355011476664117
B3VI55_LIPST_Klesmith_2015,38,adaptive_leak,0.8046511627906976,0.7578947368421053,True,True,3.0,3.0,0.48355011476664117
B3VI55_LIPST_Klesmith_2015,38,pool_side,0.8930232558139535,0.8947368421052632,True,True,1.0,2.0,0.48355011476664117
B3VI55_LIPST_Klesmith_2015,39,honest,0.8790697674418604,0.8,True,True,1.0,1.0,0.48355011476664117
B3VI55_LIPST_Klesmith_2015,39,adaptive_leak,0.8790697674418605,0.3263157894736842,True,False,1.0,1.0,0.48355011476664117
B3VI55_LIPST_Klesmith_2015,39,pool_side,0.8790697674418604,0.8,True,True,0.0,0.0,0.48355011476664117
BLAT_ECOLX_Deng_2012,0,honest,0.8279069767441861,0.8631578947368421,True,True,5.0,5.0,0.4850444624090542
BLAT_ECOLX_Deng_2012,0,adaptive_leak,0.9255813953488372,0.5105263157894737,True,False,0.0,0.0,0.4850444624090542
BLAT_ECOLX_Deng_2012,0,pool_side,0.8279069767441861,0.8631578947368421,True,True,0.0,0.0,0.4850444624090542
BLAT_ECOLX_Deng_2012,1,honest,0.7116279069767443,0.8736842105263158,True,True,5.0,5.0,0.4850444624090542
BLAT_ECOLX_Deng_2012,1,adaptive_leak,0.8534883720930233,0.7842105263157895,True,True,0.0,0.0,0.4850444624090542
BLAT_ECOLX_Deng_2012,1,pool_side,0.7116279069767443,0.8736842105263158,True,True,0.0,0.0,0.4850444624090542
BLAT_ECOLX_Deng_2012,2,honest,0.7953488372093023,0.9263157894736842,True,True,5.0,5.0,0.4850444624090542
BLAT_ECOLX_Deng_2012,2,adaptive_leak,0.930232558139535,0.7263157894736842,True,True,3.0,2.0,0.4850444624090542
BLAT_ECOLX_Deng_2012,2,pool_side,0.7953488372093023,0.9263157894736842,True,True,0.0,0.0,0.4850444624090542
BLAT_ECOLX_Deng_2012,3,honest,0.6232558139534884,0.7368421052631579,True,True,5.0,5.0,0.47534357316087306
BLAT_ECOLX_Deng_2012,3,adaptive_leak,0.9534883720930233,0.631578947368421,True,True,1.0,1.0,0.47534357316087306
BLAT_ECOLX_Deng_2012,3,pool_side,0.6232558139534884,0.7368421052631579,True,True,0.0,0.0,0.47534357316087306
BLAT_ECOLX_Deng_2012,4,honest,0.7348837209302326,0.8,True,True,5.0,5.0,0.4850444624090542
BLAT_ECOLX_Deng_2012,4,adaptive_leak,0.8418604651162791,0.8315789473684211,True,True,0.0,0.0,0.4850444624090542
BLAT_ECOLX_Deng_2012,4,pool_side,0.7348837209302326,0.8,True,True,0.0,0.0,0.4850444624090542
BLAT_ECOLX_Deng_2012,5,honest,0.8325581395348837,0.7684210526315789,True,True,5.0,5.0,0.4850444624090542
BLAT_ECOLX_Deng_2012,5,adaptive_leak,0.9627906976744186,0.6105263157894737,True,True,2.0,2.0,0.4850444624090542
BLAT_ECOLX_Deng_2012,5,pool_side,0.8325581395348837,0.7684210526315789,True,True,0.0,0.0,0.4850444624090542
BLAT_ECOLX_Deng_2012,6,honest,0.8465116279069766,0.8526315789473684,True,True,5.0,6.0,0.47534357316087306
BLAT_ECOLX_Deng_2012,6,adaptive_leak,0.6674418604651163,0.5473684210526316,True,False,2.0,3.0,0.47534357316087306
BLAT_ECOLX_Deng_2012,6,pool_side,0.8465116279069766,0.8526315789473684,True,True,0.0,0.0,0.47534357316087306
BLAT_ECOLX_Deng_2012,7,honest,0.586046511627907,0.6105263157894738,True,True,5.0,5.0,0.4850444624090542
BLAT_ECOLX_Deng_2012,7,adaptive_leak,0.7023255813953488,0.4473684210526315,True,False,0.0,0.0,0.4850444624090542
BLAT_ECOLX_Deng_2012,7,pool_side,0.586046511627907,0.6105263157894738,True,True,0.0,1.0,0.4850444624090542
BLAT_ECOLX_Deng_2012,8,honest,0.6790697674418604,0.9157894736842105,True,True,5.0,6.0,0.47534357316087306
BLAT_ECOLX_Deng_2012,8,adaptive_leak,0.7953488372093024,0.41052631578947374,True,False,0.0,0.0,0.47534357316087306
BLAT_ECOLX_Deng_2012,8,pool_side,0.6790697674418604,0.9157894736842105,True,True,0.0,0.0,0.47534357316087306
BLAT_ECOLX_Deng_2012,9,honest,0.7395348837209302,0.7684210526315789,True,True,5.0,5.0,0.4850444624090542
BLAT_ECOLX_Deng_2012,9,adaptive_leak,0.7953488372093023,0.8421052631578947,True,True,2.0,4.0,0.4850444624090542
BLAT_ECOLX_Deng_2012,9,pool_side,0.7395348837209302,0.7684210526315789,True,True,0.0,0.0,0.4850444624090542
BLAT_ECOLX_Deng_2012,10,honest,0.6930232558139535,0.8842105263157896,True,True,5.0,7.0,0.47534357316087306
BLAT_ECOLX_Deng_2012,10,adaptive_leak,0.9953488372093023,0.7210526315789474,True,True,0.0,0.0,0.47534357316087306
BLAT_ECOLX_Deng_2012,10,pool_side,0.6930232558139535,0.8842105263157896,True,True,1.0,1.0,0.47534357316087306
BLAT_ECOLX_Deng_2012,11,honest,0.8,0.6947368421052631,True,True,5.0,5.0,0.47534357316087306
BLAT_ECOLX_Deng_2012,11,adaptive_leak,0.7534883720930233,0.37894736842105264,True,False,1.0,1.0,0.47534357316087306
BLAT_ECOLX_Deng_2012,11,pool_side,0.8,0.6947368421052631,True,True,0.0,0.0,0.47534357316087306
BLAT_ECOLX_Deng_2012,12,honest,0.8465116279069768,0.5684210526315789,True,True,5.0,5.0,0.47534357316087306
BLAT_ECOLX_Deng_2012,12,adaptive_leak,0.958139534883721,0.6736842105263159,True,True,1.0,1.0,0.47534357316087306
BLAT_ECOLX_Deng_2012,12,pool_side,0.8465116279069768,0.5684210526315789,True,True,0.0,0.0,0.47534357316087306
BLAT_ECOLX_Deng_2012,13,honest,0.730232558139535,0.768421052631579,True,True,5.0,5.0,0.47534357316087306
BLAT_ECOLX_Deng_2012,13,adaptive_leak,0.8744186046511628,0.8105263157894738,True,True,1.0,3.0,0.47534357316087306
BLAT_ECOLX_Deng_2012,13,pool_side,0.730232558139535,0.768421052631579,True,True,0.0,0.0,0.47534357316087306
BLAT_ECOLX_Deng_2012,14,honest,0.7395348837209303,0.6736842105263159,True,True,5.0,5.0,0.465642683912692
BLAT_ECOLX_Deng_2012,14,adaptive_leak,0.8465116279069768,0.7578947368421054,True,True,7.0,5.0,0.465642683912692
BLAT_ECOLX_Deng_2012,14,pool_side,0.7395348837209303,0.6736842105263159,True,True,0.0,0.0,0.465642683912692
BLAT_ECOLX_Deng_2012,15,honest,0.7720930232558139,0.8210526315789474,True,True,5.0,5.0,0.4850444624090542
BLAT_ECOLX_Deng_2012,15,adaptive_leak,0.7813953488372093,0.7473684210526317,True,True,2.0,1.0,0.4850444624090542
BLAT_ECOLX_Deng_2012,15,pool_side,0.7720930232558139,0.8210526315789474,True,True,1.0,1.0,0.4850444624090542
BLAT_ECOLX_Deng_2012,16,honest,0.8372093023255813,0.8526315789473685,True,True,5.0,5.0,0.4850444624090542
BLAT_ECOLX_Deng_2012,16,adaptive_leak,0.8604651162790699,0.5631578947368422,True,True,1.0,1.0,0.4850444624090542
BLAT_ECOLX_Deng_2012,16,pool_side,0.8372093023255813,0.8526315789473685,True,True,1.0,1.0,0.4850444624090542
BLAT_ECOLX_Deng_2012,17,honest,0.6976744186046511,0.8105263157894738,True,True,5.0,5.0,0.465642683912692
BLAT_ECOLX_Deng_2012,17,adaptive_leak,0.7953488372093024,0.6526315789473685,True,True,0.0,0.0,0.465642683912692
BLAT_ECOLX_Deng_2012,17,pool_side,0.6976744186046511,0.8105263157894738,True,True,0.0,1.0,0.465642683912692
BLAT_ECOLX_Deng_2012,18,honest,0.5627906976744186,0.7894736842105263,True,True,5.0,5.0,0.4850444624090542
BLAT_ECOLX_Deng_2012,18,adaptive_leak,0.8790697674418604,0.9578947368421052,True,True,0.0,0.0,0.4850444624090542
BLAT_ECOLX_Deng_2012,18,pool_side,0.5627906976744186,0.7894736842105263,True,True,0.0,1.0,0.4850444624090542
BLAT_ECOLX_Deng_2012,19,honest,0.6930232558139535,0.7894736842105263,True,True,5.0,5.0,0.4850444624090542
BLAT_ECOLX_Deng_2012,19,adaptive_leak,0.6418604651162791,0.7052631578947368,True,True,0.0,0.0,0.4850444624090542
BLAT_ECOLX_Deng_2012,19,pool_side,0.6930232558139535,0.7894736842105263,True,True,0.0,0.0,0.4850444624090542
BLAT_ECOLX_Deng_2012,20,honest,0.8,0.8315789473684211,True,True,5.0,5.0,0.4850444624090542
BLAT_ECOLX_Deng_2012,20,adaptive_leak,0.8348837209302326,0.46842105263157896,True,False,1.0,0.0,0.4850444624090542
BLAT_ECOLX_Deng_2012,20,pool_side,0.8,0.8315789473684211,True,True,0.0,0.0,0.4850444624090542
BLAT_ECOLX_Deng_2012,21,honest,0.7674418604651163,0.831578947368421,True,True,5.0,5.0,0.4850444624090542
BLAT_ECOLX_Deng_2012,21,adaptive_leak,0.7395348837209302,0.536842105263158,True,False,1.0,1.0,0.4850444624090542
BLAT_ECOLX_Deng_2012,21,pool_side,0.7674418604651163,0.831578947368421,True,True,1.0,1.0,0.4850444624090542
BLAT_ECOLX_Deng_2012,22,honest,0.3953488372093023,0.41052631578947374,False,False,5.0,5.0,0.4850444624090542
BLAT_ECOLX_Deng_2012,22,adaptive_leak,0.8790697674418605,0.7684210526315789,True,True,0.0,0.0,0.4850444624090542
BLAT_ECOLX_Deng_2012,22,pool_side,0.3953488372093023,0.41052631578947374,False,False,0.0,0.0,0.4850444624090542
BLAT_ECOLX_Deng_2012,23,honest,0.9069767441860466,0.8210526315789474,True,True,5.0,5.0,0.4559417946645109
BLAT_ECOLX_Deng_2012,23,adaptive_leak,0.7674418604651163,0.5263157894736842,True,False,0.0,0.0,0.4559417946645109
BLAT_ECOLX_Deng_2012,23,pool_side,0.9069767441860466,0.8210526315789474,True,True,0.0,0.0,0.4559417946645109
BLAT_ECOLX_Deng_2012,24,honest,0.8,0.8,True,True,5.0,5.0,0.47534357316087306
BLAT_ECOLX_Deng_2012,24,adaptive_leak,0.8325581395348837,0.7052631578947368,True,True,0.0,0.0,0.47534357316087306
BLAT_ECOLX_Deng_2012,24,pool_side,0.8,0.8,True,True,0.0,0.0,0.47534357316087306
BLAT_ECOLX_Deng_2012,25,honest,0.6511627906976745,0.7578947368421053,True,True,5.0,5.0,0.4850444624090542
BLAT_ECOLX_Deng_2012,25,adaptive_leak,0.7674418604651163,0.6526315789473685,True,True,0.0,0.0,0.4850444624090542
BLAT_ECOLX_Deng_2012,25,pool_side,0.6511627906976745,0.7578947368421053,True,True,1.0,1.0,0.4850444624090542
BLAT_ECOLX_Deng_2012,26,honest,0.8511627906976744,0.8631578947368421,True,True,5.0,5.0,0.47534357316087306
BLAT_ECOLX_Deng_2012,26,adaptive_leak,0.8674418604651162,0.6736842105263158,True,True,2.0,2.0,0.47534357316087306
BLAT_ECOLX_Deng_2012,26,pool_side,0.8511627906976744,0.8631578947368421,True,True,0.0,0.0,0.47534357316087306
BLAT_ECOLX_Deng_2012,27,honest,0.6604651162790698,0.6842105263157895,True,True,5.0,5.0,0.4850444624090542
BLAT_ECOLX_Deng_2012,27,adaptive_leak,0.7511627906976746,0.7210526315789474,True,True,1.0,1.0,0.4850444624090542
BLAT_ECOLX_Deng_2012,27,pool_side,0.6604651162790698,0.6842105263157895,True,True,0.0,0.0,0.4850444624090542
BLAT_ECOLX_Deng_2012,28,honest,0.6976744186046512,0.7052631578947368,True,True,5.0,5.0,0.47534357316087306
BLAT_ECOLX_Deng_2012,28,adaptive_leak,0.9023255813953488,0.9210526315789475,True,True,0.0,0.0,0.47534357316087306
BLAT_ECOLX_Deng_2012,28,pool_side,0.6976744186046512,0.7052631578947368,True,True,2.0,2.0,0.47534357316087306
BLAT_ECOLX_Deng_2012,29,honest,0.7488372093023256,0.7368421052631579,True,True,5.0,5.0,0.4850444624090542
BLAT_ECOLX_Deng_2012,29,adaptive_leak,0.8511627906976744,0.3157894736842105,True,False,3.0,2.0,0.4850444624090542
BLAT_ECOLX_Deng_2012,29,pool_side,0.7488372093023256,0.7368421052631579,True,True,0.0,0.0,0.4850444624090542
BLAT_ECOLX_Deng_2012,30,honest,0.7488372093023256,0.8421052631578947,True,True,5.0,5.0,0.4850444624090542
BLAT_ECOLX_Deng_2012,30,adaptive_leak,0.6093023255813953,0.46315789473684216,True,False,0.0,0.0,0.4850444624090542
BLAT_ECOLX_Deng_2012,30,pool_side,0.7488372093023256,0.8421052631578947,True,True,0.0,0.0,0.4850444624090542
BLAT_ECOLX_Deng_2012,31,honest,0.9162790697674419,0.8842105263157894,True,True,5.0,5.0,0.47534357316087306
BLAT_ECOLX_Deng_2012,31,adaptive_leak,0.5348837209302326,0.4263157894736842,False,False,0.0,0.0,0.47534357316087306
BLAT_ECOLX_Deng_2012,31,pool_side,0.9162790697674419,0.8842105263157894,True,True,1.0,0.0,0.47534357316087306
BLAT_ECOLX_Deng_2012,32,honest,0.8511627906976744,0.9368421052631579,True,True,5.0,5.0,0.47534357316087306
BLAT_ECOLX_Deng_2012,32,adaptive_leak,0.5674418604651164,0.4421052631578947,True,False,1.0,1.0,0.47534357316087306
BLAT_ECOLX_Deng_2012,32,pool_side,0.8511627906976744,0.9368421052631579,True,True,1.0,1.0,0.47534357316087306
BLAT_ECOLX_Deng_2012,33,honest,0.8372093023255813,0.8421052631578948,True,True,5.0,5.0,0.4850444624090542
BLAT_ECOLX_Deng_2012,33,adaptive_leak,0.5720930232558139,0.6105263157894737,True,True,1.0,0.0,0.4850444624090542
BLAT_ECOLX_Deng_2012,33,pool_side,0.8372093023255813,0.8421052631578948,True,True,0.0,0.0,0.4850444624090542
BLAT_ECOLX_Deng_2012,34,honest,0.572093023255814,0.6736842105263159,True,True,5.0,5.0,0.47534357316087306
BLAT_ECOLX_Deng_2012,34,adaptive_leak,0.6534883720930232,0.46842105263157896,True,False,2.0,2.0,0.47534357316087306
BLAT_ECOLX_Deng_2012,34,pool_side,0.572093023255814,0.6736842105263159,True,True,0.0,0.0,0.47534357316087306
BLAT_ECOLX_Deng_2012,35,honest,0.8604651162790697,0.6736842105263158,True,True,5.0,5.0,0.4850444624090542
BLAT_ECOLX_Deng_2012,35,adaptive_leak,0.9906976744186046,0.5894736842105264,True,True,2.0,1.0,0.4850444624090542
BLAT_ECOLX_Deng_2012,35,pool_side,0.8604651162790697,0.6736842105263158,True,True,0.0,0.0,0.4850444624090542
BLAT_ECOLX_Deng_2012,36,honest,0.8976744186046511,0.9684210526315788,True,True,4.0,4.0,0.465642683912692
BLAT_ECOLX_Deng_2012,36,adaptive_leak,0.8186046511627907,0.6210526315789474,True,True,0.0,0.0,0.465642683912692
BLAT_ECOLX_Deng_2012,36,pool_side,0.8976744186046511,0.9684210526315788,True,True,0.0,0.0,0.465642683912692
BLAT_ECOLX_Deng_2012,37,honest,0.9627906976744186,0.8105263157894738,True,True,5.0,5.0,0.4850444624090542
BLAT_ECOLX_Deng_2012,37,adaptive_leak,0.7534883720930232,0.631578947368421,True,True,0.0,0.0,0.4850444624090542
BLAT_ECOLX_Deng_2012,37,pool_side,0.9627906976744186,0.8105263157894738,True,True,0.0,0.0,0.4850444624090542
BLAT_ECOLX_Deng_2012,38,honest,0.7767441860465116,0.8105263157894738,True,True,5.0,5.0,0.4850444624090542
BLAT_ECOLX_Deng_2012,38,adaptive_leak,0.7627906976744185,0.43157894736842106,True,False,0.0,0.0,0.4850444624090542
BLAT_ECOLX_Deng_2012,38,pool_side,0.7767441860465116,0.8105263157894738,True,True,0.0,1.0,0.4850444624090542
BLAT_ECOLX_Deng_2012,39,honest,0.6093023255813954,0.7473684210526316,True,True,5.0,5.0,0.4850444624090542
BLAT_ECOLX_Deng_2012,39,adaptive_leak,0.8837209302325582,0.7684210526315789,True,True,0.0,0.0,0.4850444624090542
BLAT_ECOLX_Deng_2012,39,pool_side,0.6093023255813954,0.7473684210526316,True,True,1.0,1.0,0.4850444624090542
BLAT_ECOLX_Firnberg_2014,0,honest,0.7720930232558139,0.7789473684210526,True,True,3.0,3.0,0.48658922914466735
BLAT_ECOLX_Firnberg_2014,0,adaptive_leak,0.8465116279069768,0.4631578947368421,True,False,0.0,0.0,0.48658922914466735
BLAT_ECOLX_Firnberg_2014,0,pool_side,0.7720930232558139,0.7789473684210526,True,True,0.0,0.0,0.48658922914466735
BLAT_ECOLX_Firnberg_2014,1,honest,0.8930232558139535,0.8315789473684211,True,True,3.0,3.0,0.48658922914466735
BLAT_ECOLX_Firnberg_2014,1,adaptive_leak,0.7906976744186047,0.7894736842105263,True,True,0.0,0.0,0.48658922914466735
BLAT_ECOLX_Firnberg_2014,1,pool_side,0.8930232558139535,0.8315789473684211,True,True,3.0,4.0,0.48658922914466735
BLAT_ECOLX_Firnberg_2014,2,honest,0.7813953488372093,0.6736842105263158,True,True,3.0,3.0,0.4764519535374868
BLAT_ECOLX_Firnberg_2014,2,adaptive_leak,0.8930232558139535,0.5263157894736843,True,False,2.0,1.0,0.4764519535374868
BLAT_ECOLX_Firnberg_2014,2,pool_side,0.7813953488372093,0.6736842105263158,True,True,0.0,0.0,0.4764519535374868
BLAT_ECOLX_Firnberg_2014,3,honest,0.7348837209302326,0.968421052631579,True,True,3.0,3.0,0.4764519535374868
BLAT_ECOLX_Firnberg_2014,3,adaptive_leak,0.7348837209302326,0.7157894736842105,True,True,2.0,1.0,0.4764519535374868
BLAT_ECOLX_Firnberg_2014,3,pool_side,0.7348837209302326,0.968421052631579,True,True,0.0,0.0,0.4764519535374868
BLAT_ECOLX_Firnberg_2014,4,honest,1.0,1.0,True,True,3.0,3.0,0.48658922914466735
BLAT_ECOLX_Firnberg_2014,4,adaptive_leak,0.5767441860465117,0.368421052631579,True,False,1.0,1.0,0.48658922914466735
BLAT_ECOLX_Firnberg_2014,4,pool_side,1.0,1.0,True,True,0.0,2.0,0.48658922914466735
BLAT_ECOLX_Firnberg_2014,5,honest,0.8511627906976744,0.8526315789473684,True,True,3.0,3.0,0.48658922914466735
BLAT_ECOLX_Firnberg_2014,5,adaptive_leak,0.7069767441860465,0.7000000000000001,True,True,0.0,0.0,0.48658922914466735
BLAT_ECOLX_Firnberg_2014,5,pool_side,0.8511627906976744,0.8526315789473684,True,True,0.0,0.0,0.48658922914466735
BLAT_ECOLX_Firnberg_2014,6,honest,0.9162790697674419,0.8736842105263157,True,True,3.0,3.0,0.48658922914466735
BLAT_ECOLX_Firnberg_2014,6,adaptive_leak,0.8883720930232558,0.7157894736842105,True,True,1.0,1.0,0.48658922914466735
BLAT_ECOLX_Firnberg_2014,6,pool_side,0.9162790697674419,0.8736842105263157,True,True,0.0,0.0,0.48658922914466735
BLAT_ECOLX_Firnberg_2014,7,honest,0.7767441860465116,0.8736842105263158,True,True,3.0,3.0,0.46631467793030623
BLAT_ECOLX_Firnberg_2014,7,adaptive_leak,0.827906976744186,0.7684210526315789,True,True,0.0,0.0,0.46631467793030623
BLAT_ECOLX_Firnberg_2014,7,pool_side,0.7767441860465116,0.8736842105263158,True,True,0.0,0.0,0.46631467793030623
BLAT_ECOLX_Firnberg_2014,8,honest,0.8093023255813953,0.9157894736842105,True,True,3.0,3.0,0.48658922914466735
BLAT_ECOLX_Firnberg_2014,8,adaptive_leak,0.9069767441860465,0.7473684210526316,True,True,0.0,0.0,0.48658922914466735
BLAT_ECOLX_Firnberg_2014,8,pool_side,0.8093023255813953,0.9157894736842105,True,True,0.0,0.0,0.48658922914466735
BLAT_ECOLX_Firnberg_2014,9,honest,0.6976744186046512,0.8631578947368421,True,True,3.0,3.0,0.48658922914466735
BLAT_ECOLX_Firnberg_2014,9,adaptive_leak,0.7697674418604652,0.5736842105263158,True,True,0.0,0.0,0.48658922914466735
BLAT_ECOLX_Firnberg_2014,9,pool_side,0.6976744186046512,0.8631578947368421,True,True,0.0,0.0,0.48658922914466735
BLAT_ECOLX_Firnberg_2014,10,honest,0.8604651162790697,0.9368421052631579,True,True,3.0,4.0,0.4764519535374868
BLAT_ECOLX_Firnberg_2014,10,adaptive_leak,0.8883720930232559,0.8210526315789474,True,True,3.0,2.0,0.4764519535374868
BLAT_ECOLX_Firnberg_2014,10,pool_side,0.8604651162790697,0.9368421052631579,True,True,0.0,1.0,0.4764519535374868
BLAT_ECOLX_Firnberg_2014,11,honest,0.8465116279069768,0.7578947368421053,True,True,3.0,3.0,0.48658922914466735
BLAT_ECOLX_Firnberg_2014,11,adaptive_leak,0.8418604651162791,0.5105263157894737,True,False,1.0,0.0,0.48658922914466735
BLAT_ECOLX_Firnberg_2014,11,pool_side,0.8465116279069768,0.7578947368421053,True,True,0.0,0.0,0.48658922914466735
BLAT_ECOLX_Firnberg_2014,12,honest,0.7813953488372093,0.9157894736842106,True,True,3.0,3.0,0.4764519535374868
BLAT_ECOLX_Firnberg_2014,12,adaptive_leak,0.7906976744186047,0.6842105263157895,True,True,1.0,0.0,0.4764519535374868
BLAT_ECOLX_Firnberg_2014,12,pool_side,0.7813953488372093,0.9157894736842106,True,True,0.0,0.0,0.4764519535374868
BLAT_ECOLX_Firnberg_2014,13,honest,0.7906976744186046,0.8421052631578947,True,True,3.0,3.0,0.45617740232312565
BLAT_ECOLX_Firnberg_2014,13,adaptive_leak,0.9348837209302325,0.9157894736842105,True,True,0.0,0.0,0.45617740232312565
BLAT_ECOLX_Firnberg_2014,13,pool_side,0.7906976744186046,0.8421052631578947,True,True,0.0,0.0,0.45617740232312565
BLAT_ECOLX_Firnberg_2014,14,honest,0.8837209302325582,0.8526315789473685,True,True,3.0,3.0,0.48658922914466735
BLAT_ECOLX_Firnberg_2014,14,adaptive_leak,0.586046511627907,0.30000000000000004,True,False,0.0,0.0,0.48658922914466735
BLAT_ECOLX_Firnberg_2014,14,pool_side,0.8837209302325582,0.8526315789473685,True,True,0.0,0.0,0.48658922914466735
BLAT_ECOLX_Firnberg_2014,15,honest,0.9767441860465116,0.8947368421052632,True,True,3.0,4.0,0.46631467793030623
BLAT_ECOLX_Firnberg_2014,15,adaptive_leak,0.6558139534883721,0.631578947368421,True,True,0.0,1.0,0.46631467793030623
BLAT_ECOLX_Firnberg_2014,15,pool_side,0.9767441860465116,0.8947368421052632,True,True,0.0,0.0,0.46631467793030623
BLAT_ECOLX_Firnberg_2014,16,honest,0.8046511627906977,0.8421052631578947,True,True,3.0,3.0,0.4764519535374868
BLAT_ECOLX_Firnberg_2014,16,adaptive_leak,0.8418604651162791,0.5578947368421052,True,True,0.0,0.0,0.4764519535374868
BLAT_ECOLX_Firnberg_2014,16,pool_side,0.8046511627906977,0.8421052631578947,True,True,0.0,0.0,0.4764519535374868
BLAT_ECOLX_Firnberg_2014,17,honest,0.8372093023255813,0.8315789473684211,True,True,3.0,3.0,0.4764519535374868
BLAT_ECOLX_Firnberg_2014,17,adaptive_leak,0.8372093023255814,0.5473684210526316,True,False,0.0,0.0,0.4764519535374868
BLAT_ECOLX_Firnberg_2014,17,pool_side,0.8372093023255813,0.8315789473684211,True,True,0.0,0.0,0.4764519535374868
BLAT_ECOLX_Firnberg_2014,18,honest,0.7441860465116279,0.8105263157894737,True,True,3.0,3.0,0.4764519535374868
BLAT_ECOLX_Firnberg_2014,18,adaptive_leak,0.7674418604651163,0.6210526315789474,True,True,1.0,1.0,0.4764519535374868
BLAT_ECOLX_Firnberg_2014,18,pool_side,0.7441860465116279,0.8105263157894737,True,True,1.0,1.0,0.4764519535374868
BLAT_ECOLX_Firnberg_2014,19,honest,0.7116279069767442,0.8,True,True,3.0,3.0,0.48658922914466735
BLAT_ECOLX_Firnberg_2014,19,adaptive_leak,0.6372093023255814,0.5789473684210527,True,True,2.0,1.0,0.48658922914466735
BLAT_ECOLX_Firnberg_2014,19,pool_side,0.7116279069767442,0.8,True,True,0.0,0.0,0.48658922914466735
BLAT_ECOLX_Firnberg_2014,20,honest,0.9069767441860466,0.9263157894736842,True,True,3.0,3.0,0.4764519535374868
BLAT_ECOLX_Firnberg_2014,20,adaptive_leak,1.0,0.8631578947368421,True,True,0.0,0.0,0.4764519535374868
BLAT_ECOLX_Firnberg_2014,20,pool_side,0.9069767441860466,0.9263157894736842,True,True,0.0,0.0,0.4764519535374868
BLAT_ECOLX_Firnberg_2014,21,honest,0.8186046511627907,0.7894736842105263,True,True,3.0,3.0,0.4764519535374868
BLAT_ECOLX_Firnberg_2014,21,adaptive_leak,0.7953488372093024,0.6894736842105263,True,True,2.0,2.0,0.4764519535374868
BLAT_ECOLX_Firnberg_2014,21,pool_side,0.8186046511627907,0.7894736842105263,True,True,1.0,0.0,0.4764519535374868
BLAT_ECOLX_Firnberg_2014,22,honest,0.9302325581395349,0.9578947368421052,True,True,3.0,3.0,0.48658922914466735
BLAT_ECOLX_Firnberg_2014,22,adaptive_leak,0.8627906976744186,0.5526315789473685,True,True,0.0,0.0,0.48658922914466735
BLAT_ECOLX_Firnberg_2014,22,pool_side,0.9302325581395349,0.9578947368421052,True,True,0.0,0.0,0.48658922914466735
BLAT_ECOLX_Firnberg_2014,23,honest,0.6883720930232559,0.7894736842105263,True,True,3.0,3.0,0.4764519535374868
BLAT_ECOLX_Firnberg_2014,23,adaptive_leak,0.7465116279069768,0.6368421052631579,True,True,1.0,0.0,0.4764519535374868
BLAT_ECOLX_Firnberg_2014,23,pool_side,0.6883720930232559,0.7894736842105263,True,True,0.0,0.0,0.4764519535374868
BLAT_ECOLX_Firnberg_2014,24,honest,0.8093023255813953,1.0,True,True,3.0,3.0,0.48658922914466735
BLAT_ECOLX_Firnberg_2014,24,adaptive_leak,0.9255813953488372,0.6421052631578947,True,True,1.0,1.0,0.48658922914466735
BLAT_ECOLX_Firnberg_2014,24,pool_side,0.8093023255813953,1.0,True,True,0.0,1.0,0.48658922914466735
BLAT_ECOLX_Firnberg_2014,25,honest,0.9348837209302325,0.9473684210526316,True,True,3.0,3.0,0.4764519535374868
BLAT_ECOLX_Firnberg_2014,25,adaptive_leak,0.9162790697674419,0.9052631578947369,True,True,0.0,0.0,0.4764519535374868
BLAT_ECOLX_Firnberg_2014,25,pool_side,0.9348837209302325,0.9473684210526316,True,True,1.0,1.0,0.4764519535374868
BLAT_ECOLX_Firnberg_2014,26,honest,0.8465116279069768,0.9473684210526316,True,True,3.0,3.0,0.48658922914466735
BLAT_ECOLX_Firnberg_2014,26,adaptive_leak,0.8325581395348838,0.7789473684210527,True,True,1.0,1.0,0.48658922914466735
BLAT_ECOLX_Firnberg_2014,26,pool_side,0.8465116279069768,0.9473684210526316,True,True,0.0,1.0,0.48658922914466735
BLAT_ECOLX_Firnberg_2014,27,honest,0.7348837209302326,0.7263157894736842,True,True,3.0,3.0,0.48658922914466735
BLAT_ECOLX_Firnberg_2014,27,adaptive_leak,0.8837209302325582,0.736842105263158,True,True,0.0,0.0,0.48658922914466735
BLAT_ECOLX_Firnberg_2014,27,pool_side,0.7348837209302326,0.7263157894736842,True,True,1.0,1.0,0.48658922914466735
BLAT_ECOLX_Firnberg_2014,28,honest,0.8604651162790697,0.9578947368421054,True,True,3.0,3.0,0.48658922914466735
BLAT_ECOLX_Firnberg_2014,28,adaptive_leak,0.5488372093023256,0.2947368421052632,False,False,0.0,0.0,0.48658922914466735
BLAT_ECOLX_Firnberg_2014,28,pool_side,0.8604651162790697,0.9578947368421054,True,True,0.0,0.0,0.48658922914466735
BLAT_ECOLX_Firnberg_2014,29,honest,0.8046511627906976,0.7894736842105263,True,True,3.0,3.0,0.48658922914466735
BLAT_ECOLX_Firnberg_2014,29,adaptive_leak,0.6976744186046512,0.5894736842105264,True,True,1.0,0.0,0.48658922914466735
BLAT_ECOLX_Firnberg_2014,29,pool_side,0.8046511627906976,0.7894736842105263,True,True,0.0,0.0,0.48658922914466735
BLAT_ECOLX_Firnberg_2014,30,honest,0.9348837209302326,0.894736842105263,True,True,3.0,3.0,0.4764519535374868
BLAT_ECOLX_Firnberg_2014,30,adaptive_leak,0.9209302325581394,0.6263157894736842,True,True,2.0,2.0,0.4764519535374868
BLAT_ECOLX_Firnberg_2014,30,pool_side,0.9348837209302326,0.894736842105263,True,True,0.0,0.0,0.4764519535374868
BLAT_ECOLX_Firnberg_2014,31,honest,0.9348837209302325,0.968421052631579,True,True,3.0,3.0,0.48658922914466735
BLAT_ECOLX_Firnberg_2014,31,adaptive_leak,0.9069767441860465,0.6631578947368422,True,True,1.0,1.0,0.48658922914466735
BLAT_ECOLX_Firnberg_2014,31,pool_side,0.9348837209302325,0.968421052631579,True,True,1.0,0.0,0.48658922914466735
BLAT_ECOLX_Firnberg_2014,32,honest,0.8,0.8631578947368421,True,True,3.0,3.0,0.48658922914466735
BLAT_ECOLX_Firnberg_2014,32,adaptive_leak,0.6534883720930232,0.7000000000000001,True,True,0.0,0.0,0.48658922914466735
BLAT_ECOLX_Firnberg_2014,32,pool_side,0.8,0.8631578947368421,True,True,0.0,0.0,0.48658922914466735
BLAT_ECOLX_Firnberg_2014,33,honest,0.8744186046511627,0.8,True,True,3.0,3.0,0.48658922914466735
BLAT_ECOLX_Firnberg_2014,33,adaptive_leak,0.6325581395348838,0.25263157894736843,True,False,0.0,0.0,0.48658922914466735
BLAT_ECOLX_Firnberg_2014,33,pool_side,0.8744186046511627,0.8,True,True,0.0,0.0,0.48658922914466735
BLAT_ECOLX_Firnberg_2014,34,honest,0.9302325581395349,0.6842105263157895,True,True,3.0,3.0,0.48658922914466735
BLAT_ECOLX_Firnberg_2014,34,adaptive_leak,0.9720930232558139,0.6105263157894737,True,True,1.0,0.0,0.48658922914466735
BLAT_ECOLX_Firnberg_2014,34,pool_side,0.9302325581395349,0.6842105263157895,True,True,0.0,0.0,0.48658922914466735
BLAT_ECOLX_Firnberg_2014,35,honest,0.8604651162790697,0.631578947368421,True,True,3.0,3.0,0.46631467793030623
BLAT_ECOLX_Firnberg_2014,35,adaptive_leak,0.8976744186046511,0.6421052631578947,True,True,1.0,1.0,0.46631467793030623
BLAT_ECOLX_Firnberg_2014,35,pool_side,0.8604651162790697,0.631578947368421,True,True,0.0,0.0,0.46631467793030623
BLAT_ECOLX_Firnberg_2014,36,honest,0.7813953488372093,0.7263157894736842,True,True,3.0,3.0,0.48658922914466735
BLAT_ECOLX_Firnberg_2014,36,adaptive_leak,0.7697674418604652,0.5789473684210525,True,True,1.0,0.0,0.48658922914466735
BLAT_ECOLX_Firnberg_2014,36,pool_side,0.7813953488372093,0.7263157894736842,True,True,1.0,1.0,0.48658922914466735
BLAT_ECOLX_Firnberg_2014,37,honest,0.8372093023255814,0.7578947368421053,True,True,3.0,3.0,0.48658922914466735
BLAT_ECOLX_Firnberg_2014,37,adaptive_leak,0.7674418604651163,0.5368421052631579,True,False,1.0,1.0,0.48658922914466735
BLAT_ECOLX_Firnberg_2014,37,pool_side,0.8372093023255814,0.7578947368421053,True,True,0.0,0.0,0.48658922914466735
BLAT_ECOLX_Firnberg_2014,38,honest,0.9302325581395349,0.8631578947368421,True,True,3.0,3.0,0.48658922914466735
BLAT_ECOLX_Firnberg_2014,38,adaptive_leak,0.49767441860465117,0.35789473684210527,False,False,1.0,1.0,0.48658922914466735
BLAT_ECOLX_Firnberg_2014,38,pool_side,0.9302325581395349,0.8631578947368421,True,True,0.0,0.0,0.48658922914466735
BLAT_ECOLX_Firnberg_2014,39,honest,0.9209302325581395,0.8947368421052632,True,True,3.0,3.0,0.4764519535374868
BLAT_ECOLX_Firnberg_2014,39,adaptive_leak,0.8883720930232558,0.6578947368421053,True,True,1.0,1.0,0.4764519535374868
BLAT_ECOLX_Firnberg_2014,39,pool_side,0.9209302325581395,0.8947368421052632,True,True,0.0,0.0,0.4764519535374868
BLAT_ECOLX_Stiffler_2015,0,honest,0.8186046511627907,0.768421052631579,True,True,2.0,3.0,0.47534357316087306
BLAT_ECOLX_Stiffler_2015,0,adaptive_leak,0.8325581395348837,0.4421052631578948,True,False,2.0,2.0,0.47534357316087306
BLAT_ECOLX_Stiffler_2015,0,pool_side,0.8186046511627907,0.768421052631579,True,True,0.0,0.0,0.47534357316087306
BLAT_ECOLX_Stiffler_2015,1,honest,0.9162790697674419,0.9368421052631579,True,True,2.0,3.0,0.4850444624090542
BLAT_ECOLX_Stiffler_2015,1,adaptive_leak,0.6395348837209303,0.5421052631578948,True,False,2.0,1.0,0.4850444624090542
BLAT_ECOLX_Stiffler_2015,1,pool_side,0.9162790697674419,0.9368421052631579,True,True,0.0,0.0,0.4850444624090542
BLAT_ECOLX_Stiffler_2015,2,honest,0.7488372093023257,0.7157894736842105,True,True,2.0,2.0,0.47534357316087306
BLAT_ECOLX_Stiffler_2015,2,adaptive_leak,0.7953488372093023,0.39473684210526316,True,False,0.0,0.0,0.47534357316087306
BLAT_ECOLX_Stiffler_2015,2,pool_side,0.7488372093023257,0.7157894736842105,True,True,1.0,1.0,0.47534357316087306
BLAT_ECOLX_Stiffler_2015,3,honest,0.8093023255813954,0.8736842105263158,True,True,2.0,2.0,0.47534357316087306
BLAT_ECOLX_Stiffler_2015,3,adaptive_leak,0.8930232558139535,0.6631578947368422,True,True,0.0,1.0,0.47534357316087306
BLAT_ECOLX_Stiffler_2015,3,pool_side,0.8093023255813954,0.8736842105263158,True,True,0.0,0.0,0.47534357316087306
BLAT_ECOLX_Stiffler_2015,4,honest,0.9116279069767441,0.8947368421052632,True,True,2.0,2.0,0.47534357316087306
BLAT_ECOLX_Stiffler_2015,4,adaptive_leak,0.758139534883721,0.5052631578947369,True,False,1.0,0.0,0.47534357316087306
BLAT_ECOLX_Stiffler_2015,4,pool_side,0.9116279069767441,0.8947368421052632,True,True,0.0,0.0,0.47534357316087306
BLAT_ECOLX_Stiffler_2015,5,honest,0.8837209302325582,0.9263157894736842,True,True,2.0,2.0,0.4850444624090542
BLAT_ECOLX_Stiffler_2015,5,adaptive_leak,0.6976744186046512,0.5263157894736842,True,False,1.0,1.0,0.4850444624090542
BLAT_ECOLX_Stiffler_2015,5,pool_side,0.8837209302325582,0.9263157894736842,True,True,0.0,0.0,0.4850444624090542
BLAT_ECOLX_Stiffler_2015,6,honest,0.8418604651162791,0.831578947368421,True,True,2.0,2.0,0.4850444624090542
BLAT_ECOLX_Stiffler_2015,6,adaptive_leak,0.8930232558139535,0.8736842105263157,True,True,3.0,3.0,0.4850444624090542
BLAT_ECOLX_Stiffler_2015,6,pool_side,0.8418604651162791,0.831578947368421,True,True,0.0,0.0,0.4850444624090542
BLAT_ECOLX_Stiffler_2015,7,honest,0.8279069767441861,0.9157894736842106,True,True,2.0,2.0,0.4850444624090542
BLAT_ECOLX_Stiffler_2015,7,adaptive_leak,0.7488372093023256,0.6105263157894737,True,True,3.0,3.0,0.4850444624090542
BLAT_ECOLX_Stiffler_2015,7,pool_side,0.8279069767441861,0.9157894736842106,True,True,0.0,0.0,0.4850444624090542
BLAT_ECOLX_Stiffler_2015,8,honest,0.8325581395348838,0.8421052631578947,True,True,2.0,2.0,0.465642683912692
BLAT_ECOLX_Stiffler_2015,8,adaptive_leak,0.7581395348837209,0.7578947368421053,True,True,2.0,2.0,0.465642683912692
BLAT_ECOLX_Stiffler_2015,8,pool_side,0.8325581395348838,0.8421052631578947,True,True,0.0,0.0,0.465642683912692
BLAT_ECOLX_Stiffler_2015,9,honest,0.8418604651162791,0.8,True,True,2.0,2.0,0.47534357316087306
BLAT_ECOLX_Stiffler_2015,9,adaptive_leak,0.7441860465116279,0.8210526315789474,True,True,4.0,4.0,0.47534357316087306
BLAT_ECOLX_Stiffler_2015,9,pool_side,0.8418604651162791,0.8,True,True,0.0,0.0,0.47534357316087306
BLAT_ECOLX_Stiffler_2015,10,honest,0.8604651162790697,0.8526315789473685,True,True,2.0,2.0,0.4850444624090542
BLAT_ECOLX_Stiffler_2015,10,adaptive_leak,0.9534883720930233,0.4421052631578947,True,False,2.0,2.0,0.4850444624090542
BLAT_ECOLX_Stiffler_2015,10,pool_side,0.8604651162790697,0.8526315789473685,True,True,0.0,0.0,0.4850444624090542
BLAT_ECOLX_Stiffler_2015,11,honest,0.8511627906976744,0.8421052631578948,True,True,2.0,2.0,0.4850444624090542
BLAT_ECOLX_Stiffler_2015,11,adaptive_leak,0.8976744186046512,0.33684210526315794,True,False,1.0,2.0,0.4850444624090542
BLAT_ECOLX_Stiffler_2015,11,pool_side,0.8511627906976744,0.8421052631578948,True,True,0.0,0.0,0.4850444624090542
BLAT_ECOLX_Stiffler_2015,12,honest,0.813953488372093,0.8736842105263158,True,True,2.0,2.0,0.4850444624090542
BLAT_ECOLX_Stiffler_2015,12,adaptive_leak,0.8093023255813954,0.4210526315789474,True,False,1.0,2.0,0.4850444624090542
BLAT_ECOLX_Stiffler_2015,12,pool_side,0.813953488372093,0.8736842105263158,True,True,0.0,0.0,0.4850444624090542
BLAT_ECOLX_Stiffler_2015,13,honest,0.8511627906976744,0.8631578947368422,True,True,2.0,2.0,0.47534357316087306
BLAT_ECOLX_Stiffler_2015,13,adaptive_leak,0.9069767441860465,0.6421052631578947,True,True,1.0,1.0,0.47534357316087306
BLAT_ECOLX_Stiffler_2015,13,pool_side,0.8511627906976744,0.8631578947368422,True,True,0.0,0.0,0.47534357316087306
BLAT_ECOLX_Stiffler_2015,14,honest,0.7674418604651163,0.8105263157894737,True,True,2.0,2.0,0.4850444624090542
BLAT_ECOLX_Stiffler_2015,14,adaptive_leak,0.8093023255813954,0.736842105263158,True,True,2.0,1.0,0.4850444624090542
BLAT_ECOLX_Stiffler_2015,14,pool_side,0.7674418604651163,0.8105263157894737,True,True,0.0,0.0,0.4850444624090542
BLAT_ECOLX_Stiffler_2015,15,honest,0.8511627906976744,0.768421052631579,True,True,2.0,2.0,0.4850444624090542
BLAT_ECOLX_Stiffler_2015,15,adaptive_leak,0.6511627906976745,0.5578947368421052,True,True,2.0,2.0,0.4850444624090542
BLAT_ECOLX_Stiffler_2015,15,pool_side,0.8511627906976744,0.768421052631579,True,True,0.0,0.0,0.4850444624090542
BLAT_ECOLX_Stiffler_2015,16,honest,0.7441860465116279,0.7894736842105262,True,True,2.0,2.0,0.465642683912692
BLAT_ECOLX_Stiffler_2015,16,adaptive_leak,0.6674418604651163,0.6157894736842106,True,True,3.0,1.0,0.465642683912692
BLAT_ECOLX_Stiffler_2015,16,pool_side,0.7441860465116279,0.7894736842105262,True,True,0.0,0.0,0.465642683912692
BLAT_ECOLX_Stiffler_2015,17,honest,0.6790697674418604,0.736842105263158,True,True,2.0,2.0,0.47534357316087306
BLAT_ECOLX_Stiffler_2015,17,adaptive_leak,0.8,0.2736842105263158,True,False,2.0,1.0,0.47534357316087306
BLAT_ECOLX_Stiffler_2015,17,pool_side,0.6790697674418604,0.736842105263158,True,True,0.0,0.0,0.47534357316087306
BLAT_ECOLX_Stiffler_2015,18,honest,0.8651162790697675,0.9157894736842105,True,True,2.0,2.0,0.4850444624090542
BLAT_ECOLX_Stiffler_2015,18,adaptive_leak,0.6697674418604651,0.4947368421052632,True,False,4.0,3.0,0.4850444624090542
BLAT_ECOLX_Stiffler_2015,18,pool_side,0.8651162790697675,0.9157894736842105,True,True,0.0,0.0,0.4850444624090542
BLAT_ECOLX_Stiffler_2015,19,honest,0.7069767441860466,0.9263157894736842,True,True,2.0,2.0,0.4850444624090542
BLAT_ECOLX_Stiffler_2015,19,adaptive_leak,0.9069767441860466,0.7894736842105264,True,True,1.0,1.0,0.4850444624090542
BLAT_ECOLX_Stiffler_2015,19,pool_side,0.7069767441860466,0.9263157894736842,True,True,0.0,0.0,0.4850444624090542
BLAT_ECOLX_Stiffler_2015,20,honest,0.8093023255813954,0.8736842105263157,True,True,2.0,2.0,0.4850444624090542
BLAT_ECOLX_Stiffler_2015,20,adaptive_leak,0.8046511627906977,0.8105263157894737,True,True,1.0,0.0,0.4850444624090542
BLAT_ECOLX_Stiffler_2015,20,pool_side,0.8093023255813954,0.8736842105263157,True,True,0.0,0.0,0.4850444624090542
BLAT_ECOLX_Stiffler_2015,21,honest,0.7023255813953488,0.8210526315789474,True,True,2.0,2.0,0.4850444624090542
BLAT_ECOLX_Stiffler_2015,21,adaptive_leak,0.7767441860465116,0.8105263157894737,True,True,2.0,2.0,0.4850444624090542
BLAT_ECOLX_Stiffler_2015,21,pool_side,0.7023255813953488,0.8210526315789474,True,True,0.0,0.0,0.4850444624090542
BLAT_ECOLX_Stiffler_2015,22,honest,0.7813953488372093,0.7789473684210526,True,True,2.0,2.0,0.4850444624090542
BLAT_ECOLX_Stiffler_2015,22,adaptive_leak,0.7441860465116279,0.37894736842105264,True,False,3.0,2.0,0.4850444624090542
BLAT_ECOLX_Stiffler_2015,22,pool_side,0.7813953488372093,0.7789473684210526,True,True,0.0,1.0,0.4850444624090542
BLAT_ECOLX_Stiffler_2015,23,honest,0.8837209302325582,0.8105263157894737,True,True,2.0,2.0,0.4850444624090542
BLAT_ECOLX_Stiffler_2015,23,adaptive_leak,0.7558139534883721,0.5631578947368421,True,True,2.0,2.0,0.4850444624090542
BLAT_ECOLX_Stiffler_2015,23,pool_side,0.8837209302325582,0.8105263157894737,True,True,0.0,0.0,0.4850444624090542
BLAT_ECOLX_Stiffler_2015,24,honest,0.8325581395348838,0.8631578947368421,True,True,2.0,2.0,0.4559417946645109
BLAT_ECOLX_Stiffler_2015,24,adaptive_leak,0.5441860465116279,0.42105263157894735,False,False,2.0,1.0,0.4559417946645109
BLAT_ECOLX_Stiffler_2015,24,pool_side,0.8325581395348838,0.8631578947368421,True,True,0.0,1.0,0.4559417946645109
BLAT_ECOLX_Stiffler_2015,25,honest,0.9162790697674418,0.8631578947368421,True,True,2.0,2.0,0.4850444624090542
BLAT_ECOLX_Stiffler_2015,25,adaptive_leak,0.8372093023255813,0.5789473684210527,True,True,1.0,0.0,0.4850444624090542
BLAT_ECOLX_Stiffler_2015,25,pool_side,0.9162790697674418,0.8631578947368421,True,True,1.0,1.0,0.4850444624090542
BLAT_ECOLX_Stiffler_2015,26,honest,0.9023255813953489,0.8315789473684211,True,True,2.0,2.0,0.4850444624090542
BLAT_ECOLX_Stiffler_2015,26,adaptive_leak,0.5906976744186047,0.6210526315789474,True,True,3.0,2.0,0.4850444624090542
BLAT_ECOLX_Stiffler_2015,26,pool_side,0.9023255813953489,0.8315789473684211,True,True,0.0,0.0,0.4850444624090542
BLAT_ECOLX_Stiffler_2015,27,honest,0.7627906976744186,0.7684210526315789,True,True,2.0,2.0,0.47534357316087306
BLAT_ECOLX_Stiffler_2015,27,adaptive_leak,0.6232558139534884,0.631578947368421,True,True,0.0,0.0,0.47534357316087306
BLAT_ECOLX_Stiffler_2015,27,pool_side,0.7627906976744186,0.7684210526315789,True,True,0.0,1.0,0.47534357316087306
BLAT_ECOLX_Stiffler_2015,28,honest,0.9023255813953488,0.968421052631579,True,True,2.0,2.0,0.47534357316087306
BLAT_ECOLX_Stiffler_2015,28,adaptive_leak,0.8651162790697675,0.7157894736842105,True,True,2.0,2.0,0.47534357316087306
BLAT_ECOLX_Stiffler_2015,28,pool_side,0.9023255813953488,0.968421052631579,True,True,0.0,0.0,0.47534357316087306
BLAT_ECOLX_Stiffler_2015,29,honest,0.5488372093023256,0.7263157894736841,False,True,2.0,2.0,0.4850444624090542
BLAT_ECOLX_Stiffler_2015,29,adaptive_leak,0.6232558139534884,0.4947368421052632,True,False,0.0,1.0,0.4850444624090542
BLAT_ECOLX_Stiffler_2015,29,pool_side,0.5488372093023256,0.7263157894736841,False,True,0.0,2.0,0.4850444624090542
BLAT_ECOLX_Stiffler_2015,30,honest,0.9674418604651163,0.9473684210526316,True,True,2.0,3.0,0.4850444624090542
BLAT_ECOLX_Stiffler_2015,30,adaptive_leak,0.8883720930232558,0.736842105263158,True,True,2.0,1.0,0.4850444624090542
BLAT_ECOLX_Stiffler_2015,30,pool_side,0.9674418604651163,0.9473684210526316,True,True,0.0,0.0,0.4850444624090542
BLAT_ECOLX_Stiffler_2015,31,honest,0.8837209302325582,0.968421052631579,True,True,2.0,2.0,0.47534357316087306
BLAT_ECOLX_Stiffler_2015,31,adaptive_leak,0.6465116279069768,0.4631578947368421,True,False,0.0,0.0,0.47534357316087306
BLAT_ECOLX_Stiffler_2015,31,pool_side,0.8837209302325582,0.968421052631579,True,True,0.0,0.0,0.47534357316087306
BLAT_ECOLX_Stiffler_2015,32,honest,0.7162790697674419,0.8842105263157896,True,True,2.0,2.0,0.4850444624090542
BLAT_ECOLX_Stiffler_2015,32,adaptive_leak,0.758139534883721,0.5684210526315789,True,True,4.0,3.0,0.4850444624090542
BLAT_ECOLX_Stiffler_2015,32,pool_side,0.7162790697674419,0.8842105263157896,True,True,0.0,0.0,0.4850444624090542
BLAT_ECOLX_Stiffler_2015,33,honest,0.8976744186046511,0.8947368421052632,True,True,2.0,2.0,0.4850444624090542
BLAT_ECOLX_Stiffler_2015,33,adaptive_leak,0.8558139534883722,0.6105263157894737,True,True,3.0,1.0,0.4850444624090542
BLAT_ECOLX_Stiffler_2015,33,pool_side,0.8976744186046511,0.8947368421052632,True,True,0.0,0.0,0.4850444624090542
BLAT_ECOLX_Stiffler_2015,34,honest,0.6093023255813954,0.7578947368421053,True,True,2.0,2.0,0.4850444624090542
BLAT_ECOLX_Stiffler_2015,34,adaptive_leak,0.8441860465116278,0.5105263157894737,True,False,1.0,1.0,0.4850444624090542
BLAT_ECOLX_Stiffler_2015,34,pool_side,0.6093023255813954,0.7578947368421053,True,True,0.0,0.0,0.4850444624090542
BLAT_ECOLX_Stiffler_2015,35,honest,0.9023255813953488,0.9368421052631579,True,True,2.0,2.0,0.4850444624090542
BLAT_ECOLX_Stiffler_2015,35,adaptive_leak,0.8697674418604651,0.6736842105263158,True,True,1.0,1.0,0.4850444624090542
BLAT_ECOLX_Stiffler_2015,35,pool_side,0.9023255813953488,0.9368421052631579,True,True,0.0,1.0,0.4850444624090542
BLAT_ECOLX_Stiffler_2015,36,honest,0.8046511627906977,0.7999999999999999,True,True,1.0,1.0,0.4559417946645109
BLAT_ECOLX_Stiffler_2015,36,adaptive_leak,0.6116279069767442,0.7105263157894737,True,True,1.0,1.0,0.4559417946645109
BLAT_ECOLX_Stiffler_2015,36,pool_side,0.8046511627906977,0.7999999999999999,True,True,0.0,0.0,0.4559417946645109
BLAT_ECOLX_Stiffler_2015,37,honest,0.6093023255813954,0.7578947368421053,True,True,2.0,2.0,0.4850444624090542
BLAT_ECOLX_Stiffler_2015,37,adaptive_leak,0.6372093023255814,0.41052631578947374,True,False,0.0,1.0,0.4850444624090542
BLAT_ECOLX_Stiffler_2015,37,pool_side,0.6093023255813954,0.7578947368421053,True,True,1.0,1.0,0.4850444624090542
BLAT_ECOLX_Stiffler_2015,38,honest,0.8186046511627907,0.8842105263157894,True,True,2.0,2.0,0.465642683912692
BLAT_ECOLX_Stiffler_2015,38,adaptive_leak,0.8744186046511628,0.6105263157894737,True,True,2.0,1.0,0.465642683912692
BLAT_ECOLX_Stiffler_2015,38,pool_side,0.8186046511627907,0.8842105263157894,True,True,0.0,0.0,0.465642683912692
BLAT_ECOLX_Stiffler_2015,39,honest,0.7953488372093024,0.8842105263157894,True,True,2.0,2.0,0.47534357316087306
BLAT_ECOLX_Stiffler_2015,39,adaptive_leak,0.827906976744186,0.4526315789473685,True,False,2.0,2.0,0.47534357316087306
BLAT_ECOLX_Stiffler_2015,39,pool_side,0.7953488372093024,0.8842105263157894,True,True,1.0,0.0,0.47534357316087306
CALM1_HUMAN_Weile_2017,0,honest,0.4976744186046511,0.7473684210526316,False,True,0.0,0.0,0.4623229461756374
CALM1_HUMAN_Weile_2017,0,adaptive_leak,0.8,0.3473684210526316,True,False,0.0,2.0,0.4623229461756374
CALM1_HUMAN_Weile_2017,0,pool_side,0.4976744186046511,0.7473684210526316,False,True,0.0,0.0,0.4623229461756374
CALM1_HUMAN_Weile_2017,1,honest,0.5255813953488372,0.49473684210526314,False,False,0.0,0.0,0.48951841359773374
CALM1_HUMAN_Weile_2017,1,adaptive_leak,0.8046511627906977,0.35789473684210527,True,False,2.0,2.0,0.48951841359773374
CALM1_HUMAN_Weile_2017,1,pool_side,0.5255813953488372,0.49473684210526314,False,False,0.0,0.0,0.48951841359773374
CALM1_HUMAN_Weile_2017,2,honest,0.6139534883720931,0.41052631578947374,True,False,0.0,0.0,0.48951841359773374
CALM1_HUMAN_Weile_2017,2,adaptive_leak,0.641860465116279,0.31578947368421056,True,False,0.0,0.0,0.48951841359773374
CALM1_HUMAN_Weile_2017,2,pool_side,0.6139534883720931,0.41052631578947374,True,False,1.0,0.0,0.48951841359773374
CALM1_HUMAN_Weile_2017,3,honest,0.5348837209302326,0.48421052631578954,False,False,0.0,0.0,0.48951841359773374
CALM1_HUMAN_Weile_2017,3,adaptive_leak,0.6093023255813954,0.26315789473684215,True,False,0.0,0.0,0.48951841359773374
CALM1_HUMAN_Weile_2017,3,pool_side,0.5348837209302326,0.48421052631578954,False,False,0.0,0.0,0.48951841359773374
CALM1_HUMAN_Weile_2017,4,honest,0.6511627906976745,0.7684210526315789,True,True,0.0,0.0,0.4623229461756374
CALM1_HUMAN_Weile_2017,4,adaptive_leak,0.9813953488372092,0.7263157894736842,True,True,0.0,0.0,0.4623229461756374
CALM1_HUMAN_Weile_2017,4,pool_side,0.6511627906976745,0.7684210526315789,True,True,0.0,0.0,0.4623229461756374
CALM1_HUMAN_Weile_2017,5,honest,0.42790697674418604,0.6842105263157895,False,True,0.0,0.0,0.48951841359773374
CALM1_HUMAN_Weile_2017,5,adaptive_leak,0.8930232558139535,0.831578947368421,True,True,1.0,1.0,0.48951841359773374
CALM1_HUMAN_Weile_2017,5,pool_side,0.42790697674418604,0.6842105263157895,False,True,0.0,0.0,0.48951841359773374
CALM1_HUMAN_Weile_2017,6,honest,0.5953488372093023,0.5473684210526316,True,False,0.0,0.0,0.48951841359773374
CALM1_HUMAN_Weile_2017,6,adaptive_leak,0.8511627906976743,0.6736842105263159,True,True,0.0,0.0,0.48951841359773374
CALM1_HUMAN_Weile_2017,6,pool_side,0.5953488372093023,0.5473684210526316,True,False,1.0,2.0,0.48951841359773374
CALM1_HUMAN_Weile_2017,7,honest,0.5441860465116279,0.4,False,False,0.0,0.0,0.48951841359773374
CALM1_HUMAN_Weile_2017,7,adaptive_leak,0.9023255813953489,0.42105263157894746,True,False,0.0,0.0,0.48951841359773374
CALM1_HUMAN_Weile_2017,7,pool_side,0.5441860465116279,0.4,False,False,1.0,0.0,0.48951841359773374
CALM1_HUMAN_Weile_2017,8,honest,0.6186046511627907,0.6210526315789474,True,True,0.0,0.0,0.4623229461756374
CALM1_HUMAN_Weile_2017,8,adaptive_leak,0.9534883720930232,0.6421052631578947,True,True,0.0,0.0,0.4623229461756374
CALM1_HUMAN_Weile_2017,8,pool_side,0.6186046511627907,0.6210526315789474,True,True,0.0,0.0,0.4623229461756374
CALM1_HUMAN_Weile_2017,9,honest,0.5953488372093023,0.6631578947368422,True,True,0.0,0.0,0.48951841359773374
CALM1_HUMAN_Weile_2017,9,adaptive_leak,0.8372093023255814,0.41578947368421054,True,False,0.0,0.0,0.48951841359773374
CALM1_HUMAN_Weile_2017,9,pool_side,0.5953488372093023,0.6631578947368422,True,True,0.0,0.0,0.48951841359773374
CALM1_HUMAN_Weile_2017,10,honest,0.4558139534883721,0.6421052631578947,False,True,0.0,0.0,0.4351274787535411
CALM1_HUMAN_Weile_2017,10,adaptive_leak,0.8325581395348837,0.5894736842105264,True,True,0.0,0.0,0.4351274787535411
CALM1_HUMAN_Weile_2017,10,pool_side,0.4558139534883721,0.6421052631578947,False,True,1.0,1.0,0.4351274787535411
CALM1_HUMAN_Weile_2017,11,honest,0.31162790697674425,0.4421052631578948,False,False,0.0,0.0,0.48951841359773374
CALM1_HUMAN_Weile_2017,11,adaptive_leak,0.8697674418604652,0.2210526315789474,True,False,1.0,1.0,0.48951841359773374
CALM1_HUMAN_Weile_2017,11,pool_side,0.31162790697674425,0.4421052631578948,False,False,1.0,1.0,0.48951841359773374
CALM1_HUMAN_Weile_2017,12,honest,0.5534883720930233,0.6736842105263159,True,True,0.0,0.0,0.4351274787535411
CALM1_HUMAN_Weile_2017,12,adaptive_leak,0.7162790697674419,0.5578947368421052,True,True,1.0,1.0,0.4351274787535411
CALM1_HUMAN_Weile_2017,12,pool_side,0.5534883720930233,0.6736842105263159,True,True,0.0,0.0,0.4351274787535411
CALM1_HUMAN_Weile_2017,13,honest,0.6465116279069767,0.5157894736842106,True,False,0.0,0.0,0.48951841359773374
CALM1_HUMAN_Weile_2017,13,adaptive_leak,0.6976744186046512,0.6421052631578947,True,True,0.0,1.0,0.48951841359773374
CALM1_HUMAN_Weile_2017,13,pool_side,0.6465116279069767,0.5157894736842106,True,False,1.0,1.0,0.48951841359773374
CALM1_HUMAN_Weile_2017,14,honest,0.5767441860465117,0.5684210526315789,True,True,0.0,0.0,0.48951841359773374
CALM1_HUMAN_Weile_2017,14,adaptive_leak,0.5953488372093023,0.5894736842105264,True,True,0.0,1.0,0.48951841359773374
CALM1_HUMAN_Weile_2017,14,pool_side,0.5767441860465117,0.5684210526315789,True,True,2.0,2.0,0.48951841359773374
CALM1_HUMAN_Weile_2017,15,honest,0.3953488372093023,0.7157894736842105,False,True,0.0,0.0,0.48951841359773374
CALM1_HUMAN_Weile_2017,15,adaptive_leak,0.6976744186046512,0.48421052631578954,True,False,0.0,0.0,0.48951841359773374
CALM1_HUMAN_Weile_2017,15,pool_side,0.3953488372093023,0.7157894736842105,False,True,0.0,0.0,0.48951841359773374
CALM1_HUMAN_Weile_2017,16,honest,0.7069767441860465,0.6947368421052632,True,True,0.0,1.0,0.48951841359773374
CALM1_HUMAN_Weile_2017,16,adaptive_leak,0.7953488372093022,0.7473684210526316,True,True,0.0,0.0,0.48951841359773374
CALM1_HUMAN_Weile_2017,16,pool_side,0.7069767441860465,0.6947368421052632,True,True,0.0,0.0,0.48951841359773374
CALM1_HUMAN_Weile_2017,17,honest,0.2372093023255814,0.6210526315789474,False,True,0.0,0.0,0.48951841359773374
CALM1_HUMAN_Weile_2017,17,adaptive_leak,0.9000000000000001,0.7,True,True,1.0,1.0,0.48951841359773374
CALM1_HUMAN_Weile_2017,17,pool_side,0.2372093023255814,0.6210526315789474,False,True,1.0,1.0,0.48951841359773374
CALM1_HUMAN_Weile_2017,18,honest,0.5627906976744186,0.568421052631579,True,True,0.0,0.0,0.4351274787535411
CALM1_HUMAN_Weile_2017,18,adaptive_leak,0.7534883720930232,0.7894736842105263,True,True,0.0,0.0,0.4351274787535411
CALM1_HUMAN_Weile_2017,18,pool_side,0.5627906976744186,0.568421052631579,True,True,0.0,0.0,0.4351274787535411
CALM1_HUMAN_Weile_2017,19,honest,0.4604651162790697,0.5368421052631579,False,False,0.0,1.0,0.48951841359773374
CALM1_HUMAN_Weile_2017,19,adaptive_leak,0.9767441860465116,0.5684210526315789,True,True,0.0,0.0,0.48951841359773374
CALM1_HUMAN_Weile_2017,19,pool_side,0.4604651162790697,0.5368421052631579,False,False,1.0,1.0,0.48951841359773374
CALM1_HUMAN_Weile_2017,20,honest,0.572093023255814,0.7263157894736842,True,True,0.0,0.0,0.48951841359773374
CALM1_HUMAN_Weile_2017,20,adaptive_leak,0.641860465116279,0.6210526315789473,True,True,3.0,1.0,0.48951841359773374
CALM1_HUMAN_Weile_2017,20,pool_side,0.572093023255814,0.7263157894736842,True,True,0.0,1.0,0.48951841359773374
CALM1_HUMAN_Weile_2017,21,honest,0.4186046511627907,0.49473684210526314,False,False,0.0,1.0,0.48951841359773374
CALM1_HUMAN_Weile_2017,21,adaptive_leak,0.9906976744186047,0.6631578947368422,True,True,0.0,0.0,0.48951841359773374
CALM1_HUMAN_Weile_2017,21,pool_side,0.4186046511627907,0.49473684210526314,False,False,1.0,0.0,0.48951841359773374
CALM1_HUMAN_Weile_2017,22,honest,0.45116279069767445,0.768421052631579,False,True,0.0,0.0,0.48951841359773374
CALM1_HUMAN_Weile_2017,22,adaptive_leak,0.827906976744186,0.3263157894736842,True,False,1.0,1.0,0.48951841359773374
CALM1_HUMAN_Weile_2017,22,pool_side,0.45116279069767445,0.768421052631579,False,True,0.0,0.0,0.48951841359773374
CALM1_HUMAN_Weile_2017,23,honest,0.31162790697674425,0.368421052631579,False,False,0.0,0.0,0.4623229461756374
CALM1_HUMAN_Weile_2017,23,adaptive_leak,0.7302325581395348,0.5526315789473685,True,True,0.0,0.0,0.4623229461756374
CALM1_HUMAN_Weile_2017,23,pool_side,0.31162790697674425,0.368421052631579,False,False,1.0,1.0,0.4623229461756374
CALM1_HUMAN_Weile_2017,24,honest,0.39534883720930236,0.38947368421052636,False,False,0.0,0.0,0.48951841359773374
CALM1_HUMAN_Weile_2017,24,adaptive_leak,0.8186046511627907,0.6526315789473685,True,True,0.0,0.0,0.48951841359773374
CALM1_HUMAN_Weile_2017,24,pool_side,0.39534883720930236,0.38947368421052636,False,False,1.0,1.0,0.48951841359773374
CALM1_HUMAN_Weile_2017,25,honest,0.5906976744186047,0.48421052631578954,True,False,0.0,0.0,0.4623229461756374
CALM1_HUMAN_Weile_2017,25,adaptive_leak,0.7069767441860465,0.4473684210526316,True,False,1.0,0.0,0.4623229461756374
CALM1_HUMAN_Weile_2017,25,pool_side,0.5906976744186047,0.48421052631578954,True,False,1.0,0.0,0.4623229461756374
CALM1_HUMAN_Weile_2017,26,honest,0.33488372093023255,0.5473684210526316,False,False,0.0,0.0,0.48951841359773374
CALM1_HUMAN_Weile_2017,26,adaptive_leak,0.6093023255813953,0.4947368421052632,True,False,1.0,1.0,0.48951841359773374
CALM1_HUMAN_Weile_2017,26,pool_side,0.33488372093023255,0.5473684210526316,False,False,0.0,0.0,0.48951841359773374
CALM1_HUMAN_Weile_2017,27,honest,0.5627906976744186,0.5789473684210525,True,True,0.0,0.0,0.48951841359773374
CALM1_HUMAN_Weile_2017,27,adaptive_leak,0.7906976744186047,0.5421052631578946,True,False,0.0,0.0,0.48951841359773374
CALM1_HUMAN_Weile_2017,27,pool_side,0.5627906976744186,0.5789473684210525,True,True,2.0,2.0,0.48951841359773374
CALM1_HUMAN_Weile_2017,28,honest,0.46511627906976744,0.4,False,False,0.0,0.0,0.48951841359773374
CALM1_HUMAN_Weile_2017,28,adaptive_leak,0.8697674418604652,0.6000000000000001,True,True,1.0,1.0,0.48951841359773374
CALM1_HUMAN_Weile_2017,28,pool_side,0.46511627906976744,0.4,False,False,3.0,2.0,0.48951841359773374
CALM1_HUMAN_Weile_2017,29,honest,0.6418604651162791,0.8947368421052632,True,True,0.0,0.0,0.48951841359773374
CALM1_HUMAN_Weile_2017,29,adaptive_leak,0.7627906976744186,0.6210526315789474,True,True,1.0,1.0,0.48951841359773374
CALM1_HUMAN_Weile_2017,29,pool_side,0.6418604651162791,0.8947368421052632,True,True,0.0,0.0,0.48951841359773374
CALM1_HUMAN_Weile_2017,30,honest,0.44651162790697674,0.46315789473684216,False,False,0.0,0.0,0.4623229461756374
CALM1_HUMAN_Weile_2017,30,adaptive_leak,0.6465116279069767,0.42105263157894735,True,False,0.0,0.0,0.4623229461756374
CALM1_HUMAN_Weile_2017,30,pool_side,0.44651162790697674,0.46315789473684216,False,False,1.0,1.0,0.4623229461756374
CALM1_HUMAN_Weile_2017,31,honest,0.19534883720930232,0.28421052631578947,False,False,0.0,0.0,0.4351274787535411
CALM1_HUMAN_Weile_2017,31,adaptive_leak,0.5511627906976744,0.38421052631578945,True,False,0.0,0.0,0.4351274787535411
CALM1_HUMAN_Weile_2017,31,pool_side,0.19534883720930232,0.28421052631578947,False,False,0.0,0.0,0.4351274787535411
CALM1_HUMAN_Weile_2017,32,honest,0.7488372093023257,0.7789473684210526,True,True,0.0,0.0,0.48951841359773374
CALM1_HUMAN_Weile_2017,32,adaptive_leak,0.5441860465116279,0.6421052631578947,False,True,0.0,0.0,0.48951841359773374
CALM1_HUMAN_Weile_2017,32,pool_side,0.7488372093023257,0.7789473684210526,True,True,0.0,0.0,0.48951841359773374
CALM1_HUMAN_Weile_2017,33,honest,0.5116279069767442,0.6631578947368422,False,True,0.0,0.0,0.48951841359773374
CALM1_HUMAN_Weile_2017,33,adaptive_leak,0.38604651162790704,0.3263157894736842,False,False,0.0,0.0,0.48951841359773374
CALM1_HUMAN_Weile_2017,33,pool_side,0.5116279069767442,0.6631578947368422,False,True,0.0,0.0,0.48951841359773374
CALM1_HUMAN_Weile_2017,34,honest,0.6558139534883721,0.5368421052631579,True,False,0.0,0.0,0.48951841359773374
CALM1_HUMAN_Weile_2017,34,adaptive_leak,0.6744186046511629,0.6578947368421053,True,True,1.0,1.0,0.48951841359773374
CALM1_HUMAN_Weile_2017,34,pool_side,0.6558139534883721,0.5368421052631579,True,False,0.0,0.0,0.48951841359773374
CALM1_HUMAN_Weile_2017,35,honest,0.5906976744186047,0.8105263157894738,True,True,0.0,1.0,0.48951841359773374
CALM1_HUMAN_Weile_2017,35,adaptive_leak,0.7674418604651163,0.7157894736842105,True,True,0.0,0.0,0.48951841359773374
CALM1_HUMAN_Weile_2017,35,pool_side,0.5906976744186047,0.8105263157894738,True,True,2.0,1.0,0.48951841359773374
CALM1_HUMAN_Weile_2017,36,honest,0.4744186046511628,0.6526315789473685,False,True,0.0,0.0,0.48951841359773374
CALM1_HUMAN_Weile_2017,36,adaptive_leak,0.6511627906976745,0.5578947368421052,True,True,0.0,0.0,0.48951841359773374
CALM1_HUMAN_Weile_2017,36,pool_side,0.4744186046511628,0.6526315789473685,False,True,0.0,0.0,0.48951841359773374
CALM1_HUMAN_Weile_2017,37,honest,0.27906976744186046,0.33684210526315794,False,False,0.0,0.0,0.4623229461756374
CALM1_HUMAN_Weile_2017,37,adaptive_leak,0.8558139534883721,0.5263157894736842,True,False,0.0,0.0,0.4623229461756374
CALM1_HUMAN_Weile_2017,37,pool_side,0.27906976744186046,0.33684210526315794,False,False,0.0,0.0,0.4623229461756374
CALM1_HUMAN_Weile_2017,38,honest,0.4697674418604651,0.43157894736842106,False,False,0.0,0.0,0.48951841359773374
CALM1_HUMAN_Weile_2017,38,adaptive_leak,0.6348837209302326,0.3578947368421053,True,False,0.0,0.0,0.48951841359773374
CALM1_HUMAN_Weile_2017,38,pool_side,0.4697674418604651,0.43157894736842106,False,False,0.0,0.0,0.48951841359773374
CALM1_HUMAN_Weile_2017,39,honest,0.3302325581395349,0.568421052631579,False,True,0.0,0.0,0.48951841359773374
CALM1_HUMAN_Weile_2017,39,adaptive_leak,0.5023255813953489,0.368421052631579,False,False,0.0,0.0,0.48951841359773374
CALM1_HUMAN_Weile_2017,39,pool_side,0.3302325581395349,0.568421052631579,False,True,0.0,0.0,0.48951841359773374
CCDB_ECOLI_Tripathi_2016,0,honest,0.36744186046511634,0.6526315789473685,False,True,0.0,0.0,0.5052631578947369
CCDB_ECOLI_Tripathi_2016,0,adaptive_leak,0.7883720930232558,0.2578947368421053,True,False,0.0,0.0,0.5052631578947369
CCDB_ECOLI_Tripathi_2016,0,pool_side,0.36744186046511634,0.6526315789473685,False,True,0.0,1.0,0.5052631578947369
CCDB_ECOLI_Tripathi_2016,1,honest,0.627906976744186,0.5684210526315789,True,True,0.0,0.0,0.5052631578947369
CCDB_ECOLI_Tripathi_2016,1,adaptive_leak,0.2813953488372093,0.46315789473684216,False,False,0.0,0.0,0.5052631578947369
CCDB_ECOLI_Tripathi_2016,1,pool_side,0.627906976744186,0.5684210526315789,True,True,0.0,0.0,0.5052631578947369
CCDB_ECOLI_Tripathi_2016,2,honest,0.4511627906976744,0.5789473684210527,False,True,0.0,0.0,0.5052631578947369
CCDB_ECOLI_Tripathi_2016,2,adaptive_leak,0.672093023255814,0.8894736842105263,True,True,0.0,0.0,0.5052631578947369
CCDB_ECOLI_Tripathi_2016,2,pool_side,0.4511627906976744,0.5789473684210527,False,True,0.0,0.0,0.5052631578947369
CCDB_ECOLI_Tripathi_2016,3,honest,0.6604651162790698,0.6105263157894737,True,True,0.0,0.0,0.47554179566563465
CCDB_ECOLI_Tripathi_2016,3,adaptive_leak,0.39302325581395353,0.5157894736842106,False,False,0.0,0.0,0.47554179566563465
CCDB_ECOLI_Tripathi_2016,3,pool_side,0.6604651162790698,0.6105263157894737,True,True,0.0,0.0,0.47554179566563465
CCDB_ECOLI_Tripathi_2016,4,honest,0.5534883720930233,0.5578947368421053,True,True,0.0,0.0,0.47554179566563465
CCDB_ECOLI_Tripathi_2016,4,adaptive_leak,0.6511627906976745,0.41052631578947374,True,False,0.0,0.0,0.47554179566563465
CCDB_ECOLI_Tripathi_2016,4,pool_side,0.5534883720930233,0.5578947368421053,True,True,0.0,0.0,0.47554179566563465
CCDB_ECOLI_Tripathi_2016,5,honest,0.5627906976744186,0.536842105263158,True,False,0.0,0.0,0.5052631578947369
CCDB_ECOLI_Tripathi_2016,5,adaptive_leak,0.7069767441860465,0.6842105263157895,True,True,0.0,0.0,0.5052631578947369
CCDB_ECOLI_Tripathi_2016,5,pool_side,0.5627906976744186,0.536842105263158,True,False,1.0,1.0,0.5052631578947369
CCDB_ECOLI_Tripathi_2016,6,honest,0.5813953488372093,0.7473684210526316,True,True,0.0,0.0,0.5052631578947369
CCDB_ECOLI_Tripathi_2016,6,adaptive_leak,0.4581395348837209,0.6315789473684211,False,True,0.0,0.0,0.5052631578947369
CCDB_ECOLI_Tripathi_2016,6,pool_side,0.5813953488372093,0.7473684210526316,True,True,0.0,0.0,0.5052631578947369
CCDB_ECOLI_Tripathi_2016,7,honest,0.6186046511627907,0.4421052631578948,True,False,0.0,0.0,0.47554179566563465
CCDB_ECOLI_Tripathi_2016,7,adaptive_leak,0.7674418604651163,0.3052631578947369,True,False,0.0,0.0,0.47554179566563465
CCDB_ECOLI_Tripathi_2016,7,pool_side,0.6186046511627907,0.4421052631578948,True,False,0.0,0.0,0.47554179566563465
CCDB_ECOLI_Tripathi_2016,8,honest,0.413953488372093,0.5157894736842106,False,False,0.0,0.0,0.47554179566563465
CCDB_ECOLI_Tripathi_2016,8,adaptive_leak,0.5162790697674419,0.28421052631578947,False,False,0.0,1.0,0.47554179566563465
CCDB_ECOLI_Tripathi_2016,8,pool_side,0.413953488372093,0.5157894736842106,False,False,0.0,1.0,0.47554179566563465
CCDB_ECOLI_Tripathi_2016,9,honest,0.7162790697674418,0.49473684210526314,True,False,0.0,1.0,0.47554179566563465
CCDB_ECOLI_Tripathi_2016,9,adaptive_leak,0.5069767441860465,0.4000000000000001,False,False,1.0,3.0,0.47554179566563465
CCDB_ECOLI_Tripathi_2016,9,pool_side,0.7162790697674418,0.49473684210526314,True,False,0.0,0.0,0.47554179566563465
CCDB_ECOLI_Tripathi_2016,10,honest,0.4558139534883721,0.5684210526315789,False,True,0.0,0.0,0.47554179566563465
CCDB_ECOLI_Tripathi_2016,10,adaptive_leak,0.5046511627906977,0.7052631578947369,False,True,0.0,0.0,0.47554179566563465
CCDB_ECOLI_Tripathi_2016,10,pool_side,0.4558139534883721,0.5684210526315789,False,True,1.0,0.0,0.47554179566563465
CCDB_ECOLI_Tripathi_2016,11,honest,0.6046511627906976,0.7684210526315789,True,True,0.0,1.0,0.5052631578947369
CCDB_ECOLI_Tripathi_2016,11,adaptive_leak,0.5,0.4578947368421053,False,False,0.0,0.0,0.5052631578947369
CCDB_ECOLI_Tripathi_2016,11,pool_side,0.6046511627906976,0.7684210526315789,True,True,0.0,0.0,0.5052631578947369
CCDB_ECOLI_Tripathi_2016,12,honest,0.7069767441860466,0.5052631578947369,True,False,0.0,0.0,0.4458204334365325
CCDB_ECOLI_Tripathi_2016,12,adaptive_leak,0.5395348837209303,0.5684210526315789,False,True,0.0,0.0,0.4458204334365325
CCDB_ECOLI_Tripathi_2016,12,pool_side,0.7069767441860466,0.5052631578947369,True,False,0.0,1.0,0.4458204334365325
CCDB_ECOLI_Tripathi_2016,13,honest,0.5488372093023256,0.7578947368421053,False,True,0.0,0.0,0.5052631578947369
CCDB_ECOLI_Tripathi_2016,13,adaptive_leak,0.7302325581395348,0.7157894736842106,True,True,0.0,0.0,0.5052631578947369
CCDB_ECOLI_Tripathi_2016,13,pool_side,0.5488372093023256,0.7578947368421053,False,True,0.0,0.0,0.5052631578947369
CCDB_ECOLI_Tripathi_2016,14,honest,0.6465116279069767,0.4842105263157895,True,False,0.0,0.0,0.47554179566563465
CCDB_ECOLI_Tripathi_2016,14,adaptive_leak,0.3930232558139535,0.37368421052631584,False,False,0.0,0.0,0.47554179566563465
CCDB_ECOLI_Tripathi_2016,14,pool_side,0.6465116279069767,0.4842105263157895,True,False,0.0,0.0,0.47554179566563465
CCDB_ECOLI_Tripathi_2016,15,honest,0.6139534883720931,0.5578947368421052,True,True,0.0,0.0,0.5052631578947369
CCDB_ECOLI_Tripathi_2016,15,adaptive_leak,0.8069767441860466,0.3894736842105263,True,False,0.0,0.0,0.5052631578947369
CCDB_ECOLI_Tripathi_2016,15,pool_side,0.6139534883720931,0.5578947368421052,True,True,0.0,1.0,0.5052631578947369
CCDB_ECOLI_Tripathi_2016,16,honest,0.6418604651162791,0.8842105263157896,True,True,0.0,0.0,0.5052631578947369
CCDB_ECOLI_Tripathi_2016,16,adaptive_leak,0.813953488372093,0.5684210526315789,True,True,0.0,0.0,0.5052631578947369
CCDB_ECOLI_Tripathi_2016,16,pool_side,0.6418604651162791,0.8842105263157896,True,True,0.0,0.0,0.5052631578947369
CCDB_ECOLI_Tripathi_2016,17,honest,0.6418604651162791,0.47368421052631576,True,False,0.0,0.0,0.4458204334365325
CCDB_ECOLI_Tripathi_2016,17,adaptive_leak,0.6046511627906977,0.6631578947368422,True,True,1.0,1.0,0.4458204334365325
CCDB_ECOLI_Tripathi_2016,17,pool_side,0.6418604651162791,0.47368421052631576,True,False,0.0,0.0,0.4458204334365325
CCDB_ECOLI_Tripathi_2016,18,honest,0.4186046511627907,0.5157894736842106,False,False,0.0,0.0,0.4458204334365325
CCDB_ECOLI_Tripathi_2016,18,adaptive_leak,0.4674418604651163,0.5157894736842106,False,False,3.0,2.0,0.4458204334365325
CCDB_ECOLI_Tripathi_2016,18,pool_side,0.4186046511627907,0.5157894736842106,False,False,0.0,0.0,0.4458204334365325
CCDB_ECOLI_Tripathi_2016,19,honest,0.6604651162790698,0.3894736842105263,True,False,0.0,0.0,0.5052631578947369
CCDB_ECOLI_Tripathi_2016,19,adaptive_leak,0.7325581395348837,0.5578947368421053,True,True,0.0,0.0,0.5052631578947369
CCDB_ECOLI_Tripathi_2016,19,pool_side,0.6604651162790698,0.3894736842105263,True,False,0.0,0.0,0.5052631578947369
CCDB_ECOLI_Tripathi_2016,20,honest,0.6790697674418604,0.5052631578947369,True,False,0.0,0.0,0.5052631578947369
CCDB_ECOLI_Tripathi_2016,20,adaptive_leak,0.3534883720930233,0.5157894736842106,False,False,0.0,0.0,0.5052631578947369
CCDB_ECOLI_Tripathi_2016,20,pool_side,0.6790697674418604,0.5052631578947369,True,False,1.0,1.0,0.5052631578947369
CCDB_ECOLI_Tripathi_2016,21,honest,0.6837209302325582,0.5052631578947369,True,False,0.0,0.0,0.5052631578947369
CCDB_ECOLI_Tripathi_2016,21,adaptive_leak,0.4744186046511628,0.768421052631579,False,True,0.0,1.0,0.5052631578947369
CCDB_ECOLI_Tripathi_2016,21,pool_side,0.6837209302325582,0.5052631578947369,True,False,1.0,1.0,0.5052631578947369
CCDB_ECOLI_Tripathi_2016,22,honest,0.5627906976744186,0.6842105263157895,True,True,0.0,0.0,0.5052631578947369
CCDB_ECOLI_Tripathi_2016,22,adaptive_leak,0.32325581395348835,0.48421052631578954,False,False,0.0,0.0,0.5052631578947369
CCDB_ECOLI_Tripathi_2016,22,pool_side,0.5627906976744186,0.6842105263157895,True,True,0.0,0.0,0.5052631578947369
CCDB_ECOLI_Tripathi_2016,23,honest,0.5534883720930233,0.3789473684210527,True,False,0.0,0.0,0.5052631578947369
CCDB_ECOLI_Tripathi_2016,23,adaptive_leak,0.6209302325581395,0.5263157894736843,True,False,0.0,1.0,0.5052631578947369
CCDB_ECOLI_Tripathi_2016,23,pool_side,0.5534883720930233,0.3789473684210527,True,False,1.0,2.0,0.5052631578947369
CCDB_ECOLI_Tripathi_2016,24,honest,0.413953488372093,0.6736842105263158,False,True,0.0,0.0,0.47554179566563465
CCDB_ECOLI_Tripathi_2016,24,adaptive_leak,0.472093023255814,0.35263157894736846,False,False,0.0,0.0,0.47554179566563465
CCDB_ECOLI_Tripathi_2016,24,pool_side,0.413953488372093,0.6736842105263158,False,True,1.0,1.0,0.47554179566563465
CCDB_ECOLI_Tripathi_2016,25,honest,0.4976744186046511,0.5894736842105264,False,True,0.0,0.0,0.5052631578947369
CCDB_ECOLI_Tripathi_2016,25,adaptive_leak,0.48372093023255813,0.5263157894736843,False,False,0.0,0.0,0.5052631578947369
CCDB_ECOLI_Tripathi_2016,25,pool_side,0.4976744186046511,0.5894736842105264,False,True,0.0,1.0,0.5052631578947369
CCDB_ECOLI_Tripathi_2016,26,honest,0.9069767441860466,0.6842105263157896,True,True,0.0,0.0,0.5052631578947369
CCDB_ECOLI_Tripathi_2016,26,adaptive_leak,0.5744186046511628,0.7157894736842105,True,True,0.0,0.0,0.5052631578947369
CCDB_ECOLI_Tripathi_2016,26,pool_side,0.9069767441860466,0.6842105263157896,True,True,0.0,0.0,0.5052631578947369
CCDB_ECOLI_Tripathi_2016,27,honest,0.6837209302325581,0.5473684210526316,True,False,0.0,0.0,0.5052631578947369
CCDB_ECOLI_Tripathi_2016,27,adaptive_leak,0.49534883720930234,0.5052631578947369,False,False,0.0,0.0,0.5052631578947369
CCDB_ECOLI_Tripathi_2016,27,pool_side,0.6837209302325581,0.5473684210526316,True,False,0.0,0.0,0.5052631578947369
CCDB_ECOLI_Tripathi_2016,28,honest,0.7209302325581395,0.6842105263157895,True,True,0.0,0.0,0.5052631578947369
CCDB_ECOLI_Tripathi_2016,28,adaptive_leak,0.4790697674418605,0.6421052631578947,False,True,0.0,0.0,0.5052631578947369
CCDB_ECOLI_Tripathi_2016,28,pool_side,0.7209302325581395,0.6842105263157895,True,True,0.0,0.0,0.5052631578947369
CCDB_ECOLI_Tripathi_2016,29,honest,0.6139534883720931,0.5894736842105264,True,True,0.0,0.0,0.47554179566563465
CCDB_ECOLI_Tripathi_2016,29,adaptive_leak,0.5744186046511628,0.4631578947368421,True,False,2.0,1.0,0.47554179566563465
CCDB_ECOLI_Tripathi_2016,29,pool_side,0.6139534883720931,0.5894736842105264,True,True,0.0,0.0,0.47554179566563465
CCDB_ECOLI_Tripathi_2016,30,honest,0.7534883720930232,0.5789473684210527,True,True,0.0,0.0,0.5052631578947369
CCDB_ECOLI_Tripathi_2016,30,adaptive_leak,0.49302325581395356,0.5263157894736842,False,False,0.0,0.0,0.5052631578947369
CCDB_ECOLI_Tripathi_2016,30,pool_side,0.7534883720930232,0.5789473684210527,True,True,0.0,0.0,0.5052631578947369
CCDB_ECOLI_Tripathi_2016,31,honest,0.6790697674418604,0.6421052631578947,True,True,0.0,0.0,0.5052631578947369
CCDB_ECOLI_Tripathi_2016,31,adaptive_leak,0.5627906976744186,0.5157894736842106,True,False,0.0,0.0,0.5052631578947369
CCDB_ECOLI_Tripathi_2016,31,pool_side,0.6790697674418604,0.6421052631578947,True,True,1.0,1.0,0.5052631578947369
CCDB_ECOLI_Tripathi_2016,32,honest,0.48837209302325585,0.6105263157894737,False,True,0.0,0.0,0.5052631578947369
CCDB_ECOLI_Tripathi_2016,32,adaptive_leak,0.4372093023255814,0.4421052631578947,False,False,0.0,0.0,0.5052631578947369
CCDB_ECOLI_Tripathi_2016,32,pool_side,0.48837209302325585,0.6105263157894737,False,True,0.0,0.0,0.5052631578947369
CCDB_ECOLI_Tripathi_2016,33,honest,0.627906976744186,0.6421052631578947,True,True,0.0,0.0,0.5052631578947369
CCDB_ECOLI_Tripathi_2016,33,adaptive_leak,0.25116279069767444,0.6315789473684211,False,True,0.0,1.0,0.5052631578947369
CCDB_ECOLI_Tripathi_2016,33,pool_side,0.627906976744186,0.6421052631578947,True,True,0.0,0.0,0.5052631578947369
CCDB_ECOLI_Tripathi_2016,34,honest,0.827906976744186,0.3263157894736842,True,False,0.0,0.0,0.5052631578947369
CCDB_ECOLI_Tripathi_2016,34,adaptive_leak,0.3348837209302326,0.5473684210526316,False,False,1.0,1.0,0.5052631578947369
CCDB_ECOLI_Tripathi_2016,34,pool_side,0.827906976744186,0.3263157894736842,True,False,0.0,0.0,0.5052631578947369
CCDB_ECOLI_Tripathi_2016,35,honest,0.8511627906976744,0.7578947368421053,True,True,0.0,0.0,0.47554179566563465
CCDB_ECOLI_Tripathi_2016,35,adaptive_leak,0.42558139534883727,0.4842105263157895,False,False,0.0,0.0,0.47554179566563465
CCDB_ECOLI_Tripathi_2016,35,pool_side,0.8511627906976744,0.7578947368421053,True,True,0.0,0.0,0.47554179566563465
CCDB_ECOLI_Tripathi_2016,36,honest,0.4558139534883721,0.5684210526315789,False,True,0.0,0.0,0.5052631578947369
CCDB_ECOLI_Tripathi_2016,36,adaptive_leak,0.758139534883721,0.7157894736842105,True,True,0.0,1.0,0.5052631578947369
CCDB_ECOLI_Tripathi_2016,36,pool_side,0.4558139534883721,0.5684210526315789,False,True,0.0,1.0,0.5052631578947369
CCDB_ECOLI_Tripathi_2016,37,honest,0.5162790697674419,0.45263157894736844,False,False,0.0,0.0,0.5052631578947369
CCDB_ECOLI_Tripathi_2016,37,adaptive_leak,0.4674418604651163,0.4,False,False,0.0,0.0,0.5052631578947369
CCDB_ECOLI_Tripathi_2016,37,pool_side,0.5162790697674419,0.45263157894736844,False,False,0.0,0.0,0.5052631578947369
CCDB_ECOLI_Tripathi_2016,38,honest,0.25116279069767444,0.5473684210526315,False,False,0.0,0.0,0.5052631578947369
CCDB_ECOLI_Tripathi_2016,38,adaptive_leak,0.4139534883720931,0.15789473684210528,False,False,0.0,0.0,0.5052631578947369
CCDB_ECOLI_Tripathi_2016,38,pool_side,0.25116279069767444,0.5473684210526315,False,False,1.0,1.0,0.5052631578947369
CCDB_ECOLI_Tripathi_2016,39,honest,0.5627906976744186,0.7052631578947369,True,True,0.0,0.0,0.47554179566563465
CCDB_ECOLI_Tripathi_2016,39,adaptive_leak,0.8232558139534885,0.5157894736842106,True,False,0.0,1.0,0.47554179566563465
CCDB_ECOLI_Tripathi_2016,39,pool_side,0.5627906976744186,0.7052631578947369,True,True,0.0,0.0,0.47554179566563465
CP2C9_HUMAN_Amorosi_abundance_2021,0,honest,0.6604651162790698,0.6315789473684211,True,True,0.0,0.0,0.4859221765264157
CP2C9_HUMAN_Amorosi_abundance_2021,0,adaptive_leak,0.7302325581395349,0.5052631578947369,True,False,0.0,0.0,0.4859221765264157
CP2C9_HUMAN_Amorosi_abundance_2021,0,pool_side,0.6604651162790698,0.6315789473684211,True,True,0.0,0.0,0.4859221765264157
CP2C9_HUMAN_Amorosi_abundance_2021,1,honest,0.5674418604651162,0.6736842105263158,True,True,0.0,0.0,0.4859221765264157
CP2C9_HUMAN_Amorosi_abundance_2021,1,adaptive_leak,0.6465116279069768,0.6105263157894737,True,True,1.0,1.0,0.4859221765264157
CP2C9_HUMAN_Amorosi_abundance_2021,1,pool_side,0.5674418604651162,0.6736842105263158,True,True,0.0,0.0,0.4859221765264157
CP2C9_HUMAN_Amorosi_abundance_2021,2,honest,0.8325581395348837,0.7578947368421053,True,True,0.0,1.0,0.4859221765264157
CP2C9_HUMAN_Amorosi_abundance_2021,2,adaptive_leak,0.9023255813953488,0.5157894736842106,True,False,1.0,0.0,0.4859221765264157
CP2C9_HUMAN_Amorosi_abundance_2021,2,pool_side,0.8325581395348837,0.7578947368421053,True,True,0.0,0.0,0.4859221765264157
CP2C9_HUMAN_Amorosi_abundance_2021,3,honest,0.6697674418604651,0.6736842105263158,True,True,0.0,0.0,0.4859221765264157
CP2C9_HUMAN_Amorosi_abundance_2021,3,adaptive_leak,0.786046511627907,0.6000000000000001,True,True,0.0,0.0,0.4859221765264157
CP2C9_HUMAN_Amorosi_abundance_2021,3,pool_side,0.6697674418604651,0.6736842105263158,True,True,1.0,1.0,0.4859221765264157
CP2C9_HUMAN_Amorosi_abundance_2021,4,honest,0.7116279069767442,0.768421052631579,True,True,0.0,0.0,0.4859221765264157
CP2C9_HUMAN_Amorosi_abundance_2021,4,adaptive_leak,0.627906976744186,0.13684210526315793,True,False,0.0,0.0,0.4859221765264157
CP2C9_HUMAN_Amorosi_abundance_2021,4,pool_side,0.7116279069767442,0.768421052631579,True,True,0.0,0.0,0.4859221765264157
CP2C9_HUMAN_Amorosi_abundance_2021,5,honest,0.5720930232558139,0.5368421052631579,True,False,0.0,0.0,0.47832964251819043
CP2C9_HUMAN_Amorosi_abundance_2021,5,adaptive_leak,0.6930232558139535,0.4631578947368421,True,False,1.0,1.0,0.47832964251819043
CP2C9_HUMAN_Amorosi_abundance_2021,5,pool_side,0.5720930232558139,0.5368421052631579,True,False,0.0,0.0,0.47832964251819043
CP2C9_HUMAN_Amorosi_abundance_2021,6,honest,0.7627906976744186,0.8631578947368421,True,True,0.0,0.0,0.4859221765264157
CP2C9_HUMAN_Amorosi_abundance_2021,6,adaptive_leak,0.9255813953488372,0.6842105263157895,True,True,1.0,1.0,0.4859221765264157
CP2C9_HUMAN_Amorosi_abundance_2021,6,pool_side,0.7627906976744186,0.8631578947368421,True,True,0.0,0.0,0.4859221765264157
CP2C9_HUMAN_Amorosi_abundance_2021,7,honest,0.6837209302325582,0.8947368421052632,True,True,0.0,0.0,0.4859221765264157
CP2C9_HUMAN_Amorosi_abundance_2021,7,adaptive_leak,0.6046511627906976,0.5157894736842106,True,False,0.0,1.0,0.4859221765264157
CP2C9_HUMAN_Amorosi_abundance_2021,7,pool_side,0.6837209302325582,0.8947368421052632,True,True,0.0,0.0,0.4859221765264157
CP2C9_HUMAN_Amorosi_abundance_2021,8,honest,0.9209302325581395,0.8421052631578947,True,True,0.0,0.0,0.4859221765264157
CP2C9_HUMAN_Amorosi_abundance_2021,8,adaptive_leak,0.6465116279069767,0.22105263157894736,True,False,0.0,0.0,0.4859221765264157
CP2C9_HUMAN_Amorosi_abundance_2021,8,pool_side,0.9209302325581395,0.8421052631578947,True,True,1.0,1.0,0.4859221765264157
CP2C9_HUMAN_Amorosi_abundance_2021,9,honest,0.8372093023255814,0.9157894736842105,True,True,0.0,0.0,0.4859221765264157
CP2C9_HUMAN_Amorosi_abundance_2021,9,adaptive_leak,0.4418604651162791,0.4736842105263158,False,False,1.0,2.0,0.4859221765264157
CP2C9_HUMAN_Amorosi_abundance_2021,9,pool_side,0.8372093023255814,0.9157894736842105,True,True,0.0,0.0,0.4859221765264157
CP2C9_HUMAN_Amorosi_abundance_2021,10,honest,0.5906976744186047,0.7789473684210526,True,True,0.0,0.0,0.4859221765264157
CP2C9_HUMAN_Amorosi_abundance_2021,10,adaptive_leak,0.7767441860465116,0.43157894736842106,True,False,2.0,1.0,0.4859221765264157
CP2C9_HUMAN_Amorosi_abundance_2021,10,pool_side,0.5906976744186047,0.7789473684210526,True,True,0.0,0.0,0.4859221765264157
CP2C9_HUMAN_Amorosi_abundance_2021,11,honest,0.9023255813953488,0.8947368421052632,True,True,0.0,0.0,0.4859221765264157
CP2C9_HUMAN_Amorosi_abundance_2021,11,adaptive_leak,0.7488372093023257,0.4631578947368421,True,False,0.0,0.0,0.4859221765264157
CP2C9_HUMAN_Amorosi_abundance_2021,11,pool_side,0.9023255813953488,0.8947368421052632,True,True,0.0,0.0,0.4859221765264157
CP2C9_HUMAN_Amorosi_abundance_2021,12,honest,0.8139534883720931,0.768421052631579,True,True,0.0,0.0,0.4859221765264157
CP2C9_HUMAN_Amorosi_abundance_2021,12,adaptive_leak,0.6232558139534884,0.6947368421052632,True,True,0.0,0.0,0.4859221765264157
CP2C9_HUMAN_Amorosi_abundance_2021,12,pool_side,0.8139534883720931,0.768421052631579,True,True,2.0,2.0,0.4859221765264157
CP2C9_HUMAN_Amorosi_abundance_2021,13,honest,0.786046511627907,0.8631578947368421,True,True,0.0,0.0,0.4859221765264157
CP2C9_HUMAN_Amorosi_abundance_2021,13,adaptive_leak,0.6441860465116279,0.32105263157894737,True,False,0.0,1.0,0.4859221765264157
CP2C9_HUMAN_Amorosi_abundance_2021,13,pool_side,0.786046511627907,0.8631578947368421,True,True,0.0,0.0,0.4859221765264157
CP2C9_HUMAN_Amorosi_abundance_2021,14,honest,0.8744186046511627,0.6526315789473685,True,True,0.0,0.0,0.4859221765264157
CP2C9_HUMAN_Amorosi_abundance_2021,14,adaptive_leak,0.8046511627906977,0.8,True,True,0.0,0.0,0.4859221765264157
CP2C9_HUMAN_Amorosi_abundance_2021,14,pool_side,0.8744186046511627,0.6526315789473685,True,True,1.0,2.0,0.4859221765264157
CP2C9_HUMAN_Amorosi_abundance_2021,15,honest,0.7674418604651163,0.8105263157894738,True,True,0.0,0.0,0.4859221765264157
CP2C9_HUMAN_Amorosi_abundance_2021,15,adaptive_leak,0.7767441860465116,0.6,True,True,1.0,1.0,0.4859221765264157
CP2C9_HUMAN_Amorosi_abundance_2021,15,pool_side,0.7674418604651163,0.8105263157894738,True,True,0.0,0.0,0.4859221765264157
CP2C9_HUMAN_Amorosi_abundance_2021,16,honest,0.9255813953488372,0.7052631578947368,True,True,0.0,0.0,0.47832964251819043
CP2C9_HUMAN_Amorosi_abundance_2021,16,adaptive_leak,0.9651162790697674,0.7473684210526316,True,True,0.0,0.0,0.47832964251819043
CP2C9_HUMAN_Amorosi_abundance_2021,16,pool_side,0.9255813953488372,0.7052631578947368,True,True,0.0,0.0,0.47832964251819043
CP2C9_HUMAN_Amorosi_abundance_2021,17,honest,0.6697674418604651,0.5368421052631579,True,False,0.0,0.0,0.4859221765264157
CP2C9_HUMAN_Amorosi_abundance_2021,17,adaptive_leak,0.6883720930232559,0.6736842105263158,True,True,1.0,1.0,0.4859221765264157
CP2C9_HUMAN_Amorosi_abundance_2021,17,pool_side,0.6697674418604651,0.5368421052631579,True,False,1.0,0.0,0.4859221765264157
CP2C9_HUMAN_Amorosi_abundance_2021,18,honest,0.7395348837209302,0.4315789473684211,True,False,0.0,0.0,0.47832964251819043
CP2C9_HUMAN_Amorosi_abundance_2021,18,adaptive_leak,0.8883720930232558,0.4421052631578947,True,False,0.0,0.0,0.47832964251819043
CP2C9_HUMAN_Amorosi_abundance_2021,18,pool_side,0.7395348837209302,0.4315789473684211,True,False,0.0,0.0,0.47832964251819043
CP2C9_HUMAN_Amorosi_abundance_2021,19,honest,0.8790697674418604,0.7789473684210527,True,True,0.0,0.0,0.47832964251819043
CP2C9_HUMAN_Amorosi_abundance_2021,19,adaptive_leak,0.7488372093023256,0.5578947368421052,True,True,0.0,0.0,0.47832964251819043
CP2C9_HUMAN_Amorosi_abundance_2021,19,pool_side,0.8790697674418604,0.7789473684210527,True,True,0.0,1.0,0.47832964251819043
CP2C9_HUMAN_Amorosi_abundance_2021,20,honest,0.9162790697674419,0.8631578947368421,True,True,0.0,0.0,0.4859221765264157
CP2C9_HUMAN_Amorosi_abundance_2021,20,adaptive_leak,0.8511627906976744,0.4,True,False,0.0,0.0,0.4859221765264157
CP2C9_HUMAN_Amorosi_abundance_2021,20,pool_side,0.9162790697674419,0.8631578947368421,True,True,0.0,0.0,0.4859221765264157
CP2C9_HUMAN_Amorosi_abundance_2021,21,honest,0.6837209302325582,0.7157894736842105,True,True,0.0,0.0,0.4859221765264157
CP2C9_HUMAN_Amorosi_abundance_2021,21,adaptive_leak,0.5674418604651164,0.41052631578947374,True,False,1.0,1.0,0.4859221765264157
CP2C9_HUMAN_Amorosi_abundance_2021,21,pool_side,0.6837209302325582,0.7157894736842105,True,True,0.0,0.0,0.4859221765264157
CP2C9_HUMAN_Amorosi_abundance_2021,22,honest,0.9069767441860465,0.9473684210526316,True,True,0.0,0.0,0.47832964251819043
CP2C9_HUMAN_Amorosi_abundance_2021,22,adaptive_leak,0.6697674418604651,0.6526315789473685,True,True,3.0,1.0,0.47832964251819043
CP2C9_HUMAN_Amorosi_abundance_2021,22,pool_side,0.9069767441860465,0.9473684210526316,True,True,0.0,0.0,0.47832964251819043
CP2C9_HUMAN_Amorosi_abundance_2021,23,honest,0.586046511627907,0.5684210526315789,True,True,0.0,0.0,0.4859221765264157
CP2C9_HUMAN_Amorosi_abundance_2021,23,adaptive_leak,0.9348837209302325,0.6947368421052631,True,True,0.0,0.0,0.4859221765264157
CP2C9_HUMAN_Amorosi_abundance_2021,23,pool_side,0.586046511627907,0.5684210526315789,True,True,1.0,1.0,0.4859221765264157
CP2C9_HUMAN_Amorosi_abundance_2021,24,honest,0.6418604651162791,0.6105263157894737,True,True,0.0,0.0,0.4859221765264157
CP2C9_HUMAN_Amorosi_abundance_2021,24,adaptive_leak,0.6093023255813954,0.5578947368421052,True,True,1.0,1.0,0.4859221765264157
CP2C9_HUMAN_Amorosi_abundance_2021,24,pool_side,0.6418604651162791,0.6105263157894737,True,True,0.0,0.0,0.4859221765264157
CP2C9_HUMAN_Amorosi_abundance_2021,25,honest,0.6,0.6842105263157895,True,True,0.0,0.0,0.4859221765264157
CP2C9_HUMAN_Amorosi_abundance_2021,25,adaptive_leak,0.7860465116279068,0.5894736842105264,True,True,3.0,2.0,0.4859221765264157
CP2C9_HUMAN_Amorosi_abundance_2021,25,pool_side,0.6,0.6842105263157895,True,True,0.0,0.0,0.4859221765264157
CP2C9_HUMAN_Amorosi_abundance_2021,26,honest,0.7720930232558139,0.7999999999999999,True,True,0.0,1.0,0.4859221765264157
CP2C9_HUMAN_Amorosi_abundance_2021,26,adaptive_leak,0.8093023255813954,0.6947368421052631,True,True,1.0,1.0,0.4859221765264157
CP2C9_HUMAN_Amorosi_abundance_2021,26,pool_side,0.7720930232558139,0.7999999999999999,True,True,0.0,1.0,0.4859221765264157
CP2C9_HUMAN_Amorosi_abundance_2021,27,honest,0.786046511627907,0.9157894736842105,True,True,0.0,0.0,0.4859221765264157
CP2C9_HUMAN_Amorosi_abundance_2021,27,adaptive_leak,0.5906976744186047,0.4736842105263158,True,False,1.0,0.0,0.4859221765264157
CP2C9_HUMAN_Amorosi_abundance_2021,27,pool_side,0.786046511627907,0.9157894736842105,True,True,0.0,0.0,0.4859221765264157
CP2C9_HUMAN_Amorosi_abundance_2021,28,honest,0.8232558139534883,0.8842105263157894,True,True,0.0,0.0,0.4707371085099652
CP2C9_HUMAN_Amorosi_abundance_2021,28,adaptive_leak,0.7813953488372093,0.7473684210526316,True,True,1.0,1.0,0.4707371085099652
CP2C9_HUMAN_Amorosi_abundance_2021,28,pool_side,0.8232558139534883,0.8842105263157894,True,True,0.0,0.0,0.4707371085099652
CP2C9_HUMAN_Amorosi_abundance_2021,29,honest,0.930232558139535,0.9473684210526315,True,True,0.0,0.0,0.4859221765264157
CP2C9_HUMAN_Amorosi_abundance_2021,29,adaptive_leak,0.7162790697674418,0.5789473684210527,True,True,1.0,1.0,0.4859221765264157
CP2C9_HUMAN_Amorosi_abundance_2021,29,pool_side,0.930232558139535,0.9473684210526315,True,True,0.0,0.0,0.4859221765264157
CP2C9_HUMAN_Amorosi_abundance_2021,30,honest,0.46976744186046515,0.5368421052631579,False,False,0.0,0.0,0.47832964251819043
CP2C9_HUMAN_Amorosi_abundance_2021,30,adaptive_leak,0.7069767441860465,0.5157894736842106,True,False,1.0,1.0,0.47832964251819043
CP2C9_HUMAN_Amorosi_abundance_2021,30,pool_side,0.46976744186046515,0.5368421052631579,False,False,0.0,0.0,0.47832964251819043
CP2C9_HUMAN_Amorosi_abundance_2021,31,honest,0.6279069767441862,0.6105263157894737,True,True,0.0,0.0,0.4859221765264157
CP2C9_HUMAN_Amorosi_abundance_2021,31,adaptive_leak,0.6232558139534884,0.6105263157894737,True,True,2.0,1.0,0.4859221765264157
CP2C9_HUMAN_Amorosi_abundance_2021,31,pool_side,0.6279069767441862,0.6105263157894737,True,True,0.0,0.0,0.4859221765264157
CP2C9_HUMAN_Amorosi_abundance_2021,32,honest,0.8046511627906977,0.863157894736842,True,True,0.0,0.0,0.4859221765264157
CP2C9_HUMAN_Amorosi_abundance_2021,32,adaptive_leak,0.8976744186046512,0.8473684210526315,True,True,1.0,1.0,0.4859221765264157
CP2C9_HUMAN_Amorosi_abundance_2021,32,pool_side,0.8046511627906977,0.863157894736842,True,True,0.0,0.0,0.4859221765264157
CP2C9_HUMAN_Amorosi_abundance_2021,33,honest,0.7534883720930233,0.7789473684210526,True,True,0.0,0.0,0.4859221765264157
CP2C9_HUMAN_Amorosi_abundance_2021,33,adaptive_leak,0.8558139534883721,0.6736842105263158,True,True,1.0,1.0,0.4859221765264157
CP2C9_HUMAN_Amorosi_abundance_2021,33,pool_side,0.7534883720930233,0.7789473684210526,True,True,1.0,1.0,0.4859221765264157
CP2C9_HUMAN_Amorosi_abundance_2021,34,honest,0.8465116279069766,0.8947368421052632,True,True,0.0,0.0,0.4859221765264157
CP2C9_HUMAN_Amorosi_abundance_2021,34,adaptive_leak,0.944186046511628,0.4526315789473685,True,False,2.0,2.0,0.4859221765264157
CP2C9_HUMAN_Amorosi_abundance_2021,34,pool_side,0.8465116279069766,0.8947368421052632,True,True,0.0,0.0,0.4859221765264157
CP2C9_HUMAN_Amorosi_abundance_2021,35,honest,0.8790697674418605,0.7263157894736841,True,True,0.0,0.0,0.4859221765264157
CP2C9_HUMAN_Amorosi_abundance_2021,35,adaptive_leak,0.9023255813953488,0.5473684210526315,True,False,1.0,2.0,0.4859221765264157
CP2C9_HUMAN_Amorosi_abundance_2021,35,pool_side,0.8790697674418605,0.7263157894736841,True,True,0.0,0.0,0.4859221765264157
CP2C9_HUMAN_Amorosi_abundance_2021,36,honest,0.5116279069767442,0.6421052631578947,False,True,0.0,0.0,0.47832964251819043
CP2C9_HUMAN_Amorosi_abundance_2021,36,adaptive_leak,0.9953488372093023,0.44210526315789483,True,False,1.0,1.0,0.47832964251819043
CP2C9_HUMAN_Amorosi_abundance_2021,36,pool_side,0.5116279069767442,0.6421052631578947,False,True,2.0,2.0,0.47832964251819043
CP2C9_HUMAN_Amorosi_abundance_2021,37,honest,0.6465116279069767,0.6947368421052632,True,True,0.0,0.0,0.4859221765264157
CP2C9_HUMAN_Amorosi_abundance_2021,37,adaptive_leak,0.6697674418604651,0.5157894736842106,True,False,2.0,2.0,0.4859221765264157
CP2C9_HUMAN_Amorosi_abundance_2021,37,pool_side,0.6465116279069767,0.6947368421052632,True,True,0.0,0.0,0.4859221765264157
CP2C9_HUMAN_Amorosi_abundance_2021,38,honest,0.627906976744186,0.6210526315789473,True,True,0.0,0.0,0.4859221765264157
CP2C9_HUMAN_Amorosi_abundance_2021,38,adaptive_leak,0.6,0.7052631578947369,True,True,1.0,1.0,0.4859221765264157
CP2C9_HUMAN_Amorosi_abundance_2021,38,pool_side,0.627906976744186,0.6210526315789473,True,True,0.0,2.0,0.4859221765264157
CP2C9_HUMAN_Amorosi_abundance_2021,39,honest,0.8511627906976744,0.7578947368421054,True,True,0.0,0.0,0.4859221765264157
CP2C9_HUMAN_Amorosi_abundance_2021,39,adaptive_leak,0.5348837209302326,0.631578947368421,False,True,0.0,0.0,0.4859221765264157
CP2C9_HUMAN_Amorosi_abundance_2021,39,pool_side,0.8511627906976744,0.7578947368421054,True,True,0.0,0.0,0.4859221765264157
CP2C9_HUMAN_Amorosi_activity_2021,0,honest,0.7162790697674418,0.6947368421052632,True,True,7.0,6.0,0.4804725959960617
CP2C9_HUMAN_Amorosi_activity_2021,0,adaptive_leak,0.6697674418604651,0.368421052631579,True,False,3.0,2.0,0.4804725959960617
CP2C9_HUMAN_Amorosi_activity_2021,0,pool_side,0.7162790697674418,0.6947368421052632,True,True,0.0,0.0,0.4804725959960617
CP2C9_HUMAN_Amorosi_activity_2021,1,honest,0.8465116279069768,0.8421052631578947,True,True,7.0,6.0,0.4804725959960617
CP2C9_HUMAN_Amorosi_activity_2021,1,adaptive_leak,0.9162790697674419,0.8421052631578947,True,True,0.0,0.0,0.4804725959960617
CP2C9_HUMAN_Amorosi_activity_2021,1,pool_side,0.8465116279069768,0.8421052631578947,True,True,1.0,1.0,0.4804725959960617
CP2C9_HUMAN_Amorosi_activity_2021,2,honest,0.772093023255814,0.8631578947368421,True,True,7.0,6.0,0.47259599606170005
CP2C9_HUMAN_Amorosi_activity_2021,2,adaptive_leak,0.7813953488372093,0.44736842105263164,True,False,1.0,1.0,0.47259599606170005
CP2C9_HUMAN_Amorosi_activity_2021,2,pool_side,0.772093023255814,0.8631578947368421,True,True,0.0,0.0,0.47259599606170005
CP2C9_HUMAN_Amorosi_activity_2021,3,honest,0.8697674418604651,0.7157894736842105,True,True,6.0,6.0,0.47259599606170005
CP2C9_HUMAN_Amorosi_activity_2021,3,adaptive_leak,0.9069767441860465,0.6631578947368422,True,True,0.0,0.0,0.47259599606170005
CP2C9_HUMAN_Amorosi_activity_2021,3,pool_side,0.8697674418604651,0.7157894736842105,True,True,0.0,0.0,0.47259599606170005
CP2C9_HUMAN_Amorosi_activity_2021,4,honest,0.7255813953488373,0.7894736842105263,True,True,7.0,6.0,0.4804725959960617
CP2C9_HUMAN_Amorosi_activity_2021,4,adaptive_leak,0.6465116279069767,0.6526315789473685,True,True,0.0,0.0,0.4804725959960617
CP2C9_HUMAN_Amorosi_activity_2021,4,pool_side,0.7255813953488373,0.7894736842105263,True,True,0.0,0.0,0.4804725959960617
CP2C9_HUMAN_Amorosi_activity_2021,5,honest,0.9441860465116279,0.8105263157894737,True,True,7.0,6.0,0.47259599606170005
CP2C9_HUMAN_Amorosi_activity_2021,5,adaptive_leak,0.9069767441860465,0.8210526315789475,True,True,0.0,0.0,0.47259599606170005
CP2C9_HUMAN_Amorosi_activity_2021,5,pool_side,0.9441860465116279,0.8105263157894737,True,True,1.0,2.0,0.47259599606170005
CP2C9_HUMAN_Amorosi_activity_2021,6,honest,0.786046511627907,0.8526315789473684,True,True,7.0,6.0,0.47259599606170005
CP2C9_HUMAN_Amorosi_activity_2021,6,adaptive_leak,0.7348837209302326,0.6315789473684211,True,True,0.0,0.0,0.47259599606170005
CP2C9_HUMAN_Amorosi_activity_2021,6,pool_side,0.786046511627907,0.8526315789473684,True,True,0.0,0.0,0.47259599606170005
CP2C9_HUMAN_Amorosi_activity_2021,7,honest,0.6697674418604651,0.7578947368421053,True,True,7.0,6.0,0.4804725959960617
CP2C9_HUMAN_Amorosi_activity_2021,7,adaptive_leak,0.8790697674418604,0.35789473684210527,True,False,0.0,0.0,0.4804725959960617
CP2C9_HUMAN_Amorosi_activity_2021,7,pool_side,0.6697674418604651,0.7578947368421053,True,True,0.0,0.0,0.4804725959960617
CP2C9_HUMAN_Amorosi_activity_2021,8,honest,0.6744186046511628,0.8105263157894737,True,True,7.0,6.0,0.47259599606170005
CP2C9_HUMAN_Amorosi_activity_2021,8,adaptive_leak,0.8325581395348838,0.49473684210526314,True,False,1.0,0.0,0.47259599606170005
CP2C9_HUMAN_Amorosi_activity_2021,8,pool_side,0.6744186046511628,0.8105263157894737,True,True,0.0,0.0,0.47259599606170005
CP2C9_HUMAN_Amorosi_activity_2021,9,honest,0.9162790697674419,0.7684210526315789,True,True,7.0,6.0,0.47259599606170005
CP2C9_HUMAN_Amorosi_activity_2021,9,adaptive_leak,0.9488372093023256,0.8105263157894738,True,True,2.0,2.0,0.47259599606170005
CP2C9_HUMAN_Amorosi_activity_2021,9,pool_side,0.9162790697674419,0.7684210526315789,True,True,1.0,1.0,0.47259599606170005
CP2C9_HUMAN_Amorosi_activity_2021,10,honest,0.8372093023255813,0.8210526315789474,True,True,7.0,6.0,0.47259599606170005
CP2C9_HUMAN_Amorosi_activity_2021,10,adaptive_leak,0.6930232558139535,0.5052631578947369,True,False,1.0,1.0,0.47259599606170005
CP2C9_HUMAN_Amorosi_activity_2021,10,pool_side,0.8372093023255813,0.8210526315789474,True,True,1.0,1.0,0.47259599606170005
CP2C9_HUMAN_Amorosi_activity_2021,11,honest,0.6465116279069767,0.5578947368421053,True,True,7.0,6.0,0.4804725959960617
CP2C9_HUMAN_Amorosi_activity_2021,11,adaptive_leak,0.8232558139534885,0.7315789473684211,True,True,0.0,1.0,0.4804725959960617
CP2C9_HUMAN_Amorosi_activity_2021,11,pool_side,0.6465116279069767,0.5578947368421053,True,True,1.0,0.0,0.4804725959960617
CP2C9_HUMAN_Amorosi_activity_2021,12,honest,0.7627906976744186,0.9368421052631579,True,True,7.0,6.0,0.4804725959960617
CP2C9_HUMAN_Amorosi_activity_2021,12,adaptive_leak,0.5325581395348837,0.5631578947368422,False,True,1.0,0.0,0.4804725959960617
CP2C9_HUMAN_Amorosi_activity_2021,12,pool_side,0.7627906976744186,0.9368421052631579,True,True,0.0,1.0,0.4804725959960617
CP2C9_HUMAN_Amorosi_activity_2021,13,honest,0.6930232558139536,0.6315789473684211,True,True,7.0,6.0,0.4804725959960617
CP2C9_HUMAN_Amorosi_activity_2021,13,adaptive_leak,0.9162790697674419,0.8736842105263158,True,True,0.0,0.0,0.4804725959960617
CP2C9_HUMAN_Amorosi_activity_2021,13,pool_side,0.6930232558139536,0.6315789473684211,True,True,1.0,1.0,0.4804725959960617
CP2C9_HUMAN_Amorosi_activity_2021,14,honest,0.8604651162790697,0.7578947368421053,True,True,7.0,6.0,0.4804725959960617
CP2C9_HUMAN_Amorosi_activity_2021,14,adaptive_leak,0.7674418604651164,0.4105263157894737,True,False,1.0,1.0,0.4804725959960617
CP2C9_HUMAN_Amorosi_activity_2021,14,pool_side,0.8604651162790697,0.7578947368421053,True,True,0.0,0.0,0.4804725959960617
CP2C9_HUMAN_Amorosi_activity_2021,15,honest,0.8744186046511628,0.5473684210526316,True,False,7.0,6.0,0.4804725959960617
CP2C9_HUMAN_Amorosi_activity_2021,15,adaptive_leak,0.8093023255813954,0.5473684210526316,True,False,1.0,2.0,0.4804725959960617
CP2C9_HUMAN_Amorosi_activity_2021,15,pool_side,0.8744186046511628,0.5473684210526316,True,False,0.0,0.0,0.4804725959960617
CP2C9_HUMAN_Amorosi_activity_2021,16,honest,0.8837209302325582,0.8736842105263158,True,True,7.0,6.0,0.4804725959960617
CP2C9_HUMAN_Amorosi_activity_2021,16,adaptive_leak,0.7953488372093023,0.7473684210526316,True,True,1.0,1.0,0.4804725959960617
CP2C9_HUMAN_Amorosi_activity_2021,16,pool_side,0.8837209302325582,0.8736842105263158,True,True,1.0,1.0,0.4804725959960617
CP2C9_HUMAN_Amorosi_activity_2021,17,honest,0.6046511627906977,0.8105263157894738,True,True,7.0,6.0,0.4804725959960617
CP2C9_HUMAN_Amorosi_activity_2021,17,adaptive_leak,0.7488372093023256,0.736842105263158,True,True,1.0,0.0,0.4804725959960617
CP2C9_HUMAN_Amorosi_activity_2021,17,pool_side,0.6046511627906977,0.8105263157894738,True,True,1.0,1.0,0.4804725959960617
CP2C9_HUMAN_Amorosi_activity_2021,18,honest,0.8744186046511628,0.7473684210526317,True,True,7.0,6.0,0.4804725959960617
CP2C9_HUMAN_Amorosi_activity_2021,18,adaptive_leak,0.7813953488372093,0.5789473684210527,True,True,2.0,2.0,0.4804725959960617
CP2C9_HUMAN_Amorosi_activity_2021,18,pool_side,0.8744186046511628,0.7473684210526317,True,True,0.0,0.0,0.4804725959960617
CP2C9_HUMAN_Amorosi_activity_2021,19,honest,0.813953488372093,0.9473684210526315,True,True,7.0,7.0,0.4804725959960617
CP2C9_HUMAN_Amorosi_activity_2021,19,adaptive_leak,0.7093023255813955,0.37368421052631584,True,False,1.0,0.0,0.4804725959960617
CP2C9_HUMAN_Amorosi_activity_2021,19,pool_side,0.813953488372093,0.9473684210526315,True,True,3.0,2.0,0.4804725959960617
CP2C9_HUMAN_Amorosi_activity_2021,20,honest,0.6372093023255814,0.9157894736842106,True,True,7.0,6.0,0.4804725959960617
CP2C9_HUMAN_Amorosi_activity_2021,20,adaptive_leak,0.8418604651162791,0.6526315789473685,True,True,0.0,0.0,0.4804725959960617
CP2C9_HUMAN_Amorosi_activity_2021,20,pool_side,0.6372093023255814,0.9157894736842106,True,True,2.0,2.0,0.4804725959960617
CP2C9_HUMAN_Amorosi_activity_2021,21,honest,0.6744186046511629,0.7263157894736842,True,True,7.0,6.0,0.4804725959960617
CP2C9_HUMAN_Amorosi_activity_2021,21,adaptive_leak,0.6511627906976745,0.45263157894736844,True,False,0.0,0.0,0.4804725959960617
CP2C9_HUMAN_Amorosi_activity_2021,21,pool_side,0.6744186046511629,0.7263157894736842,True,True,0.0,0.0,0.4804725959960617
CP2C9_HUMAN_Amorosi_activity_2021,22,honest,0.8790697674418604,0.49473684210526314,True,False,7.0,6.0,0.4804725959960617
CP2C9_HUMAN_Amorosi_activity_2021,22,adaptive_leak,0.8465116279069768,0.4947368421052632,True,False,1.0,0.0,0.4804725959960617
CP2C9_HUMAN_Amorosi_activity_2021,22,pool_side,0.8790697674418604,0.49473684210526314,True,False,0.0,0.0,0.4804725959960617
CP2C9_HUMAN_Amorosi_activity_2021,23,honest,0.6883720930232557,0.7157894736842105,True,True,7.0,6.0,0.46471939612733837
CP2C9_HUMAN_Amorosi_activity_2021,23,adaptive_leak,0.9069767441860465,0.6526315789473685,True,True,1.0,2.0,0.46471939612733837
CP2C9_HUMAN_Amorosi_activity_2021,23,pool_side,0.6883720930232557,0.7157894736842105,True,True,1.0,1.0,0.46471939612733837
CP2C9_HUMAN_Amorosi_activity_2021,24,honest,0.7302325581395349,0.7894736842105263,True,True,7.0,6.0,0.4804725959960617
CP2C9_HUMAN_Amorosi_activity_2021,24,adaptive_leak,0.7348837209302327,0.5789473684210528,True,True,1.0,1.0,0.4804725959960617
CP2C9_HUMAN_Amorosi_activity_2021,24,pool_side,0.7302325581395349,0.7894736842105263,True,True,0.0,0.0,0.4804725959960617
CP2C9_HUMAN_Amorosi_activity_2021,25,honest,0.7162790697674418,0.8,True,True,7.0,6.0,0.46471939612733837
CP2C9_HUMAN_Amorosi_activity_2021,25,adaptive_leak,0.6581395348837209,0.5578947368421052,True,True,0.0,0.0,0.46471939612733837
CP2C9_HUMAN_Amorosi_activity_2021,25,pool_side,0.7162790697674418,0.8,True,True,0.0,0.0,0.46471939612733837
CP2C9_HUMAN_Amorosi_activity_2021,26,honest,0.8186046511627907,0.8105263157894737,True,True,7.0,6.0,0.4804725959960617
CP2C9_HUMAN_Amorosi_activity_2021,26,adaptive_leak,0.8465116279069768,0.4105263157894737,True,False,0.0,1.0,0.4804725959960617
CP2C9_HUMAN_Amorosi_activity_2021,26,pool_side,0.8186046511627907,0.8105263157894737,True,True,0.0,0.0,0.4804725959960617
CP2C9_HUMAN_Amorosi_activity_2021,27,honest,0.8046511627906978,0.7999999999999999,True,True,7.0,6.0,0.4804725959960617
CP2C9_HUMAN_Amorosi_activity_2021,27,adaptive_leak,0.7534883720930232,0.7999999999999999,True,True,1.0,1.0,0.4804725959960617
CP2C9_HUMAN_Amorosi_activity_2021,27,pool_side,0.8046511627906978,0.7999999999999999,True,True,0.0,0.0,0.4804725959960617
CP2C9_HUMAN_Amorosi_activity_2021,28,honest,0.9627906976744186,0.9052631578947369,True,True,7.0,6.0,0.4804725959960617
CP2C9_HUMAN_Amorosi_activity_2021,28,adaptive_leak,0.613953488372093,0.5157894736842105,True,False,0.0,1.0,0.4804725959960617
CP2C9_HUMAN_Amorosi_activity_2021,28,pool_side,0.9627906976744186,0.9052631578947369,True,True,0.0,0.0,0.4804725959960617
CP2C9_HUMAN_Amorosi_activity_2021,29,honest,0.8,0.8315789473684211,True,True,7.0,6.0,0.47259599606170005
CP2C9_HUMAN_Amorosi_activity_2021,29,adaptive_leak,0.7534883720930232,0.8,True,True,1.0,1.0,0.47259599606170005
CP2C9_HUMAN_Amorosi_activity_2021,29,pool_side,0.8,0.8315789473684211,True,True,0.0,0.0,0.47259599606170005
CP2C9_HUMAN_Amorosi_activity_2021,30,honest,0.8790697674418605,0.8736842105263158,True,True,7.0,6.0,0.4804725959960617
CP2C9_HUMAN_Amorosi_activity_2021,30,adaptive_leak,0.9488372093023256,0.736842105263158,True,True,1.0,1.0,0.4804725959960617
CP2C9_HUMAN_Amorosi_activity_2021,30,pool_side,0.8790697674418605,0.8736842105263158,True,True,0.0,0.0,0.4804725959960617
CP2C9_HUMAN_Amorosi_activity_2021,31,honest,0.9534883720930232,0.9578947368421052,True,True,7.0,7.0,0.4804725959960617
CP2C9_HUMAN_Amorosi_activity_2021,31,adaptive_leak,0.6790697674418604,0.4947368421052632,True,False,1.0,0.0,0.4804725959960617
CP2C9_HUMAN_Amorosi_activity_2021,31,pool_side,0.9534883720930232,0.9578947368421052,True,True,0.0,2.0,0.4804725959960617
CP2C9_HUMAN_Amorosi_activity_2021,32,honest,0.586046511627907,0.3894736842105263,True,False,7.0,6.0,0.4804725959960617
CP2C9_HUMAN_Amorosi_activity_2021,32,adaptive_leak,0.8976744186046511,0.5157894736842106,True,False,1.0,1.0,0.4804725959960617
CP2C9_HUMAN_Amorosi_activity_2021,32,pool_side,0.586046511627907,0.3894736842105263,True,False,0.0,0.0,0.4804725959960617
CP2C9_HUMAN_Amorosi_activity_2021,33,honest,0.9906976744186047,0.8736842105263158,True,True,7.0,6.0,0.4804725959960617
CP2C9_HUMAN_Amorosi_activity_2021,33,adaptive_leak,0.8976744186046511,0.6210526315789473,True,True,1.0,1.0,0.4804725959960617
CP2C9_HUMAN_Amorosi_activity_2021,33,pool_side,0.9906976744186047,0.8736842105263158,True,True,2.0,3.0,0.4804725959960617
CP2C9_HUMAN_Amorosi_activity_2021,34,honest,0.8837209302325582,0.9157894736842105,True,True,7.0,6.0,0.4804725959960617
CP2C9_HUMAN_Amorosi_activity_2021,34,adaptive_leak,0.9674418604651163,0.8105263157894738,True,True,3.0,2.0,0.4804725959960617
CP2C9_HUMAN_Amorosi_activity_2021,34,pool_side,0.8837209302325582,0.9157894736842105,True,True,0.0,0.0,0.4804725959960617
CP2C9_HUMAN_Amorosi_activity_2021,35,honest,0.8511627906976744,0.8,True,True,7.0,6.0,0.4804725959960617
CP2C9_HUMAN_Amorosi_activity_2021,35,adaptive_leak,0.6883720930232559,0.4736842105263158,True,False,1.0,1.0,0.4804725959960617
CP2C9_HUMAN_Amorosi_activity_2021,35,pool_side,0.8511627906976744,0.8,True,True,0.0,0.0,0.4804725959960617
CP2C9_HUMAN_Amorosi_activity_2021,36,honest,0.9534883720930233,0.9157894736842106,True,True,7.0,6.0,0.4804725959960617
CP2C9_HUMAN_Amorosi_activity_2021,36,adaptive_leak,0.7953488372093023,0.2736842105263158,True,False,1.0,1.0,0.4804725959960617
CP2C9_HUMAN_Amorosi_activity_2021,36,pool_side,0.9534883720930233,0.9157894736842106,True,True,1.0,1.0,0.4804725959960617
CP2C9_HUMAN_Amorosi_activity_2021,37,honest,0.5488372093023256,0.47368421052631576,False,False,7.0,6.0,0.4804725959960617
CP2C9_HUMAN_Amorosi_activity_2021,37,adaptive_leak,0.7069767441860465,0.5157894736842106,True,False,0.0,0.0,0.4804725959960617
CP2C9_HUMAN_Amorosi_activity_2021,37,pool_side,0.5488372093023256,0.47368421052631576,False,False,0.0,0.0,0.4804725959960617
CP2C9_HUMAN_Amorosi_activity_2021,38,honest,0.8046511627906977,0.9473684210526315,True,True,7.0,6.0,0.4804725959960617
CP2C9_HUMAN_Amorosi_activity_2021,38,adaptive_leak,0.6906976744186046,0.5421052631578949,True,False,0.0,0.0,0.4804725959960617
CP2C9_HUMAN_Amorosi_activity_2021,38,pool_side,0.8046511627906977,0.9473684210526315,True,True,1.0,2.0,0.4804725959960617
CP2C9_HUMAN_Amorosi_activity_2021,39,honest,0.8093023255813954,0.8736842105263157,True,True,7.0,7.0,0.47259599606170005
CP2C9_HUMAN_Amorosi_activity_2021,39,adaptive_leak,0.8186046511627907,0.631578947368421,True,True,2.0,2.0,0.47259599606170005
CP2C9_HUMAN_Amorosi_activity_2021,39,pool_side,0.8093023255813954,0.8736842105263157,True,True,0.0,0.0,0.47259599606170005
