assay,n_obs,seed,own,supplied
A4GRB6_PSEAI_Chen_2020,24,0,0.5180722891566265,4.518072289156627
A4GRB6_PSEAI_Chen_2020,24,1,0.527710843373494,4.527710843373494
A4GRB6_PSEAI_Chen_2020,24,2,0.5180722891566265,4.518072289156627
A4GRB6_PSEAI_Chen_2020,24,3,-0.4819277108433735,4.518072289156627
A4GRB6_PSEAI_Chen_2020,24,4,0.5180722891566265,4.518072289156627
A4GRB6_PSEAI_Chen_2020,24,5,-0.472289156626506,4.527710843373494
A4GRB6_PSEAI_Chen_2020,24,6,-0.472289156626506,4.527710843373494
A4GRB6_PSEAI_Chen_2020,24,7,0.5180722891566265,4.518072289156627
A4GRB6_PSEAI_Chen_2020,24,8,-0.4819277108433735,4.518072289156627
A4GRB6_PSEAI_Chen_2020,24,9,-0.4819277108433735,4.518072289156627
A4GRB6_PSEAI_Chen_2020,24,10,0.5180722891566265,4.518072289156627
A4GRB6_PSEAI_Chen_2020,24,11,2.527710843373494,4.527710843373494
A4GRB6_PSEAI_Chen_2020,24,12,0.5180722891566265,4.518072289156627
A4GRB6_PSEAI_Chen_2020,24,13,1.5180722891566265,4.518072289156627
A4GRB6_PSEAI_Chen_2020,24,14,0.5180722891566265,4.518072289156627
A4GRB6_PSEAI_Chen_2020,24,15,-0.472289156626506,3.527710843373494
A4GRB6_PSEAI_Chen_2020,24,16,-0.4819277108433735,4.518072289156627
A4GRB6_PSEAI_Chen_2020,24,17,0.5180722891566265,4.518072289156627
A4GRB6_PSEAI_Chen_2020,24,18,-0.4819277108433735,4.518072289156627
A4GRB6_PSEAI_Chen_2020,24,19,-0.4819277108433735,4.518072289156627
A4GRB6_PSEAI_Chen_2020,24,20,-0.472289156626506,4.527710843373494
A4GRB6_PSEAI_Chen_2020,24,21,-0.4819277108433735,4.518072289156627
A4GRB6_PSEAI_Chen_2020,24,22,-0.4819277108433735,4.518072289156627
A4GRB6_PSEAI_Chen_2020,24,23,0.5180722891566265,4.518072289156627
A4GRB6_PSEAI_Chen_2020,24,24,-0.4819277108433735,4.518072289156627
A4GRB6_PSEAI_Chen_2020,24,25,-0.472289156626506,3.527710843373494
A4GRB6_PSEAI_Chen_2020,24,26,-0.4819277108433735,4.518072289156627
A4GRB6_PSEAI_Chen_2020,24,27,2.5180722891566267,4.518072289156627
A4GRB6_PSEAI_Chen_2020,24,28,0.5180722891566265,4.518072289156627
A4GRB6_PSEAI_Chen_2020,24,29,0.5180722891566265,4.518072289156627
A4GRB6_PSEAI_Chen_2020,24,30,-0.4819277108433735,4.518072289156627
A4GRB6_PSEAI_Chen_2020,24,31,2.527710843373494,4.527710843373494
A4GRB6_PSEAI_Chen_2020,24,32,-0.4819277108433735,4.518072289156627
A4GRB6_PSEAI_Chen_2020,24,33,-0.4819277108433735,4.518072289156627
A4GRB6_PSEAI_Chen_2020,24,34,-0.4819277108433735,4.518072289156627
A4GRB6_PSEAI_Chen_2020,24,35,-0.4819277108433735,4.518072289156627
A4GRB6_PSEAI_Chen_2020,24,36,0.527710843373494,4.527710843373494
A4GRB6_PSEAI_Chen_2020,24,37,-0.4819277108433735,4.518072289156627
A4GRB6_PSEAI_Chen_2020,24,38,1.527710843373494,4.527710843373494
A4GRB6_PSEAI_Chen_2020,24,39,-0.4819277108433735,4.518072289156627
A4GRB6_PSEAI_Chen_2020,48,0,1.5157384987893463,4.5157384987893465
A4GRB6_PSEAI_Chen_2020,48,1,-0.4745762711864407,4.52542372881356
A4GRB6_PSEAI_Chen_2020,48,2,-0.48426150121065376,4.5157384987893465
A4GRB6_PSEAI_Chen_2020,48,3,1.5157384987893463,4.5157384987893465
A4GRB6_PSEAI_Chen_2020,48,4,0.5157384987893463,4.5157384987893465
A4GRB6_PSEAI_Chen_2020,48,5,0.5157384987893463,4.5157384987893465
A4GRB6_PSEAI_Chen_2020,48,6,5.52542372881356,4.52542372881356
A4GRB6_PSEAI_Chen_2020,48,7,4.52542372881356,4.52542372881356
A4GRB6_PSEAI_Chen_2020,48,8,-0.48426150121065376,4.5157384987893465
A4GRB6_PSEAI_Chen_2020,48,9,2.515738498789346,4.5157384987893465
A4GRB6_PSEAI_Chen_2020,48,10,5.52542372881356,4.52542372881356
A4GRB6_PSEAI_Chen_2020,48,11,1.5254237288135593,4.52542372881356
A4GRB6_PSEAI_Chen_2020,48,12,2.5254237288135593,4.52542372881356
A4GRB6_PSEAI_Chen_2020,48,13,0.5157384987893463,4.5157384987893465
A4GRB6_PSEAI_Chen_2020,48,14,-0.48426150121065376,4.5157384987893465
A4GRB6_PSEAI_Chen_2020,48,15,0.5157384987893463,4.5157384987893465
A4GRB6_PSEAI_Chen_2020,48,16,0.5157384987893463,4.5157384987893465
A4GRB6_PSEAI_Chen_2020,48,17,-0.48426150121065376,4.5157384987893465
A4GRB6_PSEAI_Chen_2020,48,18,0.5157384987893463,4.5157384987893465
A4GRB6_PSEAI_Chen_2020,48,19,-0.4745762711864407,4.52542372881356
A4GRB6_PSEAI_Chen_2020,48,20,-0.4745762711864407,4.52542372881356
A4GRB6_PSEAI_Chen_2020,48,21,-0.4745762711864407,4.52542372881356
A4GRB6_PSEAI_Chen_2020,48,22,-0.4745762711864407,3.5254237288135593
A4GRB6_PSEAI_Chen_2020,48,23,0.5157384987893463,4.5157384987893465
A4GRB6_PSEAI_Chen_2020,48,24,0.5254237288135593,4.52542372881356
A4GRB6_PSEAI_Chen_2020,48,25,-0.48426150121065376,4.5157384987893465
A4GRB6_PSEAI_Chen_2020,48,26,0.5157384987893463,4.5157384987893465
A4GRB6_PSEAI_Chen_2020,48,27,-0.48426150121065376,4.5157384987893465
A4GRB6_PSEAI_Chen_2020,48,28,-0.48426150121065376,4.5157384987893465
A4GRB6_PSEAI_Chen_2020,48,29,0.5157384987893463,4.5157384987893465
A4GRB6_PSEAI_Chen_2020,48,30,1.5157384987893463,4.5157384987893465
A4GRB6_PSEAI_Chen_2020,48,31,0.5157384987893463,4.5157384987893465
A4GRB6_PSEAI_Chen_2020,48,32,1.5157384987893463,4.5157384987893465
A4GRB6_PSEAI_Chen_2020,48,33,1.5254237288135593,4.52542372881356
A4GRB6_PSEAI_Chen_2020,48,34,1.5254237288135593,4.52542372881356
A4GRB6_PSEAI_Chen_2020,48,35,-0.48426150121065376,4.5157384987893465
A4GRB6_PSEAI_Chen_2020,48,36,0.5157384987893463,4.5157384987893465
A4GRB6_PSEAI_Chen_2020,48,37,-0.48426150121065376,4.5157384987893465
A4GRB6_PSEAI_Chen_2020,48,38,0.5254237288135593,4.52542372881356
A4GRB6_PSEAI_Chen_2020,48,39,-0.48426150121065376,4.5157384987893465
A4GRB6_PSEAI_Chen_2020,96,0,-0.4792176039119804,4.52078239608802
A4GRB6_PSEAI_Chen_2020,96,1,0.5305623471882641,4.530562347188264
A4GRB6_PSEAI_Chen_2020,96,2,0.5305623471882641,4.530562347188264
A4GRB6_PSEAI_Chen_2020,96,3,3.5403422982885084,4.540342298288508
A4GRB6_PSEAI_Chen_2020,96,4,3.52078239608802,4.52078239608802
A4GRB6_PSEAI_Chen_2020,96,5,-0.4889975550122249,4.511002444987775
A4GRB6_PSEAI_Chen_2020,96,6,11.550122249388753,4.550122249388753
A4GRB6_PSEAI_Chen_2020,96,7,-0.4792176039119804,4.52078239608802
A4GRB6_PSEAI_Chen_2020,96,8,-0.4889975550122249,4.511002444987775
A4GRB6_PSEAI_Chen_2020,96,9,-0.4792176039119804,4.52078239608802
A4GRB6_PSEAI_Chen_2020,96,10,0.5305623471882641,4.530562347188264
A4GRB6_PSEAI_Chen_2020,96,11,1.511002444987775,4.511002444987775
A4GRB6_PSEAI_Chen_2020,96,12,4.540342298288508,4.540342298288508
A4GRB6_PSEAI_Chen_2020,96,13,1.5305623471882641,4.530562347188264
A4GRB6_PSEAI_Chen_2020,96,14,10.530562347188264,4.530562347188264
A4GRB6_PSEAI_Chen_2020,96,15,4.52078239608802,3.52078239608802
A4GRB6_PSEAI_Chen_2020,96,16,-0.4792176039119804,4.52078239608802
A4GRB6_PSEAI_Chen_2020,96,17,-0.4889975550122249,4.511002444987775
A4GRB6_PSEAI_Chen_2020,96,18,-0.4792176039119804,4.52078239608802
A4GRB6_PSEAI_Chen_2020,96,19,8.52078239608802,4.52078239608802
A4GRB6_PSEAI_Chen_2020,96,20,0.5207823960880196,3.52078239608802
A4GRB6_PSEAI_Chen_2020,96,21,0.511002444987775,4.511002444987775
A4GRB6_PSEAI_Chen_2020,96,22,6.530562347188264,4.530562347188264
A4GRB6_PSEAI_Chen_2020,96,23,1.511002444987775,4.511002444987775
A4GRB6_PSEAI_Chen_2020,96,24,2.530562347188264,4.530562347188264
A4GRB6_PSEAI_Chen_2020,96,25,1.511002444987775,4.511002444987775
A4GRB6_PSEAI_Chen_2020,96,26,0.511002444987775,4.511002444987775
A4GRB6_PSEAI_Chen_2020,96,27,1.5207823960880196,4.52078239608802
A4GRB6_PSEAI_Chen_2020,96,28,-0.4792176039119804,4.52078239608802
A4GRB6_PSEAI_Chen_2020,96,29,5.530562347188264,4.530562347188264
A4GRB6_PSEAI_Chen_2020,96,30,0.5207823960880196,4.52078239608802
A4GRB6_PSEAI_Chen_2020,96,31,1.5207823960880196,3.52078239608802
A4GRB6_PSEAI_Chen_2020,96,32,-0.4889975550122249,4.511002444987775
A4GRB6_PSEAI_Chen_2020,96,33,0.5207823960880196,4.52078239608802
A4GRB6_PSEAI_Chen_2020,96,34,-0.4792176039119804,4.52078239608802
A4GRB6_PSEAI_Chen_2020,96,35,-0.4792176039119804,4.52078239608802
A4GRB6_PSEAI_Chen_2020,96,36,1.5305623471882641,4.530562347188264
A4GRB6_PSEAI_Chen_2020,96,37,0.511002444987775,4.511002444987775
A4GRB6_PSEAI_Chen_2020,96,38,12.530562347188264,4.530562347188264
A4GRB6_PSEAI_Chen_2020,96,39,8.530562347188264,4.530562347188264
A4GRB6_PSEAI_Chen_2020,192,0,-0.49875311720698257,4.501246882793017
A4GRB6_PSEAI_Chen_2020,192,1,1.5211970074812968,4.521197007481296
A4GRB6_PSEAI_Chen_2020,192,2,-0.49875311720698257,4.501246882793017
A4GRB6_PSEAI_Chen_2020,192,3,1.5012468827930174,4.501246882793017
A4GRB6_PSEAI_Chen_2020,192,4,-0.49875311720698257,4.501246882793017
A4GRB6_PSEAI_Chen_2020,192,5,0.5112219451371571,4.511221945137157
A4GRB6_PSEAI_Chen_2020,192,6,-0.49875311720698257,4.501246882793017
A4GRB6_PSEAI_Chen_2020,192,7,-0.47880299251870323,4.521197007481296
A4GRB6_PSEAI_Chen_2020,192,8,3.521197007481297,4.521197007481296
A4GRB6_PSEAI_Chen_2020,192,9,1.5311720698254363,4.531172069825437
A4GRB6_PSEAI_Chen_2020,192,10,4.521197007481296,3.521197007481297
A4GRB6_PSEAI_Chen_2020,192,11,1.5311720698254363,3.5311720698254363
A4GRB6_PSEAI_Chen_2020,192,12,-0.4688279301745636,4.531172069825437
A4GRB6_PSEAI_Chen_2020,192,13,5.521197007481296,4.521197007481296
A4GRB6_PSEAI_Chen_2020,192,14,7.561097256857855,3.561097256857855
A4GRB6_PSEAI_Chen_2020,192,15,2.511221945137157,4.511221945137157
A4GRB6_PSEAI_Chen_2020,192,16,-0.48877805486284287,4.511221945137157
A4GRB6_PSEAI_Chen_2020,192,17,-0.47880299251870323,4.521197007481296
A4GRB6_PSEAI_Chen_2020,192,18,5.531172069825437,4.531172069825437
A4GRB6_PSEAI_Chen_2020,192,19,3.521197007481297,3.521197007481297
A4GRB6_PSEAI_Chen_2020,192,20,4.521197007481296,4.521197007481296
A4GRB6_PSEAI_Chen_2020,192,21,-0.48877805486284287,4.511221945137157
A4GRB6_PSEAI_Chen_2020,192,22,4.531172069825437,4.531172069825437
A4GRB6_PSEAI_Chen_2020,192,23,5.541147132169576,3.541147132169576
A4GRB6_PSEAI_Chen_2020,192,24,0.5112219451371571,4.511221945137157
A4GRB6_PSEAI_Chen_2020,192,25,0.5211970074812968,4.521197007481296
A4GRB6_PSEAI_Chen_2020,192,26,0.5211970074812968,4.521197007481296
A4GRB6_PSEAI_Chen_2020,192,27,2.511221945137157,4.511221945137157
A4GRB6_PSEAI_Chen_2020,192,28,-0.48877805486284287,4.511221945137157
A4GRB6_PSEAI_Chen_2020,192,29,5.521197007481296,4.521197007481296
A4GRB6_PSEAI_Chen_2020,192,30,3.511221945137157,4.511221945137157
A4GRB6_PSEAI_Chen_2020,192,31,7.521197007481296,4.521197007481296
A4GRB6_PSEAI_Chen_2020,192,32,-0.48877805486284287,4.511221945137157
A4GRB6_PSEAI_Chen_2020,192,33,-0.49875311720698257,4.501246882793017
A4GRB6_PSEAI_Chen_2020,192,34,0.5211970074812968,3.521197007481297
A4GRB6_PSEAI_Chen_2020,192,35,3.511221945137157,3.511221945137157
A4GRB6_PSEAI_Chen_2020,192,36,4.541147132169576,3.541147132169576
A4GRB6_PSEAI_Chen_2020,192,37,-0.47880299251870323,4.521197007481296
A4GRB6_PSEAI_Chen_2020,192,38,-0.49875311720698257,4.501246882793017
A4GRB6_PSEAI_Chen_2020,192,39,7.541147132169576,3.541147132169576
A4GRB6_PSEAI_Chen_2020,384,0,0.5012987012987014,4.501298701298701
A4GRB6_PSEAI_Chen_2020,384,1,3.522077922077922,4.522077922077922
A4GRB6_PSEAI_Chen_2020,384,2,9.522077922077923,3.522077922077922
A4GRB6_PSEAI_Chen_2020,384,3,4.511688311688312,3.5116883116883115
A4GRB6_PSEAI_Chen_2020,384,4,1.4805194805194806,4.48051948051948
A4GRB6_PSEAI_Chen_2020,384,5,9.542857142857143,3.5428571428571427
A4GRB6_PSEAI_Chen_2020,384,6,2.522077922077922,3.522077922077922
A4GRB6_PSEAI_Chen_2020,384,7,2.5428571428571427,4.542857142857143
A4GRB6_PSEAI_Chen_2020,384,8,6.542857142857143,4.542857142857143
A4GRB6_PSEAI_Chen_2020,384,9,0.48051948051948057,4.48051948051948
A4GRB6_PSEAI_Chen_2020,384,10,8.532467532467532,3.5324675324675323
A4GRB6_PSEAI_Chen_2020,384,11,8.522077922077923,4.522077922077922
A4GRB6_PSEAI_Chen_2020,384,12,12.522077922077923,4.522077922077922
A4GRB6_PSEAI_Chen_2020,384,13,0.5116883116883117,4.511688311688312
A4GRB6_PSEAI_Chen_2020,384,14,6.542857142857143,3.5428571428571427
A4GRB6_PSEAI_Chen_2020,384,15,6.522077922077922,3.522077922077922
A4GRB6_PSEAI_Chen_2020,384,16,3.553246753246753,3.553246753246753
A4GRB6_PSEAI_Chen_2020,384,17,1.5324675324675325,3.5324675324675323
A4GRB6_PSEAI_Chen_2020,384,18,10.522077922077923,3.522077922077922
A4GRB6_PSEAI_Chen_2020,384,19,-0.4987012987012987,4.501298701298701
A4GRB6_PSEAI_Chen_2020,384,20,8.563636363636364,4.5636363636363635
A4GRB6_PSEAI_Chen_2020,384,21,8.542857142857143,3.5428571428571427
A4GRB6_PSEAI_Chen_2020,384,22,3.5116883116883115,4.511688311688312
A4GRB6_PSEAI_Chen_2020,384,23,11.501298701298701,4.501298701298701
A4GRB6_PSEAI_Chen_2020,384,24,6.5532467532467535,3.553246753246753
A4GRB6_PSEAI_Chen_2020,384,25,2.522077922077922,4.522077922077922
A4GRB6_PSEAI_Chen_2020,384,26,9.49090909090909,4.490909090909091
A4GRB6_PSEAI_Chen_2020,384,27,11.522077922077923,3.522077922077922
A4GRB6_PSEAI_Chen_2020,384,28,9.532467532467532,3.5324675324675323
A4GRB6_PSEAI_Chen_2020,384,29,-0.4779220779220779,3.522077922077922
A4GRB6_PSEAI_Chen_2020,384,30,5.542857142857143,2.5428571428571427
A4GRB6_PSEAI_Chen_2020,384,31,1.5116883116883117,4.511688311688312
A4GRB6_PSEAI_Chen_2020,384,32,13.542857142857143,2.5428571428571427
A4GRB6_PSEAI_Chen_2020,384,33,-0.4675324675324675,4.532467532467533
A4GRB6_PSEAI_Chen_2020,384,34,8.511688311688312,4.511688311688312
A4GRB6_PSEAI_Chen_2020,384,35,4.522077922077922,3.522077922077922
A4GRB6_PSEAI_Chen_2020,384,36,-0.509090909090909,4.490909090909091
A4GRB6_PSEAI_Chen_2020,384,37,13.553246753246754,4.5532467532467535
A4GRB6_PSEAI_Chen_2020,384,38,4.532467532467533,3.5324675324675323
A4GRB6_PSEAI_Chen_2020,384,39,4.490909090909091,4.490909090909091
AACC1_PSEAI_Dandage_2018,24,0,0.5137872819358469,0.5137872819358469
AACC1_PSEAI_Dandage_2018,24,1,0.5407990996060776,0.5407990996060776
AACC1_PSEAI_Dandage_2018,24,2,0.5137872819358469,0.5137872819358469
AACC1_PSEAI_Dandage_2018,24,3,0.5137872819358469,0.5137872819358469
AACC1_PSEAI_Dandage_2018,24,4,-0.48621271806415306,0.5137872819358469
AACC1_PSEAI_Dandage_2018,24,5,0.5137872819358469,0.5137872819358469
AACC1_PSEAI_Dandage_2018,24,6,1.5137872819358469,0.5137872819358469
AACC1_PSEAI_Dandage_2018,24,7,0.5407990996060776,-0.45920090039392236
AACC1_PSEAI_Dandage_2018,24,8,0.5137872819358469,0.5137872819358469
AACC1_PSEAI_Dandage_2018,24,9,-0.48621271806415306,0.5137872819358469
AACC1_PSEAI_Dandage_2018,24,10,0.5137872819358469,0.5137872819358469
AACC1_PSEAI_Dandage_2018,24,11,-0.48621271806415306,0.5137872819358469
AACC1_PSEAI_Dandage_2018,24,12,-0.45920090039392236,0.5407990996060776
AACC1_PSEAI_Dandage_2018,24,13,-0.48621271806415306,0.5137872819358469
AACC1_PSEAI_Dandage_2018,24,14,-0.4321890827236916,0.5678109172763084
AACC1_PSEAI_Dandage_2018,24,15,-0.48621271806415306,0.5137872819358469
AACC1_PSEAI_Dandage_2018,24,16,2.513787281935847,0.5137872819358469
AACC1_PSEAI_Dandage_2018,24,17,0.5137872819358469,0.5137872819358469
AACC1_PSEAI_Dandage_2018,24,18,0.5137872819358469,0.5137872819358469
AACC1_PSEAI_Dandage_2018,24,19,1.5137872819358469,0.5137872819358469
AACC1_PSEAI_Dandage_2018,24,20,1.5407990996060776,0.5407990996060776
AACC1_PSEAI_Dandage_2018,24,21,0.5137872819358469,0.5137872819358469
AACC1_PSEAI_Dandage_2018,24,22,-0.48621271806415306,0.5137872819358469
AACC1_PSEAI_Dandage_2018,24,23,-0.48621271806415306,0.5137872819358469
AACC1_PSEAI_Dandage_2018,24,24,-0.48621271806415306,0.5137872819358469
AACC1_PSEAI_Dandage_2018,24,25,0.5407990996060776,0.5407990996060776
AACC1_PSEAI_Dandage_2018,24,26,-0.48621271806415306,0.5137872819358469
AACC1_PSEAI_Dandage_2018,24,27,3.513787281935847,0.5137872819358469
AACC1_PSEAI_Dandage_2018,24,28,1.5137872819358469,0.5137872819358469
AACC1_PSEAI_Dandage_2018,24,29,-0.45920090039392236,0.5407990996060776
AACC1_PSEAI_Dandage_2018,24,30,0.5137872819358469,0.5137872819358469
AACC1_PSEAI_Dandage_2018,24,31,0.5137872819358469,0.5137872819358469
AACC1_PSEAI_Dandage_2018,24,32,0.5137872819358469,0.5137872819358469
AACC1_PSEAI_Dandage_2018,24,33,2.513787281935847,0.5137872819358469
AACC1_PSEAI_Dandage_2018,24,34,0.5137872819358469,0.5137872819358469
AACC1_PSEAI_Dandage_2018,24,35,-0.48621271806415306,0.5137872819358469
AACC1_PSEAI_Dandage_2018,24,36,-0.45920090039392236,0.5407990996060776
AACC1_PSEAI_Dandage_2018,24,37,0.5407990996060776,0.5407990996060776
AACC1_PSEAI_Dandage_2018,24,38,-0.48621271806415306,0.5137872819358469
AACC1_PSEAI_Dandage_2018,24,39,-0.48621271806415306,0.5137872819358469
AACC1_PSEAI_Dandage_2018,48,0,-0.4654877353108956,0.5345122646891044
AACC1_PSEAI_Dandage_2018,48,1,1.507130633200228,0.5071306332002281
AACC1_PSEAI_Dandage_2018,48,2,-0.4654877353108956,0.5345122646891044
AACC1_PSEAI_Dandage_2018,48,3,-0.4654877353108956,0.5345122646891044
AACC1_PSEAI_Dandage_2018,48,4,1.507130633200228,0.5071306332002281
AACC1_PSEAI_Dandage_2018,48,5,-0.4654877353108956,0.5345122646891044
AACC1_PSEAI_Dandage_2018,48,6,0.5071306332002281,0.5071306332002281
AACC1_PSEAI_Dandage_2018,48,7,0.5071306332002281,0.5071306332002281
AACC1_PSEAI_Dandage_2018,48,8,3.5345122646891043,0.5345122646891044
AACC1_PSEAI_Dandage_2018,48,9,1.5345122646891043,0.5345122646891044
AACC1_PSEAI_Dandage_2018,48,10,0.5071306332002281,0.5071306332002281
AACC1_PSEAI_Dandage_2018,48,11,0.5071306332002281,0.5071306332002281
AACC1_PSEAI_Dandage_2018,48,12,-0.49286936679977184,0.5071306332002281
AACC1_PSEAI_Dandage_2018,48,13,-0.4654877353108956,0.5345122646891044
AACC1_PSEAI_Dandage_2018,48,14,0.5071306332002281,0.5071306332002281
AACC1_PSEAI_Dandage_2018,48,15,-0.4654877353108956,0.5345122646891044
AACC1_PSEAI_Dandage_2018,48,16,0.5071306332002281,0.5071306332002281
AACC1_PSEAI_Dandage_2018,48,17,1.5345122646891043,0.5345122646891044
AACC1_PSEAI_Dandage_2018,48,18,0.5345122646891044,0.5345122646891044
AACC1_PSEAI_Dandage_2018,48,19,-0.49286936679977184,0.5071306332002281
AACC1_PSEAI_Dandage_2018,48,20,-0.49286936679977184,0.5071306332002281
AACC1_PSEAI_Dandage_2018,48,21,-0.49286936679977184,0.5071306332002281
AACC1_PSEAI_Dandage_2018,48,22,1.507130633200228,0.5071306332002281
AACC1_PSEAI_Dandage_2018,48,23,-0.49286936679977184,0.5071306332002281
AACC1_PSEAI_Dandage_2018,48,24,1.507130633200228,0.5071306332002281
AACC1_PSEAI_Dandage_2018,48,25,0.5071306332002281,0.5071306332002281
AACC1_PSEAI_Dandage_2018,48,26,0.5071306332002281,0.5071306332002281
AACC1_PSEAI_Dandage_2018,48,27,0.5345122646891044,-0.4654877353108956
AACC1_PSEAI_Dandage_2018,48,28,0.5345122646891044,0.5345122646891044
AACC1_PSEAI_Dandage_2018,48,29,1.507130633200228,0.5071306332002281
AACC1_PSEAI_Dandage_2018,48,30,1.507130633200228,0.5071306332002281
AACC1_PSEAI_Dandage_2018,48,31,0.5618938961779806,0.5618938961779806
AACC1_PSEAI_Dandage_2018,48,32,0.5071306332002281,0.5071306332002281
AACC1_PSEAI_Dandage_2018,48,33,1.5345122646891043,0.5345122646891044
AACC1_PSEAI_Dandage_2018,48,34,1.5618938961779807,0.5618938961779806
AACC1_PSEAI_Dandage_2018,48,35,0.5071306332002281,0.5071306332002281
AACC1_PSEAI_Dandage_2018,48,36,0.5071306332002281,0.5071306332002281
AACC1_PSEAI_Dandage_2018,48,37,1.507130633200228,0.5071306332002281
AACC1_PSEAI_Dandage_2018,48,38,0.5071306332002281,0.5071306332002281
AACC1_PSEAI_Dandage_2018,48,39,2.5071306332002283,0.5071306332002281
AACC1_PSEAI_Dandage_2018,96,0,1.5214076246334312,0.5214076246334312
AACC1_PSEAI_Dandage_2018,96,1,0.5214076246334312,0.5214076246334312
AACC1_PSEAI_Dandage_2018,96,2,-0.5067448680351906,0.4932551319648094
AACC1_PSEAI_Dandage_2018,96,3,0.4932551319648094,0.4932551319648094
AACC1_PSEAI_Dandage_2018,96,4,0.5495601173020528,0.5495601173020528
AACC1_PSEAI_Dandage_2018,96,5,0.5214076246334312,0.5214076246334312
AACC1_PSEAI_Dandage_2018,96,6,0.5214076246334312,-0.4785923753665689
AACC1_PSEAI_Dandage_2018,96,7,0.5214076246334312,0.5214076246334312
AACC1_PSEAI_Dandage_2018,96,8,2.521407624633431,0.5214076246334312
AACC1_PSEAI_Dandage_2018,96,9,1.5214076246334312,0.5214076246334312
AACC1_PSEAI_Dandage_2018,96,10,-0.4785923753665689,0.5214076246334312
AACC1_PSEAI_Dandage_2018,96,11,-0.4222873900293255,0.5777126099706744
AACC1_PSEAI_Dandage_2018,96,12,-0.5067448680351906,0.4932551319648094
AACC1_PSEAI_Dandage_2018,96,13,-0.5067448680351906,0.4932551319648094
AACC1_PSEAI_Dandage_2018,96,14,-0.4785923753665689,0.5214076246334312
AACC1_PSEAI_Dandage_2018,96,15,-0.4504398826979472,0.5495601173020528
AACC1_PSEAI_Dandage_2018,96,16,0.5214076246334312,0.5214076246334312
AACC1_PSEAI_Dandage_2018,96,17,-0.4504398826979472,0.5495601173020528
AACC1_PSEAI_Dandage_2018,96,18,-0.4785923753665689,-0.4785923753665689
AACC1_PSEAI_Dandage_2018,96,19,0.4932551319648094,0.4932551319648094
AACC1_PSEAI_Dandage_2018,96,20,1.5214076246334312,1.5214076246334312
AACC1_PSEAI_Dandage_2018,96,21,0.5214076246334312,0.5214076246334312
AACC1_PSEAI_Dandage_2018,96,22,1.5214076246334312,0.5214076246334312
AACC1_PSEAI_Dandage_2018,96,23,0.5214076246334312,1.5214076246334312
AACC1_PSEAI_Dandage_2018,96,24,-0.4504398826979472,0.5495601173020528
AACC1_PSEAI_Dandage_2018,96,25,1.5214076246334312,0.5214076246334312
AACC1_PSEAI_Dandage_2018,96,26,-0.4504398826979472,0.5495601173020528
AACC1_PSEAI_Dandage_2018,96,27,2.4932551319648093,0.4932551319648094
AACC1_PSEAI_Dandage_2018,96,28,1.5214076246334312,0.5214076246334312
AACC1_PSEAI_Dandage_2018,96,29,1.5495601173020528,0.5495601173020528
AACC1_PSEAI_Dandage_2018,96,30,0.5214076246334312,-0.4785923753665689
AACC1_PSEAI_Dandage_2018,96,31,-0.4222873900293255,0.5777126099706744
AACC1_PSEAI_Dandage_2018,96,32,0.5214076246334312,-0.4785923753665689
AACC1_PSEAI_Dandage_2018,96,33,0.5495601173020528,0.5495601173020528
AACC1_PSEAI_Dandage_2018,96,34,0.5495601173020528,0.5495601173020528
AACC1_PSEAI_Dandage_2018,96,35,0.4932551319648094,0.4932551319648094
AACC1_PSEAI_Dandage_2018,96,36,1.5214076246334312,0.5214076246334312
AACC1_PSEAI_Dandage_2018,96,37,-0.5067448680351906,0.4932551319648094
AACC1_PSEAI_Dandage_2018,96,38,1.5214076246334312,0.5214076246334312
AACC1_PSEAI_Dandage_2018,96,39,1.4932551319648093,0.4932551319648094
AACC1_PSEAI_Dandage_2018,192,0,0.49285270354257305,0.49285270354257305
AACC1_PSEAI_Dandage_2018,192,1,1.5525170913610937,0.5525170913610938
AACC1_PSEAI_Dandage_2018,192,2,0.5525170913610938,1.5525170913610937
AACC1_PSEAI_Dandage_2018,192,3,-0.47731510254816656,0.5226848974518334
AACC1_PSEAI_Dandage_2018,192,4,0.5525170913610938,0.5525170913610938
AACC1_PSEAI_Dandage_2018,192,5,1.5226848974518334,0.5226848974518334
AACC1_PSEAI_Dandage_2018,192,6,-0.44748290863890616,0.5525170913610938
AACC1_PSEAI_Dandage_2018,192,7,2.5823492852703542,-0.41765071472964577
AACC1_PSEAI_Dandage_2018,192,8,-0.5369794903666874,0.46302050963331265
AACC1_PSEAI_Dandage_2018,192,9,1.4928527035425732,0.49285270354257305
AACC1_PSEAI_Dandage_2018,192,10,0.5226848974518334,0.5226848974518334
AACC1_PSEAI_Dandage_2018,192,11,1.5823492852703542,0.5823492852703542
AACC1_PSEAI_Dandage_2018,192,12,0.5226848974518334,0.5226848974518334
AACC1_PSEAI_Dandage_2018,192,13,1.4928527035425732,0.49285270354257305
AACC1_PSEAI_Dandage_2018,192,14,0.49285270354257305,1.4928527035425732
AACC1_PSEAI_Dandage_2018,192,15,1.5226848974518334,0.5226848974518334
AACC1_PSEAI_Dandage_2018,192,16,0.5226848974518334,0.5226848974518334
AACC1_PSEAI_Dandage_2018,192,17,0.5226848974518334,1.5226848974518334
AACC1_PSEAI_Dandage_2018,192,18,0.49285270354257305,0.49285270354257305
AACC1_PSEAI_Dandage_2018,192,19,-0.3878185208203853,-0.3878185208203853
AACC1_PSEAI_Dandage_2018,192,20,1.5226848974518334,0.5226848974518334
AACC1_PSEAI_Dandage_2018,192,21,-0.44748290863890616,0.5525170913610938
AACC1_PSEAI_Dandage_2018,192,22,2.4630205096333126,0.46302050963331265
AACC1_PSEAI_Dandage_2018,192,23,3.492852703542573,1.4928527035425732
AACC1_PSEAI_Dandage_2018,192,24,0.49285270354257305,-0.507147296457427
AACC1_PSEAI_Dandage_2018,192,25,0.5525170913610938,0.5525170913610938
AACC1_PSEAI_Dandage_2018,192,26,0.5226848974518334,0.5226848974518334
AACC1_PSEAI_Dandage_2018,192,27,2.6121814791796147,0.6121814791796147
AACC1_PSEAI_Dandage_2018,192,28,0.6121814791796147,-0.3878185208203853
AACC1_PSEAI_Dandage_2018,192,29,1.5226848974518334,-0.47731510254816656
AACC1_PSEAI_Dandage_2018,192,30,3.5226848974518337,0.5226848974518334
AACC1_PSEAI_Dandage_2018,192,31,0.46302050963331265,0.46302050963331265
AACC1_PSEAI_Dandage_2018,192,32,-0.507147296457427,0.49285270354257305
AACC1_PSEAI_Dandage_2018,192,33,0.46302050963331265,0.46302050963331265
AACC1_PSEAI_Dandage_2018,192,34,2.5226848974518337,0.5226848974518334
AACC1_PSEAI_Dandage_2018,192,35,1.5226848974518334,1.5226848974518334
AACC1_PSEAI_Dandage_2018,192,36,2.5226848974518337,1.5226848974518334
AACC1_PSEAI_Dandage_2018,192,37,1.4928527035425732,0.49285270354257305
AACC1_PSEAI_Dandage_2018,192,38,1.4928527035425732,0.49285270354257305
AACC1_PSEAI_Dandage_2018,192,39,1.5525170913610937,0.5525170913610938
AACC1_PSEAI_Dandage_2018,384,0,0.5935074100211715,1.5935074100211715
AACC1_PSEAI_Dandage_2018,384,1,1.5257586450247,2.5257586450247
AACC1_PSEAI_Dandage_2018,384,2,0.5596330275229358,0.5596330275229358
AACC1_PSEAI_Dandage_2018,384,3,1.5257586450247,1.5257586450247
AACC1_PSEAI_Dandage_2018,384,4,-0.44036697247706424,1.5596330275229358
AACC1_PSEAI_Dandage_2018,384,5,0.5596330275229358,0.5596330275229358
AACC1_PSEAI_Dandage_2018,384,6,2.424135497529993,2.424135497529993
AACC1_PSEAI_Dandage_2018,384,7,0.4580098800282286,1.4580098800282286
AACC1_PSEAI_Dandage_2018,384,8,1.5257586450247,1.5257586450247
AACC1_PSEAI_Dandage_2018,384,9,0.6612561750176429,0.6612561750176429
AACC1_PSEAI_Dandage_2018,384,10,1.5257586450247,2.5257586450247
AACC1_PSEAI_Dandage_2018,384,11,0.5257586450247,1.5257586450247
AACC1_PSEAI_Dandage_2018,384,12,1.4918842625264643,2.4918842625264643
AACC1_PSEAI_Dandage_2018,384,13,1.5257586450247,1.5257586450247
AACC1_PSEAI_Dandage_2018,384,14,0.5596330275229358,1.5596330275229358
AACC1_PSEAI_Dandage_2018,384,15,1.4918842625264643,0.49188426252646433
AACC1_PSEAI_Dandage_2018,384,16,0.5935074100211715,0.5935074100211715
AACC1_PSEAI_Dandage_2018,384,17,0.49188426252646433,2.4918842625264643
AACC1_PSEAI_Dandage_2018,384,18,-0.5081157374735357,1.4918842625264643
AACC1_PSEAI_Dandage_2018,384,19,1.4580098800282286,0.4580098800282286
AACC1_PSEAI_Dandage_2018,384,20,0.5596330275229358,1.5596330275229358
AACC1_PSEAI_Dandage_2018,384,21,0.5257586450247,0.5257586450247
AACC1_PSEAI_Dandage_2018,384,22,2.4918842625264643,2.4918842625264643
AACC1_PSEAI_Dandage_2018,384,23,0.5257586450247,1.5257586450247
AACC1_PSEAI_Dandage_2018,384,24,0.5257586450247,1.5257586450247
AACC1_PSEAI_Dandage_2018,384,25,-0.5081157374735357,2.4918842625264643
AACC1_PSEAI_Dandage_2018,384,26,2.4580098800282286,2.4580098800282286
AACC1_PSEAI_Dandage_2018,384,27,1.5935074100211715,1.5935074100211715
AACC1_PSEAI_Dandage_2018,384,28,0.5257586450247,2.5257586450247
AACC1_PSEAI_Dandage_2018,384,29,-0.3726182074805928,0.6273817925194072
AACC1_PSEAI_Dandage_2018,384,30,1.4580098800282286,2.4580098800282286
AACC1_PSEAI_Dandage_2018,384,31,1.4580098800282286,1.4580098800282286
AACC1_PSEAI_Dandage_2018,384,32,1.424135497529993,1.424135497529993
AACC1_PSEAI_Dandage_2018,384,33,1.5596330275229358,1.5596330275229358
AACC1_PSEAI_Dandage_2018,384,34,1.4580098800282286,1.4580098800282286
AACC1_PSEAI_Dandage_2018,384,35,-0.3726182074805928,0.6273817925194072
AACC1_PSEAI_Dandage_2018,384,36,-0.5758645024700071,2.424135497529993
AACC1_PSEAI_Dandage_2018,384,37,0.4241354975299929,1.424135497529993
AACC1_PSEAI_Dandage_2018,384,38,2.4580098800282286,1.4580098800282286
AACC1_PSEAI_Dandage_2018,384,39,5.458009880028229,0.4580098800282286
ADRB2_HUMAN_Jones_2020,24,0,0.5185185185185186,-0.48148148148148145
ADRB2_HUMAN_Jones_2020,24,1,-0.48148148148148145,-0.48148148148148145
ADRB2_HUMAN_Jones_2020,24,2,-0.48148148148148145,-0.48148148148148145
ADRB2_HUMAN_Jones_2020,24,3,-0.48148148148148145,-0.48148148148148145
ADRB2_HUMAN_Jones_2020,24,4,-0.48148148148148145,-0.48148148148148145
ADRB2_HUMAN_Jones_2020,24,5,-0.48148148148148145,-0.48148148148148145
ADRB2_HUMAN_Jones_2020,24,6,0.5185185185185186,-0.48148148148148145
ADRB2_HUMAN_Jones_2020,24,7,-0.48148148148148145,-0.48148148148148145
ADRB2_HUMAN_Jones_2020,24,8,1.5246913580246915,-0.47530864197530864
ADRB2_HUMAN_Jones_2020,24,9,-0.48148148148148145,-0.48148148148148145
ADRB2_HUMAN_Jones_2020,24,10,-0.48148148148148145,-0.48148148148148145
ADRB2_HUMAN_Jones_2020,24,11,-0.48148148148148145,-0.48148148148148145
ADRB2_HUMAN_Jones_2020,24,12,0.5246913580246914,-0.47530864197530864
ADRB2_HUMAN_Jones_2020,24,13,-0.48148148148148145,-0.48148148148148145
ADRB2_HUMAN_Jones_2020,24,14,-0.48148148148148145,-0.48148148148148145
ADRB2_HUMAN_Jones_2020,24,15,0.5185185185185186,-0.48148148148148145
ADRB2_HUMAN_Jones_2020,24,16,0.5185185185185186,-0.48148148148148145
ADRB2_HUMAN_Jones_2020,24,17,1.5308641975308643,-0.4691358024691358
ADRB2_HUMAN_Jones_2020,24,18,-0.48148148148148145,-0.48148148148148145
ADRB2_HUMAN_Jones_2020,24,19,0.5185185185185186,-0.48148148148148145
ADRB2_HUMAN_Jones_2020,24,20,-0.48148148148148145,-0.48148148148148145
ADRB2_HUMAN_Jones_2020,24,21,0.5246913580246914,-0.47530864197530864
ADRB2_HUMAN_Jones_2020,24,22,2.5185185185185186,-0.48148148148148145
ADRB2_HUMAN_Jones_2020,24,23,0.5185185185185186,-0.48148148148148145
ADRB2_HUMAN_Jones_2020,24,24,1.5185185185185186,-0.48148148148148145
ADRB2_HUMAN_Jones_2020,24,25,1.5246913580246915,-0.47530864197530864
ADRB2_HUMAN_Jones_2020,24,26,1.5185185185185186,-0.48148148148148145
ADRB2_HUMAN_Jones_2020,24,27,0.5246913580246914,-0.47530864197530864
ADRB2_HUMAN_Jones_2020,24,28,0.5185185185185186,-0.48148148148148145
ADRB2_HUMAN_Jones_2020,24,29,0.5246913580246914,-0.47530864197530864
ADRB2_HUMAN_Jones_2020,24,30,0.5185185185185186,-0.48148148148148145
ADRB2_HUMAN_Jones_2020,24,31,-0.48148148148148145,-0.48148148148148145
ADRB2_HUMAN_Jones_2020,24,32,-0.48148148148148145,-0.48148148148148145
ADRB2_HUMAN_Jones_2020,24,33,1.5246913580246915,-0.47530864197530864
ADRB2_HUMAN_Jones_2020,24,34,-0.48148148148148145,-0.48148148148148145
ADRB2_HUMAN_Jones_2020,24,35,-0.48148148148148145,-0.48148148148148145
ADRB2_HUMAN_Jones_2020,24,36,-0.48148148148148145,-0.48148148148148145
ADRB2_HUMAN_Jones_2020,24,37,0.5246913580246914,-0.47530864197530864
ADRB2_HUMAN_Jones_2020,24,38,-0.48148148148148145,-0.48148148148148145
ADRB2_HUMAN_Jones_2020,24,39,0.5185185185185186,-0.48148148148148145
ADRB2_HUMAN_Jones_2020,48,0,1.5232198142414861,-0.47678018575851394
ADRB2_HUMAN_Jones_2020,48,1,-0.48297213622291024,-0.48297213622291024
ADRB2_HUMAN_Jones_2020,48,2,-0.48297213622291024,-0.48297213622291024
ADRB2_HUMAN_Jones_2020,48,3,-0.48297213622291024,-0.48297213622291024
ADRB2_HUMAN_Jones_2020,48,4,-0.47678018575851394,-0.47678018575851394
ADRB2_HUMAN_Jones_2020,48,5,0.5170278637770898,-0.48297213622291024
ADRB2_HUMAN_Jones_2020,48,6,-0.48297213622291024,-0.48297213622291024
ADRB2_HUMAN_Jones_2020,48,7,0.5170278637770898,-0.48297213622291024
ADRB2_HUMAN_Jones_2020,48,8,-0.47678018575851394,-0.47678018575851394
ADRB2_HUMAN_Jones_2020,48,9,-0.47678018575851394,-0.47678018575851394
ADRB2_HUMAN_Jones_2020,48,10,1.5170278637770898,-0.48297213622291024
ADRB2_HUMAN_Jones_2020,48,11,0.5170278637770898,-0.48297213622291024
ADRB2_HUMAN_Jones_2020,48,12,0.5232198142414861,-0.47678018575851394
ADRB2_HUMAN_Jones_2020,48,13,0.5232198142414861,-0.47678018575851394
ADRB2_HUMAN_Jones_2020,48,14,1.5170278637770898,-0.48297213622291024
ADRB2_HUMAN_Jones_2020,48,15,-0.48297213622291024,-0.48297213622291024
ADRB2_HUMAN_Jones_2020,48,16,-0.48297213622291024,-0.48297213622291024
ADRB2_HUMAN_Jones_2020,48,17,0.5170278637770898,-0.48297213622291024
ADRB2_HUMAN_Jones_2020,48,18,0.5232198142414861,-0.47678018575851394
ADRB2_HUMAN_Jones_2020,48,19,-0.47678018575851394,-0.47678018575851394
ADRB2_HUMAN_Jones_2020,48,20,0.5170278637770898,-0.48297213622291024
ADRB2_HUMAN_Jones_2020,48,21,3.5170278637770895,-0.48297213622291024
ADRB2_HUMAN_Jones_2020,48,22,-0.47058823529411764,-0.47058823529411764
ADRB2_HUMAN_Jones_2020,48,23,-0.48297213622291024,-0.48297213622291024
ADRB2_HUMAN_Jones_2020,48,24,0.5232198142414861,-0.47678018575851394
ADRB2_HUMAN_Jones_2020,48,25,0.5170278637770898,-0.48297213622291024
ADRB2_HUMAN_Jones_2020,48,26,-0.47058823529411764,-0.47058823529411764
ADRB2_HUMAN_Jones_2020,48,27,1.5170278637770898,-0.48297213622291024
ADRB2_HUMAN_Jones_2020,48,28,1.5294117647058822,-0.47058823529411764
ADRB2_HUMAN_Jones_2020,48,29,-0.48297213622291024,-0.48297213622291024
ADRB2_HUMAN_Jones_2020,48,30,0.5170278637770898,-0.48297213622291024
ADRB2_HUMAN_Jones_2020,48,31,0.5170278637770898,-0.48297213622291024
ADRB2_HUMAN_Jones_2020,48,32,-0.47678018575851394,-0.47678018575851394
ADRB2_HUMAN_Jones_2020,48,33,-0.47058823529411764,-0.47058823529411764
ADRB2_HUMAN_Jones_2020,48,34,0.5232198142414861,-0.47678018575851394
ADRB2_HUMAN_Jones_2020,48,35,0.5170278637770898,-0.48297213622291024
ADRB2_HUMAN_Jones_2020,48,36,0.5232198142414861,-0.47678018575851394
ADRB2_HUMAN_Jones_2020,48,37,-0.47678018575851394,-0.47678018575851394
ADRB2_HUMAN_Jones_2020,48,38,1.5170278637770898,-0.48297213622291024
ADRB2_HUMAN_Jones_2020,48,39,1.5232198142414861,-0.47678018575851394
ADRB2_HUMAN_Jones_2020,96,0,0.5202492211838006,-0.4797507788161994
ADRB2_HUMAN_Jones_2020,96,1,-0.48598130841121495,-0.48598130841121495
ADRB2_HUMAN_Jones_2020,96,2,1.514018691588785,-0.48598130841121495
ADRB2_HUMAN_Jones_2020,96,3,-0.4797507788161994,-0.4797507788161994
ADRB2_HUMAN_Jones_2020,96,4,1.5202492211838006,-0.4797507788161994
ADRB2_HUMAN_Jones_2020,96,5,1.514018691588785,-0.48598130841121495
ADRB2_HUMAN_Jones_2020,96,6,0.5202492211838006,-0.4797507788161994
ADRB2_HUMAN_Jones_2020,96,7,-0.48598130841121495,-0.48598130841121495
ADRB2_HUMAN_Jones_2020,96,8,-0.48598130841121495,-0.48598130841121495
ADRB2_HUMAN_Jones_2020,96,9,0.5264797507788161,-0.4735202492211838
ADRB2_HUMAN_Jones_2020,96,10,0.5264797507788161,-0.4735202492211838
ADRB2_HUMAN_Jones_2020,96,11,0.5264797507788161,-0.4735202492211838
ADRB2_HUMAN_Jones_2020,96,12,0.5202492211838006,-0.4797507788161994
ADRB2_HUMAN_Jones_2020,96,13,0.5202492211838006,-0.4797507788161994
ADRB2_HUMAN_Jones_2020,96,14,0.5264797507788161,-0.4735202492211838
ADRB2_HUMAN_Jones_2020,96,15,0.5202492211838006,-0.4797507788161994
ADRB2_HUMAN_Jones_2020,96,16,-0.48598130841121495,-0.48598130841121495
ADRB2_HUMAN_Jones_2020,96,17,-0.48598130841121495,-0.48598130841121495
ADRB2_HUMAN_Jones_2020,96,18,-0.4797507788161994,-0.4797507788161994
ADRB2_HUMAN_Jones_2020,96,19,-0.4797507788161994,-0.4797507788161994
ADRB2_HUMAN_Jones_2020,96,20,2.520249221183801,-0.4797507788161994
ADRB2_HUMAN_Jones_2020,96,21,0.5202492211838006,-0.4797507788161994
ADRB2_HUMAN_Jones_2020,96,22,-0.48598130841121495,-0.48598130841121495
ADRB2_HUMAN_Jones_2020,96,23,1.514018691588785,-0.48598130841121495
ADRB2_HUMAN_Jones_2020,96,24,-0.48598130841121495,-0.48598130841121495
ADRB2_HUMAN_Jones_2020,96,25,0.5264797507788161,-0.4735202492211838
ADRB2_HUMAN_Jones_2020,96,26,-0.4797507788161994,-0.4797507788161994
ADRB2_HUMAN_Jones_2020,96,27,0.5202492211838006,-0.4797507788161994
ADRB2_HUMAN_Jones_2020,96,28,-0.4797507788161994,-0.4797507788161994
ADRB2_HUMAN_Jones_2020,96,29,0.5202492211838006,-0.4797507788161994
ADRB2_HUMAN_Jones_2020,96,30,0.514018691588785,-0.48598130841121495
ADRB2_HUMAN_Jones_2020,96,31,1.514018691588785,-0.48598130841121495
ADRB2_HUMAN_Jones_2020,96,32,1.5264797507788161,-0.4735202492211838
ADRB2_HUMAN_Jones_2020,96,33,1.5202492211838006,-0.4797507788161994
ADRB2_HUMAN_Jones_2020,96,34,1.5202492211838006,-0.4797507788161994
ADRB2_HUMAN_Jones_2020,96,35,0.5202492211838006,-0.4797507788161994
ADRB2_HUMAN_Jones_2020,96,36,1.514018691588785,-0.48598130841121495
ADRB2_HUMAN_Jones_2020,96,37,0.514018691588785,-0.48598130841121495
ADRB2_HUMAN_Jones_2020,96,38,0.5202492211838006,-0.4797507788161994
ADRB2_HUMAN_Jones_2020,96,39,1.5202492211838006,-0.4797507788161994
ADRB2_HUMAN_Jones_2020,192,0,0.5141955835962145,-0.48580441640378547
ADRB2_HUMAN_Jones_2020,192,1,-0.47318611987381703,-0.47318611987381703
ADRB2_HUMAN_Jones_2020,192,2,-0.47318611987381703,-0.47318611987381703
ADRB2_HUMAN_Jones_2020,192,3,-0.4921135646687697,-0.4921135646687697
ADRB2_HUMAN_Jones_2020,192,4,0.5205047318611987,-0.4794952681388013
ADRB2_HUMAN_Jones_2020,192,5,0.526813880126183,-0.47318611987381703
ADRB2_HUMAN_Jones_2020,192,6,1.5331230283911672,-0.4668769716088328
ADRB2_HUMAN_Jones_2020,192,7,-0.4668769716088328,-0.4668769716088328
ADRB2_HUMAN_Jones_2020,192,8,1.5141955835962144,-0.48580441640378547
ADRB2_HUMAN_Jones_2020,192,9,-0.48580441640378547,-0.48580441640378547
ADRB2_HUMAN_Jones_2020,192,10,1.526813880126183,-0.47318611987381703
ADRB2_HUMAN_Jones_2020,192,11,1.5205047318611986,-0.4794952681388013
ADRB2_HUMAN_Jones_2020,192,12,-0.48580441640378547,-0.48580441640378547
ADRB2_HUMAN_Jones_2020,192,13,0.5205047318611987,-0.4794952681388013
ADRB2_HUMAN_Jones_2020,192,14,0.5205047318611987,-0.4794952681388013
ADRB2_HUMAN_Jones_2020,192,15,3.5205047318611986,-0.4794952681388013
ADRB2_HUMAN_Jones_2020,192,16,1.5205047318611986,-0.4794952681388013
ADRB2_HUMAN_Jones_2020,192,17,1.526813880126183,-0.47318611987381703
ADRB2_HUMAN_Jones_2020,192,18,0.5078864353312302,-0.4921135646687697
ADRB2_HUMAN_Jones_2020,192,19,0.5394321766561514,-0.4605678233438486
ADRB2_HUMAN_Jones_2020,192,20,1.5205047318611986,-0.4794952681388013
ADRB2_HUMAN_Jones_2020,192,21,0.5078864353312302,-0.4921135646687697
ADRB2_HUMAN_Jones_2020,192,22,4.520504731861199,-0.4794952681388013
ADRB2_HUMAN_Jones_2020,192,23,1.5331230283911672,-0.4668769716088328
ADRB2_HUMAN_Jones_2020,192,24,-0.47318611987381703,-0.47318611987381703
ADRB2_HUMAN_Jones_2020,192,25,1.5141955835962144,-0.48580441640378547
ADRB2_HUMAN_Jones_2020,192,26,0.5394321766561514,-0.4605678233438486
ADRB2_HUMAN_Jones_2020,192,27,4.526813880126183,-0.47318611987381703
ADRB2_HUMAN_Jones_2020,192,28,1.5331230283911672,-0.4668769716088328
ADRB2_HUMAN_Jones_2020,192,29,2.526813880126183,-0.47318611987381703
ADRB2_HUMAN_Jones_2020,192,30,0.5141955835962145,-0.48580441640378547
ADRB2_HUMAN_Jones_2020,192,31,-0.4921135646687697,-0.4921135646687697
ADRB2_HUMAN_Jones_2020,192,32,1.5141955835962144,-0.48580441640378547
ADRB2_HUMAN_Jones_2020,192,33,-0.48580441640378547,-0.48580441640378547
ADRB2_HUMAN_Jones_2020,192,34,1.5078864353312302,-0.4921135646687697
ADRB2_HUMAN_Jones_2020,192,35,0.5078864353312302,-0.4921135646687697
ADRB2_HUMAN_Jones_2020,192,36,0.526813880126183,-0.47318611987381703
ADRB2_HUMAN_Jones_2020,192,37,0.526813880126183,-0.47318611987381703
ADRB2_HUMAN_Jones_2020,192,38,1.5141955835962144,-0.48580441640378547
ADRB2_HUMAN_Jones_2020,192,39,-0.4794952681388013,-0.4794952681388013
ADRB2_HUMAN_Jones_2020,384,0,1.5210355987055015,-0.47896440129449835
ADRB2_HUMAN_Jones_2020,384,1,3.5145631067961167,-0.4854368932038835
ADRB2_HUMAN_Jones_2020,384,2,0.5210355987055016,-0.47896440129449835
ADRB2_HUMAN_Jones_2020,384,3,0.5080906148867315,-0.4919093851132686
ADRB2_HUMAN_Jones_2020,384,4,0.5210355987055016,-0.47896440129449835
ADRB2_HUMAN_Jones_2020,384,5,1.5339805825242718,-0.46601941747572817
ADRB2_HUMAN_Jones_2020,384,6,1.5339805825242718,-0.46601941747572817
ADRB2_HUMAN_Jones_2020,384,7,1.5275080906148868,-0.47249190938511326
ADRB2_HUMAN_Jones_2020,384,8,0.5016181229773462,-0.49838187702265374
ADRB2_HUMAN_Jones_2020,384,9,1.5016181229773462,-0.49838187702265374
ADRB2_HUMAN_Jones_2020,384,10,0.5275080906148868,-0.47249190938511326
ADRB2_HUMAN_Jones_2020,384,11,1.5080906148867315,-0.4919093851132686
ADRB2_HUMAN_Jones_2020,384,12,0.5275080906148868,-0.47249190938511326
ADRB2_HUMAN_Jones_2020,384,13,1.5404530744336569,-0.459546925566343
ADRB2_HUMAN_Jones_2020,384,14,1.5080906148867315,-0.4919093851132686
ADRB2_HUMAN_Jones_2020,384,15,1.5469255663430421,-0.45307443365695793
ADRB2_HUMAN_Jones_2020,384,16,-0.4854368932038835,-0.4854368932038835
ADRB2_HUMAN_Jones_2020,384,17,1.5210355987055015,-0.47896440129449835
ADRB2_HUMAN_Jones_2020,384,18,1.5339805825242718,-0.46601941747572817
ADRB2_HUMAN_Jones_2020,384,19,0.5210355987055016,-0.47896440129449835
ADRB2_HUMAN_Jones_2020,384,20,0.5080906148867315,-0.4919093851132686
ADRB2_HUMAN_Jones_2020,384,21,3.533980582524272,-0.46601941747572817
ADRB2_HUMAN_Jones_2020,384,22,-0.47896440129449835,-0.47896440129449835
ADRB2_HUMAN_Jones_2020,384,23,1.5275080906148868,-0.47249190938511326
ADRB2_HUMAN_Jones_2020,384,24,4.508090614886731,-0.4919093851132686
ADRB2_HUMAN_Jones_2020,384,25,-0.47249190938511326,-0.47249190938511326
ADRB2_HUMAN_Jones_2020,384,26,0.5145631067961165,-0.4854368932038835
ADRB2_HUMAN_Jones_2020,384,27,2.5210355987055015,-0.47896440129449835
ADRB2_HUMAN_Jones_2020,384,28,0.5339805825242718,-0.46601941747572817
ADRB2_HUMAN_Jones_2020,384,29,2.5210355987055015,-0.47896440129449835
ADRB2_HUMAN_Jones_2020,384,30,-0.44660194174757284,-0.44660194174757284
ADRB2_HUMAN_Jones_2020,384,31,-0.47896440129449835,-0.47896440129449835
ADRB2_HUMAN_Jones_2020,384,32,0.5210355987055016,-0.47896440129449835
ADRB2_HUMAN_Jones_2020,384,33,-0.47896440129449835,-0.47896440129449835
ADRB2_HUMAN_Jones_2020,384,34,2.5145631067961167,-0.4854368932038835
ADRB2_HUMAN_Jones_2020,384,35,0.5339805825242718,-0.46601941747572817
ADRB2_HUMAN_Jones_2020,384,36,0.5145631067961165,-0.4854368932038835
ADRB2_HUMAN_Jones_2020,384,37,1.5469255663430421,-0.45307443365695793
ADRB2_HUMAN_Jones_2020,384,38,1.5145631067961165,-0.4854368932038835
ADRB2_HUMAN_Jones_2020,384,39,-0.46601941747572817,-0.46601941747572817
AMIE_PSEAE_Wrenbeck_2017,24,0,7.527970336933742,0.5279703369337417
AMIE_PSEAE_Wrenbeck_2017,24,1,0.5279703369337417,0.5279703369337417
AMIE_PSEAE_Wrenbeck_2017,24,2,-0.47976785426406576,0.5202321457359342
AMIE_PSEAE_Wrenbeck_2017,24,3,1.5202321457359342,0.5202321457359342
AMIE_PSEAE_Wrenbeck_2017,24,4,-0.47976785426406576,0.5202321457359342
AMIE_PSEAE_Wrenbeck_2017,24,5,-0.47976785426406576,0.5202321457359342
AMIE_PSEAE_Wrenbeck_2017,24,6,-0.47976785426406576,0.5202321457359342
AMIE_PSEAE_Wrenbeck_2017,24,7,-0.47976785426406576,0.5202321457359342
AMIE_PSEAE_Wrenbeck_2017,24,8,1.5202321457359342,0.5202321457359342
AMIE_PSEAE_Wrenbeck_2017,24,9,-0.47976785426406576,0.5202321457359342
AMIE_PSEAE_Wrenbeck_2017,24,10,6.527970336933742,0.5279703369337417
AMIE_PSEAE_Wrenbeck_2017,24,11,0.5202321457359342,0.5202321457359342
AMIE_PSEAE_Wrenbeck_2017,24,12,-0.47976785426406576,0.5202321457359342
AMIE_PSEAE_Wrenbeck_2017,24,13,-0.47976785426406576,0.5202321457359342
AMIE_PSEAE_Wrenbeck_2017,24,14,-0.47976785426406576,0.5202321457359342
AMIE_PSEAE_Wrenbeck_2017,24,15,0.5202321457359342,0.5202321457359342
AMIE_PSEAE_Wrenbeck_2017,24,16,1.5202321457359342,0.5202321457359342
AMIE_PSEAE_Wrenbeck_2017,24,17,1.5202321457359342,0.5202321457359342
AMIE_PSEAE_Wrenbeck_2017,24,18,0.5279703369337417,0.5279703369337417
AMIE_PSEAE_Wrenbeck_2017,24,19,-0.47976785426406576,0.5202321457359342
AMIE_PSEAE_Wrenbeck_2017,24,20,-0.47976785426406576,0.5202321457359342
AMIE_PSEAE_Wrenbeck_2017,24,21,-0.47976785426406576,0.5202321457359342
AMIE_PSEAE_Wrenbeck_2017,24,22,6.527970336933742,0.5279703369337417
AMIE_PSEAE_Wrenbeck_2017,24,23,-0.47976785426406576,0.5202321457359342
AMIE_PSEAE_Wrenbeck_2017,24,24,-0.47202966306625826,0.5279703369337417
AMIE_PSEAE_Wrenbeck_2017,24,25,-0.47976785426406576,0.5202321457359342
AMIE_PSEAE_Wrenbeck_2017,24,26,-0.47976785426406576,0.5202321457359342
AMIE_PSEAE_Wrenbeck_2017,24,27,-0.47976785426406576,0.5202321457359342
AMIE_PSEAE_Wrenbeck_2017,24,28,3.5279703369337416,0.5279703369337417
AMIE_PSEAE_Wrenbeck_2017,24,29,4.535708528131549,0.5357085281315492
AMIE_PSEAE_Wrenbeck_2017,24,30,-0.47202966306625826,0.5279703369337417
AMIE_PSEAE_Wrenbeck_2017,24,31,-0.47976785426406576,0.5202321457359342
AMIE_PSEAE_Wrenbeck_2017,24,32,2.5202321457359345,0.5202321457359342
AMIE_PSEAE_Wrenbeck_2017,24,33,0.5202321457359342,0.5202321457359342
AMIE_PSEAE_Wrenbeck_2017,24,34,-0.47202966306625826,0.5279703369337417
AMIE_PSEAE_Wrenbeck_2017,24,35,-0.47202966306625826,0.5279703369337417
AMIE_PSEAE_Wrenbeck_2017,24,36,0.5202321457359342,0.5202321457359342
AMIE_PSEAE_Wrenbeck_2017,24,37,-0.47976785426406576,0.5202321457359342
AMIE_PSEAE_Wrenbeck_2017,24,38,-0.47976785426406576,0.5202321457359342
AMIE_PSEAE_Wrenbeck_2017,24,39,-0.47976785426406576,0.5202321457359342
AMIE_PSEAE_Wrenbeck_2017,48,0,15.541673409936884,0.541673409936883
AMIE_PSEAE_Wrenbeck_2017,48,1,0.5261369153584723,0.5261369153584723
AMIE_PSEAE_Wrenbeck_2017,48,2,-0.47386308464152777,0.5261369153584723
AMIE_PSEAE_Wrenbeck_2017,48,3,0.5261369153584723,0.5261369153584723
AMIE_PSEAE_Wrenbeck_2017,48,4,-0.48163133193073315,0.5183686680692668
AMIE_PSEAE_Wrenbeck_2017,48,5,1.5183686680692667,0.5183686680692668
AMIE_PSEAE_Wrenbeck_2017,48,6,-0.48163133193073315,0.5183686680692668
AMIE_PSEAE_Wrenbeck_2017,48,7,-0.47386308464152777,0.5261369153584723
AMIE_PSEAE_Wrenbeck_2017,48,8,-0.48163133193073315,0.5183686680692668
AMIE_PSEAE_Wrenbeck_2017,48,9,-0.48163133193073315,0.5183686680692668
AMIE_PSEAE_Wrenbeck_2017,48,10,3.5261369153584723,0.5261369153584723
AMIE_PSEAE_Wrenbeck_2017,48,11,1.5183686680692667,0.5183686680692668
AMIE_PSEAE_Wrenbeck_2017,48,12,-0.48163133193073315,0.5183686680692668
AMIE_PSEAE_Wrenbeck_2017,48,13,-0.48163133193073315,0.5183686680692668
AMIE_PSEAE_Wrenbeck_2017,48,14,1.5339051626476776,0.5339051626476776
AMIE_PSEAE_Wrenbeck_2017,48,15,-0.48163133193073315,0.5183686680692668
AMIE_PSEAE_Wrenbeck_2017,48,16,1.5183686680692667,0.5183686680692668
AMIE_PSEAE_Wrenbeck_2017,48,17,4.526136915358472,0.5261369153584723
AMIE_PSEAE_Wrenbeck_2017,48,18,-0.48163133193073315,0.5183686680692668
AMIE_PSEAE_Wrenbeck_2017,48,19,0.5183686680692668,0.5183686680692668
AMIE_PSEAE_Wrenbeck_2017,48,20,0.5183686680692668,0.5183686680692668
AMIE_PSEAE_Wrenbeck_2017,48,21,-0.48163133193073315,0.5183686680692668
AMIE_PSEAE_Wrenbeck_2017,48,22,7.526136915358472,0.5261369153584723
AMIE_PSEAE_Wrenbeck_2017,48,23,8.526136915358473,0.5261369153584723
AMIE_PSEAE_Wrenbeck_2017,48,24,-0.48163133193073315,0.5183686680692668
AMIE_PSEAE_Wrenbeck_2017,48,25,-0.48163133193073315,0.5183686680692668
AMIE_PSEAE_Wrenbeck_2017,48,26,-0.48163133193073315,0.5183686680692668
AMIE_PSEAE_Wrenbeck_2017,48,27,-0.48163133193073315,0.5183686680692668
AMIE_PSEAE_Wrenbeck_2017,48,28,8.533905162647677,-0.4660948373523224
AMIE_PSEAE_Wrenbeck_2017,48,29,-0.4660948373523224,0.5339051626476776
AMIE_PSEAE_Wrenbeck_2017,48,30,-0.48163133193073315,0.5183686680692668
AMIE_PSEAE_Wrenbeck_2017,48,31,-0.48163133193073315,0.5183686680692668
AMIE_PSEAE_Wrenbeck_2017,48,32,1.5183686680692667,0.5183686680692668
AMIE_PSEAE_Wrenbeck_2017,48,33,3.5261369153584723,0.5261369153584723
AMIE_PSEAE_Wrenbeck_2017,48,34,-0.48163133193073315,0.5183686680692668
AMIE_PSEAE_Wrenbeck_2017,48,35,-0.48163133193073315,0.5183686680692668
AMIE_PSEAE_Wrenbeck_2017,48,36,1.5261369153584723,0.5261369153584723
AMIE_PSEAE_Wrenbeck_2017,48,37,8.526136915358473,0.5261369153584723
AMIE_PSEAE_Wrenbeck_2017,48,38,-0.48163133193073315,0.5183686680692668
AMIE_PSEAE_Wrenbeck_2017,48,39,-0.47386308464152777,0.5261369153584723
AMIE_PSEAE_Wrenbeck_2017,96,0,9.538085141086283,0.5380851410862828
AMIE_PSEAE_Wrenbeck_2017,96,1,-0.47757298972435164,0.5224270102756483
AMIE_PSEAE_Wrenbeck_2017,96,2,-0.47757298972435164,0.5224270102756483
AMIE_PSEAE_Wrenbeck_2017,96,3,0.5145979448703311,0.5145979448703311
AMIE_PSEAE_Wrenbeck_2017,96,4,-0.47757298972435164,0.5224270102756483
AMIE_PSEAE_Wrenbeck_2017,96,5,-0.4854020551296689,0.5145979448703311
AMIE_PSEAE_Wrenbeck_2017,96,6,-0.4854020551296689,0.5145979448703311
AMIE_PSEAE_Wrenbeck_2017,96,7,-0.4854020551296689,0.5145979448703311
AMIE_PSEAE_Wrenbeck_2017,96,8,0.5302560756809656,0.5302560756809656
AMIE_PSEAE_Wrenbeck_2017,96,9,1.5224270102756483,0.5224270102756483
AMIE_PSEAE_Wrenbeck_2017,96,10,12.538085141086283,0.5380851410862828
AMIE_PSEAE_Wrenbeck_2017,96,11,6.530256075680966,0.5302560756809656
AMIE_PSEAE_Wrenbeck_2017,96,12,4.522427010275648,0.5224270102756483
AMIE_PSEAE_Wrenbeck_2017,96,13,-0.4854020551296689,0.5145979448703311
AMIE_PSEAE_Wrenbeck_2017,96,14,-0.4854020551296689,0.5145979448703311
AMIE_PSEAE_Wrenbeck_2017,96,15,7.522427010275648,0.5224270102756483
AMIE_PSEAE_Wrenbeck_2017,96,16,0.5224270102756483,0.5224270102756483
AMIE_PSEAE_Wrenbeck_2017,96,17,5.522427010275648,0.5224270102756483
AMIE_PSEAE_Wrenbeck_2017,96,18,14.530256075680965,0.5302560756809656
AMIE_PSEAE_Wrenbeck_2017,96,19,1.514597944870331,0.5145979448703311
AMIE_PSEAE_Wrenbeck_2017,96,20,-0.4854020551296689,0.5145979448703311
AMIE_PSEAE_Wrenbeck_2017,96,21,1.5224270102756483,0.5224270102756483
AMIE_PSEAE_Wrenbeck_2017,96,22,-0.4697439243190344,0.5302560756809656
AMIE_PSEAE_Wrenbeck_2017,96,23,1.5224270102756483,-0.47757298972435164
AMIE_PSEAE_Wrenbeck_2017,96,24,1.514597944870331,0.5145979448703311
AMIE_PSEAE_Wrenbeck_2017,96,25,-0.4697439243190344,0.5302560756809656
AMIE_PSEAE_Wrenbeck_2017,96,26,0.5145979448703311,0.5145979448703311
AMIE_PSEAE_Wrenbeck_2017,96,27,-0.47757298972435164,0.5224270102756483
AMIE_PSEAE_Wrenbeck_2017,96,28,0.5145979448703311,0.5145979448703311
AMIE_PSEAE_Wrenbeck_2017,96,29,-0.47757298972435164,0.5224270102756483
AMIE_PSEAE_Wrenbeck_2017,96,30,-0.4854020551296689,0.5145979448703311
AMIE_PSEAE_Wrenbeck_2017,96,31,-0.47757298972435164,0.5224270102756483
AMIE_PSEAE_Wrenbeck_2017,96,32,2.5224270102756483,0.5224270102756483
AMIE_PSEAE_Wrenbeck_2017,96,33,1.5224270102756483,0.5224270102756483
AMIE_PSEAE_Wrenbeck_2017,96,34,7.5459142064916005,0.5459142064916
AMIE_PSEAE_Wrenbeck_2017,96,35,3.5224270102756483,0.5224270102756483
AMIE_PSEAE_Wrenbeck_2017,96,36,-0.4854020551296689,0.5145979448703311
AMIE_PSEAE_Wrenbeck_2017,96,37,9.52242701027565,0.5224270102756483
AMIE_PSEAE_Wrenbeck_2017,96,38,1.514597944870331,0.5145979448703311
AMIE_PSEAE_Wrenbeck_2017,96,39,0.5145979448703311,0.5145979448703311
AMIE_PSEAE_Wrenbeck_2017,192,0,2.5227837613918807,0.5227837613918807
AMIE_PSEAE_Wrenbeck_2017,192,1,5.522783761391881,0.5227837613918807
AMIE_PSEAE_Wrenbeck_2017,192,2,1.5068765534382766,0.5068765534382766
AMIE_PSEAE_Wrenbeck_2017,192,3,3.5148301574150786,0.5148301574150786
AMIE_PSEAE_Wrenbeck_2017,192,4,-0.4931234465617233,0.5068765534382766
AMIE_PSEAE_Wrenbeck_2017,192,5,5.522783761391881,0.5227837613918807
AMIE_PSEAE_Wrenbeck_2017,192,6,12.530737365368683,-0.4692626346313173
AMIE_PSEAE_Wrenbeck_2017,192,7,0.5148301574150786,0.5148301574150786
AMIE_PSEAE_Wrenbeck_2017,192,8,6.514830157415079,0.5148301574150786
AMIE_PSEAE_Wrenbeck_2017,192,9,0.5227837613918807,0.5227837613918807
AMIE_PSEAE_Wrenbeck_2017,192,10,1.5227837613918807,0.5227837613918807
AMIE_PSEAE_Wrenbeck_2017,192,11,3.5227837613918807,0.5227837613918807
AMIE_PSEAE_Wrenbeck_2017,192,12,0.5068765534382766,0.5068765534382766
AMIE_PSEAE_Wrenbeck_2017,192,13,-0.4851698425849213,0.5148301574150786
AMIE_PSEAE_Wrenbeck_2017,192,14,8.514830157415078,0.5148301574150786
AMIE_PSEAE_Wrenbeck_2017,192,15,9.514830157415078,0.5148301574150786
AMIE_PSEAE_Wrenbeck_2017,192,16,1.5227837613918807,0.5227837613918807
AMIE_PSEAE_Wrenbeck_2017,192,17,11.530737365368683,0.5307373653686827
AMIE_PSEAE_Wrenbeck_2017,192,18,12.522783761391882,-0.4772162386081193
AMIE_PSEAE_Wrenbeck_2017,192,19,3.5227837613918807,0.5227837613918807
AMIE_PSEAE_Wrenbeck_2017,192,20,-0.4851698425849213,0.5148301574150786
AMIE_PSEAE_Wrenbeck_2017,192,21,8.514830157415078,0.5148301574150786
AMIE_PSEAE_Wrenbeck_2017,192,22,9.562551781275891,0.5625517812758907
AMIE_PSEAE_Wrenbeck_2017,192,23,1.5307373653686827,0.5307373653686827
AMIE_PSEAE_Wrenbeck_2017,192,24,0.5148301574150786,0.5148301574150786
AMIE_PSEAE_Wrenbeck_2017,192,25,7.538690969345485,0.5386909693454847
AMIE_PSEAE_Wrenbeck_2017,192,26,-0.4931234465617233,0.5068765534382766
AMIE_PSEAE_Wrenbeck_2017,192,27,1.5148301574150786,0.5148301574150786
AMIE_PSEAE_Wrenbeck_2017,192,28,-0.4931234465617233,0.5068765534382766
AMIE_PSEAE_Wrenbeck_2017,192,29,3.5307373653686827,0.5307373653686827
AMIE_PSEAE_Wrenbeck_2017,192,30,-0.4851698425849213,0.5148301574150786
AMIE_PSEAE_Wrenbeck_2017,192,31,3.5227837613918807,0.5227837613918807
AMIE_PSEAE_Wrenbeck_2017,192,32,1.5227837613918807,0.5227837613918807
AMIE_PSEAE_Wrenbeck_2017,192,33,13.538690969345485,-0.46130903065451534
AMIE_PSEAE_Wrenbeck_2017,192,34,10.538690969345485,0.5386909693454847
AMIE_PSEAE_Wrenbeck_2017,192,35,7.514830157415079,0.5148301574150786
AMIE_PSEAE_Wrenbeck_2017,192,36,0.5307373653686827,0.5307373653686827
AMIE_PSEAE_Wrenbeck_2017,192,37,4.546644573322286,-0.45335542667771334
AMIE_PSEAE_Wrenbeck_2017,192,38,3.5148301574150786,0.5148301574150786
AMIE_PSEAE_Wrenbeck_2017,192,39,-0.4931234465617233,0.5068765534382766
AMIE_PSEAE_Wrenbeck_2017,384,0,2.564607222317303,0.5646072223173028
AMIE_PSEAE_Wrenbeck_2017,384,1,9.531747390039364,-0.46825260996063667
AMIE_PSEAE_Wrenbeck_2017,384,2,5.515317473900394,0.5153174739003936
AMIE_PSEAE_Wrenbeck_2017,384,3,3.5153174739003936,0.5153174739003936
AMIE_PSEAE_Wrenbeck_2017,384,4,5.515317473900394,0.5153174739003936
AMIE_PSEAE_Wrenbeck_2017,384,5,6.515317473900394,0.5153174739003936
AMIE_PSEAE_Wrenbeck_2017,384,6,-0.49289748416909124,0.5071025158309088
AMIE_PSEAE_Wrenbeck_2017,384,7,4.531747390039364,0.5317473900393633
AMIE_PSEAE_Wrenbeck_2017,384,8,4.531747390039364,0.5317473900393633
AMIE_PSEAE_Wrenbeck_2017,384,9,5.531747390039364,0.5317473900393633
AMIE_PSEAE_Wrenbeck_2017,384,10,1.5153174739003936,0.5153174739003936
AMIE_PSEAE_Wrenbeck_2017,384,11,2.507102515830909,0.5071025158309088
AMIE_PSEAE_Wrenbeck_2017,384,12,5.507102515830908,-0.49289748416909124
AMIE_PSEAE_Wrenbeck_2017,384,13,-0.5011124422385761,0.4988875577614239
AMIE_PSEAE_Wrenbeck_2017,384,14,2.507102515830909,0.5071025158309088
AMIE_PSEAE_Wrenbeck_2017,384,15,8.548177306178333,0.548177306178333
AMIE_PSEAE_Wrenbeck_2017,384,16,-0.4846825260996064,0.5153174739003936
AMIE_PSEAE_Wrenbeck_2017,384,17,4.523532431969879,0.5235324319698784
AMIE_PSEAE_Wrenbeck_2017,384,18,7.523532431969879,0.5235324319698784
AMIE_PSEAE_Wrenbeck_2017,384,19,1.5235324319698784,0.5235324319698784
AMIE_PSEAE_Wrenbeck_2017,384,20,13.531747390039364,0.5317473900393633
AMIE_PSEAE_Wrenbeck_2017,384,21,0.5153174739003936,0.5153174739003936
AMIE_PSEAE_Wrenbeck_2017,384,22,7.564607222317303,0.5646072223173028
AMIE_PSEAE_Wrenbeck_2017,384,23,4.548177306178333,0.548177306178333
AMIE_PSEAE_Wrenbeck_2017,384,24,0.4988875577614239,0.4988875577614239
AMIE_PSEAE_Wrenbeck_2017,384,25,13.564607222317303,-0.43539277768269724
AMIE_PSEAE_Wrenbeck_2017,384,26,4.507102515830908,0.5071025158309088
AMIE_PSEAE_Wrenbeck_2017,384,27,11.539962348108848,0.5399623481088482
AMIE_PSEAE_Wrenbeck_2017,384,28,-0.5011124422385761,0.4988875577614239
AMIE_PSEAE_Wrenbeck_2017,384,29,0.5071025158309088,0.5071025158309088
AMIE_PSEAE_Wrenbeck_2017,384,30,-0.4764675680301215,0.5235324319698784
AMIE_PSEAE_Wrenbeck_2017,384,31,-0.4846825260996064,0.5153174739003936
AMIE_PSEAE_Wrenbeck_2017,384,32,6.523532431969879,0.5235324319698784
AMIE_PSEAE_Wrenbeck_2017,384,33,8.515317473900394,0.5153174739003936
AMIE_PSEAE_Wrenbeck_2017,384,34,4.556392264247818,0.5563922642478178
AMIE_PSEAE_Wrenbeck_2017,384,35,6.515317473900394,0.5153174739003936
AMIE_PSEAE_Wrenbeck_2017,384,36,9.515317473900394,0.5153174739003936
AMIE_PSEAE_Wrenbeck_2017,384,37,11.531747390039364,0.5317473900393633
AMIE_PSEAE_Wrenbeck_2017,384,38,11.539962348108848,0.5399623481088482
AMIE_PSEAE_Wrenbeck_2017,384,39,1.5399623481088482,0.5399623481088482
B3VI55_LIPST_Klesmith_2015,24,0,-0.4759725400457666,0.5240274599542334
B3VI55_LIPST_Klesmith_2015,24,1,-0.4820747520976354,0.5179252479023646
B3VI55_LIPST_Klesmith_2015,24,2,-0.4820747520976354,0.5179252479023646
B3VI55_LIPST_Klesmith_2015,24,3,2.524027459954233,0.5240274599542334
B3VI55_LIPST_Klesmith_2015,24,4,2.5179252479023644,0.5179252479023646
B3VI55_LIPST_Klesmith_2015,24,5,1.5179252479023646,0.5179252479023646
B3VI55_LIPST_Klesmith_2015,24,6,0.5179252479023646,0.5179252479023646
B3VI55_LIPST_Klesmith_2015,24,7,0.5179252479023646,0.5179252479023646
B3VI55_LIPST_Klesmith_2015,24,8,-0.4820747520976354,0.5179252479023646
B3VI55_LIPST_Klesmith_2015,24,9,0.5179252479023646,0.5179252479023646
B3VI55_LIPST_Klesmith_2015,24,10,0.5240274599542334,0.5240274599542334
B3VI55_LIPST_Klesmith_2015,24,11,0.5179252479023646,0.5179252479023646
B3VI55_LIPST_Klesmith_2015,24,12,2.5179252479023644,0.5179252479023646
B3VI55_LIPST_Klesmith_2015,24,13,0.5179252479023646,0.5179252479023646
B3VI55_LIPST_Klesmith_2015,24,14,-0.4820747520976354,0.5179252479023646
B3VI55_LIPST_Klesmith_2015,24,15,1.5179252479023646,0.5179252479023646
B3VI55_LIPST_Klesmith_2015,24,16,1.5179252479023646,0.5179252479023646
B3VI55_LIPST_Klesmith_2015,24,17,0.5240274599542334,0.5240274599542334
B3VI55_LIPST_Klesmith_2015,24,18,-0.4820747520976354,0.5179252479023646
B3VI55_LIPST_Klesmith_2015,24,19,0.5179252479023646,0.5179252479023646
B3VI55_LIPST_Klesmith_2015,24,20,0.5179252479023646,0.5179252479023646
B3VI55_LIPST_Klesmith_2015,24,21,-0.4820747520976354,0.5179252479023646
B3VI55_LIPST_Klesmith_2015,24,22,1.5240274599542334,0.5240274599542334
B3VI55_LIPST_Klesmith_2015,24,23,0.5240274599542334,0.5240274599542334
B3VI55_LIPST_Klesmith_2015,24,24,1.5179252479023646,0.5179252479023646
B3VI55_LIPST_Klesmith_2015,24,25,1.5179252479023646,0.5179252479023646
B3VI55_LIPST_Klesmith_2015,24,26,1.5240274599542334,0.5240274599542334
B3VI55_LIPST_Klesmith_2015,24,27,1.5179252479023646,0.5179252479023646
B3VI55_LIPST_Klesmith_2015,24,28,0.5179252479023646,0.5179252479023646
B3VI55_LIPST_Klesmith_2015,24,29,1.5179252479023646,0.5179252479023646
B3VI55_LIPST_Klesmith_2015,24,30,4.517925247902364,0.5179252479023646
B3VI55_LIPST_Klesmith_2015,24,31,1.5179252479023646,0.5179252479023646
B3VI55_LIPST_Klesmith_2015,24,32,0.5179252479023646,0.5179252479023646
B3VI55_LIPST_Klesmith_2015,24,33,0.5179252479023646,0.5179252479023646
B3VI55_LIPST_Klesmith_2015,24,34,1.5179252479023646,0.5179252479023646
B3VI55_LIPST_Klesmith_2015,24,35,1.5179252479023646,0.5179252479023646
B3VI55_LIPST_Klesmith_2015,24,36,0.5179252479023646,0.5179252479023646
B3VI55_LIPST_Klesmith_2015,24,37,0.5179252479023646,0.5179252479023646
B3VI55_LIPST_Klesmith_2015,24,38,2.524027459954233,0.5240274599542334
B3VI55_LIPST_Klesmith_2015,24,39,0.5179252479023646,0.5179252479023646
B3VI55_LIPST_Klesmith_2015,48,0,1.5225707727620506,0.5225707727620506
B3VI55_LIPST_Klesmith_2015,48,1,0.5164498852333588,0.5164498852333588
B3VI55_LIPST_Klesmith_2015,48,2,0.5225707727620506,0.5225707727620506
B3VI55_LIPST_Klesmith_2015,48,3,0.5164498852333588,0.5164498852333588
B3VI55_LIPST_Klesmith_2015,48,4,0.5164498852333588,0.5164498852333588
B3VI55_LIPST_Klesmith_2015,48,5,1.5225707727620506,0.5225707727620506
B3VI55_LIPST_Klesmith_2015,48,6,0.5164498852333588,0.5164498852333588
B3VI55_LIPST_Klesmith_2015,48,7,0.5225707727620506,0.5225707727620506
B3VI55_LIPST_Klesmith_2015,48,8,1.5164498852333588,0.5164498852333588
B3VI55_LIPST_Klesmith_2015,48,9,-0.4774292272379495,0.5225707727620506
B3VI55_LIPST_Klesmith_2015,48,10,-0.48355011476664117,0.5164498852333588
B3VI55_LIPST_Klesmith_2015,48,11,0.5225707727620506,0.5225707727620506
B3VI55_LIPST_Klesmith_2015,48,12,1.5225707727620506,0.5225707727620506
B3VI55_LIPST_Klesmith_2015,48,13,-0.48355011476664117,0.5164498852333588
B3VI55_LIPST_Klesmith_2015,48,14,2.5164498852333588,0.5164498852333588
B3VI55_LIPST_Klesmith_2015,48,15,-0.48355011476664117,0.5164498852333588
B3VI55_LIPST_Klesmith_2015,48,16,-0.48355011476664117,0.5164498852333588
B3VI55_LIPST_Klesmith_2015,48,17,1.5225707727620506,0.5225707727620506
B3VI55_LIPST_Klesmith_2015,48,18,0.5164498852333588,0.5164498852333588
B3VI55_LIPST_Klesmith_2015,48,19,-0.48355011476664117,0.5164498852333588
B3VI55_LIPST_Klesmith_2015,48,20,-0.48355011476664117,0.5164498852333588
B3VI55_LIPST_Klesmith_2015,48,21,1.5225707727620506,0.5225707727620506
B3VI55_LIPST_Klesmith_2015,48,22,0.5164498852333588,0.5164498852333588
B3VI55_LIPST_Klesmith_2015,48,23,0.5164498852333588,0.5164498852333588
B3VI55_LIPST_Klesmith_2015,48,24,1.5164498852333588,0.5164498852333588
B3VI55_LIPST_Klesmith_2015,48,25,0.5286916602907421,-0.47130833970925784
B3VI55_LIPST_Klesmith_2015,48,26,-0.48355011476664117,0.5164498852333588
B3VI55_LIPST_Klesmith_2015,48,27,2.5164498852333588,0.5164498852333588
B3VI55_LIPST_Klesmith_2015,48,28,1.5225707727620506,0.5225707727620506
B3VI55_LIPST_Klesmith_2015,48,29,0.5164498852333588,0.5164498852333588
B3VI55_LIPST_Klesmith_2015,48,30,0.5164498852333588,0.5164498852333588
B3VI55_LIPST_Klesmith_2015,48,31,0.5225707727620506,0.5225707727620506
B3VI55_LIPST_Klesmith_2015,48,32,0.5286916602907421,0.5286916602907421
B3VI55_LIPST_Klesmith_2015,48,33,1.5164498852333588,0.5164498852333588
B3VI55_LIPST_Klesmith_2015,48,34,1.5225707727620506,0.5225707727620506
B3VI55_LIPST_Klesmith_2015,48,35,0.5164498852333588,0.5164498852333588
B3VI55_LIPST_Klesmith_2015,48,36,-0.48355011476664117,0.5164498852333588
B3VI55_LIPST_Klesmith_2015,48,37,3.5164498852333588,0.5164498852333588
B3VI55_LIPST_Klesmith_2015,48,38,1.5164498852333588,0.5164498852333588
B3VI55_LIPST_Klesmith_2015,48,39,0.5164498852333588,0.5164498852333588
B3VI55_LIPST_Klesmith_2015,96,0,-0.48036951501154734,0.5196304849884527
B3VI55_LIPST_Klesmith_2015,96,1,-0.47421093148575827,0.5257890685142417
B3VI55_LIPST_Klesmith_2015,96,2,-0.47421093148575827,-0.47421093148575827
B3VI55_LIPST_Klesmith_2015,96,3,0.5196304849884527,0.5196304849884527
B3VI55_LIPST_Klesmith_2015,96,4,0.5134719014626636,0.5134719014626636
B3VI55_LIPST_Klesmith_2015,96,5,0.5196304849884527,0.5196304849884527
B3VI55_LIPST_Klesmith_2015,96,6,2.5134719014626636,0.5134719014626636
B3VI55_LIPST_Klesmith_2015,96,7,1.5196304849884528,0.5196304849884527
B3VI55_LIPST_Klesmith_2015,96,8,0.5196304849884527,0.5196304849884527
B3VI55_LIPST_Klesmith_2015,96,9,0.5134719014626636,0.5134719014626636
B3VI55_LIPST_Klesmith_2015,96,10,-0.48036951501154734,0.5196304849884527
B3VI55_LIPST_Klesmith_2015,96,11,0.5134719014626636,0.5134719014626636
B3VI55_LIPST_Klesmith_2015,96,12,2.5134719014626636,0.5134719014626636
B3VI55_LIPST_Klesmith_2015,96,13,3.525789068514242,0.5257890685142417
B3VI55_LIPST_Klesmith_2015,96,14,-0.4865280985373364,0.5134719014626636
B3VI55_LIPST_Klesmith_2015,96,15,2.5196304849884528,0.5196304849884527
B3VI55_LIPST_Klesmith_2015,96,16,-0.48036951501154734,0.5196304849884527
B3VI55_LIPST_Klesmith_2015,96,17,-0.47421093148575827,0.5257890685142417
B3VI55_LIPST_Klesmith_2015,96,18,1.5134719014626636,0.5134719014626636
B3VI55_LIPST_Klesmith_2015,96,19,0.5196304849884527,0.5196304849884527
B3VI55_LIPST_Klesmith_2015,96,20,2.5196304849884528,0.5196304849884527
B3VI55_LIPST_Klesmith_2015,96,21,0.5134719014626636,0.5134719014626636
B3VI55_LIPST_Klesmith_2015,96,22,1.5134719014626636,0.5134719014626636
B3VI55_LIPST_Klesmith_2015,96,23,0.5257890685142417,0.5257890685142417
B3VI55_LIPST_Klesmith_2015,96,24,1.5134719014626636,0.5134719014626636
B3VI55_LIPST_Klesmith_2015,96,25,1.5257890685142417,-0.47421093148575827
B3VI55_LIPST_Klesmith_2015,96,26,0.5319476520400308,0.5319476520400308
B3VI55_LIPST_Klesmith_2015,96,27,-0.4865280985373364,0.5134719014626636
B3VI55_LIPST_Klesmith_2015,96,28,1.5196304849884528,0.5196304849884527
B3VI55_LIPST_Klesmith_2015,96,29,1.53810623556582,0.5381062355658199
B3VI55_LIPST_Klesmith_2015,96,30,2.5134719014626636,0.5134719014626636
B3VI55_LIPST_Klesmith_2015,96,31,1.5196304849884528,0.5196304849884527
B3VI55_LIPST_Klesmith_2015,96,32,-0.4865280985373364,0.5134719014626636
B3VI55_LIPST_Klesmith_2015,96,33,0.5196304849884527,0.5196304849884527
B3VI55_LIPST_Klesmith_2015,96,34,0.5196304849884527,0.5196304849884527
B3VI55_LIPST_Klesmith_2015,96,35,1.5196304849884528,0.5196304849884527
B3VI55_LIPST_Klesmith_2015,96,36,1.5196304849884528,0.5196304849884527
B3VI55_LIPST_Klesmith_2015,96,37,0.5196304849884527,0.5196304849884527
B3VI55_LIPST_Klesmith_2015,96,38,0.5196304849884527,0.5196304849884527
B3VI55_LIPST_Klesmith_2015,96,39,1.5134719014626636,0.5134719014626636
B3VI55_LIPST_Klesmith_2015,192,0,0.5074045206547155,0.5074045206547155
B3VI55_LIPST_Klesmith_2015,192,1,1.5136399064692128,0.5136399064692128
B3VI55_LIPST_Klesmith_2015,192,2,0.51987529228371,0.51987529228371
B3VI55_LIPST_Klesmith_2015,192,3,4.513639906469213,0.5136399064692128
B3VI55_LIPST_Klesmith_2015,192,4,0.5136399064692128,0.5136399064692128
B3VI55_LIPST_Klesmith_2015,192,5,1.5323460639127047,0.5323460639127047
B3VI55_LIPST_Klesmith_2015,192,6,0.5074045206547155,0.5074045206547155
B3VI55_LIPST_Klesmith_2015,192,7,-0.49259547934528447,0.5074045206547155
B3VI55_LIPST_Klesmith_2015,192,8,-0.48012470771628996,0.51987529228371
B3VI55_LIPST_Klesmith_2015,192,9,-0.49259547934528447,0.5074045206547155
B3VI55_LIPST_Klesmith_2015,192,10,2.513639906469213,0.5136399064692128
B3VI55_LIPST_Klesmith_2015,192,11,-0.48012470771628996,0.51987529228371
B3VI55_LIPST_Klesmith_2015,192,12,0.5261106780982073,0.5261106780982073
B3VI55_LIPST_Klesmith_2015,192,13,1.5136399064692128,0.5136399064692128
B3VI55_LIPST_Klesmith_2015,192,14,0.5323460639127047,0.5323460639127047
B3VI55_LIPST_Klesmith_2015,192,15,-0.48636009353078724,0.5136399064692128
B3VI55_LIPST_Klesmith_2015,192,16,2.51987529228371,0.51987529228371
B3VI55_LIPST_Klesmith_2015,192,17,2.513639906469213,0.5136399064692128
B3VI55_LIPST_Klesmith_2015,192,18,0.5136399064692128,0.5136399064692128
B3VI55_LIPST_Klesmith_2015,192,19,0.5323460639127047,0.5323460639127047
B3VI55_LIPST_Klesmith_2015,192,20,0.51987529228371,0.51987529228371
B3VI55_LIPST_Klesmith_2015,192,21,2.51987529228371,0.51987529228371
B3VI55_LIPST_Klesmith_2015,192,22,1.5261106780982074,0.5261106780982073
B3VI55_LIPST_Klesmith_2015,192,23,1.5323460639127047,0.5323460639127047
B3VI55_LIPST_Klesmith_2015,192,24,0.5136399064692128,0.5136399064692128
B3VI55_LIPST_Klesmith_2015,192,25,0.51987529228371,0.51987529228371
B3VI55_LIPST_Klesmith_2015,192,26,0.5136399064692128,0.5136399064692128
B3VI55_LIPST_Klesmith_2015,192,27,-0.49259547934528447,0.5074045206547155
B3VI55_LIPST_Klesmith_2015,192,28,-0.48012470771628996,0.51987529228371
B3VI55_LIPST_Klesmith_2015,192,29,0.5261106780982073,0.5261106780982073
B3VI55_LIPST_Klesmith_2015,192,30,0.51987529228371,0.51987529228371
B3VI55_LIPST_Klesmith_2015,192,31,3.51987529228371,0.51987529228371
B3VI55_LIPST_Klesmith_2015,192,32,2.513639906469213,0.5136399064692128
B3VI55_LIPST_Klesmith_2015,192,33,1.51987529228371,0.51987529228371
B3VI55_LIPST_Klesmith_2015,192,34,2.5074045206547155,0.5074045206547155
B3VI55_LIPST_Klesmith_2015,192,35,-0.48012470771628996,0.51987529228371
B3VI55_LIPST_Klesmith_2015,192,36,0.5136399064692128,0.5136399064692128
B3VI55_LIPST_Klesmith_2015,192,37,1.51987529228371,0.51987529228371
B3VI55_LIPST_Klesmith_2015,192,38,2.513639906469213,0.5136399064692128
B3VI55_LIPST_Klesmith_2015,192,39,2.5261106780982074,0.5261106780982073
B3VI55_LIPST_Klesmith_2015,384,0,1.5203836930455634,0.5203836930455635
B3VI55_LIPST_Klesmith_2015,384,1,-0.47961630695443647,0.5203836930455635
B3VI55_LIPST_Klesmith_2015,384,2,1.5523581135091926,0.5523581135091926
B3VI55_LIPST_Klesmith_2015,384,3,0.5075939248601119,0.5075939248601119
B3VI55_LIPST_Klesmith_2015,384,4,2.501199040767386,0.5011990407673861
B3VI55_LIPST_Klesmith_2015,384,5,1.501199040767386,0.5011990407673861
B3VI55_LIPST_Klesmith_2015,384,6,0.5139888089528377,0.5139888089528377
B3VI55_LIPST_Klesmith_2015,384,7,1.5139888089528377,-0.4860111910471623
B3VI55_LIPST_Klesmith_2015,384,8,2.501199040767386,0.5011990407673861
B3VI55_LIPST_Klesmith_2015,384,9,3.5331734612310153,0.5331734612310152
B3VI55_LIPST_Klesmith_2015,384,10,1.5267785771382894,0.5267785771382894
B3VI55_LIPST_Klesmith_2015,384,11,0.5075939248601119,0.5075939248601119
B3VI55_LIPST_Klesmith_2015,384,12,1.5203836930455634,0.5203836930455635
B3VI55_LIPST_Klesmith_2015,384,13,1.5267785771382894,0.5267785771382894
B3VI55_LIPST_Klesmith_2015,384,14,2.5203836930455634,0.5203836930455635
B3VI55_LIPST_Klesmith_2015,384,15,1.5267785771382894,0.5267785771382894
B3VI55_LIPST_Klesmith_2015,384,16,-0.4860111910471623,0.5139888089528377
B3VI55_LIPST_Klesmith_2015,384,17,5.507593924860112,0.5075939248601119
B3VI55_LIPST_Klesmith_2015,384,18,-0.47322142286171065,0.5267785771382894
B3VI55_LIPST_Klesmith_2015,384,19,0.5075939248601119,0.5075939248601119
B3VI55_LIPST_Klesmith_2015,384,20,2.5459632294164667,0.5459632294164668
B3VI55_LIPST_Klesmith_2015,384,21,1.5331734612310153,0.5331734612310152
B3VI55_LIPST_Klesmith_2015,384,22,-0.4860111910471623,0.5139888089528377
B3VI55_LIPST_Klesmith_2015,384,23,-0.47961630695443647,0.5203836930455635
B3VI55_LIPST_Klesmith_2015,384,24,3.5139888089528375,0.5139888089528377
B3VI55_LIPST_Klesmith_2015,384,25,-0.4860111910471623,0.5139888089528377
B3VI55_LIPST_Klesmith_2015,384,26,1.5139888089528377,0.5139888089528377
B3VI55_LIPST_Klesmith_2015,384,27,1.539568345323741,0.539568345323741
B3VI55_LIPST_Klesmith_2015,384,28,2.5139888089528375,0.5139888089528377
B3VI55_LIPST_Klesmith_2015,384,29,2.5203836930455634,0.5203836930455635
B3VI55_LIPST_Klesmith_2015,384,30,-0.4860111910471623,-0.4860111910471623
B3VI55_LIPST_Klesmith_2015,384,31,3.5203836930455634,-0.47961630695443647
B3VI55_LIPST_Klesmith_2015,384,32,-0.4988009592326139,0.5011990407673861
B3VI55_LIPST_Klesmith_2015,384,33,1.5267785771382894,0.5267785771382894
B3VI55_LIPST_Klesmith_2015,384,34,2.5139888089528375,0.5139888089528377
B3VI55_LIPST_Klesmith_2015,384,35,-0.4860111910471623,0.5139888089528377
B3VI55_LIPST_Klesmith_2015,384,36,1.507593924860112,0.5075939248601119
B3VI55_LIPST_Klesmith_2015,384,37,3.501199040767386,0.5011990407673861
B3VI55_LIPST_Klesmith_2015,384,38,-0.46682653876898483,0.5331734612310152
B3VI55_LIPST_Klesmith_2015,384,39,0.5267785771382894,0.5267785771382894
BLAT_ECOLX_Deng_2012,24,0,0.5172968624296058,4.517296862429606
BLAT_ECOLX_Deng_2012,24,1,1.517296862429606,4.517296862429606
BLAT_ECOLX_Deng_2012,24,2,0.5172968624296058,4.517296862429606
BLAT_ECOLX_Deng_2012,24,3,-0.4827031375703942,4.517296862429606
BLAT_ECOLX_Deng_2012,24,4,-0.4827031375703942,4.517296862429606
BLAT_ECOLX_Deng_2012,24,5,0.5172968624296058,4.517296862429606
BLAT_ECOLX_Deng_2012,24,6,0.5172968624296058,4.517296862429606
BLAT_ECOLX_Deng_2012,24,7,-0.4827031375703942,4.517296862429606
BLAT_ECOLX_Deng_2012,24,8,0.5172968624296058,4.517296862429606
BLAT_ECOLX_Deng_2012,24,9,-0.4827031375703942,4.517296862429606
BLAT_ECOLX_Deng_2012,24,10,0.5172968624296058,4.517296862429606
BLAT_ECOLX_Deng_2012,24,11,0.5172968624296058,4.517296862429606
BLAT_ECOLX_Deng_2012,24,12,2.517296862429606,4.517296862429606
BLAT_ECOLX_Deng_2012,24,13,0.5172968624296058,4.517296862429606
BLAT_ECOLX_Deng_2012,24,14,1.5269509251810136,4.526950925181014
BLAT_ECOLX_Deng_2012,24,15,1.5269509251810136,4.526950925181014
BLAT_ECOLX_Deng_2012,24,16,0.5172968624296058,4.517296862429606
BLAT_ECOLX_Deng_2012,24,17,0.5172968624296058,4.517296862429606
BLAT_ECOLX_Deng_2012,24,18,0.5172968624296058,4.517296862429606
BLAT_ECOLX_Deng_2012,24,19,-0.4827031375703942,4.517296862429606
BLAT_ECOLX_Deng_2012,24,20,1.5269509251810136,4.526950925181014
BLAT_ECOLX_Deng_2012,24,21,-0.4827031375703942,4.517296862429606
BLAT_ECOLX_Deng_2012,24,22,2.517296862429606,4.517296862429606
BLAT_ECOLX_Deng_2012,24,23,1.517296862429606,4.517296862429606
BLAT_ECOLX_Deng_2012,24,24,-0.4827031375703942,4.517296862429606
BLAT_ECOLX_Deng_2012,24,25,1.517296862429606,4.517296862429606
BLAT_ECOLX_Deng_2012,24,26,1.5269509251810136,4.526950925181014
BLAT_ECOLX_Deng_2012,24,27,0.5172968624296058,4.517296862429606
BLAT_ECOLX_Deng_2012,24,28,-0.4827031375703942,4.517296862429606
BLAT_ECOLX_Deng_2012,24,29,0.5172968624296058,4.517296862429606
BLAT_ECOLX_Deng_2012,24,30,0.5172968624296058,4.517296862429606
BLAT_ECOLX_Deng_2012,24,31,-0.4827031375703942,4.517296862429606
BLAT_ECOLX_Deng_2012,24,32,0.5172968624296058,4.517296862429606
BLAT_ECOLX_Deng_2012,24,33,1.517296862429606,4.517296862429606
BLAT_ECOLX_Deng_2012,24,34,4.526950925181014,4.526950925181014
BLAT_ECOLX_Deng_2012,24,35,-0.4827031375703942,4.517296862429606
BLAT_ECOLX_Deng_2012,24,36,0.5172968624296058,4.517296862429606
BLAT_ECOLX_Deng_2012,24,37,-0.4827031375703942,4.517296862429606
BLAT_ECOLX_Deng_2012,24,38,-0.4827031375703942,4.517296862429606
BLAT_ECOLX_Deng_2012,24,39,-0.4827031375703942,4.517296862429606
BLAT_ECOLX_Deng_2012,48,0,-0.4850444624090542,4.514955537590946
BLAT_ECOLX_Deng_2012,48,1,0.5149555375909458,4.514955537590946
BLAT_ECOLX_Deng_2012,48,2,1.5149555375909458,4.514955537590946
BLAT_ECOLX_Deng_2012,48,3,-0.47534357316087306,4.524656426839127
BLAT_ECOLX_Deng_2012,48,4,-0.4850444624090542,4.514955537590946
BLAT_ECOLX_Deng_2012,48,5,-0.4850444624090542,4.514955537590946
BLAT_ECOLX_Deng_2012,48,6,1.524656426839127,4.524656426839127
BLAT_ECOLX_Deng_2012,48,7,0.5149555375909458,4.514955537590946
BLAT_ECOLX_Deng_2012,48,8,1.524656426839127,4.524656426839127
BLAT_ECOLX_Deng_2012,48,9,2.5149555375909456,4.514955537590946
BLAT_ECOLX_Deng_2012,48,10,-0.47534357316087306,4.524656426839127
BLAT_ECOLX_Deng_2012,48,11,0.5246564268391269,4.524656426839127
BLAT_ECOLX_Deng_2012,48,12,-0.47534357316087306,4.524656426839127
BLAT_ECOLX_Deng_2012,48,13,-0.47534357316087306,4.524656426839127
BLAT_ECOLX_Deng_2012,48,14,7.534357316087308,4.534357316087308
BLAT_ECOLX_Deng_2012,48,15,1.5149555375909458,4.514955537590946
BLAT_ECOLX_Deng_2012,48,16,0.5149555375909458,4.514955537590946
BLAT_ECOLX_Deng_2012,48,17,4.534357316087308,4.534357316087308
BLAT_ECOLX_Deng_2012,48,18,1.5149555375909458,4.514955537590946
BLAT_ECOLX_Deng_2012,48,19,-0.4850444624090542,4.514955537590946
BLAT_ECOLX_Deng_2012,48,20,4.514955537590946,4.514955537590946
BLAT_ECOLX_Deng_2012,48,21,0.5149555375909458,4.514955537590946
BLAT_ECOLX_Deng_2012,48,22,0.5149555375909458,4.514955537590946
BLAT_ECOLX_Deng_2012,48,23,3.544058205335489,4.544058205335489
BLAT_ECOLX_Deng_2012,48,24,0.5246564268391269,4.524656426839127
BLAT_ECOLX_Deng_2012,48,25,-0.4850444624090542,4.514955537590946
BLAT_ECOLX_Deng_2012,48,26,1.524656426839127,4.524656426839127
BLAT_ECOLX_Deng_2012,48,27,1.5149555375909458,4.514955537590946
BLAT_ECOLX_Deng_2012,48,28,0.5246564268391269,4.524656426839127
BLAT_ECOLX_Deng_2012,48,29,1.5149555375909458,4.514955537590946
BLAT_ECOLX_Deng_2012,48,30,-0.4850444624090542,4.514955537590946
BLAT_ECOLX_Deng_2012,48,31,0.5246564268391269,4.524656426839127
BLAT_ECOLX_Deng_2012,48,32,0.5246564268391269,4.524656426839127
BLAT_ECOLX_Deng_2012,48,33,0.5149555375909458,4.514955537590946
BLAT_ECOLX_Deng_2012,48,34,2.524656426839127,4.524656426839127
BLAT_ECOLX_Deng_2012,48,35,1.5149555375909458,4.514955537590946
BLAT_ECOLX_Deng_2012,48,36,-0.465642683912692,3.534357316087308
BLAT_ECOLX_Deng_2012,48,37,-0.4850444624090542,4.514955537590946
BLAT_ECOLX_Deng_2012,48,38,0.5149555375909458,4.514955537590946
BLAT_ECOLX_Deng_2012,48,39,2.5149555375909456,4.514955537590946
BLAT_ECOLX_Deng_2012,96,0,-0.4897959183673469,4.510204081632653
BLAT_ECOLX_Deng_2012,96,1,2.5395918367346937,4.539591836734694
BLAT_ECOLX_Deng_2012,96,2,0.52,4.52
BLAT_ECOLX_Deng_2012,96,3,-0.4897959183673469,4.510204081632653
BLAT_ECOLX_Deng_2012,96,4,-0.4897959183673469,4.510204081632653
BLAT_ECOLX_Deng_2012,96,5,5.529795918367347,4.529795918367347
BLAT_ECOLX_Deng_2012,96,6,0.52,4.52
BLAT_ECOLX_Deng_2012,96,7,1.52,4.52
BLAT_ECOLX_Deng_2012,96,8,1.52,4.52
BLAT_ECOLX_Deng_2012,96,9,4.52,4.52
BLAT_ECOLX_Deng_2012,96,10,0.5102040816326531,4.510204081632653
BLAT_ECOLX_Deng_2012,96,11,2.510204081632653,4.510204081632653
BLAT_ECOLX_Deng_2012,96,12,0.52,4.52
BLAT_ECOLX_Deng_2012,96,13,2.510204081632653,4.510204081632653
BLAT_ECOLX_Deng_2012,96,14,1.510204081632653,4.510204081632653
BLAT_ECOLX_Deng_2012,96,15,0.529795918367347,4.529795918367347
BLAT_ECOLX_Deng_2012,96,16,1.529795918367347,4.529795918367347
BLAT_ECOLX_Deng_2012,96,17,4.529795918367347,3.529795918367347
BLAT_ECOLX_Deng_2012,96,18,4.52,4.52
BLAT_ECOLX_Deng_2012,96,19,1.510204081632653,4.510204081632653
BLAT_ECOLX_Deng_2012,96,20,0.52,4.52
BLAT_ECOLX_Deng_2012,96,21,0.52,4.52
BLAT_ECOLX_Deng_2012,96,22,3.52,4.52
BLAT_ECOLX_Deng_2012,96,23,3.52,3.52
BLAT_ECOLX_Deng_2012,96,24,0.52,4.52
BLAT_ECOLX_Deng_2012,96,25,1.510204081632653,4.510204081632653
BLAT_ECOLX_Deng_2012,96,26,1.510204081632653,4.510204081632653
BLAT_ECOLX_Deng_2012,96,27,1.52,4.52
BLAT_ECOLX_Deng_2012,96,28,0.5102040816326531,4.510204081632653
BLAT_ECOLX_Deng_2012,96,29,-0.48,4.52
BLAT_ECOLX_Deng_2012,96,30,-0.47020408163265304,4.529795918367347
BLAT_ECOLX_Deng_2012,96,31,4.510204081632653,4.510204081632653
BLAT_ECOLX_Deng_2012,96,32,-0.48,4.52
BLAT_ECOLX_Deng_2012,96,33,0.52,4.52
BLAT_ECOLX_Deng_2012,96,34,-0.4897959183673469,4.510204081632653
BLAT_ECOLX_Deng_2012,96,35,-0.48,4.52
BLAT_ECOLX_Deng_2012,96,36,0.5102040816326531,4.510204081632653
BLAT_ECOLX_Deng_2012,96,37,-0.48,4.52
BLAT_ECOLX_Deng_2012,96,38,3.52,4.52
BLAT_ECOLX_Deng_2012,96,39,5.52,4.52
BLAT_ECOLX_Deng_2012,192,0,1.520399666944213,3.520399666944213
BLAT_ECOLX_Deng_2012,192,1,-0.48959200666111574,4.510407993338884
BLAT_ECOLX_Deng_2012,192,2,9.530391340549542,4.530391340549542
BLAT_ECOLX_Deng_2012,192,3,2.530391340549542,3.530391340549542
BLAT_ECOLX_Deng_2012,192,4,7.540383014154871,3.540383014154871
BLAT_ECOLX_Deng_2012,192,5,8.520399666944213,4.520399666944213
BLAT_ECOLX_Deng_2012,192,6,0.5104079933388843,3.5104079933388843
BLAT_ECOLX_Deng_2012,192,7,1.5104079933388843,4.510407993338884
BLAT_ECOLX_Deng_2012,192,8,7.520399666944213,3.520399666944213
BLAT_ECOLX_Deng_2012,192,9,2.520399666944213,4.520399666944213
BLAT_ECOLX_Deng_2012,192,10,-0.4995836802664446,4.500416319733556
BLAT_ECOLX_Deng_2012,192,11,-0.47960033305578686,4.520399666944213
BLAT_ECOLX_Deng_2012,192,12,1.5004163197335554,4.500416319733556
BLAT_ECOLX_Deng_2012,192,13,3.530391340549542,4.530391340549542
BLAT_ECOLX_Deng_2012,192,14,4.520399666944213,4.520399666944213
BLAT_ECOLX_Deng_2012,192,15,0.5004163197335554,4.500416319733556
BLAT_ECOLX_Deng_2012,192,16,3.530391340549542,3.530391340549542
BLAT_ECOLX_Deng_2012,192,17,2.5104079933388843,4.510407993338884
BLAT_ECOLX_Deng_2012,192,18,0.5104079933388843,4.510407993338884
BLAT_ECOLX_Deng_2012,192,19,6.5503746877602,4.5503746877602
BLAT_ECOLX_Deng_2012,192,20,1.5104079933388843,4.510407993338884
BLAT_ECOLX_Deng_2012,192,21,-0.47960033305578686,4.520399666944213
BLAT_ECOLX_Deng_2012,192,22,6.520399666944213,3.520399666944213
BLAT_ECOLX_Deng_2012,192,23,5.510407993338884,4.510407993338884
BLAT_ECOLX_Deng_2012,192,24,1.5603663613655288,3.5603663613655288
BLAT_ECOLX_Deng_2012,192,25,1.5104079933388843,4.510407993338884
BLAT_ECOLX_Deng_2012,192,26,0.5004163197335554,4.500416319733556
BLAT_ECOLX_Deng_2012,192,27,3.540383014154871,4.540383014154871
BLAT_ECOLX_Deng_2012,192,28,-0.47960033305578686,4.520399666944213
BLAT_ECOLX_Deng_2012,192,29,8.540383014154871,4.540383014154871
BLAT_ECOLX_Deng_2012,192,30,0.5203996669442131,4.520399666944213
BLAT_ECOLX_Deng_2012,192,31,0.5104079933388843,4.510407993338884
BLAT_ECOLX_Deng_2012,192,32,2.520399666944213,4.520399666944213
BLAT_ECOLX_Deng_2012,192,33,2.520399666944213,4.520399666944213
BLAT_ECOLX_Deng_2012,192,34,5.5503746877602,3.5503746877601996
BLAT_ECOLX_Deng_2012,192,35,3.520399666944213,4.520399666944213
BLAT_ECOLX_Deng_2012,192,36,7.520399666944213,4.520399666944213
BLAT_ECOLX_Deng_2012,192,37,1.5104079933388843,4.510407993338884
BLAT_ECOLX_Deng_2012,192,38,-0.47960033305578686,3.520399666944213
BLAT_ECOLX_Deng_2012,192,39,-0.48959200666111574,4.510407993338884
BLAT_ECOLX_Deng_2012,384,0,8.52124891587164,3.5212489158716394
BLAT_ECOLX_Deng_2012,384,1,7.531656548135299,4.531656548135299
BLAT_ECOLX_Deng_2012,384,2,1.5628794449262793,3.5628794449262795
BLAT_ECOLX_Deng_2012,384,3,8.510841283607979,3.510841283607979
BLAT_ECOLX_Deng_2012,384,4,0.4900260190806591,4.490026019080659
BLAT_ECOLX_Deng_2012,384,5,6.55247181266262,4.55247181266262
BLAT_ECOLX_Deng_2012,384,6,5.521248915871639,3.5212489158716394
BLAT_ECOLX_Deng_2012,384,7,3.552471812662619,3.552471812662619
BLAT_ECOLX_Deng_2012,384,8,7.521248915871639,2.5212489158716394
BLAT_ECOLX_Deng_2012,384,9,6.5628794449262795,4.5628794449262795
BLAT_ECOLX_Deng_2012,384,10,0.5108412836079792,4.510841283607979
BLAT_ECOLX_Deng_2012,384,11,5.510841283607979,3.510841283607979
BLAT_ECOLX_Deng_2012,384,12,5.500433651344319,4.500433651344319
BLAT_ECOLX_Deng_2012,384,13,3.5941023417172593,3.5941023417172593
BLAT_ECOLX_Deng_2012,384,14,7.55247181266262,3.552471812662619
BLAT_ECOLX_Deng_2012,384,15,0.4900260190806591,4.490026019080659
BLAT_ECOLX_Deng_2012,384,16,6.510841283607979,4.510841283607979
BLAT_ECOLX_Deng_2012,384,17,5.521248915871639,4.521248915871639
BLAT_ECOLX_Deng_2012,384,18,0.5004336513443192,4.500433651344319
BLAT_ECOLX_Deng_2012,384,19,1.5420641803989592,4.54206418039896
BLAT_ECOLX_Deng_2012,384,20,2.5316565481352993,3.5316565481352993
BLAT_ECOLX_Deng_2012,384,21,2.5316565481352993,4.531656548135299
BLAT_ECOLX_Deng_2012,384,22,4.500433651344319,4.500433651344319
BLAT_ECOLX_Deng_2012,384,23,2.500433651344319,4.500433651344319
BLAT_ECOLX_Deng_2012,384,24,7.5628794449262795,4.5628794449262795
BLAT_ECOLX_Deng_2012,384,25,7.521248915871639,3.5212489158716394
BLAT_ECOLX_Deng_2012,384,26,6.521248915871639,4.521248915871639
BLAT_ECOLX_Deng_2012,384,27,3.5212489158716394,4.521248915871639
BLAT_ECOLX_Deng_2012,384,28,2.500433651344319,4.500433651344319
BLAT_ECOLX_Deng_2012,384,29,2.510841283607979,4.510841283607979
BLAT_ECOLX_Deng_2012,384,30,1.500433651344319,3.500433651344319
BLAT_ECOLX_Deng_2012,384,31,3.5316565481352993,4.531656548135299
BLAT_ECOLX_Deng_2012,384,32,5.510841283607979,4.510841283607979
BLAT_ECOLX_Deng_2012,384,33,9.531656548135299,3.5316565481352993
BLAT_ECOLX_Deng_2012,384,34,2.5212489158716394,2.5212489158716394
BLAT_ECOLX_Deng_2012,384,35,1.5420641803989592,3.542064180398959
BLAT_ECOLX_Deng_2012,384,36,2.500433651344319,4.500433651344319
BLAT_ECOLX_Deng_2012,384,37,3.5316565481352993,4.531656548135299
BLAT_ECOLX_Deng_2012,384,38,8.531656548135299,3.5316565481352993
BLAT_ECOLX_Deng_2012,384,39,6.521248915871639,4.521248915871639
BLAT_ECOLX_Firnberg_2014,24,0,-0.4841353225467535,2.5158646774532465
BLAT_ECOLX_Firnberg_2014,24,1,-0.4740491699936962,1.5259508300063038
BLAT_ECOLX_Firnberg_2014,24,2,-0.4841353225467535,2.5158646774532465
BLAT_ECOLX_Firnberg_2014,24,3,1.5158646774532465,2.5158646774532465
BLAT_ECOLX_Firnberg_2014,24,4,-0.4841353225467535,2.5158646774532465
BLAT_ECOLX_Firnberg_2014,24,5,0.5259508300063038,1.5259508300063038
BLAT_ECOLX_Firnberg_2014,24,6,-0.4841353225467535,2.5158646774532465
BLAT_ECOLX_Firnberg_2014,24,7,-0.4841353225467535,2.5158646774532465
BLAT_ECOLX_Firnberg_2014,24,8,0.5158646774532465,2.5158646774532465
BLAT_ECOLX_Firnberg_2014,24,9,2.5158646774532465,2.5158646774532465
BLAT_ECOLX_Firnberg_2014,24,10,-0.4841353225467535,2.5158646774532465
BLAT_ECOLX_Firnberg_2014,24,11,0.5259508300063038,2.5259508300063036
BLAT_ECOLX_Firnberg_2014,24,12,0.5158646774532465,2.5158646774532465
BLAT_ECOLX_Firnberg_2014,24,13,2.5158646774532465,2.5158646774532465
BLAT_ECOLX_Firnberg_2014,24,14,-0.4841353225467535,2.5158646774532465
BLAT_ECOLX_Firnberg_2014,24,15,-0.4740491699936962,2.5259508300063036
BLAT_ECOLX_Firnberg_2014,24,16,-0.4841353225467535,2.5158646774532465
BLAT_ECOLX_Firnberg_2014,24,17,-0.4841353225467535,2.5158646774532465
BLAT_ECOLX_Firnberg_2014,24,18,1.5158646774532465,2.5158646774532465
BLAT_ECOLX_Firnberg_2014,24,19,0.5158646774532465,2.5158646774532465
BLAT_ECOLX_Firnberg_2014,24,20,1.5158646774532465,2.5158646774532465
BLAT_ECOLX_Firnberg_2014,24,21,-0.4841353225467535,2.5158646774532465
BLAT_ECOLX_Firnberg_2014,24,22,-0.4841353225467535,2.5158646774532465
BLAT_ECOLX_Firnberg_2014,24,23,0.5360369825593612,2.536036982559361
BLAT_ECOLX_Firnberg_2014,24,24,-0.4740491699936962,2.5259508300063036
BLAT_ECOLX_Firnberg_2014,24,25,-0.4740491699936962,2.5259508300063036
BLAT_ECOLX_Firnberg_2014,24,26,-0.4841353225467535,2.5158646774532465
BLAT_ECOLX_Firnberg_2014,24,27,1.5259508300063038,2.5259508300063036
BLAT_ECOLX_Firnberg_2014,24,28,-0.4841353225467535,2.5158646774532465
BLAT_ECOLX_Firnberg_2014,24,29,-0.4841353225467535,2.5158646774532465
BLAT_ECOLX_Firnberg_2014,24,30,-0.4841353225467535,2.5158646774532465
BLAT_ECOLX_Firnberg_2014,24,31,0.5259508300063038,2.5259508300063036
BLAT_ECOLX_Firnberg_2014,24,32,-0.4841353225467535,2.5158646774532465
BLAT_ECOLX_Firnberg_2014,24,33,0.5158646774532465,2.5158646774532465
BLAT_ECOLX_Firnberg_2014,24,34,0.5259508300063038,2.5259508300063036
BLAT_ECOLX_Firnberg_2014,24,35,-0.4841353225467535,2.5158646774532465
BLAT_ECOLX_Firnberg_2014,24,36,-0.4841353225467535,2.5158646774532465
BLAT_ECOLX_Firnberg_2014,24,37,-0.4841353225467535,2.5158646774532465
BLAT_ECOLX_Firnberg_2014,24,38,1.5158646774532465,2.5158646774532465
BLAT_ECOLX_Firnberg_2014,24,39,0.5158646774532465,2.5158646774532465
BLAT_ECOLX_Firnberg_2014,48,0,2.513410770855333,2.513410770855333
BLAT_ECOLX_Firnberg_2014,48,1,0.5134107708553326,2.513410770855333
BLAT_ECOLX_Firnberg_2014,48,2,2.5235480464625133,2.5235480464625133
BLAT_ECOLX_Firnberg_2014,48,3,0.5235480464625132,2.5235480464625133
BLAT_ECOLX_Firnberg_2014,48,4,0.5134107708553326,2.513410770855333
BLAT_ECOLX_Firnberg_2014,48,5,-0.48658922914466735,2.513410770855333
BLAT_ECOLX_Firnberg_2014,48,6,0.5134107708553326,2.513410770855333
BLAT_ECOLX_Firnberg_2014,48,7,-0.46631467793030623,2.5336853220696938
BLAT_ECOLX_Firnberg_2014,48,8,0.5134107708553326,2.513410770855333
BLAT_ECOLX_Firnberg_2014,48,9,-0.48658922914466735,2.513410770855333
BLAT_ECOLX_Firnberg_2014,48,10,1.5235480464625133,2.5235480464625133
BLAT_ECOLX_Firnberg_2014,48,11,-0.48658922914466735,2.513410770855333
BLAT_ECOLX_Firnberg_2014,48,12,1.5235480464625133,2.5235480464625133
BLAT_ECOLX_Firnberg_2014,48,13,-0.45617740232312565,2.5438225976768742
BLAT_ECOLX_Firnberg_2014,48,14,-0.48658922914466735,2.513410770855333
BLAT_ECOLX_Firnberg_2014,48,15,-0.46631467793030623,2.5336853220696938
BLAT_ECOLX_Firnberg_2014,48,16,0.5235480464625132,2.5235480464625133
BLAT_ECOLX_Firnberg_2014,48,17,-0.4764519535374868,2.5235480464625133
BLAT_ECOLX_Firnberg_2014,48,18,0.5235480464625132,2.5235480464625133
BLAT_ECOLX_Firnberg_2014,48,19,-0.48658922914466735,2.513410770855333
BLAT_ECOLX_Firnberg_2014,48,20,0.5235480464625132,2.5235480464625133
BLAT_ECOLX_Firnberg_2014,48,21,-0.4764519535374868,2.5235480464625133
BLAT_ECOLX_Firnberg_2014,48,22,-0.48658922914466735,2.513410770855333
BLAT_ECOLX_Firnberg_2014,48,23,-0.4764519535374868,2.5235480464625133
BLAT_ECOLX_Firnberg_2014,48,24,0.5134107708553326,2.513410770855333
BLAT_ECOLX_Firnberg_2014,48,25,-0.4764519535374868,2.5235480464625133
BLAT_ECOLX_Firnberg_2014,48,26,-0.48658922914466735,2.513410770855333
BLAT_ECOLX_Firnberg_2014,48,27,-0.48658922914466735,2.513410770855333
BLAT_ECOLX_Firnberg_2014,48,28,-0.48658922914466735,2.513410770855333
BLAT_ECOLX_Firnberg_2014,48,29,1.5134107708553326,2.513410770855333
BLAT_ECOLX_Firnberg_2014,48,30,1.5235480464625133,2.5235480464625133
BLAT_ECOLX_Firnberg_2014,48,31,3.513410770855333,2.513410770855333
BLAT_ECOLX_Firnberg_2014,48,32,0.5134107708553326,2.513410770855333
BLAT_ECOLX_Firnberg_2014,48,33,-0.48658922914466735,2.513410770855333
BLAT_ECOLX_Firnberg_2014,48,34,-0.48658922914466735,2.513410770855333
BLAT_ECOLX_Firnberg_2014,48,35,0.5336853220696938,2.5336853220696938
BLAT_ECOLX_Firnberg_2014,48,36,0.5134107708553326,2.513410770855333
BLAT_ECOLX_Firnberg_2014,48,37,0.5134107708553326,2.513410770855333
BLAT_ECOLX_Firnberg_2014,48,38,-0.48658922914466735,2.513410770855333
BLAT_ECOLX_Firnberg_2014,48,39,2.5235480464625133,2.5235480464625133
BLAT_ECOLX_Firnberg_2014,96,0,0.5084275656069981,2.508427565606998
BLAT_ECOLX_Firnberg_2014,96,1,-0.48133134200981437,2.518668657990186
BLAT_ECOLX_Firnberg_2014,96,2,-0.48133134200981437,2.518668657990186
BLAT_ECOLX_Firnberg_2014,96,3,0.5186686579901856,2.518668657990186
BLAT_ECOLX_Firnberg_2014,96,4,1.5186686579901856,2.518668657990186
BLAT_ECOLX_Firnberg_2014,96,5,-0.48133134200981437,2.518668657990186
BLAT_ECOLX_Firnberg_2014,96,6,-0.4915724343930019,2.508427565606998
BLAT_ECOLX_Firnberg_2014,96,7,2.518668657990186,2.518668657990186
BLAT_ECOLX_Firnberg_2014,96,8,-0.48133134200981437,2.518668657990186
BLAT_ECOLX_Firnberg_2014,96,9,0.5289097503733732,2.5289097503733733
BLAT_ECOLX_Firnberg_2014,96,10,0.5084275656069981,2.508427565606998
BLAT_ECOLX_Firnberg_2014,96,11,-0.4915724343930019,2.508427565606998
BLAT_ECOLX_Firnberg_2014,96,12,-0.4915724343930019,2.508427565606998
BLAT_ECOLX_Firnberg_2014,96,13,0.5186686579901856,2.518668657990186
BLAT_ECOLX_Firnberg_2014,96,14,0.5186686579901856,2.518668657990186
BLAT_ECOLX_Firnberg_2014,96,15,1.5186686579901856,2.518668657990186
BLAT_ECOLX_Firnberg_2014,96,16,-0.48133134200981437,2.518668657990186
BLAT_ECOLX_Firnberg_2014,96,17,1.5186686579901856,2.518668657990186
BLAT_ECOLX_Firnberg_2014,96,18,0.5391508427565608,2.5391508427565608
BLAT_ECOLX_Firnberg_2014,96,19,0.5289097503733732,2.5289097503733733
BLAT_ECOLX_Firnberg_2014,96,20,2.5391508427565608,2.5391508427565608
BLAT_ECOLX_Firnberg_2014,96,21,3.508427565606998,2.508427565606998
BLAT_ECOLX_Firnberg_2014,96,22,-0.4710902496266268,2.5289097503733733
BLAT_ECOLX_Firnberg_2014,96,23,-0.48133134200981437,2.518668657990186
BLAT_ECOLX_Firnberg_2014,96,24,1.5186686579901856,2.518668657990186
BLAT_ECOLX_Firnberg_2014,96,25,-0.48133134200981437,2.518668657990186
BLAT_ECOLX_Firnberg_2014,96,26,1.5186686579901856,2.518668657990186
BLAT_ECOLX_Firnberg_2014,96,27,-0.4915724343930019,2.508427565606998
BLAT_ECOLX_Firnberg_2014,96,28,-0.4915724343930019,2.508427565606998
BLAT_ECOLX_Firnberg_2014,96,29,-0.4915724343930019,2.508427565606998
BLAT_ECOLX_Firnberg_2014,96,30,-0.48133134200981437,2.518668657990186
BLAT_ECOLX_Firnberg_2014,96,31,2.518668657990186,1.5186686579901856
BLAT_ECOLX_Firnberg_2014,96,32,-0.4915724343930019,2.508427565606998
BLAT_ECOLX_Firnberg_2014,96,33,1.508427565606998,2.508427565606998
BLAT_ECOLX_Firnberg_2014,96,34,2.5289097503733733,2.5289097503733733
BLAT_ECOLX_Firnberg_2014,96,35,-0.4710902496266268,2.5289097503733733
BLAT_ECOLX_Firnberg_2014,96,36,-0.48133134200981437,2.518668657990186
BLAT_ECOLX_Firnberg_2014,96,37,-0.4608491572434393,2.5391508427565608
BLAT_ECOLX_Firnberg_2014,96,38,-0.4915724343930019,2.508427565606998
BLAT_ECOLX_Firnberg_2014,96,39,-0.48133134200981437,1.5186686579901856
BLAT_ECOLX_Firnberg_2014,192,0,0.529514267044217,2.529514267044217
BLAT_ECOLX_Firnberg_2014,192,1,0.5817904595948595,1.5817904595948595
BLAT_ECOLX_Firnberg_2014,192,2,-0.4600304944456545,2.5399695055543456
BLAT_ECOLX_Firnberg_2014,192,3,3.50860379002396,2.50860379002396
BLAT_ECOLX_Firnberg_2014,192,4,-0.49139620997604005,2.50860379002396
BLAT_ECOLX_Firnberg_2014,192,5,-0.47048573295578305,2.529514267044217
BLAT_ECOLX_Firnberg_2014,192,6,-0.5018514484861686,2.4981485515138315
BLAT_ECOLX_Firnberg_2014,192,7,1.4981485515138315,2.4981485515138315
BLAT_ECOLX_Firnberg_2014,192,8,0.5608799825746025,2.5608799825746025
BLAT_ECOLX_Firnberg_2014,192,9,0.529514267044217,2.529514267044217
BLAT_ECOLX_Firnberg_2014,192,10,-0.49139620997604005,2.50860379002396
BLAT_ECOLX_Firnberg_2014,192,11,2.5399695055543456,1.5399695055543454
BLAT_ECOLX_Firnberg_2014,192,12,0.529514267044217,2.529514267044217
BLAT_ECOLX_Firnberg_2014,192,13,1.5190590285340884,2.5190590285340884
BLAT_ECOLX_Firnberg_2014,192,14,-0.49139620997604005,2.50860379002396
BLAT_ECOLX_Firnberg_2014,192,15,1.5399695055543454,2.5399695055543456
BLAT_ECOLX_Firnberg_2014,192,16,-0.5018514484861686,2.4981485515138315
BLAT_ECOLX_Firnberg_2014,192,17,1.4981485515138315,2.4981485515138315
BLAT_ECOLX_Firnberg_2014,192,18,-0.4809409714659116,2.5190590285340884
BLAT_ECOLX_Firnberg_2014,192,19,0.529514267044217,2.529514267044217
BLAT_ECOLX_Firnberg_2014,192,20,0.50860379002396,2.50860379002396
BLAT_ECOLX_Firnberg_2014,192,21,-0.47048573295578305,2.529514267044217
BLAT_ECOLX_Firnberg_2014,192,22,-0.4809409714659116,2.5190590285340884
BLAT_ECOLX_Firnberg_2014,192,23,0.5399695055543454,2.5399695055543456
BLAT_ECOLX_Firnberg_2014,192,24,-0.5018514484861686,2.4981485515138315
BLAT_ECOLX_Firnberg_2014,192,25,0.50860379002396,2.50860379002396
BLAT_ECOLX_Firnberg_2014,192,26,1.50860379002396,2.50860379002396
BLAT_ECOLX_Firnberg_2014,192,27,1.4981485515138315,2.4981485515138315
BLAT_ECOLX_Firnberg_2014,192,28,-0.49139620997604005,2.50860379002396
BLAT_ECOLX_Firnberg_2014,192,29,-0.49139620997604005,2.50860379002396
BLAT_ECOLX_Firnberg_2014,192,30,0.5190590285340884,2.5190590285340884
BLAT_ECOLX_Firnberg_2014,192,31,1.4981485515138315,2.4981485515138315
BLAT_ECOLX_Firnberg_2014,192,32,-0.47048573295578305,2.529514267044217
BLAT_ECOLX_Firnberg_2014,192,33,-0.49139620997604005,2.50860379002396
BLAT_ECOLX_Firnberg_2014,192,34,-0.49139620997604005,2.50860379002396
BLAT_ECOLX_Firnberg_2014,192,35,-0.47048573295578305,2.529514267044217
BLAT_ECOLX_Firnberg_2014,192,36,2.50860379002396,2.50860379002396
BLAT_ECOLX_Firnberg_2014,192,37,-0.4809409714659116,2.5190590285340884
BLAT_ECOLX_Firnberg_2014,192,38,1.50860379002396,2.50860379002396
BLAT_ECOLX_Firnberg_2014,192,39,0.50860379002396,2.50860379002396
BLAT_ECOLX_Firnberg_2014,384,0,0.4980677426687884,2.4980677426687885
BLAT_ECOLX_Firnberg_2014,384,1,0.48715617185724025,2.48715617185724
BLAT_ECOLX_Firnberg_2014,384,2,-0.5128438281427598,2.48715617185724
BLAT_ECOLX_Firnberg_2014,384,3,-0.4691975448965674,2.5308024551034327
BLAT_ECOLX_Firnberg_2014,384,4,-0.4364628324619232,2.563537167538077
BLAT_ECOLX_Firnberg_2014,384,5,2.5308024551034327,2.5308024551034327
BLAT_ECOLX_Firnberg_2014,384,6,0.5198908842918846,2.5198908842918843
BLAT_ECOLX_Firnberg_2014,384,7,0.4980677426687884,2.4980677426687885
BLAT_ECOLX_Firnberg_2014,384,8,-0.4801091157081155,2.5198908842918843
BLAT_ECOLX_Firnberg_2014,384,9,-0.4801091157081155,2.5198908842918843
BLAT_ECOLX_Firnberg_2014,384,10,-0.4910206865196636,2.5089793134803364
BLAT_ECOLX_Firnberg_2014,384,11,5.530802455103433,2.5308024551034327
BLAT_ECOLX_Firnberg_2014,384,12,-0.4582859740850193,1.5417140259149806
BLAT_ECOLX_Firnberg_2014,384,13,1.5308024551034327,1.5308024551034327
BLAT_ECOLX_Firnberg_2014,384,14,1.5089793134803364,1.5089793134803364
BLAT_ECOLX_Firnberg_2014,384,15,-0.4910206865196636,2.5089793134803364
BLAT_ECOLX_Firnberg_2014,384,16,2.4980677426687885,2.4980677426687885
BLAT_ECOLX_Firnberg_2014,384,17,2.5417140259149806,2.5417140259149806
BLAT_ECOLX_Firnberg_2014,384,18,2.5417140259149806,1.5417140259149806
BLAT_ECOLX_Firnberg_2014,384,19,0.5308024551034326,2.5308024551034327
BLAT_ECOLX_Firnberg_2014,384,20,2.5308024551034327,2.5308024551034327
BLAT_ECOLX_Firnberg_2014,384,21,-0.5128438281427598,2.48715617185724
BLAT_ECOLX_Firnberg_2014,384,22,0.5089793134803364,2.5089793134803364
BLAT_ECOLX_Firnberg_2014,384,23,1.5308024551034327,1.5308024551034327
BLAT_ECOLX_Firnberg_2014,384,24,1.563537167538077,1.563537167538077
BLAT_ECOLX_Firnberg_2014,384,25,-0.4910206865196636,2.5089793134803364
BLAT_ECOLX_Firnberg_2014,384,26,-0.5019322573312116,2.4980677426687885
BLAT_ECOLX_Firnberg_2014,384,27,0.48715617185724025,1.4871561718572401
BLAT_ECOLX_Firnberg_2014,384,28,-0.4801091157081155,2.5198908842918843
BLAT_ECOLX_Firnberg_2014,384,29,-0.4801091157081155,2.5198908842918843
BLAT_ECOLX_Firnberg_2014,384,30,-0.4691975448965674,1.5308024551034327
BLAT_ECOLX_Firnberg_2014,384,31,-0.5019322573312116,2.4980677426687885
BLAT_ECOLX_Firnberg_2014,384,32,-0.4910206865196636,2.5089793134803364
BLAT_ECOLX_Firnberg_2014,384,33,1.5089793134803364,2.5089793134803364
BLAT_ECOLX_Firnberg_2014,384,34,0.4980677426687884,2.4980677426687885
BLAT_ECOLX_Firnberg_2014,384,35,-0.4801091157081155,2.5198908842918843
BLAT_ECOLX_Firnberg_2014,384,36,-0.4473744032734712,2.5526255967265286
BLAT_ECOLX_Firnberg_2014,384,37,0.5308024551034326,2.5308024551034327
BLAT_ECOLX_Firnberg_2014,384,38,1.5308024551034327,2.5308024551034327
BLAT_ECOLX_Firnberg_2014,384,39,-0.5237553989543078,2.476244601045692
BLAT_ECOLX_Stiffler_2015,24,0,4.536604987932422,1.5366049879324215
BLAT_ECOLX_Stiffler_2015,24,1,0.5172968624296058,1.517296862429606
BLAT_ECOLX_Stiffler_2015,24,2,0.5172968624296058,1.517296862429606
BLAT_ECOLX_Stiffler_2015,24,3,1.517296862429606,1.517296862429606
BLAT_ECOLX_Stiffler_2015,24,4,-0.47304907481898634,1.5269509251810136
BLAT_ECOLX_Stiffler_2015,24,5,2.517296862429606,1.517296862429606
BLAT_ECOLX_Stiffler_2015,24,6,4.536604987932422,1.5366049879324215
BLAT_ECOLX_Stiffler_2015,24,7,-0.4827031375703942,1.517296862429606
BLAT_ECOLX_Stiffler_2015,24,8,0.5172968624296058,1.517296862429606
BLAT_ECOLX_Stiffler_2015,24,9,2.517296862429606,1.517296862429606
BLAT_ECOLX_Stiffler_2015,24,10,1.517296862429606,1.517296862429606
BLAT_ECOLX_Stiffler_2015,24,11,1.517296862429606,1.517296862429606
BLAT_ECOLX_Stiffler_2015,24,12,-0.4827031375703942,1.517296862429606
BLAT_ECOLX_Stiffler_2015,24,13,1.5269509251810136,1.5269509251810136
BLAT_ECOLX_Stiffler_2015,24,14,0.5172968624296058,1.517296862429606
BLAT_ECOLX_Stiffler_2015,24,15,2.526950925181014,1.5269509251810136
BLAT_ECOLX_Stiffler_2015,24,16,1.517296862429606,1.517296862429606
BLAT_ECOLX_Stiffler_2015,24,17,1.517296862429606,1.517296862429606
BLAT_ECOLX_Stiffler_2015,24,18,1.5366049879324215,1.5366049879324215
BLAT_ECOLX_Stiffler_2015,24,19,-0.4827031375703942,1.517296862429606
BLAT_ECOLX_Stiffler_2015,24,20,0.5172968624296058,1.517296862429606
BLAT_ECOLX_Stiffler_2015,24,21,-0.4827031375703942,1.517296862429606
BLAT_ECOLX_Stiffler_2015,24,22,1.517296862429606,1.517296862429606
BLAT_ECOLX_Stiffler_2015,24,23,2.517296862429606,1.517296862429606
BLAT_ECOLX_Stiffler_2015,24,24,1.517296862429606,1.517296862429606
BLAT_ECOLX_Stiffler_2015,24,25,0.5172968624296058,1.517296862429606
BLAT_ECOLX_Stiffler_2015,24,26,3.517296862429606,1.517296862429606
BLAT_ECOLX_Stiffler_2015,24,27,0.5172968624296058,1.517296862429606
BLAT_ECOLX_Stiffler_2015,24,28,-0.4827031375703942,1.517296862429606
BLAT_ECOLX_Stiffler_2015,24,29,0.5172968624296058,1.517296862429606
BLAT_ECOLX_Stiffler_2015,24,30,0.5172968624296058,1.517296862429606
BLAT_ECOLX_Stiffler_2015,24,31,1.517296862429606,1.517296862429606
BLAT_ECOLX_Stiffler_2015,24,32,0.5172968624296058,1.517296862429606
BLAT_ECOLX_Stiffler_2015,24,33,-0.4827031375703942,1.517296862429606
BLAT_ECOLX_Stiffler_2015,24,34,1.5269509251810136,1.5269509251810136
BLAT_ECOLX_Stiffler_2015,24,35,0.5172968624296058,1.517296862429606
BLAT_ECOLX_Stiffler_2015,24,36,-0.47304907481898634,1.5269509251810136
BLAT_ECOLX_Stiffler_2015,24,37,1.517296862429606,1.517296862429606
BLAT_ECOLX_Stiffler_2015,24,38,-0.47304907481898634,1.5269509251810136
BLAT_ECOLX_Stiffler_2015,24,39,0.5269509251810136,1.5269509251810136
BLAT_ECOLX_Stiffler_2015,48,0,1.524656426839127,1.524656426839127
BLAT_ECOLX_Stiffler_2015,48,1,1.5149555375909458,1.5149555375909458
BLAT_ECOLX_Stiffler_2015,48,2,4.524656426839127,1.524656426839127
BLAT_ECOLX_Stiffler_2015,48,3,3.524656426839127,1.524656426839127
BLAT_ECOLX_Stiffler_2015,48,4,1.524656426839127,1.524656426839127
BLAT_ECOLX_Stiffler_2015,48,5,1.5149555375909458,1.5149555375909458
BLAT_ECOLX_Stiffler_2015,48,6,0.5149555375909458,1.5149555375909458
BLAT_ECOLX_Stiffler_2015,48,7,1.5149555375909458,1.5149555375909458
BLAT_ECOLX_Stiffler_2015,48,8,1.534357316087308,1.534357316087308
BLAT_ECOLX_Stiffler_2015,48,9,-0.47534357316087306,1.524656426839127
BLAT_ECOLX_Stiffler_2015,48,10,0.5149555375909458,1.5149555375909458
BLAT_ECOLX_Stiffler_2015,48,11,-0.4850444624090542,1.5149555375909458
BLAT_ECOLX_Stiffler_2015,48,12,1.5149555375909458,1.5149555375909458
BLAT_ECOLX_Stiffler_2015,48,13,3.524656426839127,1.524656426839127
BLAT_ECOLX_Stiffler_2015,48,14,1.5149555375909458,1.5149555375909458
BLAT_ECOLX_Stiffler_2015,48,15,0.5149555375909458,1.5149555375909458
BLAT_ECOLX_Stiffler_2015,48,16,3.534357316087308,1.534357316087308
BLAT_ECOLX_Stiffler_2015,48,17,1.524656426839127,1.524656426839127
BLAT_ECOLX_Stiffler_2015,48,18,2.5149555375909456,1.5149555375909458
BLAT_ECOLX_Stiffler_2015,48,19,0.5149555375909458,1.5149555375909458
BLAT_ECOLX_Stiffler_2015,48,20,1.5149555375909458,1.5149555375909458
BLAT_ECOLX_Stiffler_2015,48,21,0.5149555375909458,1.5149555375909458
BLAT_ECOLX_Stiffler_2015,48,22,0.5149555375909458,1.5149555375909458
BLAT_ECOLX_Stiffler_2015,48,23,0.5149555375909458,1.5149555375909458
BLAT_ECOLX_Stiffler_2015,48,24,0.5440582053354891,1.5440582053354892
BLAT_ECOLX_Stiffler_2015,48,25,-0.4850444624090542,1.5149555375909458
BLAT_ECOLX_Stiffler_2015,48,26,1.5149555375909458,1.5149555375909458
BLAT_ECOLX_Stiffler_2015,48,27,0.5246564268391269,1.524656426839127
BLAT_ECOLX_Stiffler_2015,48,28,1.524656426839127,1.524656426839127
BLAT_ECOLX_Stiffler_2015,48,29,0.5149555375909458,1.5149555375909458
BLAT_ECOLX_Stiffler_2015,48,30,5.514955537590946,1.5149555375909458
BLAT_ECOLX_Stiffler_2015,48,31,2.524656426839127,1.524656426839127
BLAT_ECOLX_Stiffler_2015,48,32,1.5149555375909458,1.5149555375909458
BLAT_ECOLX_Stiffler_2015,48,33,1.5149555375909458,1.5149555375909458
BLAT_ECOLX_Stiffler_2015,48,34,-0.4850444624090542,1.5149555375909458
BLAT_ECOLX_Stiffler_2015,48,35,0.5149555375909458,1.5149555375909458
BLAT_ECOLX_Stiffler_2015,48,36,-0.4559417946645109,0.5440582053354891
BLAT_ECOLX_Stiffler_2015,48,37,-0.4850444624090542,1.5149555375909458
BLAT_ECOLX_Stiffler_2015,48,38,2.534357316087308,1.534357316087308
BLAT_ECOLX_Stiffler_2015,48,39,2.524656426839127,1.524656426839127
BLAT_ECOLX_Stiffler_2015,96,0,2.52,1.52
BLAT_ECOLX_Stiffler_2015,96,1,1.52,1.52
BLAT_ECOLX_Stiffler_2015,96,2,2.510204081632653,1.510204081632653
BLAT_ECOLX_Stiffler_2015,96,3,1.52,1.52
BLAT_ECOLX_Stiffler_2015,96,4,0.5102040816326531,1.510204081632653
BLAT_ECOLX_Stiffler_2015,96,5,-0.48,1.52
BLAT_ECOLX_Stiffler_2015,96,6,0.52,1.52
BLAT_ECOLX_Stiffler_2015,96,7,2.529795918367347,1.529795918367347
BLAT_ECOLX_Stiffler_2015,96,8,1.529795918367347,1.529795918367347
BLAT_ECOLX_Stiffler_2015,96,9,2.529795918367347,1.529795918367347
BLAT_ECOLX_Stiffler_2015,96,10,1.52,1.52
BLAT_ECOLX_Stiffler_2015,96,11,1.510204081632653,1.510204081632653
BLAT_ECOLX_Stiffler_2015,96,12,0.52,1.52
BLAT_ECOLX_Stiffler_2015,96,13,1.52,1.52
BLAT_ECOLX_Stiffler_2015,96,14,0.52,1.52
BLAT_ECOLX_Stiffler_2015,96,15,0.52,1.52
BLAT_ECOLX_Stiffler_2015,96,16,0.52,1.52
BLAT_ECOLX_Stiffler_2015,96,17,0.52,0.52
BLAT_ECOLX_Stiffler_2015,96,18,0.52,1.52
BLAT_ECOLX_Stiffler_2015,96,19,0.5102040816326531,1.510204081632653
BLAT_ECOLX_Stiffler_2015,96,20,5.52,1.52
BLAT_ECOLX_Stiffler_2015,96,21,5.529795918367347,1.529795918367347
BLAT_ECOLX_Stiffler_2015,96,22,0.52,1.52
BLAT_ECOLX_Stiffler_2015,96,23,0.52,0.52
BLAT_ECOLX_Stiffler_2015,96,24,0.529795918367347,0.529795918367347
BLAT_ECOLX_Stiffler_2015,96,25,1.529795918367347,0.529795918367347
BLAT_ECOLX_Stiffler_2015,96,26,0.52,1.52
BLAT_ECOLX_Stiffler_2015,96,27,-0.48,1.52
BLAT_ECOLX_Stiffler_2015,96,28,0.5102040816326531,1.510204081632653
BLAT_ECOLX_Stiffler_2015,96,29,2.529795918367347,1.529795918367347
BLAT_ECOLX_Stiffler_2015,96,30,1.529795918367347,1.529795918367347
BLAT_ECOLX_Stiffler_2015,96,31,0.5102040816326531,1.510204081632653
BLAT_ECOLX_Stiffler_2015,96,32,1.52,1.52
BLAT_ECOLX_Stiffler_2015,96,33,1.5493877551020407,1.5493877551020407
BLAT_ECOLX_Stiffler_2015,96,34,3.529795918367347,1.529795918367347
BLAT_ECOLX_Stiffler_2015,96,35,1.52,1.52
BLAT_ECOLX_Stiffler_2015,96,36,1.52,1.52
BLAT_ECOLX_Stiffler_2015,96,37,1.52,1.52
BLAT_ECOLX_Stiffler_2015,96,38,1.52,1.52
BLAT_ECOLX_Stiffler_2015,96,39,1.510204081632653,1.510204081632653
BLAT_ECOLX_Stiffler_2015,192,0,3.540383014154871,0.5403830141548709
BLAT_ECOLX_Stiffler_2015,192,1,4.520399666944213,1.520399666944213
BLAT_ECOLX_Stiffler_2015,192,2,0.5104079933388843,1.5104079933388843
BLAT_ECOLX_Stiffler_2015,192,3,1.520399666944213,1.520399666944213
BLAT_ECOLX_Stiffler_2015,192,4,2.5104079933388843,1.5104079933388843
BLAT_ECOLX_Stiffler_2015,192,5,1.5403830141548709,0.5403830141548709
BLAT_ECOLX_Stiffler_2015,192,6,0.5203996669442131,1.520399666944213
BLAT_ECOLX_Stiffler_2015,192,7,-0.45961698584512906,1.5403830141548709
BLAT_ECOLX_Stiffler_2015,192,8,0.5403830141548709,1.5403830141548709
BLAT_ECOLX_Stiffler_2015,192,9,1.5004163197335554,1.5004163197335554
BLAT_ECOLX_Stiffler_2015,192,10,1.5104079933388843,1.5104079933388843
BLAT_ECOLX_Stiffler_2015,192,11,1.5104079933388843,1.5104079933388843
BLAT_ECOLX_Stiffler_2015,192,12,-0.48959200666111574,1.5104079933388843
BLAT_ECOLX_Stiffler_2015,192,13,1.520399666944213,1.520399666944213
BLAT_ECOLX_Stiffler_2015,192,14,0.5004163197335554,1.5004163197335554
BLAT_ECOLX_Stiffler_2015,192,15,-0.4995836802664446,1.5004163197335554
BLAT_ECOLX_Stiffler_2015,192,16,-0.45961698584512906,1.5403830141548709
BLAT_ECOLX_Stiffler_2015,192,17,0.5303913405495421,1.5303913405495422
BLAT_ECOLX_Stiffler_2015,192,18,0.5104079933388843,1.5104079933388843
BLAT_ECOLX_Stiffler_2015,192,19,3.5104079933388843,1.5104079933388843
BLAT_ECOLX_Stiffler_2015,192,20,-0.47960033305578686,1.520399666944213
BLAT_ECOLX_Stiffler_2015,192,21,-0.47960033305578686,1.520399666944213
BLAT_ECOLX_Stiffler_2015,192,22,2.530391340549542,1.5303913405495422
BLAT_ECOLX_Stiffler_2015,192,23,2.520399666944213,1.520399666944213
BLAT_ECOLX_Stiffler_2015,192,24,0.5104079933388843,1.5104079933388843
BLAT_ECOLX_Stiffler_2015,192,25,-0.48959200666111574,1.5104079933388843
BLAT_ECOLX_Stiffler_2015,192,26,-0.47960033305578686,1.520399666944213
BLAT_ECOLX_Stiffler_2015,192,27,1.5104079933388843,1.5104079933388843
BLAT_ECOLX_Stiffler_2015,192,28,3.520399666944213,1.520399666944213
BLAT_ECOLX_Stiffler_2015,192,29,0.5004163197335554,1.5004163197335554
BLAT_ECOLX_Stiffler_2015,192,30,0.5104079933388843,1.5104079933388843
BLAT_ECOLX_Stiffler_2015,192,31,-0.48959200666111574,1.5104079933388843
BLAT_ECOLX_Stiffler_2015,192,32,2.5104079933388843,1.5104079933388843
BLAT_ECOLX_Stiffler_2015,192,33,0.5203996669442131,1.520399666944213
BLAT_ECOLX_Stiffler_2015,192,34,-0.48959200666111574,1.5104079933388843
BLAT_ECOLX_Stiffler_2015,192,35,1.5403830141548709,1.5403830141548709
BLAT_ECOLX_Stiffler_2015,192,36,0.5104079933388843,1.5104079933388843
BLAT_ECOLX_Stiffler_2015,192,37,1.5403830141548709,1.5403830141548709
BLAT_ECOLX_Stiffler_2015,192,38,0.5004163197335554,1.5004163197335554
BLAT_ECOLX_Stiffler_2015,192,39,2.5104079933388843,1.5104079933388843
BLAT_ECOLX_Stiffler_2015,384,0,1.5524718126626191,1.5524718126626191
BLAT_ECOLX_Stiffler_2015,384,1,0.5316565481352993,1.5316565481352993
BLAT_ECOLX_Stiffler_2015,384,2,0.5004336513443192,1.500433651344319
BLAT_ECOLX_Stiffler_2015,384,3,0.4900260190806591,1.4900260190806591
BLAT_ECOLX_Stiffler_2015,384,4,-0.4787510841283608,1.5212489158716391
BLAT_ECOLX_Stiffler_2015,384,5,2.5316565481352993,1.5316565481352993
BLAT_ECOLX_Stiffler_2015,384,6,1.5316565481352993,0.5316565481352993
BLAT_ECOLX_Stiffler_2015,384,7,0.5316565481352993,1.5316565481352993
BLAT_ECOLX_Stiffler_2015,384,8,1.5108412836079792,0.5108412836079792
BLAT_ECOLX_Stiffler_2015,384,9,0.4900260190806591,1.4900260190806591
BLAT_ECOLX_Stiffler_2015,384,10,5.521248915871639,1.5212489158716391
BLAT_ECOLX_Stiffler_2015,384,11,1.5316565481352993,0.5316565481352993
BLAT_ECOLX_Stiffler_2015,384,12,0.5108412836079792,1.5108412836079792
BLAT_ECOLX_Stiffler_2015,384,13,4.510841283607979,1.5108412836079792
BLAT_ECOLX_Stiffler_2015,384,14,0.5108412836079792,0.5108412836079792
BLAT_ECOLX_Stiffler_2015,384,15,-0.4787510841283608,1.5212489158716391
BLAT_ECOLX_Stiffler_2015,384,16,1.5316565481352993,0.5316565481352993
BLAT_ECOLX_Stiffler_2015,384,17,0.5316565481352993,1.5316565481352993
BLAT_ECOLX_Stiffler_2015,384,18,-0.4371205550737207,1.5628794449262793
BLAT_ECOLX_Stiffler_2015,384,19,0.5108412836079792,1.5108412836079792
BLAT_ECOLX_Stiffler_2015,384,20,0.5420641803989592,1.5420641803989592
BLAT_ECOLX_Stiffler_2015,384,21,2.5732870771899394,1.5732870771899392
BLAT_ECOLX_Stiffler_2015,384,22,1.5108412836079792,1.5108412836079792
BLAT_ECOLX_Stiffler_2015,384,23,1.5108412836079792,1.5108412836079792
BLAT_ECOLX_Stiffler_2015,384,24,1.500433651344319,1.500433651344319
BLAT_ECOLX_Stiffler_2015,384,25,0.5108412836079792,1.5108412836079792
BLAT_ECOLX_Stiffler_2015,384,26,0.5212489158716391,1.5212489158716391
BLAT_ECOLX_Stiffler_2015,384,27,-0.4787510841283608,1.5212489158716391
BLAT_ECOLX_Stiffler_2015,384,28,2.5212489158716394,1.5212489158716391
BLAT_ECOLX_Stiffler_2015,384,29,-0.4787510841283608,1.5212489158716391
BLAT_ECOLX_Stiffler_2015,384,30,0.5212489158716391,1.5212489158716391
BLAT_ECOLX_Stiffler_2015,384,31,0.5212489158716391,1.5212489158716391
BLAT_ECOLX_Stiffler_2015,384,32,-0.5099739809193409,1.4900260190806591
BLAT_ECOLX_Stiffler_2015,384,33,2.5212489158716394,1.5212489158716391
BLAT_ECOLX_Stiffler_2015,384,34,-0.4683434518647008,0.5316565481352993
BLAT_ECOLX_Stiffler_2015,384,35,2.5316565481352993,1.5316565481352993
BLAT_ECOLX_Stiffler_2015,384,36,0.5316565481352993,1.5316565481352993
BLAT_ECOLX_Stiffler_2015,384,37,0.4796183868169991,1.4796183868169992
BLAT_ECOLX_Stiffler_2015,384,38,-0.4683434518647008,1.5316565481352993
BLAT_ECOLX_Stiffler_2015,384,39,2.510841283607979,1.5108412836079792
CALM1_HUMAN_Weile_2017,24,0,0.5170486305198435,-0.4829513694801565
CALM1_HUMAN_Weile_2017,24,1,0.5170486305198435,-0.4829513694801565
CALM1_HUMAN_Weile_2017,24,2,0.5170486305198435,-0.4829513694801565
CALM1_HUMAN_Weile_2017,24,3,-0.4829513694801565,-0.4829513694801565
CALM1_HUMAN_Weile_2017,24,4,-0.4829513694801565,-0.4829513694801565
CALM1_HUMAN_Weile_2017,24,5,-0.45612073784237006,-0.45612073784237006
CALM1_HUMAN_Weile_2017,24,6,-0.4829513694801565,-0.4829513694801565
CALM1_HUMAN_Weile_2017,24,7,-0.45612073784237006,-0.45612073784237006
CALM1_HUMAN_Weile_2017,24,8,-0.4829513694801565,-0.4829513694801565
CALM1_HUMAN_Weile_2017,24,9,-0.4829513694801565,-0.4829513694801565
CALM1_HUMAN_Weile_2017,24,10,1.5438792621576298,-0.45612073784237006
CALM1_HUMAN_Weile_2017,24,11,-0.45612073784237006,-0.45612073784237006
CALM1_HUMAN_Weile_2017,24,12,-0.45612073784237006,-0.45612073784237006
CALM1_HUMAN_Weile_2017,24,13,-0.45612073784237006,-0.45612073784237006
CALM1_HUMAN_Weile_2017,24,14,0.5170486305198435,-0.4829513694801565
CALM1_HUMAN_Weile_2017,24,15,-0.4829513694801565,-0.4829513694801565
CALM1_HUMAN_Weile_2017,24,16,-0.4829513694801565,-0.4829513694801565
CALM1_HUMAN_Weile_2017,24,17,-0.4829513694801565,-0.4829513694801565
CALM1_HUMAN_Weile_2017,24,18,-0.4829513694801565,-0.4829513694801565
CALM1_HUMAN_Weile_2017,24,19,-0.4829513694801565,-0.4829513694801565
CALM1_HUMAN_Weile_2017,24,20,-0.4829513694801565,-0.4829513694801565
CALM1_HUMAN_Weile_2017,24,21,0.5170486305198435,-0.4829513694801565
CALM1_HUMAN_Weile_2017,24,22,0.5170486305198435,-0.4829513694801565
CALM1_HUMAN_Weile_2017,24,23,-0.45612073784237006,-0.45612073784237006
CALM1_HUMAN_Weile_2017,24,24,0.5438792621576299,-0.45612073784237006
CALM1_HUMAN_Weile_2017,24,25,-0.4829513694801565,-0.4829513694801565
CALM1_HUMAN_Weile_2017,24,26,-0.4829513694801565,-0.4829513694801565
CALM1_HUMAN_Weile_2017,24,27,-0.4292901062045836,-0.4292901062045836
CALM1_HUMAN_Weile_2017,24,28,-0.4829513694801565,-0.4829513694801565
CALM1_HUMAN_Weile_2017,24,29,0.5170486305198435,-0.4829513694801565
CALM1_HUMAN_Weile_2017,24,30,1.5438792621576298,-0.45612073784237006
CALM1_HUMAN_Weile_2017,24,31,-0.4829513694801565,-0.4829513694801565
CALM1_HUMAN_Weile_2017,24,32,0.5170486305198435,-0.4829513694801565
CALM1_HUMAN_Weile_2017,24,33,-0.4829513694801565,-0.4829513694801565
CALM1_HUMAN_Weile_2017,24,34,-0.4829513694801565,-0.4829513694801565
CALM1_HUMAN_Weile_2017,24,35,1.5170486305198434,-0.4829513694801565
CALM1_HUMAN_Weile_2017,24,36,-0.4292901062045836,-0.4292901062045836
CALM1_HUMAN_Weile_2017,24,37,0.5170486305198435,-0.4829513694801565
CALM1_HUMAN_Weile_2017,24,38,0.5170486305198435,-0.4829513694801565
CALM1_HUMAN_Weile_2017,24,39,0.5170486305198435,-0.4829513694801565
CALM1_HUMAN_Weile_2017,48,0,-0.4623229461756374,-0.4623229461756374
CALM1_HUMAN_Weile_2017,48,1,3.5104815864022663,-0.48951841359773374
CALM1_HUMAN_Weile_2017,48,2,-0.48951841359773374,-0.48951841359773374
CALM1_HUMAN_Weile_2017,48,3,-0.48951841359773374,-0.48951841359773374
CALM1_HUMAN_Weile_2017,48,4,-0.4623229461756374,-0.4623229461756374
CALM1_HUMAN_Weile_2017,48,5,-0.48951841359773374,-0.48951841359773374
CALM1_HUMAN_Weile_2017,48,6,-0.48951841359773374,-0.48951841359773374
CALM1_HUMAN_Weile_2017,48,7,-0.48951841359773374,-0.48951841359773374
CALM1_HUMAN_Weile_2017,48,8,0.5376770538243626,-0.4623229461756374
CALM1_HUMAN_Weile_2017,48,9,-0.48951841359773374,-0.48951841359773374
CALM1_HUMAN_Weile_2017,48,10,0.5648725212464589,-0.4351274787535411
CALM1_HUMAN_Weile_2017,48,11,-0.48951841359773374,-0.48951841359773374
CALM1_HUMAN_Weile_2017,48,12,-0.4351274787535411,-0.4351274787535411
CALM1_HUMAN_Weile_2017,48,13,-0.48951841359773374,-0.48951841359773374
CALM1_HUMAN_Weile_2017,48,14,-0.48951841359773374,-0.48951841359773374
CALM1_HUMAN_Weile_2017,48,15,-0.48951841359773374,-0.48951841359773374
CALM1_HUMAN_Weile_2017,48,16,-0.48951841359773374,-0.48951841359773374
CALM1_HUMAN_Weile_2017,48,17,-0.48951841359773374,-0.48951841359773374
CALM1_HUMAN_Weile_2017,48,18,-0.4351274787535411,-0.4351274787535411
CALM1_HUMAN_Weile_2017,48,19,-0.48951841359773374,-0.48951841359773374
CALM1_HUMAN_Weile_2017,48,20,0.5104815864022663,-0.48951841359773374
CALM1_HUMAN_Weile_2017,48,21,-0.48951841359773374,-0.48951841359773374
CALM1_HUMAN_Weile_2017,48,22,-0.48951841359773374,-0.48951841359773374
CALM1_HUMAN_Weile_2017,48,23,0.5376770538243626,-0.4623229461756374
CALM1_HUMAN_Weile_2017,48,24,-0.48951841359773374,-0.48951841359773374
CALM1_HUMAN_Weile_2017,48,25,-0.4623229461756374,-0.4623229461756374
CALM1_HUMAN_Weile_2017,48,26,-0.48951841359773374,-0.48951841359773374
CALM1_HUMAN_Weile_2017,48,27,-0.48951841359773374,-0.48951841359773374
CALM1_HUMAN_Weile_2017,48,28,-0.48951841359773374,-0.48951841359773374
CALM1_HUMAN_Weile_2017,48,29,-0.48951841359773374,-0.48951841359773374
CALM1_HUMAN_Weile_2017,48,30,0.5376770538243626,-0.4623229461756374
CALM1_HUMAN_Weile_2017,48,31,-0.4351274787535411,-0.4351274787535411
CALM1_HUMAN_Weile_2017,48,32,0.5104815864022663,-0.48951841359773374
CALM1_HUMAN_Weile_2017,48,33,-0.48951841359773374,-0.48951841359773374
CALM1_HUMAN_Weile_2017,48,34,-0.48951841359773374,-0.48951841359773374
CALM1_HUMAN_Weile_2017,48,35,0.5104815864022663,-0.48951841359773374
CALM1_HUMAN_Weile_2017,48,36,-0.48951841359773374,-0.48951841359773374
CALM1_HUMAN_Weile_2017,48,37,0.5376770538243626,-0.4623229461756374
CALM1_HUMAN_Weile_2017,48,38,-0.48951841359773374,-0.48951841359773374
CALM1_HUMAN_Weile_2017,48,39,-0.48951841359773374,-0.48951841359773374
CALM1_HUMAN_Weile_2017,96,0,-0.41933605125218404,-0.41933605125218404
CALM1_HUMAN_Weile_2017,96,1,-0.4752475247524752,-0.4752475247524752
CALM1_HUMAN_Weile_2017,96,2,-0.44729178800232966,-0.44729178800232966
CALM1_HUMAN_Weile_2017,96,3,-0.5032032615026208,-0.5032032615026208
CALM1_HUMAN_Weile_2017,96,4,-0.5032032615026208,-0.5032032615026208
CALM1_HUMAN_Weile_2017,96,5,-0.4752475247524752,-0.4752475247524752
CALM1_HUMAN_Weile_2017,96,6,-0.5032032615026208,-0.5032032615026208
CALM1_HUMAN_Weile_2017,96,7,-0.5032032615026208,-0.5032032615026208
CALM1_HUMAN_Weile_2017,96,8,-0.4752475247524752,-0.4752475247524752
CALM1_HUMAN_Weile_2017,96,9,-0.5032032615026208,-0.5032032615026208
CALM1_HUMAN_Weile_2017,96,10,0.5247524752475248,-0.4752475247524752
CALM1_HUMAN_Weile_2017,96,11,-0.41933605125218404,-0.41933605125218404
CALM1_HUMAN_Weile_2017,96,12,0.49679673849737915,-0.5032032615026208
CALM1_HUMAN_Weile_2017,96,13,-0.5032032615026208,-0.5032032615026208
CALM1_HUMAN_Weile_2017,96,14,-0.4752475247524752,-0.4752475247524752
CALM1_HUMAN_Weile_2017,96,15,0.5527082119976703,-0.44729178800232966
CALM1_HUMAN_Weile_2017,96,16,1.5527082119976703,-0.44729178800232966
CALM1_HUMAN_Weile_2017,96,17,-0.5032032615026208,-0.5032032615026208
CALM1_HUMAN_Weile_2017,96,18,-0.5032032615026208,-0.5032032615026208
CALM1_HUMAN_Weile_2017,96,19,-0.4752475247524752,-0.4752475247524752
CALM1_HUMAN_Weile_2017,96,20,0.5247524752475248,-0.4752475247524752
CALM1_HUMAN_Weile_2017,96,21,0.5247524752475248,-0.4752475247524752
CALM1_HUMAN_Weile_2017,96,22,0.49679673849737915,-0.5032032615026208
CALM1_HUMAN_Weile_2017,96,23,-0.4752475247524752,-0.4752475247524752
CALM1_HUMAN_Weile_2017,96,24,-0.4752475247524752,-0.4752475247524752
CALM1_HUMAN_Weile_2017,96,25,-0.4752475247524752,-0.4752475247524752
CALM1_HUMAN_Weile_2017,96,26,-0.5032032615026208,-0.5032032615026208
CALM1_HUMAN_Weile_2017,96,27,-0.4752475247524752,-0.4752475247524752
CALM1_HUMAN_Weile_2017,96,28,-0.5032032615026208,-0.5032032615026208
CALM1_HUMAN_Weile_2017,96,29,-0.5032032615026208,-0.5032032615026208
CALM1_HUMAN_Weile_2017,96,30,0.6365754222481071,-0.36342457775189285
CALM1_HUMAN_Weile_2017,96,31,-0.5032032615026208,-0.5032032615026208
CALM1_HUMAN_Weile_2017,96,32,-0.5032032615026208,-0.5032032615026208
CALM1_HUMAN_Weile_2017,96,33,-0.5032032615026208,-0.5032032615026208
CALM1_HUMAN_Weile_2017,96,34,0.580663948747816,-0.41933605125218404
CALM1_HUMAN_Weile_2017,96,35,-0.4752475247524752,-0.4752475247524752
CALM1_HUMAN_Weile_2017,96,36,-0.5032032615026208,-0.5032032615026208
CALM1_HUMAN_Weile_2017,96,37,0.49679673849737915,-0.5032032615026208
CALM1_HUMAN_Weile_2017,96,38,0.5247524752475248,-0.4752475247524752
CALM1_HUMAN_Weile_2017,96,39,-0.4752475247524752,-0.4752475247524752
CALM1_HUMAN_Weile_2017,192,0,-0.5033929673041333,-0.5033929673041333
CALM1_HUMAN_Weile_2017,192,1,-0.5330043183220234,-0.5330043183220234
CALM1_HUMAN_Weile_2017,192,2,-0.44417026526835285,-0.44417026526835285
CALM1_HUMAN_Weile_2017,192,3,-0.5330043183220234,-0.5330043183220234
CALM1_HUMAN_Weile_2017,192,4,-0.5033929673041333,-0.5033929673041333
CALM1_HUMAN_Weile_2017,192,5,-0.47378161628624305,-0.47378161628624305
CALM1_HUMAN_Weile_2017,192,6,-0.5033929673041333,-0.5033929673041333
CALM1_HUMAN_Weile_2017,192,7,0.4966070326958667,-0.5033929673041333
CALM1_HUMAN_Weile_2017,192,8,-0.47378161628624305,-0.47378161628624305
CALM1_HUMAN_Weile_2017,192,9,-0.5330043183220234,-0.5330043183220234
CALM1_HUMAN_Weile_2017,192,10,-0.47378161628624305,-0.47378161628624305
CALM1_HUMAN_Weile_2017,192,11,-0.47378161628624305,-0.47378161628624305
CALM1_HUMAN_Weile_2017,192,12,-0.41455891425046265,-0.41455891425046265
CALM1_HUMAN_Weile_2017,192,13,-0.47378161628624305,-0.47378161628624305
CALM1_HUMAN_Weile_2017,192,14,-0.5330043183220234,-0.5330043183220234
CALM1_HUMAN_Weile_2017,192,15,0.46699568167797656,-0.5330043183220234
CALM1_HUMAN_Weile_2017,192,16,-0.44417026526835285,-0.44417026526835285
CALM1_HUMAN_Weile_2017,192,17,-0.47378161628624305,-0.47378161628624305
CALM1_HUMAN_Weile_2017,192,18,0.4966070326958667,-0.5033929673041333
CALM1_HUMAN_Weile_2017,192,19,-0.44417026526835285,-0.44417026526835285
CALM1_HUMAN_Weile_2017,192,20,-0.47378161628624305,-0.47378161628624305
CALM1_HUMAN_Weile_2017,192,21,-0.44417026526835285,-0.44417026526835285
CALM1_HUMAN_Weile_2017,192,22,-0.44417026526835285,-0.44417026526835285
CALM1_HUMAN_Weile_2017,192,23,0.5558297347316472,-0.44417026526835285
CALM1_HUMAN_Weile_2017,192,24,-0.47378161628624305,-0.47378161628624305
CALM1_HUMAN_Weile_2017,192,25,-0.3553362122146823,-0.3553362122146823
CALM1_HUMAN_Weile_2017,192,26,-0.47378161628624305,-0.47378161628624305
CALM1_HUMAN_Weile_2017,192,27,-0.41455891425046265,-0.41455891425046265
CALM1_HUMAN_Weile_2017,192,28,0.5558297347316472,-0.44417026526835285
CALM1_HUMAN_Weile_2017,192,29,-0.44417026526835285,-0.44417026526835285
CALM1_HUMAN_Weile_2017,192,30,-0.47378161628624305,-0.47378161628624305
CALM1_HUMAN_Weile_2017,192,31,-0.47378161628624305,-0.47378161628624305
CALM1_HUMAN_Weile_2017,192,32,-0.44417026526835285,-0.44417026526835285
CALM1_HUMAN_Weile_2017,192,33,-0.47378161628624305,-0.47378161628624305
CALM1_HUMAN_Weile_2017,192,34,0.526218383713757,-0.47378161628624305
CALM1_HUMAN_Weile_2017,192,35,-0.47378161628624305,-0.47378161628624305
CALM1_HUMAN_Weile_2017,192,36,-0.5033929673041333,-0.5033929673041333
CALM1_HUMAN_Weile_2017,192,37,-0.47378161628624305,-0.47378161628624305
CALM1_HUMAN_Weile_2017,192,38,-0.47378161628624305,-0.47378161628624305
CALM1_HUMAN_Weile_2017,192,39,-0.44417026526835285,-0.44417026526835285
CALM1_HUMAN_Weile_2017,384,0,-0.470258922323303,-0.470258922323303
CALM1_HUMAN_Weile_2017,384,1,-0.470258922323303,-0.470258922323303
CALM1_HUMAN_Weile_2017,384,2,-0.5710286913925823,-0.5710286913925823
CALM1_HUMAN_Weile_2017,384,3,-0.3694891532540238,-0.3694891532540238
CALM1_HUMAN_Weile_2017,384,4,-0.4366689993002099,-0.4366689993002099
CALM1_HUMAN_Weile_2017,384,5,-0.470258922323303,-0.470258922323303
CALM1_HUMAN_Weile_2017,384,6,-0.5038488453463961,-0.5038488453463961
CALM1_HUMAN_Weile_2017,384,7,-0.5038488453463961,-0.5038488453463961
CALM1_HUMAN_Weile_2017,384,8,-0.4366689993002099,-0.4366689993002099
CALM1_HUMAN_Weile_2017,384,9,-0.40307907627711687,-0.40307907627711687
CALM1_HUMAN_Weile_2017,384,10,-0.5374387683694891,-0.5374387683694891
CALM1_HUMAN_Weile_2017,384,11,0.4289713086074177,-0.5710286913925823
CALM1_HUMAN_Weile_2017,384,12,-0.470258922323303,-0.470258922323303
CALM1_HUMAN_Weile_2017,384,13,-0.5374387683694891,-0.5374387683694891
CALM1_HUMAN_Weile_2017,384,14,-0.470258922323303,-0.470258922323303
CALM1_HUMAN_Weile_2017,384,15,-0.4366689993002099,-0.4366689993002099
CALM1_HUMAN_Weile_2017,384,16,-0.470258922323303,-0.470258922323303
CALM1_HUMAN_Weile_2017,384,17,0.4625612316305109,-0.5374387683694891
CALM1_HUMAN_Weile_2017,384,18,-0.5710286913925823,-0.5710286913925823
CALM1_HUMAN_Weile_2017,384,19,0.4625612316305109,-0.5374387683694891
CALM1_HUMAN_Weile_2017,384,20,-0.5710286913925823,-0.5710286913925823
CALM1_HUMAN_Weile_2017,384,21,-0.470258922323303,-0.470258922323303
CALM1_HUMAN_Weile_2017,384,22,-0.3358992302309307,-0.3358992302309307
CALM1_HUMAN_Weile_2017,384,23,-0.3694891532540238,-0.3694891532540238
CALM1_HUMAN_Weile_2017,384,24,-0.5038488453463961,-0.5038488453463961
CALM1_HUMAN_Weile_2017,384,25,-0.5038488453463961,-0.5038488453463961
CALM1_HUMAN_Weile_2017,384,26,0.6305108467459761,-0.3694891532540238
CALM1_HUMAN_Weile_2017,384,27,-0.5038488453463961,-0.5038488453463961
CALM1_HUMAN_Weile_2017,384,28,-0.5710286913925823,-0.5710286913925823
CALM1_HUMAN_Weile_2017,384,29,-0.4366689993002099,-0.4366689993002099
CALM1_HUMAN_Weile_2017,384,30,-0.5374387683694891,-0.5374387683694891
CALM1_HUMAN_Weile_2017,384,31,-0.3694891532540238,-0.3694891532540238
CALM1_HUMAN_Weile_2017,384,32,-0.5374387683694891,-0.5374387683694891
CALM1_HUMAN_Weile_2017,384,33,-0.5038488453463961,-0.5038488453463961
CALM1_HUMAN_Weile_2017,384,34,0.4625612316305109,-0.5374387683694891
CALM1_HUMAN_Weile_2017,384,35,-0.40307907627711687,-0.40307907627711687
CALM1_HUMAN_Weile_2017,384,36,-0.5374387683694891,-0.5374387683694891
CALM1_HUMAN_Weile_2017,384,37,0.5969209237228832,-0.40307907627711687
CALM1_HUMAN_Weile_2017,384,38,-0.5038488453463961,-0.5038488453463961
CALM1_HUMAN_Weile_2017,384,39,-0.40307907627711687,-0.40307907627711687
CCDB_ECOLI_Tripathi_2016,24,0,-0.4978645515558267,-0.4978645515558267
CCDB_ECOLI_Tripathi_2016,24,1,-0.4978645515558267,-0.4978645515558267
CCDB_ECOLI_Tripathi_2016,24,2,-0.4685784014643075,-0.4685784014643075
CCDB_ECOLI_Tripathi_2016,24,3,-0.4978645515558267,-0.4978645515558267
CCDB_ECOLI_Tripathi_2016,24,4,1.5021354484441733,-0.4978645515558267
CCDB_ECOLI_Tripathi_2016,24,5,1.5314215985356925,-0.4685784014643075
CCDB_ECOLI_Tripathi_2016,24,6,-0.4978645515558267,-0.4978645515558267
CCDB_ECOLI_Tripathi_2016,24,7,0.5021354484441733,-0.4978645515558267
CCDB_ECOLI_Tripathi_2016,24,8,1.5314215985356925,-0.4685784014643075
CCDB_ECOLI_Tripathi_2016,24,9,-0.4978645515558267,-0.4978645515558267
CCDB_ECOLI_Tripathi_2016,24,10,-0.4978645515558267,-0.4978645515558267
CCDB_ECOLI_Tripathi_2016,24,11,-0.4978645515558267,-0.4978645515558267
CCDB_ECOLI_Tripathi_2016,24,12,-0.4978645515558267,-0.4978645515558267
CCDB_ECOLI_Tripathi_2016,24,13,-0.4978645515558267,-0.4978645515558267
CCDB_ECOLI_Tripathi_2016,24,14,1.5021354484441733,-0.4978645515558267
CCDB_ECOLI_Tripathi_2016,24,15,-0.4685784014643075,-0.4685784014643075
CCDB_ECOLI_Tripathi_2016,24,16,-0.4978645515558267,-0.4978645515558267
CCDB_ECOLI_Tripathi_2016,24,17,-0.4978645515558267,-0.4978645515558267
CCDB_ECOLI_Tripathi_2016,24,18,2.5314215985356925,-0.4685784014643075
CCDB_ECOLI_Tripathi_2016,24,19,-0.4978645515558267,-0.4978645515558267
CCDB_ECOLI_Tripathi_2016,24,20,-0.4978645515558267,-0.4978645515558267
CCDB_ECOLI_Tripathi_2016,24,21,-0.4978645515558267,-0.4978645515558267
CCDB_ECOLI_Tripathi_2016,24,22,-0.4978645515558267,-0.4978645515558267
CCDB_ECOLI_Tripathi_2016,24,23,-0.4978645515558267,-0.4978645515558267
CCDB_ECOLI_Tripathi_2016,24,24,-0.4100061012812691,-0.4100061012812691
CCDB_ECOLI_Tripathi_2016,24,25,-0.4978645515558267,-0.4978645515558267
CCDB_ECOLI_Tripathi_2016,24,26,-0.4978645515558267,-0.4978645515558267
CCDB_ECOLI_Tripathi_2016,24,27,-0.4978645515558267,-0.4978645515558267
CCDB_ECOLI_Tripathi_2016,24,28,-0.4978645515558267,-0.4978645515558267
CCDB_ECOLI_Tripathi_2016,24,29,6.531421598535692,-0.4685784014643075
CCDB_ECOLI_Tripathi_2016,24,30,-0.4978645515558267,-0.4978645515558267
CCDB_ECOLI_Tripathi_2016,24,31,-0.4685784014643075,-0.4685784014643075
CCDB_ECOLI_Tripathi_2016,24,32,-0.4685784014643075,-0.4685784014643075
CCDB_ECOLI_Tripathi_2016,24,33,-0.4685784014643075,-0.4685784014643075
CCDB_ECOLI_Tripathi_2016,24,34,-0.4978645515558267,-0.4978645515558267
CCDB_ECOLI_Tripathi_2016,24,35,-0.4978645515558267,-0.4978645515558267
CCDB_ECOLI_Tripathi_2016,24,36,-0.4978645515558267,-0.4978645515558267
CCDB_ECOLI_Tripathi_2016,24,37,-0.4978645515558267,-0.4978645515558267
CCDB_ECOLI_Tripathi_2016,24,38,-0.4978645515558267,-0.4978645515558267
CCDB_ECOLI_Tripathi_2016,24,39,1.5021354484441733,-0.4978645515558267
CCDB_ECOLI_Tripathi_2016,48,0,-0.5052631578947369,-0.5052631578947369
CCDB_ECOLI_Tripathi_2016,48,1,-0.5052631578947369,-0.5052631578947369
CCDB_ECOLI_Tripathi_2016,48,2,-0.5052631578947369,-0.5052631578947369
CCDB_ECOLI_Tripathi_2016,48,3,1.5244582043343653,-0.47554179566563465
CCDB_ECOLI_Tripathi_2016,48,4,-0.47554179566563465,-0.47554179566563465
CCDB_ECOLI_Tripathi_2016,48,5,-0.5052631578947369,-0.5052631578947369
CCDB_ECOLI_Tripathi_2016,48,6,-0.5052631578947369,-0.5052631578947369
CCDB_ECOLI_Tripathi_2016,48,7,-0.47554179566563465,-0.47554179566563465
CCDB_ECOLI_Tripathi_2016,48,8,-0.47554179566563465,-0.47554179566563465
CCDB_ECOLI_Tripathi_2016,48,9,-0.47554179566563465,-0.47554179566563465
CCDB_ECOLI_Tripathi_2016,48,10,4.5244582043343655,-0.47554179566563465
CCDB_ECOLI_Tripathi_2016,48,11,-0.5052631578947369,-0.5052631578947369
CCDB_ECOLI_Tripathi_2016,48,12,2.5541795665634677,-0.4458204334365325
CCDB_ECOLI_Tripathi_2016,48,13,-0.5052631578947369,-0.5052631578947369
CCDB_ECOLI_Tripathi_2016,48,14,-0.47554179566563465,-0.47554179566563465
CCDB_ECOLI_Tripathi_2016,48,15,-0.5052631578947369,-0.5052631578947369
CCDB_ECOLI_Tripathi_2016,48,16,0.49473684210526314,-0.5052631578947369
CCDB_ECOLI_Tripathi_2016,48,17,-0.4458204334365325,-0.4458204334365325
CCDB_ECOLI_Tripathi_2016,48,18,-0.4458204334365325,-0.4458204334365325
CCDB_ECOLI_Tripathi_2016,48,19,-0.5052631578947369,-0.5052631578947369
CCDB_ECOLI_Tripathi_2016,48,20,-0.5052631578947369,-0.5052631578947369
CCDB_ECOLI_Tripathi_2016,48,21,-0.5052631578947369,-0.5052631578947369
CCDB_ECOLI_Tripathi_2016,48,22,-0.5052631578947369,-0.5052631578947369
CCDB_ECOLI_Tripathi_2016,48,23,-0.5052631578947369,-0.5052631578947369
CCDB_ECOLI_Tripathi_2016,48,24,-0.47554179566563465,-0.47554179566563465
CCDB_ECOLI_Tripathi_2016,48,25,-0.5052631578947369,-0.5052631578947369
CCDB_ECOLI_Tripathi_2016,48,26,-0.5052631578947369,-0.5052631578947369
CCDB_ECOLI_Tripathi_2016,48,27,-0.5052631578947369,-0.5052631578947369
CCDB_ECOLI_Tripathi_2016,48,28,-0.5052631578947369,-0.5052631578947369
CCDB_ECOLI_Tripathi_2016,48,29,0.5244582043343653,-0.47554179566563465
CCDB_ECOLI_Tripathi_2016,48,30,1.4947368421052631,-0.5052631578947369
CCDB_ECOLI_Tripathi_2016,48,31,-0.5052631578947369,-0.5052631578947369
CCDB_ECOLI_Tripathi_2016,48,32,-0.5052631578947369,-0.5052631578947369
CCDB_ECOLI_Tripathi_2016,48,33,-0.5052631578947369,-0.5052631578947369
CCDB_ECOLI_Tripathi_2016,48,34,-0.5052631578947369,-0.5052631578947369
CCDB_ECOLI_Tripathi_2016,48,35,-0.47554179566563465,-0.47554179566563465
CCDB_ECOLI_Tripathi_2016,48,36,-0.5052631578947369,-0.5052631578947369
CCDB_ECOLI_Tripathi_2016,48,37,-0.5052631578947369,-0.5052631578947369
CCDB_ECOLI_Tripathi_2016,48,38,-0.5052631578947369,-0.5052631578947369
CCDB_ECOLI_Tripathi_2016,48,39,1.5244582043343653,-0.47554179566563465
CCDB_ECOLI_Tripathi_2016,96,0,3.5405232929164008,-0.4594767070835992
CCDB_ECOLI_Tripathi_2016,96,1,-0.5207402680280792,-0.5207402680280792
CCDB_ECOLI_Tripathi_2016,96,2,-0.4594767070835992,-0.4594767070835992
CCDB_ECOLI_Tripathi_2016,96,3,-0.4594767070835992,-0.4594767070835992
CCDB_ECOLI_Tripathi_2016,96,4,-0.4594767070835992,-0.4594767070835992
CCDB_ECOLI_Tripathi_2016,96,5,-0.5207402680280792,-0.5207402680280792
CCDB_ECOLI_Tripathi_2016,96,6,-0.4901084875558392,-0.4901084875558392
CCDB_ECOLI_Tripathi_2016,96,7,-0.5207402680280792,-0.5207402680280792
CCDB_ECOLI_Tripathi_2016,96,8,-0.4901084875558392,-0.4901084875558392
CCDB_ECOLI_Tripathi_2016,96,9,-0.4901084875558392,-0.4901084875558392
CCDB_ECOLI_Tripathi_2016,96,10,-0.5207402680280792,-0.5207402680280792
CCDB_ECOLI_Tripathi_2016,96,11,-0.4901084875558392,-0.4901084875558392
CCDB_ECOLI_Tripathi_2016,96,12,-0.5207402680280792,-0.5207402680280792
CCDB_ECOLI_Tripathi_2016,96,13,-0.5207402680280792,-0.5207402680280792
CCDB_ECOLI_Tripathi_2016,96,14,-0.5207402680280792,-0.5207402680280792
CCDB_ECOLI_Tripathi_2016,96,15,-0.4901084875558392,-0.4901084875558392
CCDB_ECOLI_Tripathi_2016,96,16,-0.4901084875558392,-0.4901084875558392
CCDB_ECOLI_Tripathi_2016,96,17,-0.5207402680280792,-0.5207402680280792
CCDB_ECOLI_Tripathi_2016,96,18,-0.5207402680280792,-0.5207402680280792
CCDB_ECOLI_Tripathi_2016,96,19,-0.5207402680280792,-0.5207402680280792
CCDB_ECOLI_Tripathi_2016,96,20,-0.5207402680280792,-0.5207402680280792
CCDB_ECOLI_Tripathi_2016,96,21,-0.5207402680280792,-0.5207402680280792
CCDB_ECOLI_Tripathi_2016,96,22,-0.4901084875558392,-0.4901084875558392
CCDB_ECOLI_Tripathi_2016,96,23,1.5098915124441608,-0.4901084875558392
CCDB_ECOLI_Tripathi_2016,96,24,-0.5207402680280792,-0.5207402680280792
CCDB_ECOLI_Tripathi_2016,96,25,2.509891512444161,-0.4901084875558392
CCDB_ECOLI_Tripathi_2016,96,26,-0.5207402680280792,-0.5207402680280792
CCDB_ECOLI_Tripathi_2016,96,27,-0.4901084875558392,-0.4901084875558392
CCDB_ECOLI_Tripathi_2016,96,28,-0.4901084875558392,-0.4901084875558392
CCDB_ECOLI_Tripathi_2016,96,29,0.5098915124441608,-0.4901084875558392
CCDB_ECOLI_Tripathi_2016,96,30,-0.4594767070835992,-0.4594767070835992
CCDB_ECOLI_Tripathi_2016,96,31,0.5405232929164008,-0.4594767070835992
CCDB_ECOLI_Tripathi_2016,96,32,0.47925973197192084,-0.5207402680280792
CCDB_ECOLI_Tripathi_2016,96,33,-0.5207402680280792,-0.5207402680280792
CCDB_ECOLI_Tripathi_2016,96,34,-0.4901084875558392,-0.4901084875558392
CCDB_ECOLI_Tripathi_2016,96,35,1.4792597319719207,-0.5207402680280792
CCDB_ECOLI_Tripathi_2016,96,36,-0.4594767070835992,-0.4594767070835992
CCDB_ECOLI_Tripathi_2016,96,37,-0.4901084875558392,-0.4901084875558392
CCDB_ECOLI_Tripathi_2016,96,38,-0.4594767070835992,-0.4594767070835992
CCDB_ECOLI_Tripathi_2016,96,39,-0.5207402680280792,-0.5207402680280792
CCDB_ECOLI_Tripathi_2016,192,0,-0.42420122365737595,-0.42420122365737595
CCDB_ECOLI_Tripathi_2016,192,1,-0.4568320870156356,-0.4568320870156356
CCDB_ECOLI_Tripathi_2016,192,2,-0.4894629503738953,-0.4894629503738953
CCDB_ECOLI_Tripathi_2016,192,3,1.575798776342624,-0.42420122365737595
CCDB_ECOLI_Tripathi_2016,192,4,0.477906186267845,-0.522093813732155
CCDB_ECOLI_Tripathi_2016,192,5,-0.4568320870156356,-0.4568320870156356
CCDB_ECOLI_Tripathi_2016,192,6,-0.522093813732155,-0.522093813732155
CCDB_ECOLI_Tripathi_2016,192,7,-0.39157036029911624,-0.39157036029911624
CCDB_ECOLI_Tripathi_2016,192,8,0.575798776342624,-0.42420122365737595
CCDB_ECOLI_Tripathi_2016,192,9,-0.39157036029911624,-0.39157036029911624
CCDB_ECOLI_Tripathi_2016,192,10,-0.5547246770904147,-0.5547246770904147
CCDB_ECOLI_Tripathi_2016,192,11,-0.5547246770904147,-0.5547246770904147
CCDB_ECOLI_Tripathi_2016,192,12,-0.4894629503738953,-0.4894629503738953
CCDB_ECOLI_Tripathi_2016,192,13,-0.4568320870156356,-0.4568320870156356
CCDB_ECOLI_Tripathi_2016,192,14,-0.4894629503738953,-0.4894629503738953
CCDB_ECOLI_Tripathi_2016,192,15,-0.522093813732155,-0.522093813732155
CCDB_ECOLI_Tripathi_2016,192,16,-0.4894629503738953,-0.4894629503738953
CCDB_ECOLI_Tripathi_2016,192,17,-0.522093813732155,-0.522093813732155
CCDB_ECOLI_Tripathi_2016,192,18,0.5105370496261047,-0.4894629503738953
CCDB_ECOLI_Tripathi_2016,192,19,-0.522093813732155,-0.522093813732155
CCDB_ECOLI_Tripathi_2016,192,20,-0.4894629503738953,-0.4894629503738953
CCDB_ECOLI_Tripathi_2016,192,21,-0.42420122365737595,-0.42420122365737595
CCDB_ECOLI_Tripathi_2016,192,22,-0.4568320870156356,-0.4568320870156356
CCDB_ECOLI_Tripathi_2016,192,23,-0.42420122365737595,-0.42420122365737595
CCDB_ECOLI_Tripathi_2016,192,24,0.5105370496261047,-0.4894629503738953
CCDB_ECOLI_Tripathi_2016,192,25,-0.522093813732155,-0.522093813732155
CCDB_ECOLI_Tripathi_2016,192,26,0.5431679129843644,-0.4568320870156356
CCDB_ECOLI_Tripathi_2016,192,27,-0.5547246770904147,-0.5547246770904147
CCDB_ECOLI_Tripathi_2016,192,28,-0.522093813732155,-0.522093813732155
CCDB_ECOLI_Tripathi_2016,192,29,0.575798776342624,-0.42420122365737595
CCDB_ECOLI_Tripathi_2016,192,30,2.641060503059143,-0.3589394969408566
CCDB_ECOLI_Tripathi_2016,192,31,-0.42420122365737595,-0.42420122365737595
CCDB_ECOLI_Tripathi_2016,192,32,-0.4894629503738953,-0.4894629503738953
CCDB_ECOLI_Tripathi_2016,192,33,-0.522093813732155,-0.522093813732155
CCDB_ECOLI_Tripathi_2016,192,34,0.5105370496261047,-0.4894629503738953
CCDB_ECOLI_Tripathi_2016,192,35,-0.4894629503738953,-0.4894629503738953
CCDB_ECOLI_Tripathi_2016,192,36,-0.522093813732155,-0.522093813732155
CCDB_ECOLI_Tripathi_2016,192,37,2.5431679129843645,-0.4568320870156356
CCDB_ECOLI_Tripathi_2016,192,38,-0.4568320870156356,-0.4568320870156356
CCDB_ECOLI_Tripathi_2016,192,39,-0.42420122365737595,-0.42420122365737595
CCDB_ECOLI_Tripathi_2016,384,0,-0.5629397967161845,-0.5629397967161845
CCDB_ECOLI_Tripathi_2016,384,1,0.5121188428459734,-0.4878811571540266
CCDB_ECOLI_Tripathi_2016,384,2,-0.41282251759186867,-0.41282251759186867
CCDB_ECOLI_Tripathi_2016,384,3,-0.5254104769351056,-0.5254104769351056
CCDB_ECOLI_Tripathi_2016,384,4,-0.5254104769351056,-0.5254104769351056
CCDB_ECOLI_Tripathi_2016,384,5,0.5496481626270524,-0.4503518373729476
CCDB_ECOLI_Tripathi_2016,384,6,-0.6004691164972635,-0.6004691164972635
CCDB_ECOLI_Tripathi_2016,384,7,-0.4503518373729476,-0.4503518373729476
CCDB_ECOLI_Tripathi_2016,384,8,-0.5254104769351056,-0.5254104769351056
CCDB_ECOLI_Tripathi_2016,384,9,-0.5254104769351056,-0.5254104769351056
CCDB_ECOLI_Tripathi_2016,384,10,-0.4878811571540266,-0.4878811571540266
CCDB_ECOLI_Tripathi_2016,384,11,-0.5254104769351056,-0.5254104769351056
CCDB_ECOLI_Tripathi_2016,384,12,-0.6004691164972635,-0.6004691164972635
CCDB_ECOLI_Tripathi_2016,384,13,0.39953088350273647,-0.6004691164972635
CCDB_ECOLI_Tripathi_2016,384,14,0.5121188428459734,-0.4878811571540266
CCDB_ECOLI_Tripathi_2016,384,15,-0.4878811571540266,-0.4878811571540266
CCDB_ECOLI_Tripathi_2016,384,16,-0.5254104769351056,-0.5254104769351056
CCDB_ECOLI_Tripathi_2016,384,17,-0.5629397967161845,-0.5629397967161845
CCDB_ECOLI_Tripathi_2016,384,18,-0.5629397967161845,-0.5629397967161845
CCDB_ECOLI_Tripathi_2016,384,19,-0.4878811571540266,-0.4878811571540266
CCDB_ECOLI_Tripathi_2016,384,20,-0.4503518373729476,-0.4503518373729476
CCDB_ECOLI_Tripathi_2016,384,21,0.39953088350273647,-0.6004691164972635
CCDB_ECOLI_Tripathi_2016,384,22,0.47458952306489444,-0.5254104769351056
CCDB_ECOLI_Tripathi_2016,384,23,-0.5254104769351056,-0.5254104769351056
CCDB_ECOLI_Tripathi_2016,384,24,-0.4878811571540266,-0.4878811571540266
CCDB_ECOLI_Tripathi_2016,384,25,-0.5254104769351056,-0.5254104769351056
CCDB_ECOLI_Tripathi_2016,384,26,-0.3377638780297107,-0.3377638780297107
CCDB_ECOLI_Tripathi_2016,384,27,-0.5629397967161845,-0.5629397967161845
CCDB_ECOLI_Tripathi_2016,384,28,-0.4503518373729476,-0.4503518373729476
CCDB_ECOLI_Tripathi_2016,384,29,-0.5254104769351056,-0.5254104769351056
CCDB_ECOLI_Tripathi_2016,384,30,0.47458952306489444,-0.5254104769351056
CCDB_ECOLI_Tripathi_2016,384,31,0.47458952306489444,-0.5254104769351056
CCDB_ECOLI_Tripathi_2016,384,32,0.5121188428459734,-0.4878811571540266
CCDB_ECOLI_Tripathi_2016,384,33,-0.5629397967161845,-0.5629397967161845
CCDB_ECOLI_Tripathi_2016,384,34,-0.4503518373729476,-0.4503518373729476
CCDB_ECOLI_Tripathi_2016,384,35,-0.5629397967161845,-0.5629397967161845
CCDB_ECOLI_Tripathi_2016,384,36,-0.4503518373729476,-0.4503518373729476
CCDB_ECOLI_Tripathi_2016,384,37,2.5121188428459735,-0.4878811571540266
CCDB_ECOLI_Tripathi_2016,384,38,-0.6004691164972635,-0.6004691164972635
CCDB_ECOLI_Tripathi_2016,384,39,-0.5254104769351056,-0.5254104769351056
CP2C9_HUMAN_Amorosi_abundance_2021,24,0,-0.4840844626536401,-0.4840844626536401
CP2C9_HUMAN_Amorosi_abundance_2021,24,1,-0.4840844626536401,-0.4840844626536401
CP2C9_HUMAN_Amorosi_abundance_2021,24,2,-0.4840844626536401,-0.4840844626536401
CP2C9_HUMAN_Amorosi_abundance_2021,24,3,0.51591553734636,-0.4840844626536401
CP2C9_HUMAN_Amorosi_abundance_2021,24,4,0.51591553734636,-0.4840844626536401
CP2C9_HUMAN_Amorosi_abundance_2021,24,5,-0.4840844626536401,-0.4840844626536401
CP2C9_HUMAN_Amorosi_abundance_2021,24,6,-0.4840844626536401,-0.4840844626536401
CP2C9_HUMAN_Amorosi_abundance_2021,24,7,0.51591553734636,-0.4840844626536401
CP2C9_HUMAN_Amorosi_abundance_2021,24,8,-0.47652064292467694,-0.47652064292467694
CP2C9_HUMAN_Amorosi_abundance_2021,24,9,1.5234793570753231,-0.47652064292467694
CP2C9_HUMAN_Amorosi_abundance_2021,24,10,0.51591553734636,-0.4840844626536401
CP2C9_HUMAN_Amorosi_abundance_2021,24,11,0.51591553734636,-0.4840844626536401
CP2C9_HUMAN_Amorosi_abundance_2021,24,12,0.51591553734636,-0.4840844626536401
CP2C9_HUMAN_Amorosi_abundance_2021,24,13,-0.4840844626536401,-0.4840844626536401
CP2C9_HUMAN_Amorosi_abundance_2021,24,14,0.51591553734636,-0.4840844626536401
CP2C9_HUMAN_Amorosi_abundance_2021,24,15,1.51591553734636,-0.4840844626536401
CP2C9_HUMAN_Amorosi_abundance_2021,24,16,0.5234793570753231,-0.47652064292467694
CP2C9_HUMAN_Amorosi_abundance_2021,24,17,-0.4840844626536401,-0.4840844626536401
CP2C9_HUMAN_Amorosi_abundance_2021,24,18,0.51591553734636,-0.4840844626536401
CP2C9_HUMAN_Amorosi_abundance_2021,24,19,2.523479357075323,-0.47652064292467694
CP2C9_HUMAN_Amorosi_abundance_2021,24,20,-0.4840844626536401,-0.4840844626536401
CP2C9_HUMAN_Amorosi_abundance_2021,24,21,0.51591553734636,-0.4840844626536401
CP2C9_HUMAN_Amorosi_abundance_2021,24,22,0.5234793570753231,-0.47652064292467694
CP2C9_HUMAN_Amorosi_abundance_2021,24,23,0.51591553734636,-0.4840844626536401
CP2C9_HUMAN_Amorosi_abundance_2021,24,24,0.5234793570753231,-0.47652064292467694
CP2C9_HUMAN_Amorosi_abundance_2021,24,25,1.51591553734636,-0.4840844626536401
CP2C9_HUMAN_Amorosi_abundance_2021,24,26,0.51591553734636,-0.4840844626536401
CP2C9_HUMAN_Amorosi_abundance_2021,24,27,-0.47652064292467694,-0.47652064292467694
CP2C9_HUMAN_Amorosi_abundance_2021,24,28,-0.4840844626536401,-0.4840844626536401
CP2C9_HUMAN_Amorosi_abundance_2021,24,29,-0.4840844626536401,-0.4840844626536401
CP2C9_HUMAN_Amorosi_abundance_2021,24,30,2.51591553734636,-0.4840844626536401
CP2C9_HUMAN_Amorosi_abundance_2021,24,31,-0.46895682319571386,-0.46895682319571386
CP2C9_HUMAN_Amorosi_abundance_2021,24,32,-0.4840844626536401,-0.4840844626536401
CP2C9_HUMAN_Amorosi_abundance_2021,24,33,-0.4840844626536401,-0.4840844626536401
CP2C9_HUMAN_Amorosi_abundance_2021,24,34,2.51591553734636,-0.4840844626536401
CP2C9_HUMAN_Amorosi_abundance_2021,24,35,-0.4840844626536401,-0.4840844626536401
CP2C9_HUMAN_Amorosi_abundance_2021,24,36,0.51591553734636,-0.4840844626536401
CP2C9_HUMAN_Amorosi_abundance_2021,24,37,1.51591553734636,-0.4840844626536401
CP2C9_HUMAN_Amorosi_abundance_2021,24,38,1.51591553734636,-0.4840844626536401
CP2C9_HUMAN_Amorosi_abundance_2021,24,39,-0.4840844626536401,-0.4840844626536401
CP2C9_HUMAN_Amorosi_abundance_2021,48,0,1.5140778234735843,-0.4859221765264157
CP2C9_HUMAN_Amorosi_abundance_2021,48,1,0.5140778234735843,-0.4859221765264157
CP2C9_HUMAN_Amorosi_abundance_2021,48,2,-0.4859221765264157,-0.4859221765264157
CP2C9_HUMAN_Amorosi_abundance_2021,48,3,1.5140778234735843,-0.4859221765264157
CP2C9_HUMAN_Amorosi_abundance_2021,48,4,-0.4859221765264157,-0.4859221765264157
CP2C9_HUMAN_Amorosi_abundance_2021,48,5,0.5216703574818096,-0.47832964251819043
CP2C9_HUMAN_Amorosi_abundance_2021,48,6,0.5140778234735843,-0.4859221765264157
CP2C9_HUMAN_Amorosi_abundance_2021,48,7,0.5140778234735843,-0.4859221765264157
CP2C9_HUMAN_Amorosi_abundance_2021,48,8,-0.4859221765264157,-0.4859221765264157
CP2C9_HUMAN_Amorosi_abundance_2021,48,9,0.5140778234735843,-0.4859221765264157
CP2C9_HUMAN_Amorosi_abundance_2021,48,10,-0.4859221765264157,-0.4859221765264157
CP2C9_HUMAN_Amorosi_abundance_2021,48,11,-0.4859221765264157,-0.4859221765264157
CP2C9_HUMAN_Amorosi_abundance_2021,48,12,-0.4859221765264157,-0.4859221765264157
CP2C9_HUMAN_Amorosi_abundance_2021,48,13,-0.4859221765264157,-0.4859221765264157
CP2C9_HUMAN_Amorosi_abundance_2021,48,14,-0.4859221765264157,-0.4859221765264157
CP2C9_HUMAN_Amorosi_abundance_2021,48,15,0.5140778234735843,-0.4859221765264157
CP2C9_HUMAN_Amorosi_abundance_2021,48,16,0.5216703574818096,-0.47832964251819043
CP2C9_HUMAN_Amorosi_abundance_2021,48,17,1.5140778234735843,-0.4859221765264157
CP2C9_HUMAN_Amorosi_abundance_2021,48,18,-0.47832964251819043,-0.47832964251819043
CP2C9_HUMAN_Amorosi_abundance_2021,48,19,0.5216703574818096,-0.47832964251819043
CP2C9_HUMAN_Amorosi_abundance_2021,48,20,1.5140778234735843,-0.4859221765264157
CP2C9_HUMAN_Amorosi_abundance_2021,48,21,-0.4859221765264157,-0.4859221765264157
CP2C9_HUMAN_Amorosi_abundance_2021,48,22,0.5216703574818096,-0.47832964251819043
CP2C9_HUMAN_Amorosi_abundance_2021,48,23,1.5140778234735843,-0.4859221765264157
CP2C9_HUMAN_Amorosi_abundance_2021,48,24,0.5140778234735843,-0.4859221765264157
CP2C9_HUMAN_Amorosi_abundance_2021,48,25,0.5140778234735843,-0.4859221765264157
CP2C9_HUMAN_Amorosi_abundance_2021,48,26,-0.4859221765264157,-0.4859221765264157
CP2C9_HUMAN_Amorosi_abundance_2021,48,27,0.5140778234735843,-0.4859221765264157
CP2C9_HUMAN_Amorosi_abundance_2021,48,28,-0.4707371085099652,-0.4707371085099652
CP2C9_HUMAN_Amorosi_abundance_2021,48,29,1.5140778234735843,-0.4859221765264157
CP2C9_HUMAN_Amorosi_abundance_2021,48,30,0.5216703574818096,-0.47832964251819043
CP2C9_HUMAN_Amorosi_abundance_2021,48,31,-0.4859221765264157,-0.4859221765264157
CP2C9_HUMAN_Amorosi_abundance_2021,48,32,1.5140778234735843,-0.4859221765264157
CP2C9_HUMAN_Amorosi_abundance_2021,48,33,0.5140778234735843,-0.4859221765264157
CP2C9_HUMAN_Amorosi_abundance_2021,48,34,1.5140778234735843,-0.4859221765264157
CP2C9_HUMAN_Amorosi_abundance_2021,48,35,-0.4859221765264157,-0.4859221765264157
CP2C9_HUMAN_Amorosi_abundance_2021,48,36,0.5216703574818096,-0.47832964251819043
CP2C9_HUMAN_Amorosi_abundance_2021,48,37,2.5140778234735843,-0.4859221765264157
CP2C9_HUMAN_Amorosi_abundance_2021,48,38,1.5140778234735843,-0.4859221765264157
CP2C9_HUMAN_Amorosi_abundance_2021,48,39,0.5140778234735843,-0.4859221765264157
CP2C9_HUMAN_Amorosi_abundance_2021,96,0,2.5103602167676122,-0.4896397832323876
CP2C9_HUMAN_Amorosi_abundance_2021,96,1,1.5180108383806183,-0.4819891616193816
CP2C9_HUMAN_Amorosi_abundance_2021,96,2,0.5256614599936245,-0.47433854000637554
CP2C9_HUMAN_Amorosi_abundance_2021,96,3,-0.4896397832323876,-0.4896397832323876
CP2C9_HUMAN_Amorosi_abundance_2021,96,4,-0.4590372967803634,-0.4590372967803634
CP2C9_HUMAN_Amorosi_abundance_2021,96,5,0.5103602167676125,-0.4896397832323876
CP2C9_HUMAN_Amorosi_abundance_2021,96,6,-0.4819891616193816,-0.4819891616193816
CP2C9_HUMAN_Amorosi_abundance_2021,96,7,1.5256614599936245,-0.47433854000637554
CP2C9_HUMAN_Amorosi_abundance_2021,96,8,0.5180108383806183,-0.4819891616193816
CP2C9_HUMAN_Amorosi_abundance_2021,96,9,-0.4666879183933695,-0.4666879183933695
CP2C9_HUMAN_Amorosi_abundance_2021,96,10,0.5180108383806183,-0.4819891616193816
CP2C9_HUMAN_Amorosi_abundance_2021,96,11,0.5103602167676125,-0.4896397832323876
CP2C9_HUMAN_Amorosi_abundance_2021,96,12,1.5180108383806183,-0.4819891616193816
CP2C9_HUMAN_Amorosi_abundance_2021,96,13,-0.4819891616193816,-0.4819891616193816
CP2C9_HUMAN_Amorosi_abundance_2021,96,14,1.5180108383806183,-0.4819891616193816
CP2C9_HUMAN_Amorosi_abundance_2021,96,15,0.5256614599936245,-0.47433854000637554
CP2C9_HUMAN_Amorosi_abundance_2021,96,16,2.5103602167676122,-0.4896397832323876
CP2C9_HUMAN_Amorosi_abundance_2021,96,17,-0.4896397832323876,-0.4896397832323876
CP2C9_HUMAN_Amorosi_abundance_2021,96,18,0.5180108383806183,-0.4819891616193816
CP2C9_HUMAN_Amorosi_abundance_2021,96,19,-0.47433854000637554,-0.47433854000637554
CP2C9_HUMAN_Amorosi_abundance_2021,96,20,2.5333120816066304,-0.4666879183933695
CP2C9_HUMAN_Amorosi_abundance_2021,96,21,1.5256614599936245,-0.47433854000637554
CP2C9_HUMAN_Amorosi_abundance_2021,96,22,0.5256614599936245,-0.47433854000637554
CP2C9_HUMAN_Amorosi_abundance_2021,96,23,1.5409627032196367,-0.4590372967803634
CP2C9_HUMAN_Amorosi_abundance_2021,96,24,-0.4819891616193816,-0.4819891616193816
CP2C9_HUMAN_Amorosi_abundance_2021,96,25,1.5256614599936245,-0.47433854000637554
CP2C9_HUMAN_Amorosi_abundance_2021,96,26,0.5103602167676125,-0.4896397832323876
CP2C9_HUMAN_Amorosi_abundance_2021,96,27,0.5103602167676125,-0.4896397832323876
CP2C9_HUMAN_Amorosi_abundance_2021,96,28,2.5103602167676122,-0.4896397832323876
CP2C9_HUMAN_Amorosi_abundance_2021,96,29,1.5180108383806183,-0.4819891616193816
CP2C9_HUMAN_Amorosi_abundance_2021,96,30,-0.4896397832323876,-0.4896397832323876
CP2C9_HUMAN_Amorosi_abundance_2021,96,31,-0.47433854000637554,-0.47433854000637554
CP2C9_HUMAN_Amorosi_abundance_2021,96,32,-0.47433854000637554,-0.47433854000637554
CP2C9_HUMAN_Amorosi_abundance_2021,96,33,2.5333120816066304,-0.4666879183933695
CP2C9_HUMAN_Amorosi_abundance_2021,96,34,0.5103602167676125,-0.4896397832323876
CP2C9_HUMAN_Amorosi_abundance_2021,96,35,1.5103602167676125,-0.4896397832323876
CP2C9_HUMAN_Amorosi_abundance_2021,96,36,0.5103602167676125,-0.4896397832323876
CP2C9_HUMAN_Amorosi_abundance_2021,96,37,-0.4819891616193816,-0.4819891616193816
CP2C9_HUMAN_Amorosi_abundance_2021,96,38,-0.47433854000637554,-0.47433854000637554
CP2C9_HUMAN_Amorosi_abundance_2021,96,39,2.5256614599936245,-0.47433854000637554
CP2C9_HUMAN_Amorosi_abundance_2021,192,0,1.5182907089673034,-0.48170929103269666
CP2C9_HUMAN_Amorosi_abundance_2021,192,1,-0.47393978633862094,-0.47393978633862094
CP2C9_HUMAN_Amorosi_abundance_2021,192,2,0.526060213661379,-0.47393978633862094
CP2C9_HUMAN_Amorosi_abundance_2021,192,3,1.5105212042732274,-0.48947879572677244
CP2C9_HUMAN_Amorosi_abundance_2021,192,4,0.5182907089673033,-0.48170929103269666
CP2C9_HUMAN_Amorosi_abundance_2021,192,5,-0.48170929103269666,-0.48170929103269666
CP2C9_HUMAN_Amorosi_abundance_2021,192,6,1.5182907089673034,-0.48170929103269666
CP2C9_HUMAN_Amorosi_abundance_2021,192,7,-0.48170929103269666,-0.48170929103269666
CP2C9_HUMAN_Amorosi_abundance_2021,192,8,0.5105212042732276,-0.48947879572677244
CP2C9_HUMAN_Amorosi_abundance_2021,192,9,-0.48947879572677244,-0.48947879572677244
CP2C9_HUMAN_Amorosi_abundance_2021,192,10,0.5105212042732276,-0.48947879572677244
CP2C9_HUMAN_Amorosi_abundance_2021,192,11,-0.45840077695046944,-0.45840077695046944
CP2C9_HUMAN_Amorosi_abundance_2021,192,12,1.5182907089673034,-0.48170929103269666
CP2C9_HUMAN_Amorosi_abundance_2021,192,13,-0.46617028164454516,-0.46617028164454516
CP2C9_HUMAN_Amorosi_abundance_2021,192,14,1.526060213661379,-0.47393978633862094
CP2C9_HUMAN_Amorosi_abundance_2021,192,15,1.5182907089673034,-0.48170929103269666
CP2C9_HUMAN_Amorosi_abundance_2021,192,16,-0.48947879572677244,-0.48947879572677244
CP2C9_HUMAN_Amorosi_abundance_2021,192,17,0.5105212042732276,-0.48947879572677244
CP2C9_HUMAN_Amorosi_abundance_2021,192,18,1.5105212042732274,-0.48947879572677244
CP2C9_HUMAN_Amorosi_abundance_2021,192,19,0.5105212042732276,-0.48947879572677244
CP2C9_HUMAN_Amorosi_abundance_2021,192,20,-0.47393978633862094,-0.47393978633862094
CP2C9_HUMAN_Amorosi_abundance_2021,192,21,1.502751699579152,-0.49724830042084817
CP2C9_HUMAN_Amorosi_abundance_2021,192,22,0.5182907089673033,-0.48170929103269666
CP2C9_HUMAN_Amorosi_abundance_2021,192,23,0.5338297183554548,-0.46617028164454516
CP2C9_HUMAN_Amorosi_abundance_2021,192,24,0.526060213661379,-0.47393978633862094
CP2C9_HUMAN_Amorosi_abundance_2021,192,25,0.5105212042732276,-0.48947879572677244
CP2C9_HUMAN_Amorosi_abundance_2021,192,26,0.5105212042732276,-0.48947879572677244
CP2C9_HUMAN_Amorosi_abundance_2021,192,27,-0.47393978633862094,-0.47393978633862094
CP2C9_HUMAN_Amorosi_abundance_2021,192,28,-0.46617028164454516,-0.46617028164454516
CP2C9_HUMAN_Amorosi_abundance_2021,192,29,-0.48170929103269666,-0.48170929103269666
CP2C9_HUMAN_Amorosi_abundance_2021,192,30,0.526060213661379,-0.47393978633862094
CP2C9_HUMAN_Amorosi_abundance_2021,192,31,-0.48947879572677244,-0.48947879572677244
CP2C9_HUMAN_Amorosi_abundance_2021,192,32,-0.45840077695046944,-0.45840077695046944
CP2C9_HUMAN_Amorosi_abundance_2021,192,33,1.5105212042732274,-0.48947879572677244
CP2C9_HUMAN_Amorosi_abundance_2021,192,34,-0.48170929103269666,-0.48170929103269666
CP2C9_HUMAN_Amorosi_abundance_2021,192,35,-0.48947879572677244,-0.48947879572677244
CP2C9_HUMAN_Amorosi_abundance_2021,192,36,-0.48170929103269666,-0.48170929103269666
CP2C9_HUMAN_Amorosi_abundance_2021,192,37,0.5027516995791519,-0.49724830042084817
CP2C9_HUMAN_Amorosi_abundance_2021,192,38,-0.47393978633862094,-0.47393978633862094
CP2C9_HUMAN_Amorosi_abundance_2021,192,39,-0.48947879572677244,-0.48947879572677244
CP2C9_HUMAN_Amorosi_abundance_2021,384,0,0.5188773805546274,-0.48112261944537255
CP2C9_HUMAN_Amorosi_abundance_2021,384,1,1.510858670230538,-0.48914132976946206
CP2C9_HUMAN_Amorosi_abundance_2021,384,2,0.5349148012028065,-0.46508519879719346
CP2C9_HUMAN_Amorosi_abundance_2021,384,3,0.5349148012028065,-0.46508519879719346
CP2C9_HUMAN_Amorosi_abundance_2021,384,4,1.542933511526896,-0.4570664884731039
CP2C9_HUMAN_Amorosi_abundance_2021,384,5,0.5188773805546274,-0.48112261944537255
CP2C9_HUMAN_Amorosi_abundance_2021,384,6,0.5429335115268961,-0.4570664884731039
CP2C9_HUMAN_Amorosi_abundance_2021,384,7,0.5028399599064484,-0.49716004009355164
CP2C9_HUMAN_Amorosi_abundance_2021,384,8,1.4948212495823587,-0.5051787504176412
CP2C9_HUMAN_Amorosi_abundance_2021,384,9,2.526896090878717,-0.473103909121283
CP2C9_HUMAN_Amorosi_abundance_2021,384,10,-0.49716004009355164,-0.49716004009355164
CP2C9_HUMAN_Amorosi_abundance_2021,384,11,1.5349148012028064,-0.46508519879719346
CP2C9_HUMAN_Amorosi_abundance_2021,384,12,-0.48112261944537255,-0.48112261944537255
CP2C9_HUMAN_Amorosi_abundance_2021,384,13,-0.4570664884731039,-0.4570664884731039
CP2C9_HUMAN_Amorosi_abundance_2021,384,14,-0.46508519879719346,-0.46508519879719346
CP2C9_HUMAN_Amorosi_abundance_2021,384,15,0.5349148012028065,-0.46508519879719346
CP2C9_HUMAN_Amorosi_abundance_2021,384,16,1.510858670230538,-0.48914132976946206
CP2C9_HUMAN_Amorosi_abundance_2021,384,17,1.5028399599064484,-0.49716004009355164
CP2C9_HUMAN_Amorosi_abundance_2021,384,18,0.5349148012028065,-0.46508519879719346
CP2C9_HUMAN_Amorosi_abundance_2021,384,19,-0.5051787504176412,-0.5051787504176412
CP2C9_HUMAN_Amorosi_abundance_2021,384,20,1.542933511526896,-0.4570664884731039
CP2C9_HUMAN_Amorosi_abundance_2021,384,21,0.5028399599064484,-0.49716004009355164
CP2C9_HUMAN_Amorosi_abundance_2021,384,22,0.510858670230538,-0.48914132976946206
CP2C9_HUMAN_Amorosi_abundance_2021,384,23,0.5188773805546274,-0.48112261944537255
CP2C9_HUMAN_Amorosi_abundance_2021,384,24,0.5188773805546274,-0.48112261944537255
CP2C9_HUMAN_Amorosi_abundance_2021,384,25,1.5188773805546274,-0.48112261944537255
CP2C9_HUMAN_Amorosi_abundance_2021,384,26,2.5028399599064484,-0.49716004009355164
CP2C9_HUMAN_Amorosi_abundance_2021,384,27,1.526896090878717,-0.473103909121283
CP2C9_HUMAN_Amorosi_abundance_2021,384,28,0.510858670230538,-0.48914132976946206
CP2C9_HUMAN_Amorosi_abundance_2021,384,29,0.5669896424991647,-0.4330103575008353
CP2C9_HUMAN_Amorosi_abundance_2021,384,30,0.526896090878717,-0.473103909121283
CP2C9_HUMAN_Amorosi_abundance_2021,384,31,1.510858670230538,-0.48914132976946206
CP2C9_HUMAN_Amorosi_abundance_2021,384,32,-0.48914132976946206,-0.48914132976946206
CP2C9_HUMAN_Amorosi_abundance_2021,384,33,0.5349148012028065,-0.46508519879719346
CP2C9_HUMAN_Amorosi_abundance_2021,384,34,0.49482124958235885,-0.5051787504176412
CP2C9_HUMAN_Amorosi_abundance_2021,384,35,0.5188773805546274,-0.48112261944537255
CP2C9_HUMAN_Amorosi_abundance_2021,384,36,-0.5051787504176412,-0.5051787504176412
CP2C9_HUMAN_Amorosi_abundance_2021,384,37,1.5028399599064484,-0.49716004009355164
CP2C9_HUMAN_Amorosi_abundance_2021,384,38,-0.48112261944537255,-0.48112261944537255
CP2C9_HUMAN_Amorosi_abundance_2021,384,39,-0.48914132976946206,-0.48914132976946206
CP2C9_HUMAN_Amorosi_activity_2021,24,0,0.5214122262177182,6.521412226217718
CP2C9_HUMAN_Amorosi_activity_2021,24,1,0.5292579274272637,6.529257927427264
CP2C9_HUMAN_Amorosi_activity_2021,24,2,0.5214122262177182,6.521412226217718
CP2C9_HUMAN_Amorosi_activity_2021,24,3,-0.4785877737822818,6.521412226217718
CP2C9_HUMAN_Amorosi_activity_2021,24,4,0.5292579274272637,6.529257927427264
CP2C9_HUMAN_Amorosi_activity_2021,24,5,0.5214122262177182,6.521412226217718
CP2C9_HUMAN_Amorosi_activity_2021,24,6,2.521412226217718,6.521412226217718
CP2C9_HUMAN_Amorosi_activity_2021,24,7,-0.4785877737822818,6.521412226217718
CP2C9_HUMAN_Amorosi_activity_2021,24,8,0.5214122262177182,6.521412226217718
CP2C9_HUMAN_Amorosi_activity_2021,24,9,0.5214122262177182,6.521412226217718
CP2C9_HUMAN_Amorosi_activity_2021,24,10,1.521412226217718,6.521412226217718
CP2C9_HUMAN_Amorosi_activity_2021,24,11,0.5214122262177182,6.521412226217718
CP2C9_HUMAN_Amorosi_activity_2021,24,12,-0.4785877737822818,6.521412226217718
CP2C9_HUMAN_Amorosi_activity_2021,24,13,-0.4785877737822818,6.521412226217718
CP2C9_HUMAN_Amorosi_activity_2021,24,14,0.5214122262177182,6.521412226217718
CP2C9_HUMAN_Amorosi_activity_2021,24,15,2.5292579274272637,6.529257927427264
CP2C9_HUMAN_Amorosi_activity_2021,24,16,-0.4785877737822818,6.521412226217718
CP2C9_HUMAN_Amorosi_activity_2021,24,17,-0.4785877737822818,6.521412226217718
CP2C9_HUMAN_Amorosi_activity_2021,24,18,0.5292579274272637,6.529257927427264
CP2C9_HUMAN_Amorosi_activity_2021,24,19,5.521412226217718,6.521412226217718
CP2C9_HUMAN_Amorosi_activity_2021,24,20,-0.4785877737822818,6.521412226217718
CP2C9_HUMAN_Amorosi_activity_2021,24,21,-0.4785877737822818,6.521412226217718
CP2C9_HUMAN_Amorosi_activity_2021,24,22,-0.4785877737822818,6.521412226217718
CP2C9_HUMAN_Amorosi_activity_2021,24,23,-0.4785877737822818,6.521412226217718
CP2C9_HUMAN_Amorosi_activity_2021,24,24,0.5214122262177182,6.521412226217718
CP2C9_HUMAN_Amorosi_activity_2021,24,25,-0.4785877737822818,6.521412226217718
CP2C9_HUMAN_Amorosi_activity_2021,24,26,-0.4785877737822818,6.521412226217718
CP2C9_HUMAN_Amorosi_activity_2021,24,27,0.5214122262177182,6.521412226217718
CP2C9_HUMAN_Amorosi_activity_2021,24,28,-0.4785877737822818,6.521412226217718
CP2C9_HUMAN_Amorosi_activity_2021,24,29,-0.4785877737822818,6.521412226217718
CP2C9_HUMAN_Amorosi_activity_2021,24,30,-0.4785877737822818,6.521412226217718
CP2C9_HUMAN_Amorosi_activity_2021,24,31,-0.4785877737822818,6.521412226217718
CP2C9_HUMAN_Amorosi_activity_2021,24,32,0.5214122262177182,6.521412226217718
CP2C9_HUMAN_Amorosi_activity_2021,24,33,-0.4785877737822818,6.521412226217718
CP2C9_HUMAN_Amorosi_activity_2021,24,34,-0.4785877737822818,6.521412226217718
CP2C9_HUMAN_Amorosi_activity_2021,24,35,-0.4785877737822818,6.521412226217718
CP2C9_HUMAN_Amorosi_activity_2021,24,36,0.5292579274272637,5.529257927427264
CP2C9_HUMAN_Amorosi_activity_2021,24,37,-0.4785877737822818,6.521412226217718
CP2C9_HUMAN_Amorosi_activity_2021,24,38,-0.4785877737822818,6.521412226217718
CP2C9_HUMAN_Amorosi_activity_2021,24,39,-0.4785877737822818,6.521412226217718
CP2C9_HUMAN_Amorosi_activity_2021,48,0,0.5195274040039384,6.519527404003938
CP2C9_HUMAN_Amorosi_activity_2021,48,1,-0.4804725959960617,6.519527404003938
CP2C9_HUMAN_Amorosi_activity_2021,48,2,-0.47259599606170005,6.5274040039383
CP2C9_HUMAN_Amorosi_activity_2021,48,3,-0.47259599606170005,5.5274040039383
CP2C9_HUMAN_Amorosi_activity_2021,48,4,-0.4804725959960617,6.519527404003938
CP2C9_HUMAN_Amorosi_activity_2021,48,5,-0.47259599606170005,6.5274040039383
CP2C9_HUMAN_Amorosi_activity_2021,48,6,-0.47259599606170005,6.5274040039383
CP2C9_HUMAN_Amorosi_activity_2021,48,7,0.5195274040039384,6.519527404003938
CP2C9_HUMAN_Amorosi_activity_2021,48,8,0.5274040039382999,6.5274040039383
CP2C9_HUMAN_Amorosi_activity_2021,48,9,2.5274040039383,6.5274040039383
CP2C9_HUMAN_Amorosi_activity_2021,48,10,-0.47259599606170005,6.5274040039383
CP2C9_HUMAN_Amorosi_activity_2021,48,11,2.5195274040039384,6.519527404003938
CP2C9_HUMAN_Amorosi_activity_2021,48,12,0.5195274040039384,6.519527404003938
CP2C9_HUMAN_Amorosi_activity_2021,48,13,-0.4804725959960617,6.519527404003938
CP2C9_HUMAN_Amorosi_activity_2021,48,14,-0.4804725959960617,6.519527404003938
CP2C9_HUMAN_Amorosi_activity_2021,48,15,-0.4804725959960617,6.519527404003938
CP2C9_HUMAN_Amorosi_activity_2021,48,16,1.5195274040039384,6.519527404003938
CP2C9_HUMAN_Amorosi_activity_2021,48,17,-0.4804725959960617,6.519527404003938
CP2C9_HUMAN_Amorosi_activity_2021,48,18,0.5195274040039384,6.519527404003938
CP2C9_HUMAN_Amorosi_activity_2021,48,19,2.5195274040039384,6.519527404003938
CP2C9_HUMAN_Amorosi_activity_2021,48,20,-0.4804725959960617,6.519527404003938
CP2C9_HUMAN_Amorosi_activity_2021,48,21,-0.4804725959960617,6.519527404003938
CP2C9_HUMAN_Amorosi_activity_2021,48,22,-0.4804725959960617,6.519527404003938
CP2C9_HUMAN_Amorosi_activity_2021,48,23,-0.46471939612733837,6.535280603872661
CP2C9_HUMAN_Amorosi_activity_2021,48,24,0.5195274040039384,6.519527404003938
CP2C9_HUMAN_Amorosi_activity_2021,48,25,-0.46471939612733837,6.535280603872661
CP2C9_HUMAN_Amorosi_activity_2021,48,26,0.5195274040039384,6.519527404003938
CP2C9_HUMAN_Amorosi_activity_2021,48,27,1.5195274040039384,6.519527404003938
CP2C9_HUMAN_Amorosi_activity_2021,48,28,1.5195274040039384,6.519527404003938
CP2C9_HUMAN_Amorosi_activity_2021,48,29,1.5274040039383,6.5274040039383
CP2C9_HUMAN_Amorosi_activity_2021,48,30,0.5195274040039384,6.519527404003938
CP2C9_HUMAN_Amorosi_activity_2021,48,31,-0.4804725959960617,6.519527404003938
CP2C9_HUMAN_Amorosi_activity_2021,48,32,0.5195274040039384,6.519527404003938
CP2C9_HUMAN_Amorosi_activity_2021,48,33,-0.4804725959960617,6.519527404003938
CP2C9_HUMAN_Amorosi_activity_2021,48,34,2.5195274040039384,6.519527404003938
CP2C9_HUMAN_Amorosi_activity_2021,48,35,-0.4804725959960617,6.519527404003938
CP2C9_HUMAN_Amorosi_activity_2021,48,36,1.5195274040039384,6.519527404003938
CP2C9_HUMAN_Amorosi_activity_2021,48,37,-0.4804725959960617,6.519527404003938
CP2C9_HUMAN_Amorosi_activity_2021,48,38,-0.4804725959960617,6.519527404003938
CP2C9_HUMAN_Amorosi_activity_2021,48,39,1.5274040039383,6.5274040039383
CP2C9_HUMAN_Amorosi_activity_2021,96,0,-0.4842871319880913,6.515712868011908
CP2C9_HUMAN_Amorosi_activity_2021,96,1,-0.4763479986768111,6.523652001323189
CP2C9_HUMAN_Amorosi_activity_2021,96,2,3.523652001323189,5.523652001323189
CP2C9_HUMAN_Amorosi_activity_2021,96,3,-0.4842871319880913,6.515712868011908
CP2C9_HUMAN_Amorosi_activity_2021,96,4,0.5236520013231889,6.523652001323189
CP2C9_HUMAN_Amorosi_activity_2021,96,5,2.5157128680119087,6.515712868011908
CP2C9_HUMAN_Amorosi_activity_2021,96,6,0.531591134634469,5.5315911346344695
CP2C9_HUMAN_Amorosi_activity_2021,96,7,1.5395302679457492,5.539530267945749
CP2C9_HUMAN_Amorosi_activity_2021,96,8,0.531591134634469,6.5315911346344695
CP2C9_HUMAN_Amorosi_activity_2021,96,9,0.5157128680119087,6.515712868011908
CP2C9_HUMAN_Amorosi_activity_2021,96,10,-0.4842871319880913,6.515712868011908
CP2C9_HUMAN_Amorosi_activity_2021,96,11,-0.4842871319880913,6.515712868011908
CP2C9_HUMAN_Amorosi_activity_2021,96,12,-0.4842871319880913,6.515712868011908
CP2C9_HUMAN_Amorosi_activity_2021,96,13,-0.4842871319880913,6.515712868011908
CP2C9_HUMAN_Amorosi_activity_2021,96,14,-0.46840886536553095,5.5315911346344695
CP2C9_HUMAN_Amorosi_activity_2021,96,15,1.531591134634469,6.5315911346344695
CP2C9_HUMAN_Amorosi_activity_2021,96,16,-0.4763479986768111,6.523652001323189
CP2C9_HUMAN_Amorosi_activity_2021,96,17,1.523652001323189,6.523652001323189
CP2C9_HUMAN_Amorosi_activity_2021,96,18,1.5157128680119087,6.515712868011908
CP2C9_HUMAN_Amorosi_activity_2021,96,19,0.5157128680119087,6.515712868011908
CP2C9_HUMAN_Amorosi_activity_2021,96,20,0.5157128680119087,6.515712868011908
CP2C9_HUMAN_Amorosi_activity_2021,96,21,-0.4763479986768111,6.523652001323189
CP2C9_HUMAN_Amorosi_activity_2021,96,22,-0.4842871319880913,6.515712868011908
CP2C9_HUMAN_Amorosi_activity_2021,96,23,1.523652001323189,6.523652001323189
CP2C9_HUMAN_Amorosi_activity_2021,96,24,-0.46840886536553095,6.5315911346344695
CP2C9_HUMAN_Amorosi_activity_2021,96,25,-0.4763479986768111,6.523652001323189
CP2C9_HUMAN_Amorosi_activity_2021,96,26,1.523652001323189,6.523652001323189
CP2C9_HUMAN_Amorosi_activity_2021,96,27,0.5236520013231889,6.523652001323189
CP2C9_HUMAN_Amorosi_activity_2021,96,28,-0.46840886536553095,5.5315911346344695
CP2C9_HUMAN_Amorosi_activity_2021,96,29,2.531591134634469,6.5315911346344695
CP2C9_HUMAN_Amorosi_activity_2021,96,30,1.531591134634469,6.5315911346344695
CP2C9_HUMAN_Amorosi_activity_2021,96,31,-0.4763479986768111,6.523652001323189
CP2C9_HUMAN_Amorosi_activity_2021,96,32,2.5157128680119087,6.515712868011908
CP2C9_HUMAN_Amorosi_activity_2021,96,33,1.5157128680119087,6.515712868011908
CP2C9_HUMAN_Amorosi_activity_2021,96,34,2.531591134634469,6.5315911346344695
CP2C9_HUMAN_Amorosi_activity_2021,96,35,0.5157128680119087,6.515712868011908
CP2C9_HUMAN_Amorosi_activity_2021,96,36,-0.4842871319880913,6.515712868011908
CP2C9_HUMAN_Amorosi_activity_2021,96,37,-0.4842871319880913,6.515712868011908
CP2C9_HUMAN_Amorosi_activity_2021,96,38,-0.4763479986768111,6.523652001323189
CP2C9_HUMAN_Amorosi_activity_2021,96,39,1.523652001323189,6.523652001323189
CP2C9_HUMAN_Amorosi_activity_2021,192,0,0.5321008403361345,6.532100840336135
CP2C9_HUMAN_Amorosi_activity_2021,192,1,0.5321008403361345,6.532100840336135
CP2C9_HUMAN_Amorosi_activity_2021,192,2,0.5159663865546218,6.515966386554622
CP2C9_HUMAN_Amorosi_activity_2021,192,3,1.5240336134453782,6.524033613445378
CP2C9_HUMAN_Amorosi_activity_2021,192,4,-0.4678991596638655,6.532100840336135
CP2C9_HUMAN_Amorosi_activity_2021,192,5,1.5643697478991596,5.56436974789916
CP2C9_HUMAN_Amorosi_activity_2021,192,6,1.5159663865546218,6.515966386554622
CP2C9_HUMAN_Amorosi_activity_2021,192,7,0.5159663865546218,6.515966386554622
CP2C9_HUMAN_Amorosi_activity_2021,192,8,-0.47596638655462187,6.524033613445378
CP2C9_HUMAN_Amorosi_activity_2021,192,9,0.5159663865546218,6.515966386554622
CP2C9_HUMAN_Amorosi_activity_2021,192,10,0.5159663865546218,6.515966386554622
CP2C9_HUMAN_Amorosi_activity_2021,192,11,-0.45983193277310924,6.540168067226891
CP2C9_HUMAN_Amorosi_activity_2021,192,12,1.5078991596638656,6.507899159663865
CP2C9_HUMAN_Amorosi_activity_2021,192,13,-0.49210084033613444,6.507899159663865
CP2C9_HUMAN_Amorosi_activity_2021,192,14,2.5240336134453782,6.524033613445378
CP2C9_HUMAN_Amorosi_activity_2021,192,15,1.5321008403361345,5.532100840336135
CP2C9_HUMAN_Amorosi_activity_2021,192,16,1.5321008403361345,5.532100840336135
CP2C9_HUMAN_Amorosi_activity_2021,192,17,1.5159663865546218,6.515966386554622
CP2C9_HUMAN_Amorosi_activity_2021,192,18,-0.47596638655462187,6.524033613445378
CP2C9_HUMAN_Amorosi_activity_2021,192,19,0.5159663865546218,6.515966386554622
CP2C9_HUMAN_Amorosi_activity_2021,192,20,0.5240336134453781,6.524033613445378
CP2C9_HUMAN_Amorosi_activity_2021,192,21,1.5321008403361345,5.532100840336135
CP2C9_HUMAN_Amorosi_activity_2021,192,22,5.507899159663865,6.507899159663865
CP2C9_HUMAN_Amorosi_activity_2021,192,23,2.515966386554622,6.515966386554622
CP2C9_HUMAN_Amorosi_activity_2021,192,24,0.5240336134453781,6.524033613445378
CP2C9_HUMAN_Amorosi_activity_2021,192,25,-0.47596638655462187,6.524033613445378
CP2C9_HUMAN_Amorosi_activity_2021,192,26,0.5321008403361345,6.532100840336135
CP2C9_HUMAN_Amorosi_activity_2021,192,27,1.5321008403361345,5.532100840336135
CP2C9_HUMAN_Amorosi_activity_2021,192,28,1.5240336134453782,5.524033613445378
CP2C9_HUMAN_Amorosi_activity_2021,192,29,0.5321008403361345,6.532100840336135
CP2C9_HUMAN_Amorosi_activity_2021,192,30,1.5401680672268907,6.540168067226891
CP2C9_HUMAN_Amorosi_activity_2021,192,31,-0.48403361344537815,6.515966386554622
CP2C9_HUMAN_Amorosi_activity_2021,192,32,0.5321008403361345,6.532100840336135
CP2C9_HUMAN_Amorosi_activity_2021,192,33,1.5321008403361345,5.532100840336135
CP2C9_HUMAN_Amorosi_activity_2021,192,34,2.5240336134453782,6.524033613445378
CP2C9_HUMAN_Amorosi_activity_2021,192,35,-0.4678991596638655,5.532100840336135
CP2C9_HUMAN_Amorosi_activity_2021,192,36,1.5321008403361345,4.532100840336135
CP2C9_HUMAN_Amorosi_activity_2021,192,37,1.5078991596638656,6.507899159663865
CP2C9_HUMAN_Amorosi_activity_2021,192,38,0.5078991596638656,6.507899159663865
CP2C9_HUMAN_Amorosi_activity_2021,192,39,0.5401680672268907,6.540168067226891
CP2C9_HUMAN_Amorosi_activity_2021,384,0,0.5248350121569989,5.524835012156999
CP2C9_HUMAN_Amorosi_activity_2021,384,1,2.5415074678707885,5.5415074678707885
CP2C9_HUMAN_Amorosi_activity_2021,384,2,1.5081625564432095,5.508162556443209
CP2C9_HUMAN_Amorosi_activity_2021,384,3,2.5331712400138935,6.5331712400138935
CP2C9_HUMAN_Amorosi_activity_2021,384,4,-0.49183744355679054,6.508162556443209
CP2C9_HUMAN_Amorosi_activity_2021,384,5,2.524835012156999,6.524835012156999
CP2C9_HUMAN_Amorosi_activity_2021,384,6,2.5331712400138935,6.5331712400138935
CP2C9_HUMAN_Amorosi_activity_2021,384,7,1.5081625564432095,6.508162556443209
CP2C9_HUMAN_Amorosi_activity_2021,384,8,0.5164987843001042,5.516498784300104
CP2C9_HUMAN_Amorosi_activity_2021,384,9,0.5081625564432095,5.508162556443209
CP2C9_HUMAN_Amorosi_activity_2021,384,10,0.4998263285863147,6.499826328586314
CP2C9_HUMAN_Amorosi_activity_2021,384,11,-0.45849253212921154,5.5415074678707885
CP2C9_HUMAN_Amorosi_activity_2021,384,12,0.5331712400138937,6.5331712400138935
CP2C9_HUMAN_Amorosi_activity_2021,384,13,-0.49183744355679054,6.508162556443209
CP2C9_HUMAN_Amorosi_activity_2021,384,14,0.5164987843001042,6.516498784300104
CP2C9_HUMAN_Amorosi_activity_2021,384,15,1.524835012156999,6.524835012156999
CP2C9_HUMAN_Amorosi_activity_2021,384,16,0.4998263285863147,6.499826328586314
CP2C9_HUMAN_Amorosi_activity_2021,384,17,1.5164987843001043,6.516498784300104
CP2C9_HUMAN_Amorosi_activity_2021,384,18,1.5164987843001043,6.516498784300104
CP2C9_HUMAN_Amorosi_activity_2021,384,19,3.5164987843001043,6.516498784300104
CP2C9_HUMAN_Amorosi_activity_2021,384,20,0.5415074678707885,6.5415074678707885
CP2C9_HUMAN_Amorosi_activity_2021,384,21,2.524835012156999,6.524835012156999
CP2C9_HUMAN_Amorosi_activity_2021,384,22,-0.4668287599861063,6.5331712400138935
CP2C9_HUMAN_Amorosi_activity_2021,384,23,-0.49183744355679054,6.508162556443209
CP2C9_HUMAN_Amorosi_activity_2021,384,24,0.5498436957276832,6.5498436957276835
CP2C9_HUMAN_Amorosi_activity_2021,384,25,4.499826328586314,6.499826328586314
CP2C9_HUMAN_Amorosi_activity_2021,384,26,0.5581799235845779,6.558179923584578
CP2C9_HUMAN_Amorosi_activity_2021,384,27,1.524835012156999,6.524835012156999
CP2C9_HUMAN_Amorosi_activity_2021,384,28,0.5498436957276832,5.5498436957276835
CP2C9_HUMAN_Amorosi_activity_2021,384,29,2.5081625564432093,6.508162556443209
CP2C9_HUMAN_Amorosi_activity_2021,384,30,0.5081625564432095,6.508162556443209
CP2C9_HUMAN_Amorosi_activity_2021,384,31,1.5331712400138937,6.5331712400138935
CP2C9_HUMAN_Amorosi_activity_2021,384,32,2.5081625564432093,6.508162556443209
CP2C9_HUMAN_Amorosi_activity_2021,384,33,-0.47516498784300104,6.524835012156999
CP2C9_HUMAN_Amorosi_activity_2021,384,34,2.5164987843001043,6.516498784300104
CP2C9_HUMAN_Amorosi_activity_2021,384,35,-0.4835012156998958,6.516498784300104
CP2C9_HUMAN_Amorosi_activity_2021,384,36,0.5581799235845779,4.558179923584578
CP2C9_HUMAN_Amorosi_activity_2021,384,37,0.5248350121569989,6.524835012156999
CP2C9_HUMAN_Amorosi_activity_2021,384,38,-0.5085098992705801,6.49149010072942
CP2C9_HUMAN_Amorosi_activity_2021,384,39,1.5331712400138937,6.5331712400138935
DYR_ECOLI_Thompson_plusLon_2019,24,0,2.548525010688328,-0.4514749893116717
DYR_ECOLI_Thompson_plusLon_2019,24,1,1.5280034202650705,-0.4719965797349295
DYR_ECOLI_Thompson_plusLon_2019,24,2,-0.4925181701581873,-0.4925181701581873
DYR_ECOLI_Thompson_plusLon_2019,24,3,-0.4925181701581873,-0.4925181701581873
DYR_ECOLI_Thompson_plusLon_2019,24,4,-0.4925181701581873,-0.4925181701581873
DYR_ECOLI_Thompson_plusLon_2019,24,5,-0.4925181701581873,-0.4925181701581873
DYR_ECOLI_Thompson_plusLon_2019,24,6,-0.4925181701581873,-0.4925181701581873
DYR_ECOLI_Thompson_plusLon_2019,24,7,0.5074818298418127,-0.4925181701581873
DYR_ECOLI_Thompson_plusLon_2019,24,8,-0.4925181701581873,-0.4925181701581873
DYR_ECOLI_Thompson_plusLon_2019,24,9,0.5074818298418127,-0.4925181701581873
DYR_ECOLI_Thompson_plusLon_2019,24,10,0.5280034202650705,-0.4719965797349295
DYR_ECOLI_Thompson_plusLon_2019,24,11,2.507481829841813,-0.4925181701581873
DYR_ECOLI_Thompson_plusLon_2019,24,12,1.5074818298418127,-0.4925181701581873
DYR_ECOLI_Thompson_plusLon_2019,24,13,3.507481829841813,-0.4925181701581873
DYR_ECOLI_Thompson_plusLon_2019,24,14,0.5074818298418127,-0.4925181701581873
DYR_ECOLI_Thompson_plusLon_2019,24,15,0.5280034202650705,-0.4719965797349295
DYR_ECOLI_Thompson_plusLon_2019,24,16,1.5280034202650705,-0.4719965797349295
DYR_ECOLI_Thompson_plusLon_2019,24,17,-0.4925181701581873,-0.4925181701581873
DYR_ECOLI_Thompson_plusLon_2019,24,18,-0.4925181701581873,-0.4925181701581873
DYR_ECOLI_Thompson_plusLon_2019,24,19,-0.4925181701581873,-0.4925181701581873
DYR_ECOLI_Thompson_plusLon_2019,24,20,-0.4925181701581873,-0.4925181701581873
DYR_ECOLI_Thompson_plusLon_2019,24,21,1.5074818298418127,-0.4925181701581873
DYR_ECOLI_Thompson_plusLon_2019,24,22,0.5074818298418127,-0.4925181701581873
DYR_ECOLI_Thompson_plusLon_2019,24,23,-0.4925181701581873,-0.4925181701581873
DYR_ECOLI_Thompson_plusLon_2019,24,24,1.5280034202650705,-0.4719965797349295
DYR_ECOLI_Thompson_plusLon_2019,24,25,1.5074818298418127,-0.4925181701581873
DYR_ECOLI_Thompson_plusLon_2019,24,26,1.5074818298418127,-0.4925181701581873
DYR_ECOLI_Thompson_plusLon_2019,24,27,0.5074818298418127,-0.4925181701581873
DYR_ECOLI_Thompson_plusLon_2019,24,28,-0.4925181701581873,-0.4925181701581873
DYR_ECOLI_Thompson_plusLon_2019,24,29,-0.4925181701581873,-0.4925181701581873
DYR_ECOLI_Thompson_plusLon_2019,24,30,-0.4925181701581873,-0.4925181701581873
DYR_ECOLI_Thompson_plusLon_2019,24,31,-0.4925181701581873,-0.4925181701581873
DYR_ECOLI_Thompson_plusLon_2019,24,32,-0.4925181701581873,-0.4925181701581873
DYR_ECOLI_Thompson_plusLon_2019,24,33,-0.4719965797349295,-0.4719965797349295
DYR_ECOLI_Thompson_plusLon_2019,24,34,0.5074818298418127,-0.4925181701581873
DYR_ECOLI_Thompson_plusLon_2019,24,35,-0.4719965797349295,-0.4719965797349295
DYR_ECOLI_Thompson_plusLon_2019,24,36,-0.4925181701581873,-0.4925181701581873
DYR_ECOLI_Thompson_plusLon_2019,24,37,-0.4925181701581873,-0.4925181701581873
DYR_ECOLI_Thompson_plusLon_2019,24,38,1.5074818298418127,-0.4925181701581873
DYR_ECOLI_Thompson_plusLon_2019,24,39,-0.4925181701581873,-0.4925181701581873
DYR_ECOLI_Thompson_plusLon_2019,48,0,-0.4976241900647948,-0.4976241900647948
DYR_ECOLI_Thompson_plusLon_2019,48,1,1.5023758099352051,-0.4976241900647948
DYR_ECOLI_Thompson_plusLon_2019,48,2,0.5023758099352051,-0.4976241900647948
DYR_ECOLI_Thompson_plusLon_2019,48,3,0.5438444924406047,-0.45615550755939527
DYR_ECOLI_Thompson_plusLon_2019,48,4,-0.4976241900647948,-0.4976241900647948
DYR_ECOLI_Thompson_plusLon_2019,48,5,1.5438444924406047,-0.45615550755939527
DYR_ECOLI_Thompson_plusLon_2019,48,6,-0.4976241900647948,-0.4976241900647948
DYR_ECOLI_Thompson_plusLon_2019,48,7,2.5023758099352054,-0.4976241900647948
DYR_ECOLI_Thompson_plusLon_2019,48,8,1.5023758099352051,-0.4976241900647948
DYR_ECOLI_Thompson_plusLon_2019,48,9,-0.4976241900647948,-0.4976241900647948
DYR_ECOLI_Thompson_plusLon_2019,48,10,-0.4976241900647948,-0.4976241900647948
DYR_ECOLI_Thompson_plusLon_2019,48,11,-0.476889848812095,-0.476889848812095
DYR_ECOLI_Thompson_plusLon_2019,48,12,0.5023758099352051,-0.4976241900647948
DYR_ECOLI_Thompson_plusLon_2019,48,13,-0.4976241900647948,-0.4976241900647948
DYR_ECOLI_Thompson_plusLon_2019,48,14,0.523110151187905,-0.476889848812095
DYR_ECOLI_Thompson_plusLon_2019,48,15,0.5023758099352051,-0.4976241900647948
DYR_ECOLI_Thompson_plusLon_2019,48,16,-0.4976241900647948,-0.4976241900647948
DYR_ECOLI_Thompson_plusLon_2019,48,17,-0.4976241900647948,-0.4976241900647948
DYR_ECOLI_Thompson_plusLon_2019,48,18,0.5023758099352051,-0.4976241900647948
DYR_ECOLI_Thompson_plusLon_2019,48,19,0.5023758099352051,-0.4976241900647948
DYR_ECOLI_Thompson_plusLon_2019,48,20,0.5438444924406047,-0.45615550755939527
DYR_ECOLI_Thompson_plusLon_2019,48,21,-0.4976241900647948,-0.4976241900647948
DYR_ECOLI_Thompson_plusLon_2019,48,22,0.5023758099352051,-0.4976241900647948
DYR_ECOLI_Thompson_plusLon_2019,48,23,-0.476889848812095,-0.476889848812095
DYR_ECOLI_Thompson_plusLon_2019,48,24,-0.476889848812095,-0.476889848812095
DYR_ECOLI_Thompson_plusLon_2019,48,25,-0.4976241900647948,-0.4976241900647948
DYR_ECOLI_Thompson_plusLon_2019,48,26,-0.4976241900647948,-0.4976241900647948
DYR_ECOLI_Thompson_plusLon_2019,48,27,-0.4976241900647948,-0.4976241900647948
DYR_ECOLI_Thompson_plusLon_2019,48,28,-0.476889848812095,-0.476889848812095
DYR_ECOLI_Thompson_plusLon_2019,48,29,-0.4976241900647948,-0.4976241900647948
DYR_ECOLI_Thompson_plusLon_2019,48,30,-0.4976241900647948,-0.4976241900647948
DYR_ECOLI_Thompson_plusLon_2019,48,31,1.523110151187905,-0.476889848812095
DYR_ECOLI_Thompson_plusLon_2019,48,32,-0.4976241900647948,-0.4976241900647948
DYR_ECOLI_Thompson_plusLon_2019,48,33,2.523110151187905,-0.476889848812095
DYR_ECOLI_Thompson_plusLon_2019,48,34,1.5023758099352051,-0.4976241900647948
DYR_ECOLI_Thompson_plusLon_2019,48,35,0.523110151187905,-0.476889848812095
DYR_ECOLI_Thompson_plusLon_2019,48,36,1.5438444924406047,-0.45615550755939527
DYR_ECOLI_Thompson_plusLon_2019,48,37,0.5023758099352051,-0.4976241900647948
DYR_ECOLI_Thompson_plusLon_2019,48,38,1.523110151187905,-0.476889848812095
DYR_ECOLI_Thompson_plusLon_2019,48,39,1.5023758099352051,-0.4976241900647948
DYR_ECOLI_Thompson_plusLon_2019,96,0,-0.4869872077635642,-0.4869872077635642
DYR_ECOLI_Thompson_plusLon_2019,96,1,0.49183943537715047,-0.5081605646228495
DYR_ECOLI_Thompson_plusLon_2019,96,2,1.5341861490957212,-0.4658138509042788
DYR_ECOLI_Thompson_plusLon_2019,96,3,0.49183943537715047,-0.5081605646228495
DYR_ECOLI_Thompson_plusLon_2019,96,4,-0.5081605646228495,-0.5081605646228495
DYR_ECOLI_Thompson_plusLon_2019,96,5,0.5341861490957212,-0.4658138509042788
DYR_ECOLI_Thompson_plusLon_2019,96,6,0.5130127922364358,-0.4869872077635642
DYR_ECOLI_Thompson_plusLon_2019,96,7,1.5341861490957212,-0.4658138509042788
DYR_ECOLI_Thompson_plusLon_2019,96,8,2.513012792236436,-0.4869872077635642
DYR_ECOLI_Thompson_plusLon_2019,96,9,0.5130127922364358,-0.4869872077635642
DYR_ECOLI_Thompson_plusLon_2019,96,10,0.49183943537715047,-0.5081605646228495
DYR_ECOLI_Thompson_plusLon_2019,96,11,0.5130127922364358,-0.4869872077635642
DYR_ECOLI_Thompson_plusLon_2019,96,12,0.49183943537715047,-0.5081605646228495
DYR_ECOLI_Thompson_plusLon_2019,96,13,-0.5081605646228495,-0.5081605646228495
DYR_ECOLI_Thompson_plusLon_2019,96,14,0.5341861490957212,-0.4658138509042788
DYR_ECOLI_Thompson_plusLon_2019,96,15,-0.4869872077635642,-0.4869872077635642
DYR_ECOLI_Thompson_plusLon_2019,96,16,2.4918394353771505,-0.5081605646228495
DYR_ECOLI_Thompson_plusLon_2019,96,17,-0.4658138509042788,-0.4658138509042788
DYR_ECOLI_Thompson_plusLon_2019,96,18,0.49183943537715047,-0.5081605646228495
DYR_ECOLI_Thompson_plusLon_2019,96,19,3.4918394353771505,-0.5081605646228495
DYR_ECOLI_Thompson_plusLon_2019,96,20,-0.4869872077635642,-0.4869872077635642
DYR_ECOLI_Thompson_plusLon_2019,96,21,0.5341861490957212,-0.4658138509042788
DYR_ECOLI_Thompson_plusLon_2019,96,22,-0.4869872077635642,-0.4869872077635642
DYR_ECOLI_Thompson_plusLon_2019,96,23,1.5130127922364358,-0.4869872077635642
DYR_ECOLI_Thompson_plusLon_2019,96,24,1.5130127922364358,-0.4869872077635642
DYR_ECOLI_Thompson_plusLon_2019,96,25,-0.4869872077635642,-0.4869872077635642
DYR_ECOLI_Thompson_plusLon_2019,96,26,2.513012792236436,-0.4869872077635642
DYR_ECOLI_Thompson_plusLon_2019,96,27,1.5341861490957212,-0.4658138509042788
DYR_ECOLI_Thompson_plusLon_2019,96,28,-0.4869872077635642,-0.4869872077635642
DYR_ECOLI_Thompson_plusLon_2019,96,29,0.5341861490957212,-0.4658138509042788
DYR_ECOLI_Thompson_plusLon_2019,96,30,-0.4446404940449934,-0.4446404940449934
DYR_ECOLI_Thompson_plusLon_2019,96,31,-0.4446404940449934,-0.4446404940449934
DYR_ECOLI_Thompson_plusLon_2019,96,32,1.4918394353771505,-0.5081605646228495
DYR_ECOLI_Thompson_plusLon_2019,96,33,0.5341861490957212,-0.4658138509042788
DYR_ECOLI_Thompson_plusLon_2019,96,34,-0.4446404940449934,-0.4446404940449934
DYR_ECOLI_Thompson_plusLon_2019,96,35,-0.4869872077635642,-0.4869872077635642
DYR_ECOLI_Thompson_plusLon_2019,96,36,0.49183943537715047,-0.5081605646228495
DYR_ECOLI_Thompson_plusLon_2019,96,37,1.4918394353771505,-0.5081605646228495
DYR_ECOLI_Thompson_plusLon_2019,96,38,0.49183943537715047,-0.5081605646228495
DYR_ECOLI_Thompson_plusLon_2019,96,39,0.5341861490957212,-0.4658138509042788
DYR_ECOLI_Thompson_plusLon_2019,192,0,0.4914785812989406,-0.5085214187010594
DYR_ECOLI_Thompson_plusLon_2019,192,1,0.5799170888991247,-0.4200829111008752
DYR_ECOLI_Thompson_plusLon_2019,192,2,0.4693689543988945,-0.5306310456011055
DYR_ECOLI_Thompson_plusLon_2019,192,3,2.5356978350990325,-0.4643021649009673
DYR_ECOLI_Thompson_plusLon_2019,192,4,3.4693689543988944,-0.5306310456011055
DYR_ECOLI_Thompson_plusLon_2019,192,5,1.5578074619990787,-0.44219253800092123
DYR_ECOLI_Thompson_plusLon_2019,192,6,0.4914785812989406,-0.5085214187010594
DYR_ECOLI_Thompson_plusLon_2019,192,7,-0.4200829111008752,-0.4200829111008752
DYR_ECOLI_Thompson_plusLon_2019,192,8,0.5135882081989867,-0.48641179180101335
DYR_ECOLI_Thompson_plusLon_2019,192,9,-0.44219253800092123,-0.44219253800092123
DYR_ECOLI_Thompson_plusLon_2019,192,10,0.4693689543988945,-0.5306310456011055
DYR_ECOLI_Thompson_plusLon_2019,192,11,0.5578074619990787,-0.44219253800092123
DYR_ECOLI_Thompson_plusLon_2019,192,12,0.5135882081989867,-0.48641179180101335
DYR_ECOLI_Thompson_plusLon_2019,192,13,0.5578074619990787,-0.44219253800092123
DYR_ECOLI_Thompson_plusLon_2019,192,14,-0.48641179180101335,-0.48641179180101335
DYR_ECOLI_Thompson_plusLon_2019,192,15,-0.5306310456011055,-0.5306310456011055
DYR_ECOLI_Thompson_plusLon_2019,192,16,-0.48641179180101335,-0.48641179180101335
DYR_ECOLI_Thompson_plusLon_2019,192,17,1.5356978350990327,-0.4643021649009673
DYR_ECOLI_Thompson_plusLon_2019,192,18,1.4693689543988944,-0.5306310456011055
DYR_ECOLI_Thompson_plusLon_2019,192,19,0.5135882081989867,-0.48641179180101335
DYR_ECOLI_Thompson_plusLon_2019,192,20,1.5356978350990327,-0.4643021649009673
DYR_ECOLI_Thompson_plusLon_2019,192,21,-0.5085214187010594,-0.5085214187010594
DYR_ECOLI_Thompson_plusLon_2019,192,22,-0.48641179180101335,-0.48641179180101335
DYR_ECOLI_Thompson_plusLon_2019,192,23,0.5135882081989867,-0.48641179180101335
DYR_ECOLI_Thompson_plusLon_2019,192,24,-0.48641179180101335,-0.48641179180101335
DYR_ECOLI_Thompson_plusLon_2019,192,25,1.4914785812989406,-0.5085214187010594
DYR_ECOLI_Thompson_plusLon_2019,192,26,1.5578074619990787,-0.44219253800092123
DYR_ECOLI_Thompson_plusLon_2019,192,27,1.4914785812989406,-0.5085214187010594
DYR_ECOLI_Thompson_plusLon_2019,192,28,0.5135882081989867,-0.48641179180101335
DYR_ECOLI_Thompson_plusLon_2019,192,29,-0.5085214187010594,-0.5085214187010594
DYR_ECOLI_Thompson_plusLon_2019,192,30,1.4693689543988944,-0.5306310456011055
DYR_ECOLI_Thompson_plusLon_2019,192,31,0.5578074619990787,-0.44219253800092123
DYR_ECOLI_Thompson_plusLon_2019,192,32,2.4693689543988944,-0.5306310456011055
DYR_ECOLI_Thompson_plusLon_2019,192,33,2.557807461999079,-0.44219253800092123
DYR_ECOLI_Thompson_plusLon_2019,192,34,2.4693689543988944,-0.5306310456011055
DYR_ECOLI_Thompson_plusLon_2019,192,35,-0.4200829111008752,-0.4200829111008752
DYR_ECOLI_Thompson_plusLon_2019,192,36,-0.4643021649009673,-0.4643021649009673
DYR_ECOLI_Thompson_plusLon_2019,192,37,-0.4643021649009673,-0.4643021649009673
DYR_ECOLI_Thompson_plusLon_2019,192,38,2.4914785812989404,-0.5085214187010594
DYR_ECOLI_Thompson_plusLon_2019,192,39,-0.5306310456011055,-0.5306310456011055
DYR_ECOLI_Thompson_plusLon_2019,384,0,0.4906518443658413,-0.5093481556341587
DYR_ECOLI_Thompson_plusLon_2019,384,1,1.5149065184436585,-0.4850934815563416
DYR_ECOLI_Thompson_plusLon_2019,384,2,1.4906518443658414,-0.5093481556341587
DYR_ECOLI_Thompson_plusLon_2019,384,3,2.5149065184436585,-0.4850934815563416
DYR_ECOLI_Thompson_plusLon_2019,384,4,1.4663971702880243,-0.5336028297119757
DYR_ECOLI_Thompson_plusLon_2019,384,5,0.5149065184436584,-0.4850934815563416
DYR_ECOLI_Thompson_plusLon_2019,384,6,-0.4608388074785245,-0.4608388074785245
DYR_ECOLI_Thompson_plusLon_2019,384,7,0.5149065184436584,-0.4850934815563416
DYR_ECOLI_Thompson_plusLon_2019,384,8,0.5634158665992925,-0.43658413340070745
DYR_ECOLI_Thompson_plusLon_2019,384,9,0.5149065184436584,-0.4850934815563416
DYR_ECOLI_Thompson_plusLon_2019,384,10,2.5149065184436585,-0.4850934815563416
DYR_ECOLI_Thompson_plusLon_2019,384,11,0.4663971702880243,-0.5336028297119757
DYR_ECOLI_Thompson_plusLon_2019,384,12,1.4663971702880243,-0.5336028297119757
DYR_ECOLI_Thompson_plusLon_2019,384,13,-0.5093481556341587,-0.5093481556341587
DYR_ECOLI_Thompson_plusLon_2019,384,14,1.5391611925214754,-0.4608388074785245
DYR_ECOLI_Thompson_plusLon_2019,384,15,1.4906518443658414,-0.5093481556341587
DYR_ECOLI_Thompson_plusLon_2019,384,16,-0.4850934815563416,-0.4850934815563416
DYR_ECOLI_Thompson_plusLon_2019,384,17,-0.5336028297119757,-0.5336028297119757
DYR_ECOLI_Thompson_plusLon_2019,384,18,-0.5093481556341587,-0.5093481556341587
DYR_ECOLI_Thompson_plusLon_2019,384,19,0.4906518443658413,-0.5093481556341587
DYR_ECOLI_Thompson_plusLon_2019,384,20,0.5876705406771097,-0.41232945932289033
DYR_ECOLI_Thompson_plusLon_2019,384,21,-0.4608388074785245,-0.4608388074785245
DYR_ECOLI_Thompson_plusLon_2019,384,22,1.5149065184436585,-0.4850934815563416
DYR_ECOLI_Thompson_plusLon_2019,384,23,-0.4850934815563416,-0.4850934815563416
DYR_ECOLI_Thompson_plusLon_2019,384,24,0.5149065184436584,-0.4850934815563416
DYR_ECOLI_Thompson_plusLon_2019,384,25,1.41788782213239,-0.5821121778676099
DYR_ECOLI_Thompson_plusLon_2019,384,26,0.4906518443658413,-0.5093481556341587
DYR_ECOLI_Thompson_plusLon_2019,384,27,0.4663971702880243,-0.5336028297119757
DYR_ECOLI_Thompson_plusLon_2019,384,28,1.4906518443658414,-0.5093481556341587
DYR_ECOLI_Thompson_plusLon_2019,384,29,-0.43658413340070745,-0.43658413340070745
DYR_ECOLI_Thompson_plusLon_2019,384,30,0.6361798888327438,-0.3638201111672562
DYR_ECOLI_Thompson_plusLon_2019,384,31,-0.4850934815563416,-0.4850934815563416
DYR_ECOLI_Thompson_plusLon_2019,384,32,0.4906518443658413,-0.5093481556341587
DYR_ECOLI_Thompson_plusLon_2019,384,33,1.4906518443658414,-0.5093481556341587
DYR_ECOLI_Thompson_plusLon_2019,384,34,-0.43658413340070745,-0.43658413340070745
DYR_ECOLI_Thompson_plusLon_2019,384,35,1.5149065184436585,-0.4850934815563416
DYR_ECOLI_Thompson_plusLon_2019,384,36,-0.4850934815563416,-0.4850934815563416
DYR_ECOLI_Thompson_plusLon_2019,384,37,1.4663971702880243,-0.5336028297119757
DYR_ECOLI_Thompson_plusLon_2019,384,38,0.4906518443658413,-0.5093481556341587
DYR_ECOLI_Thompson_plusLon_2019,384,39,0.5391611925214754,-0.4608388074785245
ESTA_BACSU_Nutschel_2020,24,0,-0.49162011173184356,1.5083798882681565
ESTA_BACSU_Nutschel_2020,24,1,-0.4692737430167598,0.5307262569832403
ESTA_BACSU_Nutschel_2020,24,2,2.53072625698324,1.5307262569832403
ESTA_BACSU_Nutschel_2020,24,3,6.5307262569832405,1.5307262569832403
ESTA_BACSU_Nutschel_2020,24,4,-0.49162011173184356,1.5083798882681565
ESTA_BACSU_Nutschel_2020,24,5,0.5083798882681565,1.5083798882681565
ESTA_BACSU_Nutschel_2020,24,6,-0.49162011173184356,1.5083798882681565
ESTA_BACSU_Nutschel_2020,24,7,-0.49162011173184356,1.5083798882681565
ESTA_BACSU_Nutschel_2020,24,8,-0.49162011173184356,1.5083798882681565
ESTA_BACSU_Nutschel_2020,24,9,-0.49162011173184356,1.5083798882681565
ESTA_BACSU_Nutschel_2020,24,10,-0.49162011173184356,1.5083798882681565
ESTA_BACSU_Nutschel_2020,24,11,0.5083798882681565,1.5083798882681565
ESTA_BACSU_Nutschel_2020,24,12,0.5083798882681565,1.5083798882681565
ESTA_BACSU_Nutschel_2020,24,13,1.5083798882681565,1.5083798882681565
ESTA_BACSU_Nutschel_2020,24,14,4.5083798882681565,1.5083798882681565
ESTA_BACSU_Nutschel_2020,24,15,-0.49162011173184356,1.5083798882681565
ESTA_BACSU_Nutschel_2020,24,16,0.5083798882681565,1.5083798882681565
ESTA_BACSU_Nutschel_2020,24,17,0.553072625698324,1.553072625698324
ESTA_BACSU_Nutschel_2020,24,18,0.5307262569832403,1.5307262569832403
ESTA_BACSU_Nutschel_2020,24,19,6.5083798882681565,1.5083798882681565
ESTA_BACSU_Nutschel_2020,24,20,-0.49162011173184356,1.5083798882681565
ESTA_BACSU_Nutschel_2020,24,21,4.5307262569832405,1.5307262569832403
ESTA_BACSU_Nutschel_2020,24,22,-0.4692737430167598,1.5307262569832403
ESTA_BACSU_Nutschel_2020,24,23,0.5083798882681565,1.5083798882681565
ESTA_BACSU_Nutschel_2020,24,24,4.5083798882681565,1.5083798882681565
ESTA_BACSU_Nutschel_2020,24,25,5.5307262569832405,1.5307262569832403
ESTA_BACSU_Nutschel_2020,24,26,-0.49162011173184356,1.5083798882681565
ESTA_BACSU_Nutschel_2020,24,27,-0.49162011173184356,1.5083798882681565
ESTA_BACSU_Nutschel_2020,24,28,-0.49162011173184356,1.5083798882681565
ESTA_BACSU_Nutschel_2020,24,29,-0.49162011173184356,1.5083798882681565
ESTA_BACSU_Nutschel_2020,24,30,1.5307262569832403,1.5307262569832403
ESTA_BACSU_Nutschel_2020,24,31,-0.49162011173184356,1.5083798882681565
ESTA_BACSU_Nutschel_2020,24,32,0.5083798882681565,1.5083798882681565
ESTA_BACSU_Nutschel_2020,24,33,-0.49162011173184356,1.5083798882681565
ESTA_BACSU_Nutschel_2020,24,34,0.5083798882681565,1.5083798882681565
ESTA_BACSU_Nutschel_2020,24,35,-0.49162011173184356,1.5083798882681565
ESTA_BACSU_Nutschel_2020,24,36,-0.49162011173184356,1.5083798882681565
ESTA_BACSU_Nutschel_2020,24,37,-0.49162011173184356,1.5083798882681565
ESTA_BACSU_Nutschel_2020,24,38,-0.49162011173184356,1.5083798882681565
ESTA_BACSU_Nutschel_2020,24,39,0.5083798882681565,1.5083798882681565
ESTA_BACSU_Nutschel_2020,48,0,3.5254237288135593,1.5254237288135593
ESTA_BACSU_Nutschel_2020,48,1,2.5254237288135593,1.5254237288135593
ESTA_BACSU_Nutschel_2020,48,2,2.5254237288135593,1.5254237288135593
ESTA_BACSU_Nutschel_2020,48,3,0.5254237288135593,1.5254237288135593
ESTA_BACSU_Nutschel_2020,48,4,9.502824858757062,1.502824858757062
ESTA_BACSU_Nutschel_2020,48,5,-0.4745762711864407,1.5254237288135593
ESTA_BACSU_Nutschel_2020,48,6,5.502824858757062,1.502824858757062
ESTA_BACSU_Nutschel_2020,48,7,-0.4971751412429379,1.502824858757062
ESTA_BACSU_Nutschel_2020,48,8,0.5028248587570621,1.502824858757062
ESTA_BACSU_Nutschel_2020,48,9,1.5480225988700564,1.5480225988700564
ESTA_BACSU_Nutschel_2020,48,10,2.5028248587570623,1.502824858757062
ESTA_BACSU_Nutschel_2020,48,11,0.5028248587570621,1.502824858757062
ESTA_BACSU_Nutschel_2020,48,12,2.5028248587570623,1.502824858757062
ESTA_BACSU_Nutschel_2020,48,13,4.52542372881356,0.5254237288135593
ESTA_BACSU_Nutschel_2020,48,14,3.5480225988700567,1.5480225988700564
ESTA_BACSU_Nutschel_2020,48,15,-0.4971751412429379,1.502824858757062
ESTA_BACSU_Nutschel_2020,48,16,1.502824858757062,1.502824858757062
ESTA_BACSU_Nutschel_2020,48,17,1.502824858757062,1.502824858757062
ESTA_BACSU_Nutschel_2020,48,18,-0.4971751412429379,1.502824858757062
ESTA_BACSU_Nutschel_2020,48,19,2.5028248587570623,1.502824858757062
ESTA_BACSU_Nutschel_2020,48,20,5.52542372881356,1.5254237288135593
ESTA_BACSU_Nutschel_2020,48,21,6.502824858757062,1.502824858757062
ESTA_BACSU_Nutschel_2020,48,22,1.5254237288135593,1.5254237288135593
ESTA_BACSU_Nutschel_2020,48,23,-0.4971751412429379,1.502824858757062
ESTA_BACSU_Nutschel_2020,48,24,4.52542372881356,1.5254237288135593
ESTA_BACSU_Nutschel_2020,48,25,7.548022598870056,1.5480225988700564
ESTA_BACSU_Nutschel_2020,48,26,3.5028248587570623,1.502824858757062
ESTA_BACSU_Nutschel_2020,48,27,-0.4519774011299435,1.5480225988700564
ESTA_BACSU_Nutschel_2020,48,28,3.5254237288135593,0.5254237288135593
ESTA_BACSU_Nutschel_2020,48,29,0.5254237288135593,1.5254237288135593
ESTA_BACSU_Nutschel_2020,48,30,-0.4971751412429379,1.502824858757062
ESTA_BACSU_Nutschel_2020,48,31,0.5254237288135593,1.5254237288135593
ESTA_BACSU_Nutschel_2020,48,32,4.502824858757062,1.502824858757062
ESTA_BACSU_Nutschel_2020,48,33,-0.4971751412429379,1.502824858757062
ESTA_BACSU_Nutschel_2020,48,34,1.5480225988700564,1.5480225988700564
ESTA_BACSU_Nutschel_2020,48,35,0.5028248587570621,1.502824858757062
ESTA_BACSU_Nutschel_2020,48,36,0.5480225988700564,1.5480225988700564
ESTA_BACSU_Nutschel_2020,48,37,-0.4971751412429379,1.502824858757062
ESTA_BACSU_Nutschel_2020,48,38,0.5028248587570621,1.502824858757062
ESTA_BACSU_Nutschel_2020,48,39,5.52542372881356,1.5254237288135593
ESTA_BACSU_Nutschel_2020,96,0,5.514450867052023,1.5144508670520231
ESTA_BACSU_Nutschel_2020,96,1,1.4913294797687862,1.4913294797687862
ESTA_BACSU_Nutschel_2020,96,2,8.491329479768787,1.4913294797687862
ESTA_BACSU_Nutschel_2020,96,3,3.514450867052023,1.5144508670520231
ESTA_BACSU_Nutschel_2020,96,4,0.5144508670520231,1.5144508670520231
ESTA_BACSU_Nutschel_2020,96,5,0.5144508670520231,1.5144508670520231
ESTA_BACSU_Nutschel_2020,96,6,6.514450867052023,1.5144508670520231
ESTA_BACSU_Nutschel_2020,96,7,2.514450867052023,1.5144508670520231
ESTA_BACSU_Nutschel_2020,96,8,1.4913294797687862,1.4913294797687862
ESTA_BACSU_Nutschel_2020,96,9,4.5606936416184976,1.560693641618497
ESTA_BACSU_Nutschel_2020,96,10,5.514450867052023,1.5144508670520231
ESTA_BACSU_Nutschel_2020,96,11,2.514450867052023,1.5144508670520231
ESTA_BACSU_Nutschel_2020,96,12,4.514450867052023,1.5144508670520231
ESTA_BACSU_Nutschel_2020,96,13,8.514450867052023,1.5144508670520231
ESTA_BACSU_Nutschel_2020,96,14,6.491329479768786,1.4913294797687862
ESTA_BACSU_Nutschel_2020,96,15,6.606936416184971,1.606936416184971
ESTA_BACSU_Nutschel_2020,96,16,4.514450867052023,1.5144508670520231
ESTA_BACSU_Nutschel_2020,96,17,0.49132947976878616,1.4913294797687862
ESTA_BACSU_Nutschel_2020,96,18,4.53757225433526,1.5375722543352601
ESTA_BACSU_Nutschel_2020,96,19,2.5375722543352603,1.5375722543352601
ESTA_BACSU_Nutschel_2020,96,20,0.5144508670520231,1.5144508670520231
ESTA_BACSU_Nutschel_2020,96,21,4.514450867052023,0.5144508670520231
ESTA_BACSU_Nutschel_2020,96,22,2.491329479768786,1.4913294797687862
ESTA_BACSU_Nutschel_2020,96,23,3.491329479768786,1.4913294797687862
ESTA_BACSU_Nutschel_2020,96,24,3.5375722543352603,1.5375722543352601
ESTA_BACSU_Nutschel_2020,96,25,1.4913294797687862,1.4913294797687862
ESTA_BACSU_Nutschel_2020,96,26,4.5606936416184976,1.560693641618497
ESTA_BACSU_Nutschel_2020,96,27,4.514450867052023,1.5144508670520231
ESTA_BACSU_Nutschel_2020,96,28,3.514450867052023,1.5144508670520231
ESTA_BACSU_Nutschel_2020,96,29,2.514450867052023,1.5144508670520231
ESTA_BACSU_Nutschel_2020,96,30,4.514450867052023,1.5144508670520231
ESTA_BACSU_Nutschel_2020,96,31,2.514450867052023,1.5144508670520231
ESTA_BACSU_Nutschel_2020,96,32,1.4913294797687862,1.4913294797687862
ESTA_BACSU_Nutschel_2020,96,33,0.49132947976878616,1.4913294797687862
ESTA_BACSU_Nutschel_2020,96,34,-0.5086705202312138,1.4913294797687862
ESTA_BACSU_Nutschel_2020,96,35,2.5375722543352603,1.5375722543352601
ESTA_BACSU_Nutschel_2020,96,36,0.5144508670520231,1.5144508670520231
ESTA_BACSU_Nutschel_2020,96,37,1.5144508670520231,1.5144508670520231
ESTA_BACSU_Nutschel_2020,96,38,-0.4624277456647399,1.5375722543352601
ESTA_BACSU_Nutschel_2020,96,39,2.514450867052023,1.5144508670520231
ESTA_BACSU_Nutschel_2020,192,0,5.539393939393939,1.5393939393939393
ESTA_BACSU_Nutschel_2020,192,1,2.5393939393939395,1.5393939393939393
ESTA_BACSU_Nutschel_2020,192,2,2.5393939393939395,1.5393939393939393
ESTA_BACSU_Nutschel_2020,192,3,4.539393939393939,0.5393939393939393
ESTA_BACSU_Nutschel_2020,192,4,8.539393939393939,1.5393939393939393
ESTA_BACSU_Nutschel_2020,192,5,2.490909090909091,1.490909090909091
ESTA_BACSU_Nutschel_2020,192,6,3.515151515151515,1.5151515151515151
ESTA_BACSU_Nutschel_2020,192,7,5.539393939393939,1.5393939393939393
ESTA_BACSU_Nutschel_2020,192,8,4.490909090909091,1.490909090909091
ESTA_BACSU_Nutschel_2020,192,9,4.5636363636363635,0.5636363636363637
ESTA_BACSU_Nutschel_2020,192,10,1.4666666666666668,1.4666666666666668
ESTA_BACSU_Nutschel_2020,192,11,1.490909090909091,1.490909090909091
ESTA_BACSU_Nutschel_2020,192,12,0.49090909090909096,1.490909090909091
ESTA_BACSU_Nutschel_2020,192,13,4.515151515151516,1.5151515151515151
ESTA_BACSU_Nutschel_2020,192,14,3.466666666666667,1.4666666666666668
ESTA_BACSU_Nutschel_2020,192,15,8.539393939393939,1.5393939393939393
ESTA_BACSU_Nutschel_2020,192,16,2.490909090909091,1.490909090909091
ESTA_BACSU_Nutschel_2020,192,17,4.490909090909091,1.490909090909091
ESTA_BACSU_Nutschel_2020,192,18,3.490909090909091,1.490909090909091
ESTA_BACSU_Nutschel_2020,192,19,3.5636363636363635,1.5636363636363637
ESTA_BACSU_Nutschel_2020,192,20,2.490909090909091,1.490909090909091
ESTA_BACSU_Nutschel_2020,192,21,2.515151515151515,0.5151515151515151
ESTA_BACSU_Nutschel_2020,192,22,-0.509090909090909,1.490909090909091
ESTA_BACSU_Nutschel_2020,192,23,5.515151515151516,1.5151515151515151
ESTA_BACSU_Nutschel_2020,192,24,7.515151515151516,1.5151515151515151
ESTA_BACSU_Nutschel_2020,192,25,6.515151515151516,1.5151515151515151
ESTA_BACSU_Nutschel_2020,192,26,4.490909090909091,1.490909090909091
ESTA_BACSU_Nutschel_2020,192,27,3.5636363636363635,1.5636363636363637
ESTA_BACSU_Nutschel_2020,192,28,5.5636363636363635,1.5636363636363637
ESTA_BACSU_Nutschel_2020,192,29,5.539393939393939,0.5393939393939393
ESTA_BACSU_Nutschel_2020,192,30,2.466666666666667,1.4666666666666668
ESTA_BACSU_Nutschel_2020,192,31,1.4666666666666668,1.4666666666666668
ESTA_BACSU_Nutschel_2020,192,32,4.5636363636363635,1.5636363636363637
ESTA_BACSU_Nutschel_2020,192,33,5.466666666666667,1.4666666666666668
ESTA_BACSU_Nutschel_2020,192,34,6.490909090909091,1.490909090909091
ESTA_BACSU_Nutschel_2020,192,35,7.515151515151516,1.5151515151515151
ESTA_BACSU_Nutschel_2020,192,36,0.49090909090909096,1.490909090909091
ESTA_BACSU_Nutschel_2020,192,37,1.490909090909091,1.490909090909091
ESTA_BACSU_Nutschel_2020,192,38,5.490909090909091,1.490909090909091
ESTA_BACSU_Nutschel_2020,192,39,3.490909090909091,1.490909090909091
ESTA_BACSU_Nutschel_2020,384,0,3.436241610738255,1.436241610738255
ESTA_BACSU_Nutschel_2020,384,1,5.4630872483221475,1.4630872483221475
ESTA_BACSU_Nutschel_2020,384,2,4.516778523489933,1.516778523489933
ESTA_BACSU_Nutschel_2020,384,3,6.597315436241611,0.5973154362416108
ESTA_BACSU_Nutschel_2020,384,4,8.543624161073826,0.5436241610738255
ESTA_BACSU_Nutschel_2020,384,5,1.436241610738255,1.436241610738255
ESTA_BACSU_Nutschel_2020,384,6,5.4630872483221475,1.4630872483221475
ESTA_BACSU_Nutschel_2020,384,7,4.704697986577181,1.7046979865771812
ESTA_BACSU_Nutschel_2020,384,8,8.463087248322148,0.46308724832214765
ESTA_BACSU_Nutschel_2020,384,9,6.489932885906041,0.4899328859060402
ESTA_BACSU_Nutschel_2020,384,10,6.543624161073826,1.5436241610738255
ESTA_BACSU_Nutschel_2020,384,11,4.489932885906041,1.4899328859060401
ESTA_BACSU_Nutschel_2020,384,12,5.516778523489933,1.516778523489933
ESTA_BACSU_Nutschel_2020,384,13,4.436241610738255,1.436241610738255
ESTA_BACSU_Nutschel_2020,384,14,9.463087248322148,1.4630872483221475
ESTA_BACSU_Nutschel_2020,384,15,7.597315436241611,0.5973154362416108
ESTA_BACSU_Nutschel_2020,384,16,8.48993288590604,0.4899328859060402
ESTA_BACSU_Nutschel_2020,384,17,7.570469798657718,0.5704697986577181
ESTA_BACSU_Nutschel_2020,384,18,4.570469798657718,1.570469798657718
ESTA_BACSU_Nutschel_2020,384,19,7.4630872483221475,0.46308724832214765
ESTA_BACSU_Nutschel_2020,384,20,5.516778523489933,1.516778523489933
ESTA_BACSU_Nutschel_2020,384,21,6.516778523489933,1.516778523489933
ESTA_BACSU_Nutschel_2020,384,22,4.543624161073826,0.5436241610738255
ESTA_BACSU_Nutschel_2020,384,23,1.516778523489933,1.516778523489933
ESTA_BACSU_Nutschel_2020,384,24,8.436241610738255,0.43624161073825507
ESTA_BACSU_Nutschel_2020,384,25,2.4093959731543624,1.4093959731543624
ESTA_BACSU_Nutschel_2020,384,26,3.5167785234899327,0.5167785234899329
ESTA_BACSU_Nutschel_2020,384,27,5.489932885906041,1.4899328859060401
ESTA_BACSU_Nutschel_2020,384,28,1.516778523489933,1.516778523489933
ESTA_BACSU_Nutschel_2020,384,29,5.516778523489933,0.5167785234899329
ESTA_BACSU_Nutschel_2020,384,30,9.543624161073826,1.5436241610738255
ESTA_BACSU_Nutschel_2020,384,31,9.436241610738255,1.436241610738255
ESTA_BACSU_Nutschel_2020,384,32,5.543624161073826,1.5436241610738255
ESTA_BACSU_Nutschel_2020,384,33,3.48993288590604,1.4899328859060401
ESTA_BACSU_Nutschel_2020,384,34,4.543624161073826,0.5436241610738255
ESTA_BACSU_Nutschel_2020,384,35,6.516778523489933,1.516778523489933
ESTA_BACSU_Nutschel_2020,384,36,5.651006711409396,-0.348993288590604
ESTA_BACSU_Nutschel_2020,384,37,5.597315436241611,1.5973154362416109
ESTA_BACSU_Nutschel_2020,384,38,5.436241610738255,1.436241610738255
ESTA_BACSU_Nutschel_2020,384,39,6.516778523489933,0.5167785234899329
I6TAH8_I68A0_Doud_2015,24,0,0.5168467895740623,1.5168467895740623
I6TAH8_I68A0_Doud_2015,24,1,1.5219326128417037,1.5219326128417037
I6TAH8_I68A0_Doud_2015,24,2,0.5168467895740623,1.5168467895740623
I6TAH8_I68A0_Doud_2015,24,3,0.5168467895740623,1.5168467895740623
I6TAH8_I68A0_Doud_2015,24,4,-0.4831532104259377,1.5168467895740623
I6TAH8_I68A0_Doud_2015,24,5,6.516846789574062,1.5168467895740623
I6TAH8_I68A0_Doud_2015,24,6,0.5168467895740623,1.5168467895740623
I6TAH8_I68A0_Doud_2015,24,7,1.5168467895740623,1.5168467895740623
I6TAH8_I68A0_Doud_2015,24,8,2.5168467895740623,1.5168467895740623
I6TAH8_I68A0_Doud_2015,24,9,5.516846789574062,1.5168467895740623
I6TAH8_I68A0_Doud_2015,24,10,1.5168467895740623,1.5168467895740623
I6TAH8_I68A0_Doud_2015,24,11,6.521932612841704,1.5219326128417037
I6TAH8_I68A0_Doud_2015,24,12,-0.4831532104259377,1.5168467895740623
I6TAH8_I68A0_Doud_2015,24,13,-0.4831532104259377,1.5168467895740623
I6TAH8_I68A0_Doud_2015,24,14,0.5168467895740623,1.5168467895740623
I6TAH8_I68A0_Doud_2015,24,15,3.5168467895740623,1.5168467895740623
I6TAH8_I68A0_Doud_2015,24,16,1.5168467895740623,1.5168467895740623
I6TAH8_I68A0_Doud_2015,24,17,-0.4831532104259377,1.5168467895740623
I6TAH8_I68A0_Doud_2015,24,18,-0.4831532104259377,1.5168467895740623
I6TAH8_I68A0_Doud_2015,24,19,-0.4831532104259377,1.5168467895740623
I6TAH8_I68A0_Doud_2015,24,20,1.5168467895740623,1.5168467895740623
I6TAH8_I68A0_Doud_2015,24,21,1.5168467895740623,1.5168467895740623
I6TAH8_I68A0_Doud_2015,24,22,1.5168467895740623,1.5168467895740623
I6TAH8_I68A0_Doud_2015,24,23,1.5168467895740623,1.5168467895740623
I6TAH8_I68A0_Doud_2015,24,24,0.5219326128417037,1.5219326128417037
I6TAH8_I68A0_Doud_2015,24,25,-0.4831532104259377,1.5168467895740623
I6TAH8_I68A0_Doud_2015,24,26,0.5168467895740623,1.5168467895740623
I6TAH8_I68A0_Doud_2015,24,27,-0.4831532104259377,1.5168467895740623
I6TAH8_I68A0_Doud_2015,24,28,0.5168467895740623,1.5168467895740623
I6TAH8_I68A0_Doud_2015,24,29,0.5168467895740623,1.5168467895740623
I6TAH8_I68A0_Doud_2015,24,30,1.5219326128417037,1.5219326128417037
I6TAH8_I68A0_Doud_2015,24,31,3.5168467895740623,1.5168467895740623
I6TAH8_I68A0_Doud_2015,24,32,2.5168467895740623,1.5168467895740623
I6TAH8_I68A0_Doud_2015,24,33,1.5168467895740623,1.5168467895740623
I6TAH8_I68A0_Doud_2015,24,34,3.5168467895740623,1.5168467895740623
I6TAH8_I68A0_Doud_2015,24,35,0.5219326128417037,1.5219326128417037
I6TAH8_I68A0_Doud_2015,24,36,1.5168467895740623,1.5168467895740623
I6TAH8_I68A0_Doud_2015,24,37,0.5168467895740623,1.5168467895740623
I6TAH8_I68A0_Doud_2015,24,38,4.516846789574062,1.5168467895740623
I6TAH8_I68A0_Doud_2015,24,39,0.5168467895740623,1.5168467895740623
I6TAH8_I68A0_Doud_2015,48,0,0.5156150414276609,1.5156150414276608
I6TAH8_I68A0_Doud_2015,48,1,2.515615041427661,1.5156150414276608
I6TAH8_I68A0_Doud_2015,48,2,-0.4843849585723391,1.5156150414276608
I6TAH8_I68A0_Doud_2015,48,3,3.5207138304652643,1.5207138304652645
I6TAH8_I68A0_Doud_2015,48,4,6.525812619502868,1.525812619502868
I6TAH8_I68A0_Doud_2015,48,5,0.5156150414276609,1.5156150414276608
I6TAH8_I68A0_Doud_2015,48,6,0.5207138304652645,1.5207138304652645
I6TAH8_I68A0_Doud_2015,48,7,1.5207138304652645,1.5207138304652645
I6TAH8_I68A0_Doud_2015,48,8,3.5207138304652643,1.5207138304652645
I6TAH8_I68A0_Doud_2015,48,9,0.5156150414276609,1.5156150414276608
I6TAH8_I68A0_Doud_2015,48,10,0.5207138304652645,1.5207138304652645
I6TAH8_I68A0_Doud_2015,48,11,-0.4843849585723391,1.5156150414276608
I6TAH8_I68A0_Doud_2015,48,12,0.5156150414276609,1.5156150414276608
I6TAH8_I68A0_Doud_2015,48,13,0.5156150414276609,1.5156150414276608
I6TAH8_I68A0_Doud_2015,48,14,0.5156150414276609,1.5156150414276608
I6TAH8_I68A0_Doud_2015,48,15,9.520713830465265,1.5207138304652645
I6TAH8_I68A0_Doud_2015,48,16,0.5156150414276609,1.5156150414276608
I6TAH8_I68A0_Doud_2015,48,17,4.520713830465264,1.5207138304652645
I6TAH8_I68A0_Doud_2015,48,18,2.5207138304652643,1.5207138304652645
I6TAH8_I68A0_Doud_2015,48,19,7.525812619502868,1.525812619502868
I6TAH8_I68A0_Doud_2015,48,20,0.5207138304652645,1.5207138304652645
I6TAH8_I68A0_Doud_2015,48,21,0.5156150414276609,1.5156150414276608
I6TAH8_I68A0_Doud_2015,48,22,0.5156150414276609,1.5156150414276608
I6TAH8_I68A0_Doud_2015,48,23,-0.4843849585723391,1.5156150414276608
I6TAH8_I68A0_Doud_2015,48,24,0.5207138304652645,1.5207138304652645
I6TAH8_I68A0_Doud_2015,48,25,1.5156150414276608,1.5156150414276608
I6TAH8_I68A0_Doud_2015,48,26,-0.4792861695347355,1.5207138304652645
I6TAH8_I68A0_Doud_2015,48,27,4.515615041427661,1.5156150414276608
I6TAH8_I68A0_Doud_2015,48,28,-0.4792861695347355,1.5207138304652645
I6TAH8_I68A0_Doud_2015,48,29,0.5156150414276609,1.5156150414276608
I6TAH8_I68A0_Doud_2015,48,30,6.520713830465264,1.5207138304652645
I6TAH8_I68A0_Doud_2015,48,31,5.525812619502868,1.525812619502868
I6TAH8_I68A0_Doud_2015,48,32,3.5207138304652643,1.5207138304652645
I6TAH8_I68A0_Doud_2015,48,33,2.525812619502868,1.525812619502868
I6TAH8_I68A0_Doud_2015,48,34,0.5258126195028681,1.525812619502868
I6TAH8_I68A0_Doud_2015,48,35,0.5156150414276609,1.5156150414276608
I6TAH8_I68A0_Doud_2015,48,36,0.5258126195028681,1.525812619502868
I6TAH8_I68A0_Doud_2015,48,37,1.5156150414276608,1.5156150414276608
I6TAH8_I68A0_Doud_2015,48,38,1.5156150414276608,1.5156150414276608
I6TAH8_I68A0_Doud_2015,48,39,-0.4792861695347355,1.5207138304652645
I6TAH8_I68A0_Doud_2015,96,0,0.5131326073030109,1.513132607303011
I6TAH8_I68A0_Doud_2015,96,1,-0.4868673926969891,1.513132607303011
I6TAH8_I68A0_Doud_2015,96,2,6.513132607303011,1.513132607303011
I6TAH8_I68A0_Doud_2015,96,3,-0.4868673926969891,1.513132607303011
I6TAH8_I68A0_Doud_2015,96,4,0.5182575272261372,1.5182575272261372
I6TAH8_I68A0_Doud_2015,96,5,1.513132607303011,1.513132607303011
I6TAH8_I68A0_Doud_2015,96,6,5.523382447149263,1.5233824471492632
I6TAH8_I68A0_Doud_2015,96,7,3.518257527226137,1.5182575272261372
I6TAH8_I68A0_Doud_2015,96,8,-0.4868673926969891,1.513132607303011
I6TAH8_I68A0_Doud_2015,96,9,1.513132607303011,1.513132607303011
I6TAH8_I68A0_Doud_2015,96,10,4.518257527226137,1.5182575272261372
I6TAH8_I68A0_Doud_2015,96,11,8.523382447149263,1.5233824471492632
I6TAH8_I68A0_Doud_2015,96,12,5.518257527226137,1.5182575272261372
I6TAH8_I68A0_Doud_2015,96,13,7.523382447149263,1.5233824471492632
I6TAH8_I68A0_Doud_2015,96,14,7.523382447149263,1.5233824471492632
I6TAH8_I68A0_Doud_2015,96,15,6.533632286995516,0.5336322869955157
I6TAH8_I68A0_Doud_2015,96,16,3.518257527226137,1.5182575272261372
I6TAH8_I68A0_Doud_2015,96,17,6.518257527226137,1.5182575272261372
I6TAH8_I68A0_Doud_2015,96,18,4.518257527226137,1.5182575272261372
I6TAH8_I68A0_Doud_2015,96,19,7.518257527226137,1.5182575272261372
I6TAH8_I68A0_Doud_2015,96,20,2.513132607303011,1.513132607303011
I6TAH8_I68A0_Doud_2015,96,21,0.5182575272261372,1.5182575272261372
I6TAH8_I68A0_Doud_2015,96,22,12.523382447149263,1.5233824471492632
I6TAH8_I68A0_Doud_2015,96,23,4.518257527226137,1.5182575272261372
I6TAH8_I68A0_Doud_2015,96,24,5.523382447149263,1.5233824471492632
I6TAH8_I68A0_Doud_2015,96,25,1.513132607303011,1.513132607303011
I6TAH8_I68A0_Doud_2015,96,26,0.5131326073030109,1.513132607303011
I6TAH8_I68A0_Doud_2015,96,27,3.523382447149263,1.5233824471492632
I6TAH8_I68A0_Doud_2015,96,28,2.523382447149263,1.5233824471492632
I6TAH8_I68A0_Doud_2015,96,29,4.518257527226137,1.5182575272261372
I6TAH8_I68A0_Doud_2015,96,30,0.5233824471492633,1.5233824471492632
I6TAH8_I68A0_Doud_2015,96,31,3.518257527226137,1.5182575272261372
I6TAH8_I68A0_Doud_2015,96,32,14.523382447149263,1.5233824471492632
I6TAH8_I68A0_Doud_2015,96,33,1.5233824471492632,1.5233824471492632
I6TAH8_I68A0_Doud_2015,96,34,8.518257527226137,1.5182575272261372
I6TAH8_I68A0_Doud_2015,96,35,-0.4817424727738629,1.5182575272261372
I6TAH8_I68A0_Doud_2015,96,36,5.533632286995516,1.5336322869955157
I6TAH8_I68A0_Doud_2015,96,37,5.513132607303011,1.513132607303011
I6TAH8_I68A0_Doud_2015,96,38,0.5131326073030109,1.513132607303011
I6TAH8_I68A0_Doud_2015,96,39,2.513132607303011,1.513132607303011
I6TAH8_I68A0_Doud_2015,192,0,2.5080906148867315,1.5080906148867315
I6TAH8_I68A0_Doud_2015,192,1,1.5288025889967638,1.5288025889967638
I6TAH8_I68A0_Doud_2015,192,2,10.518446601941747,1.5184466019417475
I6TAH8_I68A0_Doud_2015,192,3,7.51326860841424,1.5132686084142395
I6TAH8_I68A0_Doud_2015,192,4,6.523624595469256,0.5236245954692557
I6TAH8_I68A0_Doud_2015,192,5,3.5184466019417475,1.5184466019417475
I6TAH8_I68A0_Doud_2015,192,6,5.518446601941748,1.5184466019417475
I6TAH8_I68A0_Doud_2015,192,7,11.518446601941747,1.5184466019417475
I6TAH8_I68A0_Doud_2015,192,8,5.51326860841424,1.5132686084142395
I6TAH8_I68A0_Doud_2015,192,9,8.53915857605178,1.5391585760517799
I6TAH8_I68A0_Doud_2015,192,10,10.51326860841424,1.5132686084142395
I6TAH8_I68A0_Doud_2015,192,11,9.518446601941747,1.5184466019417475
I6TAH8_I68A0_Doud_2015,192,12,4.51326860841424,1.5132686084142395
I6TAH8_I68A0_Doud_2015,192,13,0.5184466019417475,1.5184466019417475
I6TAH8_I68A0_Doud_2015,192,14,-0.47119741100323626,1.5288025889967638
I6TAH8_I68A0_Doud_2015,192,15,9.528802588996763,1.5288025889967638
I6TAH8_I68A0_Doud_2015,192,16,3.5080906148867315,1.5080906148867315
I6TAH8_I68A0_Doud_2015,192,17,8.51326860841424,1.5132686084142395
I6TAH8_I68A0_Doud_2015,192,18,8.523624595469256,1.5236245954692555
I6TAH8_I68A0_Doud_2015,192,19,5.518446601941748,1.5184466019417475
I6TAH8_I68A0_Doud_2015,192,20,7.51326860841424,1.5132686084142395
I6TAH8_I68A0_Doud_2015,192,21,6.508090614886731,1.5080906148867315
I6TAH8_I68A0_Doud_2015,192,22,8.51326860841424,1.5132686084142395
I6TAH8_I68A0_Doud_2015,192,23,10.51326860841424,1.5132686084142395
I6TAH8_I68A0_Doud_2015,192,24,9.523624595469256,1.5236245954692555
I6TAH8_I68A0_Doud_2015,192,25,1.5080906148867315,1.5080906148867315
I6TAH8_I68A0_Doud_2015,192,26,3.5132686084142395,1.5132686084142395
I6TAH8_I68A0_Doud_2015,192,27,9.518446601941747,1.5184466019417475
I6TAH8_I68A0_Doud_2015,192,28,1.5184466019417475,1.5184466019417475
I6TAH8_I68A0_Doud_2015,192,29,0.5080906148867315,1.5080906148867315
I6TAH8_I68A0_Doud_2015,192,30,3.5080906148867315,1.5080906148867315
I6TAH8_I68A0_Doud_2015,192,31,1.5184466019417475,1.5184466019417475
I6TAH8_I68A0_Doud_2015,192,32,7.518446601941748,1.5184466019417475
I6TAH8_I68A0_Doud_2015,192,33,6.523624595469256,1.5236245954692555
I6TAH8_I68A0_Doud_2015,192,34,4.523624595469256,1.5236245954692555
I6TAH8_I68A0_Doud_2015,192,35,1.5236245954692555,1.5236245954692555
I6TAH8_I68A0_Doud_2015,192,36,13.518446601941747,1.5184466019417475
I6TAH8_I68A0_Doud_2015,192,37,0.5288025889967638,1.5288025889967638
I6TAH8_I68A0_Doud_2015,192,38,2.5132686084142395,1.5132686084142395
I6TAH8_I68A0_Doud_2015,192,39,3.5184466019417475,0.5184466019417475
I6TAH8_I68A0_Doud_2015,384,0,9.51883674818242,1.518836748182419
I6TAH8_I68A0_Doud_2015,384,1,10.51883674818242,1.518836748182419
I6TAH8_I68A0_Doud_2015,384,2,3.5029742233972243,1.502974223397224
I6TAH8_I68A0_Doud_2015,384,3,2.524124256444151,1.5241242564441506
I6TAH8_I68A0_Doud_2015,384,4,5.524124256444151,1.5241242564441506
I6TAH8_I68A0_Doud_2015,384,5,10.51883674818242,1.518836748182419
I6TAH8_I68A0_Doud_2015,384,6,5.529411764705882,1.5294117647058822
I6TAH8_I68A0_Doud_2015,384,7,10.539986781229345,1.5399867812293457
I6TAH8_I68A0_Doud_2015,384,8,3.5294117647058822,1.5294117647058822
I6TAH8_I68A0_Doud_2015,384,9,7.518836748182419,1.518836748182419
I6TAH8_I68A0_Doud_2015,384,10,2.5294117647058822,1.5294117647058822
I6TAH8_I68A0_Doud_2015,384,11,12.529411764705882,0.5294117647058824
I6TAH8_I68A0_Doud_2015,384,12,8.51883674818242,1.518836748182419
I6TAH8_I68A0_Doud_2015,384,13,14.529411764705882,1.5294117647058822
I6TAH8_I68A0_Doud_2015,384,14,7.534699272967614,1.534699272967614
I6TAH8_I68A0_Doud_2015,384,15,6.518836748182419,1.518836748182419
I6TAH8_I68A0_Doud_2015,384,16,5.502974223397224,1.502974223397224
I6TAH8_I68A0_Doud_2015,384,17,4.518836748182419,1.518836748182419
I6TAH8_I68A0_Doud_2015,384,18,0.5082617316589557,1.5082617316589557
I6TAH8_I68A0_Doud_2015,384,19,8.513549239920687,1.5135492399206874
I6TAH8_I68A0_Doud_2015,384,20,5.513549239920687,1.5135492399206874
I6TAH8_I68A0_Doud_2015,384,21,9.513549239920687,1.5135492399206874
I6TAH8_I68A0_Doud_2015,384,22,10.502974223397224,1.502974223397224
I6TAH8_I68A0_Doud_2015,384,23,7.518836748182419,1.518836748182419
I6TAH8_I68A0_Doud_2015,384,24,7.529411764705882,1.5294117647058822
I6TAH8_I68A0_Doud_2015,384,25,4.513549239920687,1.5135492399206874
I6TAH8_I68A0_Doud_2015,384,26,3.5082617316589557,1.5082617316589557
I6TAH8_I68A0_Doud_2015,384,27,3.513549239920687,1.5135492399206874
I6TAH8_I68A0_Doud_2015,384,28,3.5294117647058822,1.5294117647058822
I6TAH8_I68A0_Doud_2015,384,29,5.502974223397224,1.502974223397224
I6TAH8_I68A0_Doud_2015,384,30,7.508261731658956,1.5082617316589557
I6TAH8_I68A0_Doud_2015,384,31,9.508261731658955,0.5082617316589557
I6TAH8_I68A0_Doud_2015,384,32,3.5082617316589557,1.5082617316589557
I6TAH8_I68A0_Doud_2015,384,33,8.513549239920687,1.5135492399206874
I6TAH8_I68A0_Doud_2015,384,34,7.524124256444151,1.5241242564441506
I6TAH8_I68A0_Doud_2015,384,35,2.5082617316589557,1.5082617316589557
I6TAH8_I68A0_Doud_2015,384,36,4.513549239920687,1.5135492399206874
I6TAH8_I68A0_Doud_2015,384,37,5.508261731658956,1.5082617316589557
I6TAH8_I68A0_Doud_2015,384,38,8.534699272967615,1.534699272967614
I6TAH8_I68A0_Doud_2015,384,39,8.51883674818242,1.518836748182419
IF1_ECOLI_Kelsic_2016,24,0,1.5353685778108712,0.5353685778108712
IF1_ECOLI_Kelsic_2016,24,1,-0.5003723008190618,0.4996276991809382
IF1_ECOLI_Kelsic_2016,24,2,0.4996276991809382,0.4996276991809382
IF1_ECOLI_Kelsic_2016,24,3,0.4996276991809382,0.4996276991809382
IF1_ECOLI_Kelsic_2016,24,4,0.5353685778108712,0.5353685778108712
IF1_ECOLI_Kelsic_2016,24,5,-0.5003723008190618,0.4996276991809382
IF1_ECOLI_Kelsic_2016,24,6,-0.5003723008190618,0.4996276991809382
IF1_ECOLI_Kelsic_2016,24,7,2.535368577810871,0.5353685778108712
IF1_ECOLI_Kelsic_2016,24,8,0.4996276991809382,0.4996276991809382
IF1_ECOLI_Kelsic_2016,24,9,1.4996276991809383,0.4996276991809382
IF1_ECOLI_Kelsic_2016,24,10,-0.5003723008190618,0.4996276991809382
IF1_ECOLI_Kelsic_2016,24,11,-0.5003723008190618,0.4996276991809382
IF1_ECOLI_Kelsic_2016,24,12,-0.5003723008190618,0.4996276991809382
IF1_ECOLI_Kelsic_2016,24,13,0.4996276991809382,0.4996276991809382
IF1_ECOLI_Kelsic_2016,24,14,-0.5003723008190618,0.4996276991809382
IF1_ECOLI_Kelsic_2016,24,15,0.4996276991809382,0.4996276991809382
IF1_ECOLI_Kelsic_2016,24,16,2.535368577810871,0.5353685778108712
IF1_ECOLI_Kelsic_2016,24,17,4.499627699180938,0.4996276991809382
IF1_ECOLI_Kelsic_2016,24,18,-0.5003723008190618,0.4996276991809382
IF1_ECOLI_Kelsic_2016,24,19,2.535368577810871,0.5353685778108712
IF1_ECOLI_Kelsic_2016,24,20,1.4996276991809383,0.4996276991809382
IF1_ECOLI_Kelsic_2016,24,21,-0.5003723008190618,0.4996276991809382
IF1_ECOLI_Kelsic_2016,24,22,0.5353685778108712,0.5353685778108712
IF1_ECOLI_Kelsic_2016,24,23,0.4996276991809382,0.4996276991809382
IF1_ECOLI_Kelsic_2016,24,24,-0.5003723008190618,0.4996276991809382
IF1_ECOLI_Kelsic_2016,24,25,0.4996276991809382,0.4996276991809382
IF1_ECOLI_Kelsic_2016,24,26,-0.5003723008190618,0.4996276991809382
IF1_ECOLI_Kelsic_2016,24,27,-0.5003723008190618,0.4996276991809382
IF1_ECOLI_Kelsic_2016,24,28,0.4996276991809382,0.4996276991809382
IF1_ECOLI_Kelsic_2016,24,29,2.4996276991809383,0.4996276991809382
IF1_ECOLI_Kelsic_2016,24,30,-0.5003723008190618,0.4996276991809382
IF1_ECOLI_Kelsic_2016,24,31,0.4996276991809382,0.4996276991809382
IF1_ECOLI_Kelsic_2016,24,32,0.4996276991809382,0.4996276991809382
IF1_ECOLI_Kelsic_2016,24,33,-0.5003723008190618,0.4996276991809382
IF1_ECOLI_Kelsic_2016,24,34,-0.5003723008190618,0.4996276991809382
IF1_ECOLI_Kelsic_2016,24,35,-0.5003723008190618,0.4996276991809382
IF1_ECOLI_Kelsic_2016,24,36,0.4996276991809382,0.4996276991809382
IF1_ECOLI_Kelsic_2016,24,37,-0.5003723008190618,0.4996276991809382
IF1_ECOLI_Kelsic_2016,24,38,-0.5003723008190618,0.4996276991809382
IF1_ECOLI_Kelsic_2016,24,39,-0.5003723008190618,0.4996276991809382
IF1_ECOLI_Kelsic_2016,48,0,0.5269143290371494,0.5269143290371494
IF1_ECOLI_Kelsic_2016,48,1,0.5269143290371494,0.5269143290371494
IF1_ECOLI_Kelsic_2016,48,2,-0.5094768764215315,0.4905231235784685
IF1_ECOLI_Kelsic_2016,48,3,0.4905231235784685,0.4905231235784685
IF1_ECOLI_Kelsic_2016,48,4,-0.47308567096285065,0.5269143290371494
IF1_ECOLI_Kelsic_2016,48,5,-0.43669446550416985,0.5633055344958302
IF1_ECOLI_Kelsic_2016,48,6,-0.5094768764215315,0.4905231235784685
IF1_ECOLI_Kelsic_2016,48,7,-0.5094768764215315,0.4905231235784685
IF1_ECOLI_Kelsic_2016,48,8,0.4905231235784685,0.4905231235784685
IF1_ECOLI_Kelsic_2016,48,9,1.4905231235784684,0.4905231235784685
IF1_ECOLI_Kelsic_2016,48,10,-0.5094768764215315,0.4905231235784685
IF1_ECOLI_Kelsic_2016,48,11,0.4905231235784685,0.4905231235784685
IF1_ECOLI_Kelsic_2016,48,12,1.4905231235784684,0.4905231235784685
IF1_ECOLI_Kelsic_2016,48,13,-0.47308567096285065,0.5269143290371494
IF1_ECOLI_Kelsic_2016,48,14,0.4905231235784685,0.4905231235784685
IF1_ECOLI_Kelsic_2016,48,15,0.5269143290371494,0.5269143290371494
IF1_ECOLI_Kelsic_2016,48,16,0.4905231235784685,0.4905231235784685
IF1_ECOLI_Kelsic_2016,48,17,0.4905231235784685,0.4905231235784685
IF1_ECOLI_Kelsic_2016,48,18,0.4905231235784685,0.4905231235784685
IF1_ECOLI_Kelsic_2016,48,19,1.4905231235784684,0.4905231235784685
IF1_ECOLI_Kelsic_2016,48,20,2.4905231235784684,0.4905231235784685
IF1_ECOLI_Kelsic_2016,48,21,2.4905231235784684,0.4905231235784685
IF1_ECOLI_Kelsic_2016,48,22,0.4905231235784685,0.4905231235784685
IF1_ECOLI_Kelsic_2016,48,23,-0.43669446550416985,0.5633055344958302
IF1_ECOLI_Kelsic_2016,48,24,-0.5094768764215315,0.4905231235784685
IF1_ECOLI_Kelsic_2016,48,25,-0.5094768764215315,0.4905231235784685
IF1_ECOLI_Kelsic_2016,48,26,-0.5094768764215315,0.4905231235784685
IF1_ECOLI_Kelsic_2016,48,27,1.4905231235784684,0.4905231235784685
IF1_ECOLI_Kelsic_2016,48,28,0.5633055344958302,-0.43669446550416985
IF1_ECOLI_Kelsic_2016,48,29,-0.5094768764215315,0.4905231235784685
IF1_ECOLI_Kelsic_2016,48,30,-0.5094768764215315,0.4905231235784685
IF1_ECOLI_Kelsic_2016,48,31,1.5269143290371494,0.5269143290371494
IF1_ECOLI_Kelsic_2016,48,32,1.4905231235784684,0.4905231235784685
IF1_ECOLI_Kelsic_2016,48,33,3.4905231235784684,0.4905231235784685
IF1_ECOLI_Kelsic_2016,48,34,-0.5094768764215315,0.4905231235784685
IF1_ECOLI_Kelsic_2016,48,35,1.5269143290371494,0.5269143290371494
IF1_ECOLI_Kelsic_2016,48,36,-0.47308567096285065,0.5269143290371494
IF1_ECOLI_Kelsic_2016,48,37,0.5633055344958302,0.5633055344958302
IF1_ECOLI_Kelsic_2016,48,38,0.4905231235784685,0.4905231235784685
IF1_ECOLI_Kelsic_2016,48,39,0.4905231235784685,0.4905231235784685
IF1_ECOLI_Kelsic_2016,96,0,3.4712824547600314,0.4712824547600315
IF1_ECOLI_Kelsic_2016,96,1,0.5845790715971676,0.5845790715971676
IF1_ECOLI_Kelsic_2016,96,2,-0.5287175452399685,0.4712824547600315
IF1_ECOLI_Kelsic_2016,96,3,-0.5287175452399685,0.4712824547600315
IF1_ECOLI_Kelsic_2016,96,4,0.4712824547600315,0.4712824547600315
IF1_ECOLI_Kelsic_2016,96,5,1.5845790715971675,0.5845790715971676
IF1_ECOLI_Kelsic_2016,96,6,-0.4154209284028324,0.5845790715971676
IF1_ECOLI_Kelsic_2016,96,7,-0.5287175452399685,0.4712824547600315
IF1_ECOLI_Kelsic_2016,96,8,3.5090479937057433,0.5090479937057435
IF1_ECOLI_Kelsic_2016,96,9,0.5468135326514556,0.5468135326514556
IF1_ECOLI_Kelsic_2016,96,10,-0.4154209284028324,0.5845790715971676
IF1_ECOLI_Kelsic_2016,96,11,0.4712824547600315,0.4712824547600315
IF1_ECOLI_Kelsic_2016,96,12,-0.4909520062942565,0.5090479937057435
IF1_ECOLI_Kelsic_2016,96,13,-0.45318646734854445,-0.45318646734854445
IF1_ECOLI_Kelsic_2016,96,14,0.5090479937057435,0.5090479937057435
IF1_ECOLI_Kelsic_2016,96,15,3.5090479937057433,0.5090479937057435
IF1_ECOLI_Kelsic_2016,96,16,-0.4909520062942565,0.5090479937057435
IF1_ECOLI_Kelsic_2016,96,17,1.5090479937057435,0.5090479937057435
IF1_ECOLI_Kelsic_2016,96,18,0.4712824547600315,0.4712824547600315
IF1_ECOLI_Kelsic_2016,96,19,-0.4909520062942565,0.5090479937057435
IF1_ECOLI_Kelsic_2016,96,20,1.4712824547600314,0.4712824547600315
IF1_ECOLI_Kelsic_2016,96,21,3.4712824547600314,0.4712824547600315
IF1_ECOLI_Kelsic_2016,96,22,1.5090479937057435,-0.4909520062942565
IF1_ECOLI_Kelsic_2016,96,23,1.5468135326514556,0.5468135326514556
IF1_ECOLI_Kelsic_2016,96,24,-0.5287175452399685,0.4712824547600315
IF1_ECOLI_Kelsic_2016,96,25,-0.5287175452399685,0.4712824547600315
IF1_ECOLI_Kelsic_2016,96,26,-0.5287175452399685,0.4712824547600315
IF1_ECOLI_Kelsic_2016,96,27,0.5090479937057435,0.5090479937057435
IF1_ECOLI_Kelsic_2016,96,28,-0.4909520062942565,0.5090479937057435
IF1_ECOLI_Kelsic_2016,96,29,-0.45318646734854445,0.5468135326514556
IF1_ECOLI_Kelsic_2016,96,30,0.5090479937057435,0.5090479937057435
IF1_ECOLI_Kelsic_2016,96,31,0.5090479937057435,0.5090479937057435
IF1_ECOLI_Kelsic_2016,96,32,0.5845790715971676,0.5845790715971676
IF1_ECOLI_Kelsic_2016,96,33,1.5090479937057435,0.5090479937057435
IF1_ECOLI_Kelsic_2016,96,34,1.5468135326514556,0.5468135326514556
IF1_ECOLI_Kelsic_2016,96,35,0.5468135326514556,0.5468135326514556
IF1_ECOLI_Kelsic_2016,96,36,-0.4909520062942565,0.5090479937057435
IF1_ECOLI_Kelsic_2016,96,37,2.6223446105428794,0.6223446105428796
IF1_ECOLI_Kelsic_2016,96,38,0.4712824547600315,0.4712824547600315
IF1_ECOLI_Kelsic_2016,96,39,0.5090479937057435,0.5090479937057435
IF1_ECOLI_Kelsic_2016,192,0,0.5914893617021277,-0.4085106382978723
IF1_ECOLI_Kelsic_2016,192,1,1.5506382978723403,0.5506382978723404
IF1_ECOLI_Kelsic_2016,192,2,0.5097872340425532,0.5097872340425532
IF1_ECOLI_Kelsic_2016,192,3,-0.4902127659574468,-0.4902127659574468
IF1_ECOLI_Kelsic_2016,192,4,0.468936170212766,0.468936170212766
IF1_ECOLI_Kelsic_2016,192,5,-0.4085106382978723,0.5914893617021277
IF1_ECOLI_Kelsic_2016,192,6,3.5914893617021275,0.5914893617021277
IF1_ECOLI_Kelsic_2016,192,7,0.5506382978723404,0.5506382978723404
IF1_ECOLI_Kelsic_2016,192,8,-0.5719148936170213,0.4280851063829787
IF1_ECOLI_Kelsic_2016,192,9,-0.4902127659574468,0.5097872340425532
IF1_ECOLI_Kelsic_2016,192,10,-0.5719148936170213,0.4280851063829787
IF1_ECOLI_Kelsic_2016,192,11,-0.4493617021276596,0.5506382978723404
IF1_ECOLI_Kelsic_2016,192,12,0.5097872340425532,0.5097872340425532
IF1_ECOLI_Kelsic_2016,192,13,0.5097872340425532,0.5097872340425532
IF1_ECOLI_Kelsic_2016,192,14,-0.531063829787234,0.468936170212766
IF1_ECOLI_Kelsic_2016,192,15,-0.4902127659574468,-0.4902127659574468
IF1_ECOLI_Kelsic_2016,192,16,1.509787234042553,0.5097872340425532
IF1_ECOLI_Kelsic_2016,192,17,-0.4902127659574468,-0.4902127659574468
IF1_ECOLI_Kelsic_2016,192,18,2.509787234042553,-0.4902127659574468
IF1_ECOLI_Kelsic_2016,192,19,0.468936170212766,0.468936170212766
IF1_ECOLI_Kelsic_2016,192,20,1.5914893617021277,0.5914893617021277
IF1_ECOLI_Kelsic_2016,192,21,-0.531063829787234,-0.531063829787234
IF1_ECOLI_Kelsic_2016,192,22,-0.4902127659574468,0.5097872340425532
IF1_ECOLI_Kelsic_2016,192,23,0.468936170212766,0.468936170212766
IF1_ECOLI_Kelsic_2016,192,24,-0.5719148936170213,0.4280851063829787
IF1_ECOLI_Kelsic_2016,192,25,0.5914893617021277,0.5914893617021277
IF1_ECOLI_Kelsic_2016,192,26,-0.5719148936170213,0.4280851063829787
IF1_ECOLI_Kelsic_2016,192,27,1.5506382978723403,0.5506382978723404
IF1_ECOLI_Kelsic_2016,192,28,3.468936170212766,0.468936170212766
IF1_ECOLI_Kelsic_2016,192,29,1.5914893617021277,0.5914893617021277
IF1_ECOLI_Kelsic_2016,192,30,-0.531063829787234,0.468936170212766
IF1_ECOLI_Kelsic_2016,192,31,0.468936170212766,0.468936170212766
IF1_ECOLI_Kelsic_2016,192,32,-0.4902127659574468,0.5097872340425532
IF1_ECOLI_Kelsic_2016,192,33,-0.3676595744680851,-0.3676595744680851
IF1_ECOLI_Kelsic_2016,192,34,0.5506382978723404,0.5506382978723404
IF1_ECOLI_Kelsic_2016,192,35,0.5097872340425532,0.5097872340425532
IF1_ECOLI_Kelsic_2016,192,36,-0.4493617021276596,0.5506382978723404
IF1_ECOLI_Kelsic_2016,192,37,0.5097872340425532,0.5097872340425532
IF1_ECOLI_Kelsic_2016,192,38,-0.4085106382978723,0.5914893617021277
IF1_ECOLI_Kelsic_2016,192,39,0.5097872340425532,0.5097872340425532
KKA2_KLEPN_Melnikov_2014,24,0,-0.47649918962722854,-0.47649918962722854
KKA2_KLEPN_Melnikov_2014,24,1,-0.4862236628849271,-0.4862236628849271
KKA2_KLEPN_Melnikov_2014,24,2,2.53322528363047,-0.46677471636953
KKA2_KLEPN_Melnikov_2014,24,3,1.513776337115073,-0.4862236628849271
KKA2_KLEPN_Melnikov_2014,24,4,1.5235008103727714,-0.47649918962722854
KKA2_KLEPN_Melnikov_2014,24,5,-0.47649918962722854,-0.47649918962722854
KKA2_KLEPN_Melnikov_2014,24,6,-0.4862236628849271,-0.4862236628849271
KKA2_KLEPN_Melnikov_2014,24,7,-0.4862236628849271,-0.4862236628849271
KKA2_KLEPN_Melnikov_2014,24,8,-0.4862236628849271,-0.4862236628849271
KKA2_KLEPN_Melnikov_2014,24,9,-0.4862236628849271,-0.4862236628849271
KKA2_KLEPN_Melnikov_2014,24,10,0.513776337115073,-0.4862236628849271
KKA2_KLEPN_Melnikov_2014,24,11,-0.4862236628849271,-0.4862236628849271
KKA2_KLEPN_Melnikov_2014,24,12,0.5235008103727714,-0.47649918962722854
KKA2_KLEPN_Melnikov_2014,24,13,0.513776337115073,-0.4862236628849271
KKA2_KLEPN_Melnikov_2014,24,14,0.5235008103727714,-0.47649918962722854
KKA2_KLEPN_Melnikov_2014,24,15,0.513776337115073,-0.4862236628849271
KKA2_KLEPN_Melnikov_2014,24,16,1.513776337115073,-0.4862236628849271
KKA2_KLEPN_Melnikov_2014,24,17,0.513776337115073,-0.4862236628849271
KKA2_KLEPN_Melnikov_2014,24,18,-0.4862236628849271,-0.4862236628849271
KKA2_KLEPN_Melnikov_2014,24,19,-0.4862236628849271,-0.4862236628849271
KKA2_KLEPN_Melnikov_2014,24,20,0.513776337115073,-0.4862236628849271
KKA2_KLEPN_Melnikov_2014,24,21,-0.4862236628849271,-0.4862236628849271
KKA2_KLEPN_Melnikov_2014,24,22,1.513776337115073,-0.4862236628849271
KKA2_KLEPN_Melnikov_2014,24,23,-0.4862236628849271,-0.4862236628849271
KKA2_KLEPN_Melnikov_2014,24,24,-0.4862236628849271,-0.4862236628849271
KKA2_KLEPN_Melnikov_2014,24,25,0.513776337115073,-0.4862236628849271
KKA2_KLEPN_Melnikov_2014,24,26,-0.4862236628849271,-0.4862236628849271
KKA2_KLEPN_Melnikov_2014,24,27,-0.4862236628849271,-0.4862236628849271
KKA2_KLEPN_Melnikov_2014,24,28,0.513776337115073,-0.4862236628849271
KKA2_KLEPN_Melnikov_2014,24,29,0.513776337115073,-0.4862236628849271
KKA2_KLEPN_Melnikov_2014,24,30,-0.4862236628849271,-0.4862236628849271
KKA2_KLEPN_Melnikov_2014,24,31,-0.4862236628849271,-0.4862236628849271
KKA2_KLEPN_Melnikov_2014,24,32,-0.47649918962722854,-0.47649918962722854
KKA2_KLEPN_Melnikov_2014,24,33,1.513776337115073,-0.4862236628849271
KKA2_KLEPN_Melnikov_2014,24,34,0.513776337115073,-0.4862236628849271
KKA2_KLEPN_Melnikov_2014,24,35,0.513776337115073,-0.4862236628849271
KKA2_KLEPN_Melnikov_2014,24,36,1.513776337115073,-0.4862236628849271
KKA2_KLEPN_Melnikov_2014,24,37,-0.4862236628849271,-0.4862236628849271
KKA2_KLEPN_Melnikov_2014,24,38,0.5235008103727714,-0.47649918962722854
KKA2_KLEPN_Melnikov_2014,24,39,-0.4862236628849271,-0.4862236628849271
KKA2_KLEPN_Melnikov_2014,48,0,1.511400651465798,-0.48859934853420195
KKA2_KLEPN_Melnikov_2014,48,1,-0.4788273615635179,-0.4788273615635179
KKA2_KLEPN_Melnikov_2014,48,2,1.511400651465798,-0.48859934853420195
KKA2_KLEPN_Melnikov_2014,48,3,0.5309446254071661,-0.46905537459283386
KKA2_KLEPN_Melnikov_2014,48,4,-0.4788273615635179,-0.4788273615635179
KKA2_KLEPN_Melnikov_2014,48,5,-0.46905537459283386,-0.46905537459283386
KKA2_KLEPN_Melnikov_2014,48,6,-0.46905537459283386,-0.46905537459283386
KKA2_KLEPN_Melnikov_2014,48,7,0.5211726384364821,-0.4788273615635179
KKA2_KLEPN_Melnikov_2014,48,8,1.521172638436482,-0.4788273615635179
KKA2_KLEPN_Melnikov_2014,48,9,-0.48859934853420195,-0.48859934853420195
KKA2_KLEPN_Melnikov_2014,48,10,-0.48859934853420195,-0.48859934853420195
KKA2_KLEPN_Melnikov_2014,48,11,-0.48859934853420195,-0.48859934853420195
KKA2_KLEPN_Melnikov_2014,48,12,-0.48859934853420195,-0.48859934853420195
KKA2_KLEPN_Melnikov_2014,48,13,0.511400651465798,-0.48859934853420195
KKA2_KLEPN_Melnikov_2014,48,14,-0.48859934853420195,-0.48859934853420195
KKA2_KLEPN_Melnikov_2014,48,15,0.511400651465798,-0.48859934853420195
KKA2_KLEPN_Melnikov_2014,48,16,0.5309446254071661,-0.46905537459283386
KKA2_KLEPN_Melnikov_2014,48,17,0.5211726384364821,-0.4788273615635179
KKA2_KLEPN_Melnikov_2014,48,18,0.5309446254071661,-0.46905537459283386
KKA2_KLEPN_Melnikov_2014,48,19,-0.48859934853420195,-0.48859934853420195
KKA2_KLEPN_Melnikov_2014,48,20,1.521172638436482,-0.4788273615635179
KKA2_KLEPN_Melnikov_2014,48,21,0.511400651465798,-0.48859934853420195
KKA2_KLEPN_Melnikov_2014,48,22,0.5211726384364821,-0.4788273615635179
KKA2_KLEPN_Melnikov_2014,48,23,0.511400651465798,-0.48859934853420195
KKA2_KLEPN_Melnikov_2014,48,24,-0.4788273615635179,-0.4788273615635179
KKA2_KLEPN_Melnikov_2014,48,25,-0.48859934853420195,-0.48859934853420195
KKA2_KLEPN_Melnikov_2014,48,26,1.511400651465798,-0.48859934853420195
KKA2_KLEPN_Melnikov_2014,48,27,-0.4788273615635179,-0.4788273615635179
KKA2_KLEPN_Melnikov_2014,48,28,-0.46905537459283386,-0.46905537459283386
KKA2_KLEPN_Melnikov_2014,48,29,2.5211726384364823,-0.4788273615635179
KKA2_KLEPN_Melnikov_2014,48,30,-0.48859934853420195,-0.48859934853420195
KKA2_KLEPN_Melnikov_2014,48,31,1.521172638436482,-0.4788273615635179
KKA2_KLEPN_Melnikov_2014,48,32,0.5211726384364821,-0.4788273615635179
KKA2_KLEPN_Melnikov_2014,48,33,0.511400651465798,-0.48859934853420195
KKA2_KLEPN_Melnikov_2014,48,34,-0.4788273615635179,-0.4788273615635179
KKA2_KLEPN_Melnikov_2014,48,35,0.511400651465798,-0.48859934853420195
KKA2_KLEPN_Melnikov_2014,48,36,0.511400651465798,-0.48859934853420195
KKA2_KLEPN_Melnikov_2014,48,37,1.511400651465798,-0.48859934853420195
KKA2_KLEPN_Melnikov_2014,48,38,0.511400651465798,-0.48859934853420195
KKA2_KLEPN_Melnikov_2014,48,39,-0.4788273615635179,-0.4788273615635179
KKA2_KLEPN_Melnikov_2014,96,0,-0.47368421052631576,-0.47368421052631576
KKA2_KLEPN_Melnikov_2014,96,1,3.526315789473684,-0.47368421052631576
KKA2_KLEPN_Melnikov_2014,96,2,-0.4934210526315789,-0.4934210526315789
KKA2_KLEPN_Melnikov_2014,96,3,-0.48355263157894735,-0.48355263157894735
KKA2_KLEPN_Melnikov_2014,96,4,0.5164473684210527,-0.48355263157894735
KKA2_KLEPN_Melnikov_2014,96,5,2.5164473684210527,-0.48355263157894735
KKA2_KLEPN_Melnikov_2014,96,6,0.506578947368421,-0.4934210526315789
KKA2_KLEPN_Melnikov_2014,96,7,-0.48355263157894735,-0.48355263157894735
KKA2_KLEPN_Melnikov_2014,96,8,0.5164473684210527,-0.48355263157894735
KKA2_KLEPN_Melnikov_2014,96,9,-0.4934210526315789,-0.4934210526315789
KKA2_KLEPN_Melnikov_2014,96,10,0.5164473684210527,-0.48355263157894735
KKA2_KLEPN_Melnikov_2014,96,11,-0.4934210526315789,-0.4934210526315789
KKA2_KLEPN_Melnikov_2014,96,12,2.5065789473684212,-0.4934210526315789
KKA2_KLEPN_Melnikov_2014,96,13,1.506578947368421,-0.4934210526315789
KKA2_KLEPN_Melnikov_2014,96,14,0.5164473684210527,-0.48355263157894735
KKA2_KLEPN_Melnikov_2014,96,15,0.5164473684210527,-0.48355263157894735
KKA2_KLEPN_Melnikov_2014,96,16,0.5164473684210527,-0.48355263157894735
KKA2_KLEPN_Melnikov_2014,96,17,1.5164473684210527,-0.48355263157894735
KKA2_KLEPN_Melnikov_2014,96,18,-0.46381578947368424,-0.46381578947368424
KKA2_KLEPN_Melnikov_2014,96,19,1.5164473684210527,-0.48355263157894735
KKA2_KLEPN_Melnikov_2014,96,20,2.5065789473684212,-0.4934210526315789
KKA2_KLEPN_Melnikov_2014,96,21,-0.47368421052631576,-0.47368421052631576
KKA2_KLEPN_Melnikov_2014,96,22,-0.48355263157894735,-0.48355263157894735
KKA2_KLEPN_Melnikov_2014,96,23,-0.47368421052631576,-0.47368421052631576
KKA2_KLEPN_Melnikov_2014,96,24,1.5361842105263157,-0.46381578947368424
KKA2_KLEPN_Melnikov_2014,96,25,0.5263157894736843,-0.47368421052631576
KKA2_KLEPN_Melnikov_2014,96,26,-0.48355263157894735,-0.48355263157894735
KKA2_KLEPN_Melnikov_2014,96,27,0.506578947368421,-0.4934210526315789
KKA2_KLEPN_Melnikov_2014,96,28,0.5164473684210527,-0.48355263157894735
KKA2_KLEPN_Melnikov_2014,96,29,0.506578947368421,-0.4934210526315789
KKA2_KLEPN_Melnikov_2014,96,30,-0.48355263157894735,-0.48355263157894735
KKA2_KLEPN_Melnikov_2014,96,31,0.5164473684210527,-0.48355263157894735
KKA2_KLEPN_Melnikov_2014,96,32,0.506578947368421,-0.4934210526315789
KKA2_KLEPN_Melnikov_2014,96,33,2.5164473684210527,-0.48355263157894735
KKA2_KLEPN_Melnikov_2014,96,34,1.506578947368421,-0.4934210526315789
KKA2_KLEPN_Melnikov_2014,96,35,0.5164473684210527,-0.48355263157894735
KKA2_KLEPN_Melnikov_2014,96,36,0.5164473684210527,-0.48355263157894735
KKA2_KLEPN_Melnikov_2014,96,37,1.5164473684210527,-0.48355263157894735
KKA2_KLEPN_Melnikov_2014,96,38,2.526315789473684,-0.47368421052631576
KKA2_KLEPN_Melnikov_2014,96,39,-0.4934210526315789,-0.4934210526315789
KKA2_KLEPN_Melnikov_2014,192,0,1.5268456375838926,-0.47315436241610737
KKA2_KLEPN_Melnikov_2014,192,1,-0.48322147651006714,-0.48322147651006714
KKA2_KLEPN_Melnikov_2014,192,2,0.5268456375838926,-0.47315436241610737
KKA2_KLEPN_Melnikov_2014,192,3,1.5268456375838926,-0.47315436241610737
KKA2_KLEPN_Melnikov_2014,192,4,0.5167785234899329,-0.48322147651006714
KKA2_KLEPN_Melnikov_2014,192,5,1.5369127516778525,-0.46308724832214765
KKA2_KLEPN_Melnikov_2014,192,6,-0.49328859060402686,-0.49328859060402686
KKA2_KLEPN_Melnikov_2014,192,7,-0.49328859060402686,-0.49328859060402686
KKA2_KLEPN_Melnikov_2014,192,8,1.516778523489933,-0.48322147651006714
KKA2_KLEPN_Melnikov_2014,192,9,2.546979865771812,-0.45302013422818793
KKA2_KLEPN_Melnikov_2014,192,10,1.5268456375838926,-0.47315436241610737
KKA2_KLEPN_Melnikov_2014,192,11,1.5067114093959733,-0.49328859060402686
KKA2_KLEPN_Melnikov_2014,192,12,0.5167785234899329,-0.48322147651006714
KKA2_KLEPN_Melnikov_2014,192,13,3.5067114093959733,-0.49328859060402686
KKA2_KLEPN_Melnikov_2014,192,14,0.5369127516778524,-0.46308724832214765
KKA2_KLEPN_Melnikov_2014,192,15,1.5369127516778525,-0.46308724832214765
KKA2_KLEPN_Melnikov_2014,192,16,0.5067114093959731,-0.49328859060402686
KKA2_KLEPN_Melnikov_2014,192,17,-0.5033557046979866,-0.5033557046979866
KKA2_KLEPN_Melnikov_2014,192,18,0.5369127516778524,-0.46308724832214765
KKA2_KLEPN_Melnikov_2014,192,19,1.5067114093959733,-0.49328859060402686
KKA2_KLEPN_Melnikov_2014,192,20,1.4966442953020134,-0.5033557046979866
KKA2_KLEPN_Melnikov_2014,192,21,1.5067114093959733,-0.49328859060402686
KKA2_KLEPN_Melnikov_2014,192,22,1.5067114093959733,-0.49328859060402686
KKA2_KLEPN_Melnikov_2014,192,23,-0.49328859060402686,-0.49328859060402686
KKA2_KLEPN_Melnikov_2014,192,24,0.5067114093959731,-0.49328859060402686
KKA2_KLEPN_Melnikov_2014,192,25,1.516778523489933,-0.48322147651006714
KKA2_KLEPN_Melnikov_2014,192,26,0.5067114093959731,-0.49328859060402686
KKA2_KLEPN_Melnikov_2014,192,27,-0.47315436241610737,-0.47315436241610737
KKA2_KLEPN_Melnikov_2014,192,28,2.5067114093959733,-0.49328859060402686
KKA2_KLEPN_Melnikov_2014,192,29,0.5067114093959731,-0.49328859060402686
KKA2_KLEPN_Melnikov_2014,192,30,1.516778523489933,-0.48322147651006714
KKA2_KLEPN_Melnikov_2014,192,31,0.5067114093959731,-0.49328859060402686
KKA2_KLEPN_Melnikov_2014,192,32,2.5268456375838926,-0.47315436241610737
KKA2_KLEPN_Melnikov_2014,192,33,-0.5033557046979866,-0.5033557046979866
KKA2_KLEPN_Melnikov_2014,192,34,2.5067114093959733,-0.49328859060402686
KKA2_KLEPN_Melnikov_2014,192,35,0.5167785234899329,-0.48322147651006714
KKA2_KLEPN_Melnikov_2014,192,36,2.5067114093959733,-0.49328859060402686
KKA2_KLEPN_Melnikov_2014,192,37,0.5268456375838926,-0.47315436241610737
KKA2_KLEPN_Melnikov_2014,192,38,0.5268456375838926,-0.47315436241610737
KKA2_KLEPN_Melnikov_2014,192,39,3.5167785234899327,-0.48322147651006714
KKA2_KLEPN_Melnikov_2014,384,0,2.506993006993007,-0.493006993006993
KKA2_KLEPN_Melnikov_2014,384,1,-0.5034965034965035,-0.5034965034965035
KKA2_KLEPN_Melnikov_2014,384,2,2.5384615384615383,-0.46153846153846156
KKA2_KLEPN_Melnikov_2014,384,3,0.5174825174825175,-0.4825174825174825
KKA2_KLEPN_Melnikov_2014,384,4,-0.5034965034965035,-0.5034965034965035
KKA2_KLEPN_Melnikov_2014,384,5,2.506993006993007,-0.493006993006993
KKA2_KLEPN_Melnikov_2014,384,6,0.5174825174825175,-0.4825174825174825
KKA2_KLEPN_Melnikov_2014,384,7,0.48601398601398604,-0.513986013986014
KKA2_KLEPN_Melnikov_2014,384,8,1.5174825174825175,-0.4825174825174825
KKA2_KLEPN_Melnikov_2014,384,9,0.5174825174825175,-0.4825174825174825
KKA2_KLEPN_Melnikov_2014,384,10,-0.493006993006993,-0.493006993006993
KKA2_KLEPN_Melnikov_2014,384,11,-0.46153846153846156,-0.46153846153846156
KKA2_KLEPN_Melnikov_2014,384,12,0.5174825174825175,-0.4825174825174825
KKA2_KLEPN_Melnikov_2014,384,13,-0.4825174825174825,-0.4825174825174825
KKA2_KLEPN_Melnikov_2014,384,14,0.5384615384615384,-0.46153846153846156
KKA2_KLEPN_Melnikov_2014,384,15,1.506993006993007,-0.493006993006993
KKA2_KLEPN_Melnikov_2014,384,16,0.5174825174825175,-0.4825174825174825
KKA2_KLEPN_Melnikov_2014,384,17,-0.493006993006993,-0.493006993006993
KKA2_KLEPN_Melnikov_2014,384,18,1.5174825174825175,-0.4825174825174825
KKA2_KLEPN_Melnikov_2014,384,19,1.4965034965034965,-0.5034965034965035
KKA2_KLEPN_Melnikov_2014,384,20,1.4965034965034965,-0.5034965034965035
KKA2_KLEPN_Melnikov_2014,384,21,2.5384615384615383,-0.46153846153846156
KKA2_KLEPN_Melnikov_2014,384,22,0.5279720279720279,-0.47202797202797203
KKA2_KLEPN_Melnikov_2014,384,23,3.5174825174825175,-0.4825174825174825
KKA2_KLEPN_Melnikov_2014,384,24,-0.513986013986014,-0.513986013986014
KKA2_KLEPN_Melnikov_2014,384,25,2.4965034965034967,-0.5034965034965035
KKA2_KLEPN_Melnikov_2014,384,26,0.5384615384615384,-0.46153846153846156
KKA2_KLEPN_Melnikov_2014,384,27,1.527972027972028,-0.47202797202797203
KKA2_KLEPN_Melnikov_2014,384,28,1.4965034965034965,-0.5034965034965035
KKA2_KLEPN_Melnikov_2014,384,29,0.506993006993007,-0.493006993006993
KKA2_KLEPN_Melnikov_2014,384,30,1.5384615384615383,-0.46153846153846156
KKA2_KLEPN_Melnikov_2014,384,31,3.486013986013986,-0.513986013986014
KKA2_KLEPN_Melnikov_2014,384,32,0.506993006993007,-0.493006993006993
KKA2_KLEPN_Melnikov_2014,384,33,2.5174825174825175,-0.4825174825174825
KKA2_KLEPN_Melnikov_2014,384,34,1.4965034965034965,-0.5034965034965035
KKA2_KLEPN_Melnikov_2014,384,35,-0.493006993006993,-0.493006993006993
KKA2_KLEPN_Melnikov_2014,384,36,-0.513986013986014,-0.513986013986014
KKA2_KLEPN_Melnikov_2014,384,37,0.5384615384615384,-0.46153846153846156
KKA2_KLEPN_Melnikov_2014,384,38,1.5384615384615383,-0.46153846153846156
KKA2_KLEPN_Melnikov_2014,384,39,0.5174825174825175,-0.4825174825174825
MK01_HUMAN_Brenan_2016,24,0,-0.4739867354458364,-0.4739867354458364
MK01_HUMAN_Brenan_2016,24,1,-0.4810611643330877,-0.4810611643330877
MK01_HUMAN_Brenan_2016,24,2,-0.4810611643330877,-0.4810611643330877
MK01_HUMAN_Brenan_2016,24,3,1.5189388356669122,-0.4810611643330877
MK01_HUMAN_Brenan_2016,24,4,-0.4669123065585851,-0.4669123065585851
MK01_HUMAN_Brenan_2016,24,5,0.5189388356669122,-0.4810611643330877
MK01_HUMAN_Brenan_2016,24,6,1.5189388356669122,-0.4810611643330877
MK01_HUMAN_Brenan_2016,24,7,-0.4810611643330877,-0.4810611643330877
MK01_HUMAN_Brenan_2016,24,8,0.5189388356669122,-0.4810611643330877
MK01_HUMAN_Brenan_2016,24,9,-0.4810611643330877,-0.4810611643330877
MK01_HUMAN_Brenan_2016,24,10,0.5189388356669122,-0.4810611643330877
MK01_HUMAN_Brenan_2016,24,11,0.5189388356669122,-0.4810611643330877
MK01_HUMAN_Brenan_2016,24,12,2.5260132645541638,-0.4739867354458364
MK01_HUMAN_Brenan_2016,24,13,1.5260132645541635,-0.4739867354458364
MK01_HUMAN_Brenan_2016,24,14,-0.4810611643330877,-0.4810611643330877
MK01_HUMAN_Brenan_2016,24,15,0.5189388356669122,-0.4810611643330877
MK01_HUMAN_Brenan_2016,24,16,1.5189388356669122,-0.4810611643330877
MK01_HUMAN_Brenan_2016,24,17,1.5189388356669122,-0.4810611643330877
MK01_HUMAN_Brenan_2016,24,18,-0.4810611643330877,-0.4810611643330877
MK01_HUMAN_Brenan_2016,24,19,0.5189388356669122,-0.4810611643330877
MK01_HUMAN_Brenan_2016,24,20,-0.4810611643330877,-0.4810611643330877
MK01_HUMAN_Brenan_2016,24,21,3.5189388356669125,-0.4810611643330877
MK01_HUMAN_Brenan_2016,24,22,-0.4810611643330877,-0.4810611643330877
MK01_HUMAN_Brenan_2016,24,23,-0.4810611643330877,-0.4810611643330877
MK01_HUMAN_Brenan_2016,24,24,-0.4810611643330877,-0.4810611643330877
MK01_HUMAN_Brenan_2016,24,25,2.533087693441415,-0.4669123065585851
MK01_HUMAN_Brenan_2016,24,26,0.5189388356669122,-0.4810611643330877
MK01_HUMAN_Brenan_2016,24,27,7.526013264554163,-0.4739867354458364
MK01_HUMAN_Brenan_2016,24,28,-0.4810611643330877,-0.4810611643330877
MK01_HUMAN_Brenan_2016,24,29,-0.4810611643330877,-0.4810611643330877
MK01_HUMAN_Brenan_2016,24,30,2.5189388356669125,-0.4810611643330877
MK01_HUMAN_Brenan_2016,24,31,-0.4810611643330877,-0.4810611643330877
MK01_HUMAN_Brenan_2016,24,32,-0.4810611643330877,-0.4810611643330877
MK01_HUMAN_Brenan_2016,24,33,-0.4739867354458364,-0.4739867354458364
MK01_HUMAN_Brenan_2016,24,34,-0.4810611643330877,-0.4810611643330877
MK01_HUMAN_Brenan_2016,24,35,-0.4810611643330877,-0.4810611643330877
MK01_HUMAN_Brenan_2016,24,36,0.5260132645541635,-0.4739867354458364
MK01_HUMAN_Brenan_2016,24,37,0.5260132645541635,-0.4739867354458364
MK01_HUMAN_Brenan_2016,24,38,-0.4810611643330877,-0.4810611643330877
MK01_HUMAN_Brenan_2016,24,39,0.5189388356669122,-0.4810611643330877
MK01_HUMAN_Brenan_2016,48,0,-0.4756692796923532,-0.4756692796923532
MK01_HUMAN_Brenan_2016,48,1,0.5172311788197013,-0.4827688211802988
MK01_HUMAN_Brenan_2016,48,2,-0.4827688211802988,-0.4827688211802988
MK01_HUMAN_Brenan_2016,48,3,-0.4827688211802988,-0.4827688211802988
MK01_HUMAN_Brenan_2016,48,4,-0.4827688211802988,-0.4827688211802988
MK01_HUMAN_Brenan_2016,48,5,2.524330720307647,-0.4756692796923532
MK01_HUMAN_Brenan_2016,48,6,2.524330720307647,-0.4756692796923532
MK01_HUMAN_Brenan_2016,48,7,-0.4756692796923532,-0.4756692796923532
MK01_HUMAN_Brenan_2016,48,8,0.5172311788197013,-0.4827688211802988
MK01_HUMAN_Brenan_2016,48,9,1.5172311788197013,-0.4827688211802988
MK01_HUMAN_Brenan_2016,48,10,0.5172311788197013,-0.4827688211802988
MK01_HUMAN_Brenan_2016,48,11,1.5243307203076468,-0.4756692796923532
MK01_HUMAN_Brenan_2016,48,12,-0.4827688211802988,-0.4827688211802988
MK01_HUMAN_Brenan_2016,48,13,1.5243307203076468,-0.4756692796923532
MK01_HUMAN_Brenan_2016,48,14,0.5243307203076468,-0.4756692796923532
MK01_HUMAN_Brenan_2016,48,15,2.524330720307647,-0.4756692796923532
MK01_HUMAN_Brenan_2016,48,16,-0.4756692796923532,-0.4756692796923532
MK01_HUMAN_Brenan_2016,48,17,1.5172311788197013,-0.4827688211802988
MK01_HUMAN_Brenan_2016,48,18,-0.4685697382044076,-0.4685697382044076
MK01_HUMAN_Brenan_2016,48,19,-0.4827688211802988,-0.4827688211802988
MK01_HUMAN_Brenan_2016,48,20,0.5172311788197013,-0.4827688211802988
MK01_HUMAN_Brenan_2016,48,21,1.5172311788197013,-0.4827688211802988
MK01_HUMAN_Brenan_2016,48,22,-0.4756692796923532,-0.4756692796923532
MK01_HUMAN_Brenan_2016,48,23,0.5172311788197013,-0.4827688211802988
MK01_HUMAN_Brenan_2016,48,24,-0.4756692796923532,-0.4756692796923532
MK01_HUMAN_Brenan_2016,48,25,0.5385298032835379,-0.46147019671646206
MK01_HUMAN_Brenan_2016,48,26,0.5172311788197013,-0.4827688211802988
MK01_HUMAN_Brenan_2016,48,27,4.531430261795593,-0.4685697382044076
MK01_HUMAN_Brenan_2016,48,28,2.517231178819701,-0.4827688211802988
MK01_HUMAN_Brenan_2016,48,29,2.517231178819701,-0.4827688211802988
MK01_HUMAN_Brenan_2016,48,30,-0.4827688211802988,-0.4827688211802988
MK01_HUMAN_Brenan_2016,48,31,1.5172311788197013,-0.4827688211802988
MK01_HUMAN_Brenan_2016,48,32,0.5172311788197013,-0.4827688211802988
MK01_HUMAN_Brenan_2016,48,33,4.524330720307647,-0.4756692796923532
MK01_HUMAN_Brenan_2016,48,34,0.5172311788197013,-0.4827688211802988
MK01_HUMAN_Brenan_2016,48,35,-0.4827688211802988,-0.4827688211802988
MK01_HUMAN_Brenan_2016,48,36,-0.4756692796923532,-0.4756692796923532
MK01_HUMAN_Brenan_2016,48,37,0.5243307203076468,-0.4756692796923532
MK01_HUMAN_Brenan_2016,48,38,1.5172311788197013,-0.4827688211802988
MK01_HUMAN_Brenan_2016,48,39,2.517231178819701,-0.4827688211802988
MK01_HUMAN_Brenan_2016,96,0,0.5280798450767168,-0.4719201549232832
MK01_HUMAN_Brenan_2016,96,1,0.5137792343214658,-0.4862207656785342
MK01_HUMAN_Brenan_2016,96,2,0.5209295396990914,-0.47907046030090866
MK01_HUMAN_Brenan_2016,96,3,1.5280798450767168,-0.4719201549232832
MK01_HUMAN_Brenan_2016,96,4,0.5137792343214658,-0.4862207656785342
MK01_HUMAN_Brenan_2016,96,5,-0.4862207656785342,-0.4862207656785342
MK01_HUMAN_Brenan_2016,96,6,3.5209295396990914,-0.47907046030090866
MK01_HUMAN_Brenan_2016,96,7,1.5280798450767168,-0.4719201549232832
MK01_HUMAN_Brenan_2016,96,8,2.5137792343214658,-0.4862207656785342
MK01_HUMAN_Brenan_2016,96,9,-0.4862207656785342,-0.4862207656785342
MK01_HUMAN_Brenan_2016,96,10,3.5209295396990914,-0.47907046030090866
MK01_HUMAN_Brenan_2016,96,11,0.5209295396990914,-0.47907046030090866
MK01_HUMAN_Brenan_2016,96,12,7.513779234321466,-0.4862207656785342
MK01_HUMAN_Brenan_2016,96,13,3.535230150454342,-0.4647698495456577
MK01_HUMAN_Brenan_2016,96,14,1.5137792343214658,-0.4862207656785342
MK01_HUMAN_Brenan_2016,96,15,0.5280798450767168,-0.4719201549232832
MK01_HUMAN_Brenan_2016,96,16,3.528079845076717,-0.4719201549232832
MK01_HUMAN_Brenan_2016,96,17,0.5137792343214658,-0.4862207656785342
MK01_HUMAN_Brenan_2016,96,18,3.542380455831968,-0.4576195441680322
MK01_HUMAN_Brenan_2016,96,19,1.5280798450767168,-0.4719201549232832
MK01_HUMAN_Brenan_2016,96,20,-0.4647698495456577,-0.4647698495456577
MK01_HUMAN_Brenan_2016,96,21,2.528079845076717,-0.4719201549232832
MK01_HUMAN_Brenan_2016,96,22,4.528079845076717,-0.4719201549232832
MK01_HUMAN_Brenan_2016,96,23,1.5137792343214658,-0.4862207656785342
MK01_HUMAN_Brenan_2016,96,24,-0.4862207656785342,-0.4862207656785342
MK01_HUMAN_Brenan_2016,96,25,1.5352301504543422,-0.4647698495456577
MK01_HUMAN_Brenan_2016,96,26,2.5209295396990914,-0.47907046030090866
MK01_HUMAN_Brenan_2016,96,27,3.5209295396990914,-0.47907046030090866
MK01_HUMAN_Brenan_2016,96,28,-0.47907046030090866,-0.47907046030090866
MK01_HUMAN_Brenan_2016,96,29,1.5137792343214658,-0.4862207656785342
MK01_HUMAN_Brenan_2016,96,30,1.5352301504543422,-0.4647698495456577
MK01_HUMAN_Brenan_2016,96,31,4.542380455831967,-0.4576195441680322
MK01_HUMAN_Brenan_2016,96,32,1.5137792343214658,-0.4862207656785342
MK01_HUMAN_Brenan_2016,96,33,2.5209295396990914,-0.47907046030090866
MK01_HUMAN_Brenan_2016,96,34,1.5137792343214658,-0.4862207656785342
MK01_HUMAN_Brenan_2016,96,35,1.5137792343214658,-0.4862207656785342
MK01_HUMAN_Brenan_2016,96,36,2.5209295396990914,-0.47907046030090866
MK01_HUMAN_Brenan_2016,96,37,2.5209295396990914,-0.47907046030090866
MK01_HUMAN_Brenan_2016,96,38,1.5209295396990914,-0.47907046030090866
MK01_HUMAN_Brenan_2016,96,39,2.528079845076717,-0.4719201549232832
MK01_HUMAN_Brenan_2016,192,0,3.521233187244975,-0.4787668127550249
MK01_HUMAN_Brenan_2016,192,1,3.513979144627475,-0.4860208553725253
MK01_HUMAN_Brenan_2016,192,2,2.513979144627475,-0.4860208553725253
MK01_HUMAN_Brenan_2016,192,3,3.5284872298624754,-0.4715127701375246
MK01_HUMAN_Brenan_2016,192,4,0.5212331872449751,-0.4787668127550249
MK01_HUMAN_Brenan_2016,192,5,1.5212331872449751,-0.4787668127550249
MK01_HUMAN_Brenan_2016,192,6,3.521233187244975,-0.4787668127550249
MK01_HUMAN_Brenan_2016,192,7,2.506725102009974,-0.4932748979900257
MK01_HUMAN_Brenan_2016,192,8,2.5284872298624754,-0.4715127701375246
MK01_HUMAN_Brenan_2016,192,9,5.5429953150974764,-0.45700468490252383
MK01_HUMAN_Brenan_2016,192,10,0.5067251020099743,-0.4932748979900257
MK01_HUMAN_Brenan_2016,192,11,1.5284872298624754,-0.4715127701375246
MK01_HUMAN_Brenan_2016,192,12,2.542995315097476,-0.45700468490252383
MK01_HUMAN_Brenan_2016,192,13,4.5429953150974764,-0.45700468490252383
MK01_HUMAN_Brenan_2016,192,14,5.513979144627474,-0.4860208553725253
MK01_HUMAN_Brenan_2016,192,15,1.5139791446274746,-0.4860208553725253
MK01_HUMAN_Brenan_2016,192,16,3.521233187244975,-0.4787668127550249
MK01_HUMAN_Brenan_2016,192,17,2.506725102009974,-0.4932748979900257
MK01_HUMAN_Brenan_2016,192,18,2.521233187244975,-0.4787668127550249
MK01_HUMAN_Brenan_2016,192,19,1.5139791446274746,-0.4860208553725253
MK01_HUMAN_Brenan_2016,192,20,1.5139791446274746,-0.4860208553725253
MK01_HUMAN_Brenan_2016,192,21,1.5139791446274746,-0.4860208553725253
MK01_HUMAN_Brenan_2016,192,22,1.5284872298624754,-0.4715127701375246
MK01_HUMAN_Brenan_2016,192,23,0.5357412724799758,-0.4642587275200242
MK01_HUMAN_Brenan_2016,192,24,0.5067251020099743,-0.4932748979900257
MK01_HUMAN_Brenan_2016,192,25,5.535741272479976,-0.4642587275200242
MK01_HUMAN_Brenan_2016,192,26,10.513979144627475,-0.4860208553725253
MK01_HUMAN_Brenan_2016,192,27,5.564757442949977,-0.4352425570500227
MK01_HUMAN_Brenan_2016,192,28,3.513979144627475,-0.4860208553725253
MK01_HUMAN_Brenan_2016,192,29,2.513979144627475,-0.4860208553725253
MK01_HUMAN_Brenan_2016,192,30,1.5139791446274746,-0.4860208553725253
MK01_HUMAN_Brenan_2016,192,31,2.521233187244975,-0.4787668127550249
MK01_HUMAN_Brenan_2016,192,32,3.521233187244975,-0.4787668127550249
MK01_HUMAN_Brenan_2016,192,33,1.5212331872449751,-0.4787668127550249
MK01_HUMAN_Brenan_2016,192,34,1.5212331872449751,-0.4787668127550249
MK01_HUMAN_Brenan_2016,192,35,0.5139791446274746,-0.4860208553725253
MK01_HUMAN_Brenan_2016,192,36,5.513979144627474,-0.4860208553725253
MK01_HUMAN_Brenan_2016,192,37,4.513979144627474,-0.4860208553725253
MK01_HUMAN_Brenan_2016,192,38,0.5357412724799758,-0.4642587275200242
MK01_HUMAN_Brenan_2016,192,39,2.506725102009974,-0.4932748979900257
MK01_HUMAN_Brenan_2016,384,0,3.536809338521401,-0.4631906614785992
MK01_HUMAN_Brenan_2016,384,1,1.5069260700389104,-0.4930739299610895
MK01_HUMAN_Brenan_2016,384,2,1.5293385214007782,-0.4706614785992218
MK01_HUMAN_Brenan_2016,384,3,1.5592217898832685,-0.4407782101167315
MK01_HUMAN_Brenan_2016,384,4,1.5218677042801556,-0.47813229571984434
MK01_HUMAN_Brenan_2016,384,5,5.521867704280155,-0.47813229571984434
MK01_HUMAN_Brenan_2016,384,6,0.5218677042801556,-0.47813229571984434
MK01_HUMAN_Brenan_2016,384,7,3.499455252918288,-0.500544747081712
MK01_HUMAN_Brenan_2016,384,8,4.559221789883268,-0.4407782101167315
MK01_HUMAN_Brenan_2016,384,9,3.529338521400778,-0.4706614785992218
MK01_HUMAN_Brenan_2016,384,10,3.514396887159533,-0.4856031128404669
MK01_HUMAN_Brenan_2016,384,11,2.521867704280156,-0.47813229571984434
MK01_HUMAN_Brenan_2016,384,12,4.544280155642023,-0.45571984435797663
MK01_HUMAN_Brenan_2016,384,13,4.559221789883268,-0.4407782101167315
MK01_HUMAN_Brenan_2016,384,14,2.529338521400778,-0.4706614785992218
MK01_HUMAN_Brenan_2016,384,15,1.551750972762646,-0.4482490272373541
MK01_HUMAN_Brenan_2016,384,16,2.514396887159533,-0.4856031128404669
MK01_HUMAN_Brenan_2016,384,17,3.514396887159533,-0.4856031128404669
MK01_HUMAN_Brenan_2016,384,18,4.521867704280155,-0.47813229571984434
MK01_HUMAN_Brenan_2016,384,19,2.514396887159533,-0.4856031128404669
MK01_HUMAN_Brenan_2016,384,20,0.5069260700389104,-0.4930739299610895
MK01_HUMAN_Brenan_2016,384,21,4.514396887159533,-0.4856031128404669
MK01_HUMAN_Brenan_2016,384,22,1.4994552529182879,-0.500544747081712
MK01_HUMAN_Brenan_2016,384,23,4.521867704280155,-0.47813229571984434
MK01_HUMAN_Brenan_2016,384,24,1.4919844357976655,-0.5080155642023346
MK01_HUMAN_Brenan_2016,384,25,6.551750972762646,-0.4482490272373541
MK01_HUMAN_Brenan_2016,384,26,5.536809338521401,-0.4631906614785992
MK01_HUMAN_Brenan_2016,384,27,2.521867704280156,-0.47813229571984434
MK01_HUMAN_Brenan_2016,384,28,5.506926070038911,-0.4930739299610895
MK01_HUMAN_Brenan_2016,384,29,1.5368093385214008,-0.4631906614785992
MK01_HUMAN_Brenan_2016,384,30,2.4919844357976655,-0.5080155642023346
MK01_HUMAN_Brenan_2016,384,31,2.536809338521401,-0.4631906614785992
MK01_HUMAN_Brenan_2016,384,32,4.521867704280155,-0.47813229571984434
MK01_HUMAN_Brenan_2016,384,33,1.4994552529182879,-0.500544747081712
MK01_HUMAN_Brenan_2016,384,34,5.521867704280155,-0.47813229571984434
MK01_HUMAN_Brenan_2016,384,35,3.521867704280156,-0.47813229571984434
MK01_HUMAN_Brenan_2016,384,36,1.551750972762646,-0.4482490272373541
MK01_HUMAN_Brenan_2016,384,37,2.5517509727626457,-0.4482490272373541
MK01_HUMAN_Brenan_2016,384,38,2.5069260700389107,-0.4930739299610895
MK01_HUMAN_Brenan_2016,384,39,1.5069260700389104,-0.4930739299610895
MTH3_HAEAE_Rockah-Shmuel_2015,24,0,0.5071306332002281,0.5071306332002281
MTH3_HAEAE_Rockah-Shmuel_2015,24,1,-0.49286936679977184,0.5071306332002281
MTH3_HAEAE_Rockah-Shmuel_2015,24,2,-0.49286936679977184,0.5071306332002281
MTH3_HAEAE_Rockah-Shmuel_2015,24,3,-0.4654877353108956,0.5345122646891044
MTH3_HAEAE_Rockah-Shmuel_2015,24,4,0.5071306332002281,0.5071306332002281
MTH3_HAEAE_Rockah-Shmuel_2015,24,5,0.5345122646891044,0.5345122646891044
MTH3_HAEAE_Rockah-Shmuel_2015,24,6,-0.49286936679977184,0.5071306332002281
MTH3_HAEAE_Rockah-Shmuel_2015,24,7,0.5071306332002281,0.5071306332002281
MTH3_HAEAE_Rockah-Shmuel_2015,24,8,0.5071306332002281,0.5071306332002281
MTH3_HAEAE_Rockah-Shmuel_2015,24,9,0.5345122646891044,0.5345122646891044
MTH3_HAEAE_Rockah-Shmuel_2015,24,10,-0.49286936679977184,0.5071306332002281
MTH3_HAEAE_Rockah-Shmuel_2015,24,11,-0.49286936679977184,0.5071306332002281
MTH3_HAEAE_Rockah-Shmuel_2015,24,12,0.5345122646891044,0.5345122646891044
MTH3_HAEAE_Rockah-Shmuel_2015,24,13,0.5071306332002281,0.5071306332002281
MTH3_HAEAE_Rockah-Shmuel_2015,24,14,-0.49286936679977184,0.5071306332002281
MTH3_HAEAE_Rockah-Shmuel_2015,24,15,0.5071306332002281,0.5071306332002281
MTH3_HAEAE_Rockah-Shmuel_2015,24,16,-0.49286936679977184,0.5071306332002281
MTH3_HAEAE_Rockah-Shmuel_2015,24,17,-0.49286936679977184,0.5071306332002281
MTH3_HAEAE_Rockah-Shmuel_2015,24,18,-0.49286936679977184,0.5071306332002281
MTH3_HAEAE_Rockah-Shmuel_2015,24,19,0.5345122646891044,-0.4654877353108956
MTH3_HAEAE_Rockah-Shmuel_2015,24,20,0.5071306332002281,0.5071306332002281
MTH3_HAEAE_Rockah-Shmuel_2015,24,21,-0.49286936679977184,0.5071306332002281
MTH3_HAEAE_Rockah-Shmuel_2015,24,22,0.5345122646891044,0.5345122646891044
MTH3_HAEAE_Rockah-Shmuel_2015,24,23,-0.4381061038220194,-0.4381061038220194
MTH3_HAEAE_Rockah-Shmuel_2015,24,24,-0.49286936679977184,0.5071306332002281
MTH3_HAEAE_Rockah-Shmuel_2015,24,25,0.5345122646891044,0.5345122646891044
MTH3_HAEAE_Rockah-Shmuel_2015,24,26,-0.4654877353108956,0.5345122646891044
MTH3_HAEAE_Rockah-Shmuel_2015,24,27,-0.4381061038220194,0.5618938961779806
MTH3_HAEAE_Rockah-Shmuel_2015,24,28,0.5071306332002281,0.5071306332002281
MTH3_HAEAE_Rockah-Shmuel_2015,24,29,0.5345122646891044,-0.4654877353108956
MTH3_HAEAE_Rockah-Shmuel_2015,24,30,0.5071306332002281,0.5071306332002281
MTH3_HAEAE_Rockah-Shmuel_2015,24,31,1.507130633200228,0.5071306332002281
MTH3_HAEAE_Rockah-Shmuel_2015,24,32,-0.49286936679977184,0.5071306332002281
MTH3_HAEAE_Rockah-Shmuel_2015,24,33,-0.4654877353108956,-0.4654877353108956
MTH3_HAEAE_Rockah-Shmuel_2015,24,34,1.507130633200228,0.5071306332002281
MTH3_HAEAE_Rockah-Shmuel_2015,24,35,-0.49286936679977184,0.5071306332002281
MTH3_HAEAE_Rockah-Shmuel_2015,24,36,2.5071306332002283,0.5071306332002281
MTH3_HAEAE_Rockah-Shmuel_2015,24,37,1.507130633200228,0.5071306332002281
MTH3_HAEAE_Rockah-Shmuel_2015,24,38,-0.49286936679977184,0.5071306332002281
MTH3_HAEAE_Rockah-Shmuel_2015,24,39,-0.49286936679977184,0.5071306332002281
MTH3_HAEAE_Rockah-Shmuel_2015,48,0,-0.4719491035280509,0.528050896471949
MTH3_HAEAE_Rockah-Shmuel_2015,48,1,0.528050896471949,-0.4719491035280509
MTH3_HAEAE_Rockah-Shmuel_2015,48,2,0.528050896471949,0.528050896471949
MTH3_HAEAE_Rockah-Shmuel_2015,48,3,-0.4719491035280509,0.528050896471949
MTH3_HAEAE_Rockah-Shmuel_2015,48,4,0.5002891844997108,0.5002891844997108
MTH3_HAEAE_Rockah-Shmuel_2015,48,5,-0.4719491035280509,0.528050896471949
MTH3_HAEAE_Rockah-Shmuel_2015,48,6,-0.4719491035280509,0.528050896471949
MTH3_HAEAE_Rockah-Shmuel_2015,48,7,-0.4441873915558126,0.5558126084441875
MTH3_HAEAE_Rockah-Shmuel_2015,48,8,0.5002891844997108,0.5002891844997108
MTH3_HAEAE_Rockah-Shmuel_2015,48,9,-0.4997108155002892,0.5002891844997108
MTH3_HAEAE_Rockah-Shmuel_2015,48,10,-0.4719491035280509,0.528050896471949
MTH3_HAEAE_Rockah-Shmuel_2015,48,11,0.528050896471949,0.528050896471949
MTH3_HAEAE_Rockah-Shmuel_2015,48,12,0.528050896471949,0.528050896471949
MTH3_HAEAE_Rockah-Shmuel_2015,48,13,0.528050896471949,0.528050896471949
MTH3_HAEAE_Rockah-Shmuel_2015,48,14,0.5002891844997108,0.5002891844997108
MTH3_HAEAE_Rockah-Shmuel_2015,48,15,0.528050896471949,0.528050896471949
MTH3_HAEAE_Rockah-Shmuel_2015,48,16,0.528050896471949,0.528050896471949
MTH3_HAEAE_Rockah-Shmuel_2015,48,17,-0.4997108155002892,0.5002891844997108
MTH3_HAEAE_Rockah-Shmuel_2015,48,18,-0.4997108155002892,0.5002891844997108
MTH3_HAEAE_Rockah-Shmuel_2015,48,19,1.528050896471949,0.528050896471949
MTH3_HAEAE_Rockah-Shmuel_2015,48,20,0.5002891844997108,0.5002891844997108
MTH3_HAEAE_Rockah-Shmuel_2015,48,21,2.528050896471949,-0.4719491035280509
MTH3_HAEAE_Rockah-Shmuel_2015,48,22,-0.4997108155002892,0.5002891844997108
MTH3_HAEAE_Rockah-Shmuel_2015,48,23,-0.4164256795835743,0.5835743204164257
MTH3_HAEAE_Rockah-Shmuel_2015,48,24,-0.4997108155002892,0.5002891844997108
MTH3_HAEAE_Rockah-Shmuel_2015,48,25,0.5002891844997108,0.5002891844997108
MTH3_HAEAE_Rockah-Shmuel_2015,48,26,-0.4997108155002892,0.5002891844997108
MTH3_HAEAE_Rockah-Shmuel_2015,48,27,-0.4719491035280509,0.528050896471949
MTH3_HAEAE_Rockah-Shmuel_2015,48,28,0.5002891844997108,0.5002891844997108
MTH3_HAEAE_Rockah-Shmuel_2015,48,29,0.5002891844997108,0.5002891844997108
MTH3_HAEAE_Rockah-Shmuel_2015,48,30,1.528050896471949,0.528050896471949
MTH3_HAEAE_Rockah-Shmuel_2015,48,31,0.5002891844997108,0.5002891844997108
MTH3_HAEAE_Rockah-Shmuel_2015,48,32,1.5002891844997108,0.5002891844997108
MTH3_HAEAE_Rockah-Shmuel_2015,48,33,0.528050896471949,0.528050896471949
MTH3_HAEAE_Rockah-Shmuel_2015,48,34,1.528050896471949,0.528050896471949
MTH3_HAEAE_Rockah-Shmuel_2015,48,35,-0.4719491035280509,0.528050896471949
MTH3_HAEAE_Rockah-Shmuel_2015,48,36,0.528050896471949,0.528050896471949
MTH3_HAEAE_Rockah-Shmuel_2015,48,37,2.500289184499711,0.5002891844997108
MTH3_HAEAE_Rockah-Shmuel_2015,48,38,-0.4997108155002892,0.5002891844997108
MTH3_HAEAE_Rockah-Shmuel_2015,48,39,-0.4719491035280509,0.528050896471949
MTH3_HAEAE_Rockah-Shmuel_2015,96,0,-0.4854253420582986,0.5145746579417014
MTH3_HAEAE_Rockah-Shmuel_2015,96,1,0.5145746579417014,0.5145746579417014
MTH3_HAEAE_Rockah-Shmuel_2015,96,2,-0.4854253420582986,0.5145746579417014
MTH3_HAEAE_Rockah-Shmuel_2015,96,3,1.5431290898274836,0.5431290898274836
MTH3_HAEAE_Rockah-Shmuel_2015,96,4,1.4860202260559192,0.4860202260559191
MTH3_HAEAE_Rockah-Shmuel_2015,96,5,0.5431290898274836,0.5431290898274836
MTH3_HAEAE_Rockah-Shmuel_2015,96,6,-0.5139797739440809,0.4860202260559191
MTH3_HAEAE_Rockah-Shmuel_2015,96,7,-0.4854253420582986,0.5145746579417014
MTH3_HAEAE_Rockah-Shmuel_2015,96,8,1.4860202260559192,0.4860202260559191
MTH3_HAEAE_Rockah-Shmuel_2015,96,9,1.5431290898274836,0.5431290898274836
MTH3_HAEAE_Rockah-Shmuel_2015,96,10,-0.4854253420582986,0.5145746579417014
MTH3_HAEAE_Rockah-Shmuel_2015,96,11,-0.4283164782867341,0.5716835217132659
MTH3_HAEAE_Rockah-Shmuel_2015,96,12,0.4860202260559191,0.4860202260559191
MTH3_HAEAE_Rockah-Shmuel_2015,96,13,0.5145746579417014,0.5145746579417014
MTH3_HAEAE_Rockah-Shmuel_2015,96,14,-0.45687091017251635,0.5431290898274836
MTH3_HAEAE_Rockah-Shmuel_2015,96,15,1.5431290898274836,0.5431290898274836
MTH3_HAEAE_Rockah-Shmuel_2015,96,16,-0.4854253420582986,0.5145746579417014
MTH3_HAEAE_Rockah-Shmuel_2015,96,17,1.5716835217132659,0.5716835217132659
MTH3_HAEAE_Rockah-Shmuel_2015,96,18,1.5145746579417014,0.5145746579417014
MTH3_HAEAE_Rockah-Shmuel_2015,96,19,-0.5139797739440809,0.4860202260559191
MTH3_HAEAE_Rockah-Shmuel_2015,96,20,1.5145746579417014,0.5145746579417014
MTH3_HAEAE_Rockah-Shmuel_2015,96,21,-0.5139797739440809,0.4860202260559191
MTH3_HAEAE_Rockah-Shmuel_2015,96,22,-0.4854253420582986,0.5145746579417014
MTH3_HAEAE_Rockah-Shmuel_2015,96,23,1.4860202260559192,0.4860202260559191
MTH3_HAEAE_Rockah-Shmuel_2015,96,24,-0.5139797739440809,0.4860202260559191
MTH3_HAEAE_Rockah-Shmuel_2015,96,25,-0.5139797739440809,0.4860202260559191
MTH3_HAEAE_Rockah-Shmuel_2015,96,26,0.4860202260559191,0.4860202260559191
MTH3_HAEAE_Rockah-Shmuel_2015,96,27,1.5145746579417014,0.5145746579417014
MTH3_HAEAE_Rockah-Shmuel_2015,96,28,0.5145746579417014,0.5145746579417014
MTH3_HAEAE_Rockah-Shmuel_2015,96,29,0.4860202260559191,0.4860202260559191
MTH3_HAEAE_Rockah-Shmuel_2015,96,30,1.4860202260559192,0.4860202260559191
MTH3_HAEAE_Rockah-Shmuel_2015,96,31,2.5431290898274836,0.5431290898274836
MTH3_HAEAE_Rockah-Shmuel_2015,96,32,0.5145746579417014,0.5145746579417014
MTH3_HAEAE_Rockah-Shmuel_2015,96,33,1.4860202260559192,0.4860202260559191
MTH3_HAEAE_Rockah-Shmuel_2015,96,34,-0.5139797739440809,0.4860202260559191
MTH3_HAEAE_Rockah-Shmuel_2015,96,35,0.5145746579417014,0.5145746579417014
MTH3_HAEAE_Rockah-Shmuel_2015,96,36,1.5431290898274836,-0.45687091017251635
MTH3_HAEAE_Rockah-Shmuel_2015,96,37,0.5145746579417014,0.5145746579417014
MTH3_HAEAE_Rockah-Shmuel_2015,96,38,-0.4854253420582986,0.5145746579417014
MTH3_HAEAE_Rockah-Shmuel_2015,96,39,-0.5139797739440809,0.4860202260559191
MTH3_HAEAE_Rockah-Shmuel_2015,192,0,1.5457413249211356,0.5457413249211356
MTH3_HAEAE_Rockah-Shmuel_2015,192,1,1.4851735015772871,0.4851735015772871
MTH3_HAEAE_Rockah-Shmuel_2015,192,2,2.545741324921136,0.5457413249211356
MTH3_HAEAE_Rockah-Shmuel_2015,192,3,-0.48454258675078865,0.5154574132492113
MTH3_HAEAE_Rockah-Shmuel_2015,192,4,-0.5451104100946372,0.45488958990536277
MTH3_HAEAE_Rockah-Shmuel_2015,192,5,1.5154574132492113,0.5154574132492113
MTH3_HAEAE_Rockah-Shmuel_2015,192,6,-0.42397476340694007,0.5760252365930599
MTH3_HAEAE_Rockah-Shmuel_2015,192,7,0.4851735015772871,0.4851735015772871
MTH3_HAEAE_Rockah-Shmuel_2015,192,8,-0.48454258675078865,0.5154574132492113
MTH3_HAEAE_Rockah-Shmuel_2015,192,9,1.4851735015772871,0.4851735015772871
MTH3_HAEAE_Rockah-Shmuel_2015,192,10,2.454889589905363,0.45488958990536277
MTH3_HAEAE_Rockah-Shmuel_2015,192,11,-0.48454258675078865,0.5154574132492113
MTH3_HAEAE_Rockah-Shmuel_2015,192,12,2.485173501577287,0.4851735015772871
MTH3_HAEAE_Rockah-Shmuel_2015,192,13,1.5760252365930598,0.5760252365930599
MTH3_HAEAE_Rockah-Shmuel_2015,192,14,1.4851735015772871,0.4851735015772871
MTH3_HAEAE_Rockah-Shmuel_2015,192,15,0.5154574132492113,0.5154574132492113
MTH3_HAEAE_Rockah-Shmuel_2015,192,16,0.5457413249211356,0.5457413249211356
MTH3_HAEAE_Rockah-Shmuel_2015,192,17,0.6063091482649843,-0.3936908517350158
MTH3_HAEAE_Rockah-Shmuel_2015,192,18,0.5760252365930599,0.5760252365930599
MTH3_HAEAE_Rockah-Shmuel_2015,192,19,1.4548895899053629,0.45488958990536277
MTH3_HAEAE_Rockah-Shmuel_2015,192,20,1.4851735015772871,0.4851735015772871
MTH3_HAEAE_Rockah-Shmuel_2015,192,21,-0.5148264984227129,0.4851735015772871
MTH3_HAEAE_Rockah-Shmuel_2015,192,22,2.5154574132492113,0.5154574132492113
MTH3_HAEAE_Rockah-Shmuel_2015,192,23,1.5154574132492113,0.5154574132492113
MTH3_HAEAE_Rockah-Shmuel_2015,192,24,-0.5451104100946372,0.45488958990536277
MTH3_HAEAE_Rockah-Shmuel_2015,192,25,1.5457413249211356,0.5457413249211356
MTH3_HAEAE_Rockah-Shmuel_2015,192,26,1.5154574132492113,-0.48454258675078865
MTH3_HAEAE_Rockah-Shmuel_2015,192,27,1.5154574132492113,-0.48454258675078865
MTH3_HAEAE_Rockah-Shmuel_2015,192,28,1.4851735015772871,-0.5148264984227129
MTH3_HAEAE_Rockah-Shmuel_2015,192,29,1.5154574132492113,0.5154574132492113
MTH3_HAEAE_Rockah-Shmuel_2015,192,30,1.5457413249211356,0.5457413249211356
MTH3_HAEAE_Rockah-Shmuel_2015,192,31,1.4851735015772871,0.4851735015772871
MTH3_HAEAE_Rockah-Shmuel_2015,192,32,0.5154574132492113,-0.48454258675078865
MTH3_HAEAE_Rockah-Shmuel_2015,192,33,-0.5451104100946372,0.45488958990536277
MTH3_HAEAE_Rockah-Shmuel_2015,192,34,2.5154574132492113,0.5154574132492113
MTH3_HAEAE_Rockah-Shmuel_2015,192,35,-0.45425867507886436,0.5457413249211356
MTH3_HAEAE_Rockah-Shmuel_2015,192,36,1.5154574132492113,0.5154574132492113
MTH3_HAEAE_Rockah-Shmuel_2015,192,37,0.5457413249211356,0.5457413249211356
MTH3_HAEAE_Rockah-Shmuel_2015,192,38,1.5760252365930598,0.5760252365930599
MTH3_HAEAE_Rockah-Shmuel_2015,192,39,0.4851735015772871,0.4851735015772871
MTH3_HAEAE_Rockah-Shmuel_2015,384,0,0.6209619526202441,-0.37903804737975594
MTH3_HAEAE_Rockah-Shmuel_2015,384,1,-0.3445800430725054,1.6554199569274946
MTH3_HAEAE_Rockah-Shmuel_2015,384,2,3.552045944005743,0.552045944005743
MTH3_HAEAE_Rockah-Shmuel_2015,384,3,2.5175879396984926,1.5175879396984926
MTH3_HAEAE_Rockah-Shmuel_2015,384,4,0.48312993539124194,1.483129935391242
MTH3_HAEAE_Rockah-Shmuel_2015,384,5,0.48312993539124194,0.48312993539124194
MTH3_HAEAE_Rockah-Shmuel_2015,384,6,1.5175879396984926,0.5175879396984925
MTH3_HAEAE_Rockah-Shmuel_2015,384,7,2.4486719310839913,1.4486719310839913
MTH3_HAEAE_Rockah-Shmuel_2015,384,8,3.4831299353912417,0.48312993539124194
MTH3_HAEAE_Rockah-Shmuel_2015,384,9,0.5865039483129935,-0.4134960516870065
MTH3_HAEAE_Rockah-Shmuel_2015,384,10,0.6209619526202441,0.6209619526202441
MTH3_HAEAE_Rockah-Shmuel_2015,384,11,1.6554199569274946,0.6554199569274946
MTH3_HAEAE_Rockah-Shmuel_2015,384,12,1.5175879396984926,0.5175879396984925
MTH3_HAEAE_Rockah-Shmuel_2015,384,13,2.414213926776741,0.41421392677674085
MTH3_HAEAE_Rockah-Shmuel_2015,384,14,0.5175879396984925,0.5175879396984925
MTH3_HAEAE_Rockah-Shmuel_2015,384,15,1.483129935391242,0.48312993539124194
MTH3_HAEAE_Rockah-Shmuel_2015,384,16,1.4486719310839913,0.4486719310839914
MTH3_HAEAE_Rockah-Shmuel_2015,384,17,0.4486719310839914,1.4486719310839913
MTH3_HAEAE_Rockah-Shmuel_2015,384,18,1.483129935391242,0.48312993539124194
MTH3_HAEAE_Rockah-Shmuel_2015,384,19,2.552045944005743,1.552045944005743
MTH3_HAEAE_Rockah-Shmuel_2015,384,20,1.3797559224694904,1.3797559224694904
MTH3_HAEAE_Rockah-Shmuel_2015,384,21,1.4486719310839913,1.4486719310839913
MTH3_HAEAE_Rockah-Shmuel_2015,384,22,0.5865039483129935,-0.4134960516870065
MTH3_HAEAE_Rockah-Shmuel_2015,384,23,1.483129935391242,0.48312993539124194
MTH3_HAEAE_Rockah-Shmuel_2015,384,24,1.552045944005743,-0.44795405599425697
MTH3_HAEAE_Rockah-Shmuel_2015,384,25,2.5175879396984926,0.5175879396984925
MTH3_HAEAE_Rockah-Shmuel_2015,384,26,0.4486719310839914,0.4486719310839914
MTH3_HAEAE_Rockah-Shmuel_2015,384,27,2.552045944005743,1.552045944005743
MTH3_HAEAE_Rockah-Shmuel_2015,384,28,0.4486719310839914,1.4486719310839913
MTH3_HAEAE_Rockah-Shmuel_2015,384,29,1.4486719310839913,1.4486719310839913
MTH3_HAEAE_Rockah-Shmuel_2015,384,30,1.5175879396984926,0.5175879396984925
MTH3_HAEAE_Rockah-Shmuel_2015,384,31,1.4142139267767408,0.41421392677674085
MTH3_HAEAE_Rockah-Shmuel_2015,384,32,1.552045944005743,0.552045944005743
MTH3_HAEAE_Rockah-Shmuel_2015,384,33,1.5175879396984926,-0.4824120603015075
MTH3_HAEAE_Rockah-Shmuel_2015,384,34,1.483129935391242,1.483129935391242
MTH3_HAEAE_Rockah-Shmuel_2015,384,35,0.5175879396984925,0.5175879396984925
MTH3_HAEAE_Rockah-Shmuel_2015,384,36,0.4486719310839914,1.4486719310839913
MTH3_HAEAE_Rockah-Shmuel_2015,384,37,0.6209619526202441,0.6209619526202441
MTH3_HAEAE_Rockah-Shmuel_2015,384,38,0.41421392677674085,0.41421392677674085
MTH3_HAEAE_Rockah-Shmuel_2015,384,39,3.3797559224694904,0.3797559224694903
NCAP_I34A1_Doud_2015,24,0,-0.4831532104259377,-0.4831532104259377
NCAP_I34A1_Doud_2015,24,1,0.5168467895740623,-0.4831532104259377
NCAP_I34A1_Doud_2015,24,2,-0.4780673871582963,-0.4780673871582963
NCAP_I34A1_Doud_2015,24,3,0.5168467895740623,-0.4831532104259377
NCAP_I34A1_Doud_2015,24,4,0.5168467895740623,-0.4831532104259377
NCAP_I34A1_Doud_2015,24,5,0.5168467895740623,-0.4831532104259377
NCAP_I34A1_Doud_2015,24,6,1.5168467895740623,-0.4831532104259377
NCAP_I34A1_Doud_2015,24,7,-0.4831532104259377,-0.4831532104259377
NCAP_I34A1_Doud_2015,24,8,0.5168467895740623,-0.4831532104259377
NCAP_I34A1_Doud_2015,24,9,1.5168467895740623,-0.4831532104259377
NCAP_I34A1_Doud_2015,24,10,-0.4831532104259377,-0.4831532104259377
NCAP_I34A1_Doud_2015,24,11,1.5219326128417037,-0.4780673871582963
NCAP_I34A1_Doud_2015,24,12,0.5168467895740623,-0.4831532104259377
NCAP_I34A1_Doud_2015,24,13,5.521932612841704,-0.4780673871582963
NCAP_I34A1_Doud_2015,24,14,0.5168467895740623,-0.4831532104259377
NCAP_I34A1_Doud_2015,24,15,-0.4831532104259377,-0.4831532104259377
NCAP_I34A1_Doud_2015,24,16,0.5219326128417037,-0.4780673871582963
NCAP_I34A1_Doud_2015,24,17,-0.4831532104259377,-0.4831532104259377
NCAP_I34A1_Doud_2015,24,18,-0.4831532104259377,-0.4831532104259377
NCAP_I34A1_Doud_2015,24,19,0.5168467895740623,-0.4831532104259377
NCAP_I34A1_Doud_2015,24,20,-0.4831532104259377,-0.4831532104259377
NCAP_I34A1_Doud_2015,24,21,-0.4831532104259377,-0.4831532104259377
NCAP_I34A1_Doud_2015,24,22,-0.4831532104259377,-0.4831532104259377
NCAP_I34A1_Doud_2015,24,23,-0.4831532104259377,-0.4831532104259377
NCAP_I34A1_Doud_2015,24,24,-0.4831532104259377,-0.4831532104259377
NCAP_I34A1_Doud_2015,24,25,-0.4831532104259377,-0.4831532104259377
NCAP_I34A1_Doud_2015,24,26,-0.4831532104259377,-0.4831532104259377
NCAP_I34A1_Doud_2015,24,27,-0.4831532104259377,-0.4831532104259377
NCAP_I34A1_Doud_2015,24,28,0.5168467895740623,-0.4831532104259377
NCAP_I34A1_Doud_2015,24,29,1.5168467895740623,-0.4831532104259377
NCAP_I34A1_Doud_2015,24,30,1.5168467895740623,-0.4831532104259377
NCAP_I34A1_Doud_2015,24,31,2.5168467895740623,-0.4831532104259377
NCAP_I34A1_Doud_2015,24,32,0.5168467895740623,-0.4831532104259377
NCAP_I34A1_Doud_2015,24,33,-0.4780673871582963,-0.4780673871582963
NCAP_I34A1_Doud_2015,24,34,-0.4831532104259377,-0.4831532104259377
NCAP_I34A1_Doud_2015,24,35,-0.4831532104259377,-0.4831532104259377
NCAP_I34A1_Doud_2015,24,36,-0.4780673871582963,-0.4780673871582963
NCAP_I34A1_Doud_2015,24,37,1.5168467895740623,-0.4831532104259377
NCAP_I34A1_Doud_2015,24,38,-0.4831532104259377,-0.4831532104259377
NCAP_I34A1_Doud_2015,24,39,-0.4831532104259377,-0.4831532104259377
NCAP_I34A1_Doud_2015,48,0,1.5156150414276608,-0.4843849585723391
NCAP_I34A1_Doud_2015,48,1,0.5207138304652645,-0.4792861695347355
NCAP_I34A1_Doud_2015,48,2,-0.4843849585723391,-0.4843849585723391
NCAP_I34A1_Doud_2015,48,3,0.5156150414276609,-0.4843849585723391
NCAP_I34A1_Doud_2015,48,4,1.5207138304652645,-0.4792861695347355
NCAP_I34A1_Doud_2015,48,5,0.5309114085404716,-0.46908859145952836
NCAP_I34A1_Doud_2015,48,6,0.5156150414276609,-0.4843849585723391
NCAP_I34A1_Doud_2015,48,7,-0.4843849585723391,-0.4843849585723391
NCAP_I34A1_Doud_2015,48,8,0.5258126195028681,-0.47418738049713194
NCAP_I34A1_Doud_2015,48,9,-0.4843849585723391,-0.4843849585723391
NCAP_I34A1_Doud_2015,48,10,-0.4843849585723391,-0.4843849585723391
NCAP_I34A1_Doud_2015,48,11,2.5207138304652643,-0.4792861695347355
NCAP_I34A1_Doud_2015,48,12,0.5156150414276609,-0.4843849585723391
NCAP_I34A1_Doud_2015,48,13,0.5207138304652645,-0.4792861695347355
NCAP_I34A1_Doud_2015,48,14,-0.4843849585723391,-0.4843849585723391
NCAP_I34A1_Doud_2015,48,15,0.5207138304652645,-0.4792861695347355
NCAP_I34A1_Doud_2015,48,16,-0.4792861695347355,-0.4792861695347355
NCAP_I34A1_Doud_2015,48,17,2.525812619502868,-0.47418738049713194
NCAP_I34A1_Doud_2015,48,18,1.5207138304652645,-0.4792861695347355
NCAP_I34A1_Doud_2015,48,19,-0.4843849585723391,-0.4843849585723391
NCAP_I34A1_Doud_2015,48,20,1.5207138304652645,-0.4792861695347355
NCAP_I34A1_Doud_2015,48,21,-0.4843849585723391,-0.4843849585723391
NCAP_I34A1_Doud_2015,48,22,2.530911408540472,-0.46908859145952836
NCAP_I34A1_Doud_2015,48,23,-0.4843849585723391,-0.4843849585723391
NCAP_I34A1_Doud_2015,48,24,-0.4843849585723391,-0.4843849585723391
NCAP_I34A1_Doud_2015,48,25,-0.4843849585723391,-0.4843849585723391
NCAP_I34A1_Doud_2015,48,26,-0.4792861695347355,-0.4792861695347355
NCAP_I34A1_Doud_2015,48,27,1.5207138304652645,-0.4792861695347355
NCAP_I34A1_Doud_2015,48,28,0.5156150414276609,-0.4843849585723391
NCAP_I34A1_Doud_2015,48,29,-0.4843849585723391,-0.4843849585723391
NCAP_I34A1_Doud_2015,48,30,4.515615041427661,-0.4843849585723391
NCAP_I34A1_Doud_2015,48,31,0.5309114085404716,-0.46908859145952836
NCAP_I34A1_Doud_2015,48,32,-0.4843849585723391,-0.4843849585723391
NCAP_I34A1_Doud_2015,48,33,-0.4843849585723391,-0.4843849585723391
NCAP_I34A1_Doud_2015,48,34,1.5156150414276608,-0.4843849585723391
NCAP_I34A1_Doud_2015,48,35,2.515615041427661,-0.4843849585723391
NCAP_I34A1_Doud_2015,48,36,-0.47418738049713194,-0.47418738049713194
NCAP_I34A1_Doud_2015,48,37,-0.4843849585723391,-0.4843849585723391
NCAP_I34A1_Doud_2015,48,38,0.5156150414276609,-0.4843849585723391
NCAP_I34A1_Doud_2015,48,39,0.5258126195028681,-0.47418738049713194
NCAP_I34A1_Doud_2015,96,0,-0.4817424727738629,-0.4817424727738629
NCAP_I34A1_Doud_2015,96,1,0.5131326073030109,-0.4868673926969891
NCAP_I34A1_Doud_2015,96,2,1.513132607303011,-0.4868673926969891
NCAP_I34A1_Doud_2015,96,3,0.5131326073030109,-0.4868673926969891
NCAP_I34A1_Doud_2015,96,4,2.518257527226137,-0.4817424727738629
NCAP_I34A1_Doud_2015,96,5,1.5233824471492632,-0.4766175528507367
NCAP_I34A1_Doud_2015,96,6,0.5131326073030109,-0.4868673926969891
NCAP_I34A1_Doud_2015,96,7,-0.4817424727738629,-0.4817424727738629
NCAP_I34A1_Doud_2015,96,8,0.5131326073030109,-0.4868673926969891
NCAP_I34A1_Doud_2015,96,9,-0.4868673926969891,-0.4868673926969891
NCAP_I34A1_Doud_2015,96,10,1.5285073670723894,-0.4714926329276105
NCAP_I34A1_Doud_2015,96,11,2.518257527226137,-0.4817424727738629
NCAP_I34A1_Doud_2015,96,12,-0.4868673926969891,-0.4868673926969891
NCAP_I34A1_Doud_2015,96,13,1.513132607303011,-0.4868673926969891
NCAP_I34A1_Doud_2015,96,14,-0.4817424727738629,-0.4817424727738629
NCAP_I34A1_Doud_2015,96,15,1.5285073670723894,-0.4714926329276105
NCAP_I34A1_Doud_2015,96,16,2.518257527226137,-0.4817424727738629
NCAP_I34A1_Doud_2015,96,17,1.513132607303011,-0.4868673926969891
NCAP_I34A1_Doud_2015,96,18,2.513132607303011,-0.4868673926969891
NCAP_I34A1_Doud_2015,96,19,-0.4868673926969891,-0.4868673926969891
NCAP_I34A1_Doud_2015,96,20,0.5131326073030109,-0.4868673926969891
NCAP_I34A1_Doud_2015,96,21,1.5182575272261372,-0.4817424727738629
NCAP_I34A1_Doud_2015,96,22,0.5233824471492633,-0.4766175528507367
NCAP_I34A1_Doud_2015,96,23,2.518257527226137,-0.4817424727738629
NCAP_I34A1_Doud_2015,96,24,2.513132607303011,-0.4868673926969891
NCAP_I34A1_Doud_2015,96,25,-0.4817424727738629,-0.4817424727738629
NCAP_I34A1_Doud_2015,96,26,1.5233824471492632,-0.4766175528507367
NCAP_I34A1_Doud_2015,96,27,2.523382447149263,-0.4766175528507367
NCAP_I34A1_Doud_2015,96,28,-0.4817424727738629,-0.4817424727738629
NCAP_I34A1_Doud_2015,96,29,-0.4817424727738629,-0.4817424727738629
NCAP_I34A1_Doud_2015,96,30,-0.4766175528507367,-0.4766175528507367
NCAP_I34A1_Doud_2015,96,31,1.513132607303011,-0.4868673926969891
NCAP_I34A1_Doud_2015,96,32,2.513132607303011,-0.4868673926969891
NCAP_I34A1_Doud_2015,96,33,1.5285073670723894,-0.4714926329276105
NCAP_I34A1_Doud_2015,96,34,0.5131326073030109,-0.4868673926969891
NCAP_I34A1_Doud_2015,96,35,0.5131326073030109,-0.4868673926969891
NCAP_I34A1_Doud_2015,96,36,4.518257527226137,-0.4817424727738629
NCAP_I34A1_Doud_2015,96,37,0.5131326073030109,-0.4868673926969891
NCAP_I34A1_Doud_2015,96,38,-0.4766175528507367,-0.4766175528507367
NCAP_I34A1_Doud_2015,96,39,-0.4817424727738629,-0.4817424727738629
NCAP_I34A1_Doud_2015,192,0,4.528802588996764,-0.47119741100323626
NCAP_I34A1_Doud_2015,192,1,2.5132686084142395,-0.4867313915857605
NCAP_I34A1_Doud_2015,192,2,1.5184466019417475,-0.4815533980582524
NCAP_I34A1_Doud_2015,192,3,3.5184466019417475,-0.4815533980582524
NCAP_I34A1_Doud_2015,192,4,3.5184466019417475,-0.4815533980582524
NCAP_I34A1_Doud_2015,192,5,0.5132686084142395,-0.4867313915857605
NCAP_I34A1_Doud_2015,192,6,4.518446601941748,-0.4815533980582524
NCAP_I34A1_Doud_2015,192,7,3.5184466019417475,-0.4815533980582524
NCAP_I34A1_Doud_2015,192,8,4.508090614886731,-0.4919093851132686
NCAP_I34A1_Doud_2015,192,9,4.523624595469256,-0.47637540453074434
NCAP_I34A1_Doud_2015,192,10,0.5184466019417475,-0.4815533980582524
NCAP_I34A1_Doud_2015,192,11,0.5236245954692557,-0.47637540453074434
NCAP_I34A1_Doud_2015,192,12,2.5236245954692555,-0.47637540453074434
NCAP_I34A1_Doud_2015,192,13,-0.4867313915857605,-0.4867313915857605
NCAP_I34A1_Doud_2015,192,14,3.5132686084142395,-0.4867313915857605
NCAP_I34A1_Doud_2015,192,15,0.5080906148867315,-0.4919093851132686
NCAP_I34A1_Doud_2015,192,16,2.5080906148867315,-0.4919093851132686
NCAP_I34A1_Doud_2015,192,17,2.5184466019417475,-0.4815533980582524
NCAP_I34A1_Doud_2015,192,18,1.5339805825242718,-0.46601941747572817
NCAP_I34A1_Doud_2015,192,19,2.5132686084142395,-0.4867313915857605
NCAP_I34A1_Doud_2015,192,20,-0.4815533980582524,-0.4815533980582524
NCAP_I34A1_Doud_2015,192,21,2.5080906148867315,-0.4919093851132686
NCAP_I34A1_Doud_2015,192,22,3.5288025889967636,-0.47119741100323626
NCAP_I34A1_Doud_2015,192,23,2.5288025889967636,-0.47119741100323626
NCAP_I34A1_Doud_2015,192,24,0.5132686084142395,-0.4867313915857605
NCAP_I34A1_Doud_2015,192,25,1.5184466019417475,-0.4815533980582524
NCAP_I34A1_Doud_2015,192,26,1.5132686084142395,-0.4867313915857605
NCAP_I34A1_Doud_2015,192,27,0.5080906148867315,-0.4919093851132686
NCAP_I34A1_Doud_2015,192,28,0.5184466019417475,-0.4815533980582524
NCAP_I34A1_Doud_2015,192,29,1.5236245954692555,-0.47637540453074434
NCAP_I34A1_Doud_2015,192,30,-0.4815533980582524,-0.4815533980582524
NCAP_I34A1_Doud_2015,192,31,0.5288025889967638,-0.47119741100323626
NCAP_I34A1_Doud_2015,192,32,1.5236245954692555,-0.47637540453074434
NCAP_I34A1_Doud_2015,192,33,3.5132686084142395,-0.4867313915857605
NCAP_I34A1_Doud_2015,192,34,2.5236245954692555,-0.47637540453074434
NCAP_I34A1_Doud_2015,192,35,1.5080906148867315,-0.4919093851132686
NCAP_I34A1_Doud_2015,192,36,0.5236245954692557,-0.47637540453074434
NCAP_I34A1_Doud_2015,192,37,0.5080906148867315,-0.4919093851132686
NCAP_I34A1_Doud_2015,192,38,1.5132686084142395,-0.4867313915857605
NCAP_I34A1_Doud_2015,192,39,2.5132686084142395,-0.4867313915857605
NCAP_I34A1_Doud_2015,384,0,1.5082617316589557,-0.4917382683410443
NCAP_I34A1_Doud_2015,384,1,2.5294117647058822,-0.47058823529411764
NCAP_I34A1_Doud_2015,384,2,1.518836748182419,-0.48116325181758096
NCAP_I34A1_Doud_2015,384,3,4.534699272967614,-0.465300727032386
NCAP_I34A1_Doud_2015,384,4,1.5082617316589557,-0.4917382683410443
NCAP_I34A1_Doud_2015,384,5,3.518836748182419,-0.48116325181758096
NCAP_I34A1_Doud_2015,384,6,3.5294117647058822,-0.47058823529411764
NCAP_I34A1_Doud_2015,384,7,1.5082617316589557,-0.4917382683410443
NCAP_I34A1_Doud_2015,384,8,3.5029742233972243,-0.4970257766027759
NCAP_I34A1_Doud_2015,384,9,2.4976867151354925,-0.5023132848645075
NCAP_I34A1_Doud_2015,384,10,-0.47587574355584933,-0.47587574355584933
NCAP_I34A1_Doud_2015,384,11,4.502974223397224,-0.4970257766027759
NCAP_I34A1_Doud_2015,384,12,2.518836748182419,-0.48116325181758096
NCAP_I34A1_Doud_2015,384,13,5.529411764705882,-0.47058823529411764
NCAP_I34A1_Doud_2015,384,14,3.518836748182419,-0.48116325181758096
NCAP_I34A1_Doud_2015,384,15,3.524124256444151,-0.47587574355584933
NCAP_I34A1_Doud_2015,384,16,1.502974223397224,-0.4970257766027759
NCAP_I34A1_Doud_2015,384,17,-0.47587574355584933,-0.47587574355584933
NCAP_I34A1_Doud_2015,384,18,6.518836748182419,-0.48116325181758096
NCAP_I34A1_Doud_2015,384,19,2.518836748182419,-0.48116325181758096
NCAP_I34A1_Doud_2015,384,20,5.524124256444151,-0.47587574355584933
NCAP_I34A1_Doud_2015,384,21,2.513549239920687,-0.48645076007931265
NCAP_I34A1_Doud_2015,384,22,5.518836748182419,-0.48116325181758096
NCAP_I34A1_Doud_2015,384,23,2.524124256444151,-0.47587574355584933
NCAP_I34A1_Doud_2015,384,24,1.5135492399206874,-0.48645076007931265
NCAP_I34A1_Doud_2015,384,25,2.518836748182419,-0.48116325181758096
NCAP_I34A1_Doud_2015,384,26,1.5082617316589557,-0.4917382683410443
NCAP_I34A1_Doud_2015,384,27,1.518836748182419,-0.48116325181758096
NCAP_I34A1_Doud_2015,384,28,3.524124256444151,-0.47587574355584933
NCAP_I34A1_Doud_2015,384,29,0.5294117647058824,-0.47058823529411764
NCAP_I34A1_Doud_2015,384,30,4.539986781229346,-0.4600132187706543
NCAP_I34A1_Doud_2015,384,31,2.518836748182419,-0.48116325181758096
NCAP_I34A1_Doud_2015,384,32,5.513549239920687,-0.48645076007931265
NCAP_I34A1_Doud_2015,384,33,6.539986781229346,-0.4600132187706543
NCAP_I34A1_Doud_2015,384,34,1.5135492399206874,-0.48645076007931265
NCAP_I34A1_Doud_2015,384,35,0.518836748182419,-0.48116325181758096
NCAP_I34A1_Doud_2015,384,36,1.5082617316589557,-0.4917382683410443
NCAP_I34A1_Doud_2015,384,37,3.513549239920687,-0.48645076007931265
NCAP_I34A1_Doud_2015,384,38,1.5294117647058822,-0.47058823529411764
NCAP_I34A1_Doud_2015,384,39,0.5082617316589557,-0.4917382683410443
NUD15_HUMAN_Suiter_2020,24,0,-0.4595744680851064,-0.4595744680851064
NUD15_HUMAN_Suiter_2020,24,1,0.5234042553191489,-0.4765957446808511
NUD15_HUMAN_Suiter_2020,24,2,-0.4765957446808511,-0.4765957446808511
NUD15_HUMAN_Suiter_2020,24,3,-0.4595744680851064,-0.4595744680851064
NUD15_HUMAN_Suiter_2020,24,4,0.5234042553191489,-0.4765957446808511
NUD15_HUMAN_Suiter_2020,24,5,0.5404255319148936,-0.4595744680851064
NUD15_HUMAN_Suiter_2020,24,6,-0.4765957446808511,-0.4765957446808511
NUD15_HUMAN_Suiter_2020,24,7,-0.4765957446808511,-0.4765957446808511
NUD15_HUMAN_Suiter_2020,24,8,-0.4765957446808511,-0.4765957446808511
NUD15_HUMAN_Suiter_2020,24,9,0.5404255319148936,-0.4595744680851064
NUD15_HUMAN_Suiter_2020,24,10,0.5234042553191489,-0.4765957446808511
NUD15_HUMAN_Suiter_2020,24,11,-0.4765957446808511,-0.4765957446808511
NUD15_HUMAN_Suiter_2020,24,12,0.5234042553191489,-0.4765957446808511
NUD15_HUMAN_Suiter_2020,24,13,0.5404255319148936,-0.4595744680851064
NUD15_HUMAN_Suiter_2020,24,14,-0.4765957446808511,-0.4765957446808511
NUD15_HUMAN_Suiter_2020,24,15,-0.4765957446808511,-0.4765957446808511
NUD15_HUMAN_Suiter_2020,24,16,0.5404255319148936,-0.4595744680851064
NUD15_HUMAN_Suiter_2020,24,17,1.523404255319149,-0.4765957446808511
NUD15_HUMAN_Suiter_2020,24,18,-0.4595744680851064,-0.4595744680851064
NUD15_HUMAN_Suiter_2020,24,19,-0.4765957446808511,-0.4765957446808511
NUD15_HUMAN_Suiter_2020,24,20,-0.4765957446808511,-0.4765957446808511
NUD15_HUMAN_Suiter_2020,24,21,-0.4765957446808511,-0.4765957446808511
NUD15_HUMAN_Suiter_2020,24,22,1.5404255319148936,-0.4595744680851064
NUD15_HUMAN_Suiter_2020,24,23,2.523404255319149,-0.4765957446808511
NUD15_HUMAN_Suiter_2020,24,24,-0.4595744680851064,-0.4595744680851064
NUD15_HUMAN_Suiter_2020,24,25,0.5234042553191489,-0.4765957446808511
NUD15_HUMAN_Suiter_2020,24,26,-0.4765957446808511,-0.4765957446808511
NUD15_HUMAN_Suiter_2020,24,27,-0.4595744680851064,-0.4595744680851064
NUD15_HUMAN_Suiter_2020,24,28,-0.4765957446808511,-0.4765957446808511
NUD15_HUMAN_Suiter_2020,24,29,0.5234042553191489,-0.4765957446808511
NUD15_HUMAN_Suiter_2020,24,30,3.523404255319149,-0.4765957446808511
NUD15_HUMAN_Suiter_2020,24,31,2.5404255319148934,-0.4595744680851064
NUD15_HUMAN_Suiter_2020,24,32,0.5234042553191489,-0.4765957446808511
NUD15_HUMAN_Suiter_2020,24,33,0.5234042553191489,-0.4765957446808511
NUD15_HUMAN_Suiter_2020,24,34,-0.4595744680851064,-0.4595744680851064
NUD15_HUMAN_Suiter_2020,24,35,-0.4765957446808511,-0.4765957446808511
NUD15_HUMAN_Suiter_2020,24,36,-0.4765957446808511,-0.4765957446808511
NUD15_HUMAN_Suiter_2020,24,37,3.523404255319149,-0.4765957446808511
NUD15_HUMAN_Suiter_2020,24,38,2.523404255319149,-0.4765957446808511
NUD15_HUMAN_Suiter_2020,24,39,0.5234042553191489,-0.4765957446808511
NUD15_HUMAN_Suiter_2020,48,0,0.5364806866952789,-0.463519313304721
NUD15_HUMAN_Suiter_2020,48,1,0.5193133047210301,-0.48068669527896996
NUD15_HUMAN_Suiter_2020,48,2,0.5193133047210301,-0.48068669527896996
NUD15_HUMAN_Suiter_2020,48,3,2.536480686695279,-0.463519313304721
NUD15_HUMAN_Suiter_2020,48,4,0.5193133047210301,-0.48068669527896996
NUD15_HUMAN_Suiter_2020,48,5,1.536480686695279,-0.463519313304721
NUD15_HUMAN_Suiter_2020,48,6,1.536480686695279,-0.463519313304721
NUD15_HUMAN_Suiter_2020,48,7,-0.48068669527896996,-0.48068669527896996
NUD15_HUMAN_Suiter_2020,48,8,0.5193133047210301,-0.48068669527896996
NUD15_HUMAN_Suiter_2020,48,9,-0.44635193133047213,-0.44635193133047213
NUD15_HUMAN_Suiter_2020,48,10,-0.48068669527896996,-0.48068669527896996
NUD15_HUMAN_Suiter_2020,48,11,-0.48068669527896996,-0.48068669527896996
NUD15_HUMAN_Suiter_2020,48,12,0.5364806866952789,-0.463519313304721
NUD15_HUMAN_Suiter_2020,48,13,-0.463519313304721,-0.463519313304721
NUD15_HUMAN_Suiter_2020,48,14,0.5193133047210301,-0.48068669527896996
NUD15_HUMAN_Suiter_2020,48,15,1.5536480686695278,-0.44635193133047213
NUD15_HUMAN_Suiter_2020,48,16,0.5364806866952789,-0.463519313304721
NUD15_HUMAN_Suiter_2020,48,17,0.5536480686695279,-0.44635193133047213
NUD15_HUMAN_Suiter_2020,48,18,-0.48068669527896996,-0.48068669527896996
NUD15_HUMAN_Suiter_2020,48,19,0.5193133047210301,-0.48068669527896996
NUD15_HUMAN_Suiter_2020,48,20,-0.463519313304721,-0.463519313304721
NUD15_HUMAN_Suiter_2020,48,21,-0.463519313304721,-0.463519313304721
NUD15_HUMAN_Suiter_2020,48,22,1.5536480686695278,-0.44635193133047213
NUD15_HUMAN_Suiter_2020,48,23,-0.463519313304721,-0.463519313304721
NUD15_HUMAN_Suiter_2020,48,24,-0.48068669527896996,-0.48068669527896996
NUD15_HUMAN_Suiter_2020,48,25,-0.48068669527896996,-0.48068669527896996
NUD15_HUMAN_Suiter_2020,48,26,0.5364806866952789,-0.463519313304721
NUD15_HUMAN_Suiter_2020,48,27,0.5364806866952789,-0.463519313304721
NUD15_HUMAN_Suiter_2020,48,28,-0.48068669527896996,-0.48068669527896996
NUD15_HUMAN_Suiter_2020,48,29,0.5193133047210301,-0.48068669527896996
NUD15_HUMAN_Suiter_2020,48,30,3.51931330472103,-0.48068669527896996
NUD15_HUMAN_Suiter_2020,48,31,0.5708154506437768,-0.4291845493562232
NUD15_HUMAN_Suiter_2020,48,32,-0.48068669527896996,-0.48068669527896996
NUD15_HUMAN_Suiter_2020,48,33,0.5193133047210301,-0.48068669527896996
NUD15_HUMAN_Suiter_2020,48,34,-0.463519313304721,-0.463519313304721
NUD15_HUMAN_Suiter_2020,48,35,0.5364806866952789,-0.463519313304721
NUD15_HUMAN_Suiter_2020,48,36,1.536480686695279,-0.463519313304721
NUD15_HUMAN_Suiter_2020,48,37,0.5193133047210301,-0.48068669527896996
NUD15_HUMAN_Suiter_2020,48,38,2.51931330472103,-0.48068669527896996
NUD15_HUMAN_Suiter_2020,48,39,0.5193133047210301,-0.48068669527896996
NUD15_HUMAN_Suiter_2020,96,0,-0.4366812227074236,-0.4366812227074236
NUD15_HUMAN_Suiter_2020,96,1,-0.47161572052401746,-0.47161572052401746
NUD15_HUMAN_Suiter_2020,96,2,0.5109170305676856,-0.4890829694323144
NUD15_HUMAN_Suiter_2020,96,3,-0.4890829694323144,-0.4890829694323144
NUD15_HUMAN_Suiter_2020,96,4,0.5109170305676856,-0.4890829694323144
NUD15_HUMAN_Suiter_2020,96,5,0.5458515283842795,-0.45414847161572053
NUD15_HUMAN_Suiter_2020,96,6,0.5458515283842795,-0.45414847161572053
NUD15_HUMAN_Suiter_2020,96,7,0.5109170305676856,-0.4890829694323144
NUD15_HUMAN_Suiter_2020,96,8,0.5458515283842795,-0.45414847161572053
NUD15_HUMAN_Suiter_2020,96,9,-0.45414847161572053,-0.45414847161572053
NUD15_HUMAN_Suiter_2020,96,10,-0.4890829694323144,-0.4890829694323144
NUD15_HUMAN_Suiter_2020,96,11,0.5283842794759825,-0.47161572052401746
NUD15_HUMAN_Suiter_2020,96,12,-0.47161572052401746,-0.47161572052401746
NUD15_HUMAN_Suiter_2020,96,13,1.5458515283842795,-0.45414847161572053
NUD15_HUMAN_Suiter_2020,96,14,-0.47161572052401746,-0.47161572052401746
NUD15_HUMAN_Suiter_2020,96,15,-0.4890829694323144,-0.4890829694323144
NUD15_HUMAN_Suiter_2020,96,16,1.5283842794759825,-0.47161572052401746
NUD15_HUMAN_Suiter_2020,96,17,0.5283842794759825,-0.47161572052401746
NUD15_HUMAN_Suiter_2020,96,18,-0.45414847161572053,-0.45414847161572053
NUD15_HUMAN_Suiter_2020,96,19,-0.47161572052401746,-0.47161572052401746
NUD15_HUMAN_Suiter_2020,96,20,1.5283842794759825,-0.47161572052401746
NUD15_HUMAN_Suiter_2020,96,21,0.5109170305676856,-0.4890829694323144
NUD15_HUMAN_Suiter_2020,96,22,-0.47161572052401746,-0.47161572052401746
NUD15_HUMAN_Suiter_2020,96,23,1.5458515283842795,-0.45414847161572053
NUD15_HUMAN_Suiter_2020,96,24,-0.4890829694323144,-0.4890829694323144
NUD15_HUMAN_Suiter_2020,96,25,0.5283842794759825,-0.47161572052401746
NUD15_HUMAN_Suiter_2020,96,26,-0.45414847161572053,-0.45414847161572053
NUD15_HUMAN_Suiter_2020,96,27,2.5283842794759828,-0.47161572052401746
NUD15_HUMAN_Suiter_2020,96,28,3.510917030567686,-0.4890829694323144
NUD15_HUMAN_Suiter_2020,96,29,0.5283842794759825,-0.47161572052401746
NUD15_HUMAN_Suiter_2020,96,30,0.5109170305676856,-0.4890829694323144
NUD15_HUMAN_Suiter_2020,96,31,1.5283842794759825,-0.47161572052401746
NUD15_HUMAN_Suiter_2020,96,32,-0.4890829694323144,-0.4890829694323144
NUD15_HUMAN_Suiter_2020,96,33,-0.45414847161572053,-0.45414847161572053
NUD15_HUMAN_Suiter_2020,96,34,-0.47161572052401746,-0.47161572052401746
NUD15_HUMAN_Suiter_2020,96,35,0.5109170305676856,-0.4890829694323144
NUD15_HUMAN_Suiter_2020,96,36,-0.4890829694323144,-0.4890829694323144
NUD15_HUMAN_Suiter_2020,96,37,0.5109170305676856,-0.4890829694323144
NUD15_HUMAN_Suiter_2020,96,38,0.5109170305676856,-0.4890829694323144
NUD15_HUMAN_Suiter_2020,96,39,-0.47161572052401746,-0.47161572052401746
NUD15_HUMAN_Suiter_2020,192,0,0.5656108597285068,-0.4343891402714932
NUD15_HUMAN_Suiter_2020,192,1,0.5656108597285068,-0.4343891402714932
NUD15_HUMAN_Suiter_2020,192,2,0.5294117647058824,-0.47058823529411764
NUD15_HUMAN_Suiter_2020,192,3,0.5113122171945701,-0.48868778280542985
NUD15_HUMAN_Suiter_2020,192,4,-0.47058823529411764,-0.47058823529411764
NUD15_HUMAN_Suiter_2020,192,5,-0.47058823529411764,-0.47058823529411764
NUD15_HUMAN_Suiter_2020,192,6,-0.48868778280542985,-0.48868778280542985
NUD15_HUMAN_Suiter_2020,192,7,1.5475113122171946,-0.45248868778280543
NUD15_HUMAN_Suiter_2020,192,8,-0.416289592760181,-0.416289592760181
NUD15_HUMAN_Suiter_2020,192,9,2.5294117647058822,-0.47058823529411764
NUD15_HUMAN_Suiter_2020,192,10,-0.45248868778280543,-0.45248868778280543
NUD15_HUMAN_Suiter_2020,192,11,-0.47058823529411764,-0.47058823529411764
NUD15_HUMAN_Suiter_2020,192,12,-0.47058823529411764,-0.47058823529411764
NUD15_HUMAN_Suiter_2020,192,13,0.5475113122171946,-0.45248868778280543
NUD15_HUMAN_Suiter_2020,192,14,0.49321266968325794,-0.5067873303167421
NUD15_HUMAN_Suiter_2020,192,15,3.5294117647058822,-0.47058823529411764
NUD15_HUMAN_Suiter_2020,192,16,-0.5067873303167421,-0.5067873303167421
NUD15_HUMAN_Suiter_2020,192,17,0.5294117647058824,-0.47058823529411764
NUD15_HUMAN_Suiter_2020,192,18,-0.45248868778280543,-0.45248868778280543
NUD15_HUMAN_Suiter_2020,192,19,0.5294117647058824,-0.47058823529411764
NUD15_HUMAN_Suiter_2020,192,20,1.51131221719457,-0.48868778280542985
NUD15_HUMAN_Suiter_2020,192,21,0.49321266968325794,-0.5067873303167421
NUD15_HUMAN_Suiter_2020,192,22,1.51131221719457,-0.48868778280542985
NUD15_HUMAN_Suiter_2020,192,23,0.5294117647058824,-0.47058823529411764
NUD15_HUMAN_Suiter_2020,192,24,0.49321266968325794,-0.5067873303167421
NUD15_HUMAN_Suiter_2020,192,25,2.493212669683258,-0.5067873303167421
NUD15_HUMAN_Suiter_2020,192,26,-0.48868778280542985,-0.48868778280542985
NUD15_HUMAN_Suiter_2020,192,27,2.5294117647058822,-0.47058823529411764
NUD15_HUMAN_Suiter_2020,192,28,0.49321266968325794,-0.5067873303167421
NUD15_HUMAN_Suiter_2020,192,29,-0.4343891402714932,-0.4343891402714932
NUD15_HUMAN_Suiter_2020,192,30,0.49321266968325794,-0.5067873303167421
NUD15_HUMAN_Suiter_2020,192,31,1.51131221719457,0.5113122171945701
NUD15_HUMAN_Suiter_2020,192,32,-0.416289592760181,-0.416289592760181
NUD15_HUMAN_Suiter_2020,192,33,1.5475113122171946,-0.45248868778280543
NUD15_HUMAN_Suiter_2020,192,34,0.5113122171945701,-0.48868778280542985
NUD15_HUMAN_Suiter_2020,192,35,1.5656108597285068,-0.4343891402714932
NUD15_HUMAN_Suiter_2020,192,36,0.5113122171945701,-0.48868778280542985
NUD15_HUMAN_Suiter_2020,192,37,-0.48868778280542985,-0.48868778280542985
NUD15_HUMAN_Suiter_2020,192,38,0.5113122171945701,-0.48868778280542985
NUD15_HUMAN_Suiter_2020,192,39,1.5656108597285068,-0.4343891402714932
NUD15_HUMAN_Suiter_2020,384,0,-0.4682926829268293,-0.4682926829268293
NUD15_HUMAN_Suiter_2020,384,1,-0.5463414634146342,-0.5463414634146342
NUD15_HUMAN_Suiter_2020,384,2,1.5121951219512195,-0.4878048780487805
NUD15_HUMAN_Suiter_2020,384,3,-0.4878048780487805,-0.4878048780487805
NUD15_HUMAN_Suiter_2020,384,4,0.5317073170731708,-0.4682926829268293
NUD15_HUMAN_Suiter_2020,384,5,0.5902439024390245,-0.4097560975609756
NUD15_HUMAN_Suiter_2020,384,6,0.5121951219512195,-0.4878048780487805
NUD15_HUMAN_Suiter_2020,384,7,-0.4097560975609756,-0.4097560975609756
NUD15_HUMAN_Suiter_2020,384,8,0.551219512195122,0.551219512195122
NUD15_HUMAN_Suiter_2020,384,9,1.4926829268292683,-0.5073170731707317
NUD15_HUMAN_Suiter_2020,384,10,0.551219512195122,-0.44878048780487806
NUD15_HUMAN_Suiter_2020,384,11,0.5317073170731708,0.5317073170731708
NUD15_HUMAN_Suiter_2020,384,12,0.5121951219512195,0.5121951219512195
NUD15_HUMAN_Suiter_2020,384,13,-0.4682926829268293,-0.4682926829268293
NUD15_HUMAN_Suiter_2020,384,14,1.5121951219512195,0.5121951219512195
NUD15_HUMAN_Suiter_2020,384,15,-0.4682926829268293,-0.4682926829268293
NUD15_HUMAN_Suiter_2020,384,16,-0.44878048780487806,0.551219512195122
NUD15_HUMAN_Suiter_2020,384,17,-0.4682926829268293,-0.4682926829268293
NUD15_HUMAN_Suiter_2020,384,18,-0.4682926829268293,-0.4682926829268293
NUD15_HUMAN_Suiter_2020,384,19,-0.5463414634146342,-0.5463414634146342
NUD15_HUMAN_Suiter_2020,384,20,0.4926829268292683,0.4926829268292683
NUD15_HUMAN_Suiter_2020,384,21,0.551219512195122,-0.44878048780487806
NUD15_HUMAN_Suiter_2020,384,22,-0.4878048780487805,0.5121951219512195
NUD15_HUMAN_Suiter_2020,384,23,-0.4292682926829268,0.5707317073170732
NUD15_HUMAN_Suiter_2020,384,24,1.5317073170731708,0.5317073170731708
NUD15_HUMAN_Suiter_2020,384,25,-0.4682926829268293,-0.4682926829268293
NUD15_HUMAN_Suiter_2020,384,26,-0.4682926829268293,-0.4682926829268293
NUD15_HUMAN_Suiter_2020,384,27,-0.4878048780487805,0.5121951219512195
NUD15_HUMAN_Suiter_2020,384,28,0.5121951219512195,0.5121951219512195
NUD15_HUMAN_Suiter_2020,384,29,-0.4878048780487805,-0.4878048780487805
NUD15_HUMAN_Suiter_2020,384,30,0.5317073170731708,-0.4682926829268293
NUD15_HUMAN_Suiter_2020,384,31,0.5707317073170732,0.5707317073170732
NUD15_HUMAN_Suiter_2020,384,32,-0.5073170731707317,-0.5073170731707317
NUD15_HUMAN_Suiter_2020,384,33,0.4926829268292683,0.4926829268292683
NUD15_HUMAN_Suiter_2020,384,34,-0.5073170731707317,-0.5073170731707317
NUD15_HUMAN_Suiter_2020,384,35,1.5902439024390245,-0.4097560975609756
NUD15_HUMAN_Suiter_2020,384,36,0.5707317073170732,-0.4292682926829268
NUD15_HUMAN_Suiter_2020,384,37,-0.44878048780487806,-0.44878048780487806
NUD15_HUMAN_Suiter_2020,384,38,-0.37073170731707317,-0.37073170731707317
NUD15_HUMAN_Suiter_2020,384,39,-0.4878048780487805,-0.4878048780487805
P53_HUMAN_Giacomelli_NULL_Etoposide_2018,24,0,-0.4836759371221282,-0.4836759371221282
P53_HUMAN_Giacomelli_NULL_Etoposide_2018,24,1,-0.4836759371221282,-0.4836759371221282
P53_HUMAN_Giacomelli_NULL_Etoposide_2018,24,2,0.5163240628778718,-0.4836759371221282
P53_HUMAN_Giacomelli_NULL_Etoposide_2018,24,3,0.5163240628778718,-0.4836759371221282
P53_HUMAN_Giacomelli_NULL_Etoposide_2018,24,4,1.5163240628778718,-0.4836759371221282
P53_HUMAN_Giacomelli_NULL_Etoposide_2018,24,5,2.516324062877872,-0.4836759371221282
P53_HUMAN_Giacomelli_NULL_Etoposide_2018,24,6,0.5163240628778718,-0.4836759371221282
P53_HUMAN_Giacomelli_NULL_Etoposide_2018,24,7,1.5163240628778718,-0.4836759371221282
P53_HUMAN_Giacomelli_NULL_Etoposide_2018,24,8,0.5163240628778718,-0.4836759371221282
P53_HUMAN_Giacomelli_NULL_Etoposide_2018,24,9,1.5227730753728335,-0.4772269246271665
P53_HUMAN_Giacomelli_NULL_Etoposide_2018,24,10,2.516324062877872,-0.4836759371221282
P53_HUMAN_Giacomelli_NULL_Etoposide_2018,24,11,-0.4836759371221282,-0.4836759371221282
P53_HUMAN_Giacomelli_NULL_Etoposide_2018,24,12,-0.4836759371221282,-0.4836759371221282
P53_HUMAN_Giacomelli_NULL_Etoposide_2018,24,13,-0.4836759371221282,-0.4836759371221282
P53_HUMAN_Giacomelli_NULL_Etoposide_2018,24,14,-0.4836759371221282,-0.4836759371221282
P53_HUMAN_Giacomelli_NULL_Etoposide_2018,24,15,0.5163240628778718,-0.4836759371221282
P53_HUMAN_Giacomelli_NULL_Etoposide_2018,24,16,-0.4836759371221282,-0.4836759371221282
P53_HUMAN_Giacomelli_NULL_Etoposide_2018,24,17,-0.4836759371221282,-0.4836759371221282
P53_HUMAN_Giacomelli_NULL_Etoposide_2018,24,18,0.5163240628778718,-0.4836759371221282
P53_HUMAN_Giacomelli_NULL_Etoposide_2018,24,19,-0.4772269246271665,-0.4772269246271665
P53_HUMAN_Giacomelli_NULL_Etoposide_2018,24,20,-0.4836759371221282,-0.4836759371221282
P53_HUMAN_Giacomelli_NULL_Etoposide_2018,24,21,0.5163240628778718,-0.4836759371221282
P53_HUMAN_Giacomelli_NULL_Etoposide_2018,24,22,0.5163240628778718,-0.4836759371221282
P53_HUMAN_Giacomelli_NULL_Etoposide_2018,24,23,3.5227730753728337,-0.4772269246271665
P53_HUMAN_Giacomelli_NULL_Etoposide_2018,24,24,-0.4836759371221282,-0.4836759371221282
P53_HUMAN_Giacomelli_NULL_Etoposide_2018,24,25,-0.4836759371221282,-0.4836759371221282
P53_HUMAN_Giacomelli_NULL_Etoposide_2018,24,26,-0.4836759371221282,-0.4836759371221282
P53_HUMAN_Giacomelli_NULL_Etoposide_2018,24,27,-0.4836759371221282,-0.4836759371221282
P53_HUMAN_Giacomelli_NULL_Etoposide_2018,24,28,-0.4772269246271665,-0.4772269246271665
P53_HUMAN_Giacomelli_NULL_Etoposide_2018,24,29,2.516324062877872,-0.4836759371221282
P53_HUMAN_Giacomelli_NULL_Etoposide_2018,24,30,0.5163240628778718,-0.4836759371221282
P53_HUMAN_Giacomelli_NULL_Etoposide_2018,24,31,-0.4772269246271665,-0.4772269246271665
P53_HUMAN_Giacomelli_NULL_Etoposide_2018,24,32,0.5163240628778718,-0.4836759371221282
P53_HUMAN_Giacomelli_NULL_Etoposide_2018,24,33,-0.4836759371221282,-0.4836759371221282
P53_HUMAN_Giacomelli_NULL_Etoposide_2018,24,34,-0.4836759371221282,-0.4836759371221282
P53_HUMAN_Giacomelli_NULL_Etoposide_2018,24,35,1.5163240628778718,-0.4836759371221282
P53_HUMAN_Giacomelli_NULL_Etoposide_2018,24,36,-0.4836759371221282,-0.4836759371221282
P53_HUMAN_Giacomelli_NULL_Etoposide_2018,24,37,-0.4836759371221282,-0.4836759371221282
P53_HUMAN_Giacomelli_NULL_Etoposide_2018,24,38,0.5163240628778718,-0.4836759371221282
P53_HUMAN_Giacomelli_NULL_Etoposide_2018,24,39,-0.4836759371221282,-0.4836759371221282
P53_HUMAN_Giacomelli_NULL_Etoposide_2018,48,0,-0.4852405984634048,-0.4852405984634048
P53_HUMAN_Giacomelli_NULL_Etoposide_2018,48,1,-0.4852405984634048,-0.4852405984634048
P53_HUMAN_Giacomelli_NULL_Etoposide_2018,48,2,-0.4852405984634048,-0.4852405984634048
P53_HUMAN_Giacomelli_NULL_Etoposide_2018,48,3,0.5147594015365953,-0.4852405984634048
P53_HUMAN_Giacomelli_NULL_Etoposide_2018,48,4,-0.478770723817226,-0.478770723817226
P53_HUMAN_Giacomelli_NULL_Etoposide_2018,48,5,-0.478770723817226,-0.478770723817226
P53_HUMAN_Giacomelli_NULL_Etoposide_2018,48,6,2.5147594015365953,-0.4852405984634048
P53_HUMAN_Giacomelli_NULL_Etoposide_2018,48,7,-0.4852405984634048,-0.4852405984634048
P53_HUMAN_Giacomelli_NULL_Etoposide_2018,48,8,2.521229276182774,-0.478770723817226
P53_HUMAN_Giacomelli_NULL_Etoposide_2018,48,9,-0.4852405984634048,-0.4852405984634048
P53_HUMAN_Giacomelli_NULL_Etoposide_2018,48,10,0.5147594015365953,-0.4852405984634048
P53_HUMAN_Giacomelli_NULL_Etoposide_2018,48,11,-0.478770723817226,-0.478770723817226
P53_HUMAN_Giacomelli_NULL_Etoposide_2018,48,12,-0.478770723817226,-0.478770723817226
P53_HUMAN_Giacomelli_NULL_Etoposide_2018,48,13,-0.4852405984634048,-0.4852405984634048
P53_HUMAN_Giacomelli_NULL_Etoposide_2018,48,14,-0.4852405984634048,-0.4852405984634048
P53_HUMAN_Giacomelli_NULL_Etoposide_2018,48,15,-0.478770723817226,-0.478770723817226
P53_HUMAN_Giacomelli_NULL_Etoposide_2018,48,16,-0.478770723817226,-0.478770723817226
P53_HUMAN_Giacomelli_NULL_Etoposide_2018,48,17,1.5147594015365953,-0.4852405984634048
P53_HUMAN_Giacomelli_NULL_Etoposide_2018,48,18,0.5147594015365953,-0.4852405984634048
P53_HUMAN_Giacomelli_NULL_Etoposide_2018,48,19,1.521229276182774,-0.478770723817226
P53_HUMAN_Giacomelli_NULL_Etoposide_2018,48,20,1.521229276182774,-0.478770723817226
P53_HUMAN_Giacomelli_NULL_Etoposide_2018,48,21,-0.4852405984634048,-0.4852405984634048
P53_HUMAN_Giacomelli_NULL_Etoposide_2018,48,22,-0.4852405984634048,-0.4852405984634048
P53_HUMAN_Giacomelli_NULL_Etoposide_2018,48,23,-0.478770723817226,-0.478770723817226
P53_HUMAN_Giacomelli_NULL_Etoposide_2018,48,24,0.5276991508289527,-0.4723008491710473
P53_HUMAN_Giacomelli_NULL_Etoposide_2018,48,25,1.5147594015365953,-0.4852405984634048
P53_HUMAN_Giacomelli_NULL_Etoposide_2018,48,26,0.5212292761827739,-0.478770723817226
P53_HUMAN_Giacomelli_NULL_Etoposide_2018,48,27,-0.4852405984634048,-0.4852405984634048
P53_HUMAN_Giacomelli_NULL_Etoposide_2018,48,28,-0.4852405984634048,-0.4852405984634048
P53_HUMAN_Giacomelli_NULL_Etoposide_2018,48,29,0.5276991508289527,-0.4723008491710473
P53_HUMAN_Giacomelli_NULL_Etoposide_2018,48,30,0.5212292761827739,-0.478770723817226
P53_HUMAN_Giacomelli_NULL_Etoposide_2018,48,31,-0.4852405984634048,-0.4852405984634048
P53_HUMAN_Giacomelli_NULL_Etoposide_2018,48,32,0.5212292761827739,-0.478770723817226
P53_HUMAN_Giacomelli_NULL_Etoposide_2018,48,33,0.5212292761827739,-0.478770723817226
P53_HUMAN_Giacomelli_NULL_Etoposide_2018,48,34,2.5147594015365953,-0.4852405984634048
P53_HUMAN_Giacomelli_NULL_Etoposide_2018,48,35,1.521229276182774,-0.478770723817226
P53_HUMAN_Giacomelli_NULL_Etoposide_2018,48,36,2.5276991508289526,-0.4723008491710473
P53_HUMAN_Giacomelli_NULL_Etoposide_2018,48,37,-0.4852405984634048,-0.4852405984634048
P53_HUMAN_Giacomelli_NULL_Etoposide_2018,48,38,0.5147594015365953,-0.4852405984634048
P53_HUMAN_Giacomelli_NULL_Etoposide_2018,48,39,-0.4852405984634048,-0.4852405984634048
P53_HUMAN_Giacomelli_NULL_Etoposide_2018,96,0,0.5115995115995116,-0.4884004884004884
P53_HUMAN_Giacomelli_NULL_Etoposide_2018,96,1,0.5181115181115181,-0.4818884818884819
P53_HUMAN_Giacomelli_NULL_Etoposide_2018,96,2,0.5246235246235247,-0.47537647537647537
P53_HUMAN_Giacomelli_NULL_Etoposide_2018,96,3,1.5181115181115181,-0.4818884818884819
P53_HUMAN_Giacomelli_NULL_Etoposide_2018,96,4,0.5311355311355311,-0.46886446886446886
P53_HUMAN_Giacomelli_NULL_Etoposide_2018,96,5,-0.4884004884004884,-0.4884004884004884
P53_HUMAN_Giacomelli_NULL_Etoposide_2018,96,6,0.5115995115995116,-0.4884004884004884
P53_HUMAN_Giacomelli_NULL_Etoposide_2018,96,7,2.5181115181115183,-0.4818884818884819
P53_HUMAN_Giacomelli_NULL_Etoposide_2018,96,8,0.5115995115995116,-0.4884004884004884
P53_HUMAN_Giacomelli_NULL_Etoposide_2018,96,9,-0.4818884818884819,-0.4818884818884819
P53_HUMAN_Giacomelli_NULL_Etoposide_2018,96,10,3.5115995115995116,-0.4884004884004884
P53_HUMAN_Giacomelli_NULL_Etoposide_2018,96,11,1.5181115181115181,-0.4818884818884819
P53_HUMAN_Giacomelli_NULL_Etoposide_2018,96,12,0.5181115181115181,-0.4818884818884819
P53_HUMAN_Giacomelli_NULL_Etoposide_2018,96,13,-0.4818884818884819,-0.4818884818884819
P53_HUMAN_Giacomelli_NULL_Etoposide_2018,96,14,1.5181115181115181,-0.4818884818884819
P53_HUMAN_Giacomelli_NULL_Etoposide_2018,96,15,-0.47537647537647537,-0.47537647537647537
P53_HUMAN_Giacomelli_NULL_Etoposide_2018,96,16,2.5115995115995116,-0.4884004884004884
P53_HUMAN_Giacomelli_NULL_Etoposide_2018,96,17,1.5115995115995116,-0.4884004884004884
P53_HUMAN_Giacomelli_NULL_Etoposide_2018,96,18,-0.4818884818884819,-0.4818884818884819
P53_HUMAN_Giacomelli_NULL_Etoposide_2018,96,19,0.5181115181115181,-0.4818884818884819
P53_HUMAN_Giacomelli_NULL_Etoposide_2018,96,20,1.531135531135531,-0.46886446886446886
P53_HUMAN_Giacomelli_NULL_Etoposide_2018,96,21,1.5181115181115181,-0.4818884818884819
P53_HUMAN_Giacomelli_NULL_Etoposide_2018,96,22,0.5115995115995116,-0.4884004884004884
P53_HUMAN_Giacomelli_NULL_Etoposide_2018,96,23,0.5181115181115181,-0.4818884818884819
P53_HUMAN_Giacomelli_NULL_Etoposide_2018,96,24,2.531135531135531,-0.46886446886446886
P53_HUMAN_Giacomelli_NULL_Etoposide_2018,96,25,0.5115995115995116,-0.4884004884004884
P53_HUMAN_Giacomelli_NULL_Etoposide_2018,96,26,0.5181115181115181,-0.4818884818884819
P53_HUMAN_Giacomelli_NULL_Etoposide_2018,96,27,1.531135531135531,-0.46886446886446886
P53_HUMAN_Giacomelli_NULL_Etoposide_2018,96,28,0.5115995115995116,-0.4884004884004884
P53_HUMAN_Giacomelli_NULL_Etoposide_2018,96,29,1.5181115181115181,-0.4818884818884819
P53_HUMAN_Giacomelli_NULL_Etoposide_2018,96,30,-0.4884004884004884,-0.4884004884004884
P53_HUMAN_Giacomelli_NULL_Etoposide_2018,96,31,0.5246235246235247,-0.47537647537647537
P53_HUMAN_Giacomelli_NULL_Etoposide_2018,96,32,0.5181115181115181,-0.4818884818884819
P53_HUMAN_Giacomelli_NULL_Etoposide_2018,96,33,3.5181115181115183,-0.4818884818884819
P53_HUMAN_Giacomelli_NULL_Etoposide_2018,96,34,1.5506715506715507,-0.44932844932844934
P53_HUMAN_Giacomelli_NULL_Etoposide_2018,96,35,2.5181115181115183,-0.4818884818884819
P53_HUMAN_Giacomelli_NULL_Etoposide_2018,96,36,0.5181115181115181,-0.4818884818884819
P53_HUMAN_Giacomelli_NULL_Etoposide_2018,96,37,-0.4818884818884819,-0.4818884818884819
P53_HUMAN_Giacomelli_NULL_Etoposide_2018,96,38,2.5181115181115183,-0.4818884818884819
P53_HUMAN_Giacomelli_NULL_Etoposide_2018,96,39,-0.4818884818884819,-0.4818884818884819
P53_HUMAN_Giacomelli_NULL_Etoposide_2018,192,0,1.5183505154639176,-0.4816494845360825
P53_HUMAN_Giacomelli_NULL_Etoposide_2018,192,1,0.5315463917525773,-0.46845360824742266
P53_HUMAN_Giacomelli_NULL_Etoposide_2018,192,2,2.5249484536082476,-0.47505154639175257
P53_HUMAN_Giacomelli_NULL_Etoposide_2018,192,3,0.5117525773195877,-0.4882474226804124
P53_HUMAN_Giacomelli_NULL_Etoposide_2018,192,4,3.5117525773195877,-0.4882474226804124
P53_HUMAN_Giacomelli_NULL_Etoposide_2018,192,5,1.5117525773195877,-0.4882474226804124
P53_HUMAN_Giacomelli_NULL_Etoposide_2018,192,6,0.5183505154639175,-0.4816494845360825
P53_HUMAN_Giacomelli_NULL_Etoposide_2018,192,7,0.5315463917525773,-0.46845360824742266
P53_HUMAN_Giacomelli_NULL_Etoposide_2018,192,8,4.505154639175258,-0.4948453608247423
P53_HUMAN_Giacomelli_NULL_Etoposide_2018,192,9,2.5315463917525776,-0.46845360824742266
P53_HUMAN_Giacomelli_NULL_Etoposide_2018,192,10,0.5249484536082474,-0.47505154639175257
P53_HUMAN_Giacomelli_NULL_Etoposide_2018,192,11,0.5249484536082474,-0.47505154639175257
P53_HUMAN_Giacomelli_NULL_Etoposide_2018,192,12,0.5117525773195877,-0.4882474226804124
P53_HUMAN_Giacomelli_NULL_Etoposide_2018,192,13,1.5051546391752577,-0.4948453608247423
P53_HUMAN_Giacomelli_NULL_Etoposide_2018,192,14,1.5051546391752577,-0.4948453608247423
P53_HUMAN_Giacomelli_NULL_Etoposide_2018,192,15,2.538144329896907,-0.4618556701030928
P53_HUMAN_Giacomelli_NULL_Etoposide_2018,192,16,1.5183505154639176,-0.4816494845360825
P53_HUMAN_Giacomelli_NULL_Etoposide_2018,192,17,2.5183505154639176,-0.4816494845360825
P53_HUMAN_Giacomelli_NULL_Etoposide_2018,192,18,1.5183505154639176,-0.4816494845360825
P53_HUMAN_Giacomelli_NULL_Etoposide_2018,192,19,-0.4816494845360825,-0.4816494845360825
P53_HUMAN_Giacomelli_NULL_Etoposide_2018,192,20,6.538144329896907,-0.4618556701030928
P53_HUMAN_Giacomelli_NULL_Etoposide_2018,192,21,0.5183505154639175,-0.4816494845360825
P53_HUMAN_Giacomelli_NULL_Etoposide_2018,192,22,1.5315463917525773,-0.46845360824742266
P53_HUMAN_Giacomelli_NULL_Etoposide_2018,192,23,2.5249484536082476,-0.47505154639175257
P53_HUMAN_Giacomelli_NULL_Etoposide_2018,192,24,0.5249484536082474,-0.47505154639175257
P53_HUMAN_Giacomelli_NULL_Etoposide_2018,192,25,4.518350515463918,-0.4816494845360825
P53_HUMAN_Giacomelli_NULL_Etoposide_2018,192,26,1.5117525773195877,-0.4882474226804124
P53_HUMAN_Giacomelli_NULL_Etoposide_2018,192,27,1.5117525773195877,-0.4882474226804124
P53_HUMAN_Giacomelli_NULL_Etoposide_2018,192,28,1.5315463917525773,-0.46845360824742266
P53_HUMAN_Giacomelli_NULL_Etoposide_2018,192,29,3.5117525773195877,-0.4882474226804124
P53_HUMAN_Giacomelli_NULL_Etoposide_2018,192,30,3.538144329896907,-0.4618556701030928
P53_HUMAN_Giacomelli_NULL_Etoposide_2018,192,31,-0.4816494845360825,-0.4816494845360825
P53_HUMAN_Giacomelli_NULL_Etoposide_2018,192,32,0.5117525773195877,-0.4882474226804124
P53_HUMAN_Giacomelli_NULL_Etoposide_2018,192,33,0.5183505154639175,-0.4816494845360825
P53_HUMAN_Giacomelli_NULL_Etoposide_2018,192,34,1.5051546391752577,-0.4948453608247423
P53_HUMAN_Giacomelli_NULL_Etoposide_2018,192,35,0.5249484536082474,-0.47505154639175257
P53_HUMAN_Giacomelli_NULL_Etoposide_2018,192,36,3.5249484536082476,-0.47505154639175257
P53_HUMAN_Giacomelli_NULL_Etoposide_2018,192,37,0.5249484536082474,-0.47505154639175257
P53_HUMAN_Giacomelli_NULL_Etoposide_2018,192,38,1.5117525773195877,-0.4882474226804124
P53_HUMAN_Giacomelli_NULL_Etoposide_2018,192,39,-0.4948453608247423,-0.4948453608247423
P53_HUMAN_Giacomelli_NULL_Etoposide_2018,384,0,0.49851757729775514,-0.5014824227022449
P53_HUMAN_Giacomelli_NULL_Etoposide_2018,384,1,2.5324015247776366,-0.4675984752223634
P53_HUMAN_Giacomelli_NULL_Etoposide_2018,384,2,-0.49470563320626854,-0.49470563320626854
P53_HUMAN_Giacomelli_NULL_Etoposide_2018,384,3,0.5052943667937315,-0.49470563320626854
P53_HUMAN_Giacomelli_NULL_Etoposide_2018,384,4,5.52562473528166,-0.4743752647183397
P53_HUMAN_Giacomelli_NULL_Etoposide_2018,384,5,2.5120711562897076,-0.48792884371029227
P53_HUMAN_Giacomelli_NULL_Etoposide_2018,384,6,2.5324015247776366,-0.4675984752223634
P53_HUMAN_Giacomelli_NULL_Etoposide_2018,384,7,1.5120711562897078,-0.48792884371029227
P53_HUMAN_Giacomelli_NULL_Etoposide_2018,384,8,2.5120711562897076,-0.48792884371029227
P53_HUMAN_Giacomelli_NULL_Etoposide_2018,384,9,3.52562473528166,-0.4743752647183397
P53_HUMAN_Giacomelli_NULL_Etoposide_2018,384,10,-0.48792884371029227,-0.48792884371029227
P53_HUMAN_Giacomelli_NULL_Etoposide_2018,384,11,0.5324015247776366,-0.4675984752223634
P53_HUMAN_Giacomelli_NULL_Etoposide_2018,384,12,0.5595086827615416,-0.4404913172384583
P53_HUMAN_Giacomelli_NULL_Etoposide_2018,384,13,0.5391783142736128,-0.4608216857263871
P53_HUMAN_Giacomelli_NULL_Etoposide_2018,384,14,4.52562473528166,-0.4743752647183397
P53_HUMAN_Giacomelli_NULL_Etoposide_2018,384,15,1.518847945785684,-0.48115205421431595
P53_HUMAN_Giacomelli_NULL_Etoposide_2018,384,16,2.52562473528166,-0.4743752647183397
P53_HUMAN_Giacomelli_NULL_Etoposide_2018,384,17,2.5052943667937315,-0.49470563320626854
P53_HUMAN_Giacomelli_NULL_Etoposide_2018,384,18,3.5120711562897076,-0.48792884371029227
P53_HUMAN_Giacomelli_NULL_Etoposide_2018,384,19,1.518847945785684,-0.48115205421431595
P53_HUMAN_Giacomelli_NULL_Etoposide_2018,384,20,3.5120711562897076,-0.48792884371029227
P53_HUMAN_Giacomelli_NULL_Etoposide_2018,384,21,0.518847945785684,-0.48115205421431595
P53_HUMAN_Giacomelli_NULL_Etoposide_2018,384,22,0.5120711562897078,-0.48792884371029227
P53_HUMAN_Giacomelli_NULL_Etoposide_2018,384,23,1.5527318932655654,-0.44726810673443457
P53_HUMAN_Giacomelli_NULL_Etoposide_2018,384,24,-0.4743752647183397,-0.4743752647183397
P53_HUMAN_Giacomelli_NULL_Etoposide_2018,384,25,-0.4743752647183397,-0.4743752647183397
P53_HUMAN_Giacomelli_NULL_Etoposide_2018,384,26,1.5256247352816603,-0.4743752647183397
P53_HUMAN_Giacomelli_NULL_Etoposide_2018,384,27,0.5052943667937315,-0.49470563320626854
P53_HUMAN_Giacomelli_NULL_Etoposide_2018,384,28,2.5120711562897076,-0.48792884371029227
P53_HUMAN_Giacomelli_NULL_Etoposide_2018,384,29,4.539178314273613,-0.4608216857263871
P53_HUMAN_Giacomelli_NULL_Etoposide_2018,384,30,0.518847945785684,-0.48115205421431595
P53_HUMAN_Giacomelli_NULL_Etoposide_2018,384,31,-0.48115205421431595,-0.48115205421431595
P53_HUMAN_Giacomelli_NULL_Etoposide_2018,384,32,3.5052943667937315,-0.49470563320626854
P53_HUMAN_Giacomelli_NULL_Etoposide_2018,384,33,-0.4675984752223634,-0.4675984752223634
P53_HUMAN_Giacomelli_NULL_Etoposide_2018,384,34,0.5120711562897078,-0.48792884371029227
P53_HUMAN_Giacomelli_NULL_Etoposide_2018,384,35,3.52562473528166,-0.4743752647183397
P53_HUMAN_Giacomelli_NULL_Etoposide_2018,384,36,2.545955103769589,-0.45404489623041083
P53_HUMAN_Giacomelli_NULL_Etoposide_2018,384,37,-0.48792884371029227,-0.48792884371029227
P53_HUMAN_Giacomelli_NULL_Etoposide_2018,384,38,1.498517577297755,-0.5014824227022449
P53_HUMAN_Giacomelli_NULL_Etoposide_2018,384,39,0.5120711562897078,-0.48792884371029227
P53_HUMAN_Giacomelli_NULL_Nutlin_2018,24,0,-0.4836759371221282,-0.4836759371221282
P53_HUMAN_Giacomelli_NULL_Nutlin_2018,24,1,-0.4836759371221282,-0.4836759371221282
P53_HUMAN_Giacomelli_NULL_Nutlin_2018,24,2,1.5227730753728335,-0.4772269246271665
P53_HUMAN_Giacomelli_NULL_Nutlin_2018,24,3,-0.4836759371221282,-0.4836759371221282
P53_HUMAN_Giacomelli_NULL_Nutlin_2018,24,4,1.5227730753728335,-0.4772269246271665
P53_HUMAN_Giacomelli_NULL_Nutlin_2018,24,5,0.5227730753728335,-0.4772269246271665
P53_HUMAN_Giacomelli_NULL_Nutlin_2018,24,6,0.5163240628778718,-0.4836759371221282
P53_HUMAN_Giacomelli_NULL_Nutlin_2018,24,7,2.516324062877872,-0.4836759371221282
P53_HUMAN_Giacomelli_NULL_Nutlin_2018,24,8,0.5163240628778718,-0.4836759371221282
P53_HUMAN_Giacomelli_NULL_Nutlin_2018,24,9,0.5163240628778718,-0.4836759371221282
P53_HUMAN_Giacomelli_NULL_Nutlin_2018,24,10,-0.4836759371221282,-0.4836759371221282
P53_HUMAN_Giacomelli_NULL_Nutlin_2018,24,11,-0.4836759371221282,-0.4836759371221282
P53_HUMAN_Giacomelli_NULL_Nutlin_2018,24,12,0.5163240628778718,-0.4836759371221282
P53_HUMAN_Giacomelli_NULL_Nutlin_2018,24,13,-0.4836759371221282,-0.4836759371221282
P53_HUMAN_Giacomelli_NULL_Nutlin_2018,24,14,0.5163240628778718,-0.4836759371221282
P53_HUMAN_Giacomelli_NULL_Nutlin_2018,24,15,1.5163240628778718,-0.4836759371221282
P53_HUMAN_Giacomelli_NULL_Nutlin_2018,24,16,-0.4836759371221282,-0.4836759371221282
P53_HUMAN_Giacomelli_NULL_Nutlin_2018,24,17,-0.4836759371221282,-0.4836759371221282
P53_HUMAN_Giacomelli_NULL_Nutlin_2018,24,18,0.5163240628778718,-0.4836759371221282
P53_HUMAN_Giacomelli_NULL_Nutlin_2018,24,19,2.516324062877872,-0.4836759371221282
P53_HUMAN_Giacomelli_NULL_Nutlin_2018,24,20,-0.4836759371221282,-0.4836759371221282
P53_HUMAN_Giacomelli_NULL_Nutlin_2018,24,21,0.5163240628778718,-0.4836759371221282
P53_HUMAN_Giacomelli_NULL_Nutlin_2018,24,22,-0.4836759371221282,-0.4836759371221282
P53_HUMAN_Giacomelli_NULL_Nutlin_2018,24,23,1.5163240628778718,-0.4836759371221282
P53_HUMAN_Giacomelli_NULL_Nutlin_2018,24,24,-0.4836759371221282,-0.4836759371221282
P53_HUMAN_Giacomelli_NULL_Nutlin_2018,24,25,-0.4836759371221282,-0.4836759371221282
P53_HUMAN_Giacomelli_NULL_Nutlin_2018,24,26,-0.4772269246271665,-0.4772269246271665
P53_HUMAN_Giacomelli_NULL_Nutlin_2018,24,27,0.5163240628778718,-0.4836759371221282
P53_HUMAN_Giacomelli_NULL_Nutlin_2018,24,28,1.5227730753728335,-0.4772269246271665
P53_HUMAN_Giacomelli_NULL_Nutlin_2018,24,29,0.5163240628778718,-0.4836759371221282
P53_HUMAN_Giacomelli_NULL_Nutlin_2018,24,30,-0.4836759371221282,-0.4836759371221282
P53_HUMAN_Giacomelli_NULL_Nutlin_2018,24,31,0.5227730753728335,-0.4772269246271665
P53_HUMAN_Giacomelli_NULL_Nutlin_2018,24,32,0.5163240628778718,-0.4836759371221282
P53_HUMAN_Giacomelli_NULL_Nutlin_2018,24,33,0.5163240628778718,-0.4836759371221282
P53_HUMAN_Giacomelli_NULL_Nutlin_2018,24,34,0.5227730753728335,-0.4772269246271665
P53_HUMAN_Giacomelli_NULL_Nutlin_2018,24,35,-0.4772269246271665,-0.4772269246271665
P53_HUMAN_Giacomelli_NULL_Nutlin_2018,24,36,0.5163240628778718,-0.4836759371221282
P53_HUMAN_Giacomelli_NULL_Nutlin_2018,24,37,-0.4772269246271665,-0.4772269246271665
P53_HUMAN_Giacomelli_NULL_Nutlin_2018,24,38,-0.4836759371221282,-0.4836759371221282
P53_HUMAN_Giacomelli_NULL_Nutlin_2018,24,39,1.5163240628778718,-0.4836759371221282
P53_HUMAN_Giacomelli_NULL_Nutlin_2018,48,0,3.521229276182774,-0.478770723817226
P53_HUMAN_Giacomelli_NULL_Nutlin_2018,48,1,2.5147594015365953,-0.4852405984634048
P53_HUMAN_Giacomelli_NULL_Nutlin_2018,48,2,0.5147594015365953,-0.4852405984634048
P53_HUMAN_Giacomelli_NULL_Nutlin_2018,48,3,-0.4723008491710473,-0.4723008491710473
P53_HUMAN_Giacomelli_NULL_Nutlin_2018,48,4,1.5147594015365953,-0.4852405984634048
P53_HUMAN_Giacomelli_NULL_Nutlin_2018,48,5,3.521229276182774,-0.478770723817226
P53_HUMAN_Giacomelli_NULL_Nutlin_2018,48,6,0.5147594015365953,-0.4852405984634048
P53_HUMAN_Giacomelli_NULL_Nutlin_2018,48,7,1.5147594015365953,-0.4852405984634048
P53_HUMAN_Giacomelli_NULL_Nutlin_2018,48,8,-0.4852405984634048,-0.4852405984634048
P53_HUMAN_Giacomelli_NULL_Nutlin_2018,48,9,0.5147594015365953,-0.4852405984634048
P53_HUMAN_Giacomelli_NULL_Nutlin_2018,48,10,-0.4852405984634048,-0.4852405984634048
P53_HUMAN_Giacomelli_NULL_Nutlin_2018,48,11,1.521229276182774,-0.478770723817226
P53_HUMAN_Giacomelli_NULL_Nutlin_2018,48,12,1.5276991508289526,-0.4723008491710473
P53_HUMAN_Giacomelli_NULL_Nutlin_2018,48,13,1.5147594015365953,-0.4852405984634048
P53_HUMAN_Giacomelli_NULL_Nutlin_2018,48,14,0.5212292761827739,-0.478770723817226
P53_HUMAN_Giacomelli_NULL_Nutlin_2018,48,15,-0.4852405984634048,-0.4852405984634048
P53_HUMAN_Giacomelli_NULL_Nutlin_2018,48,16,-0.478770723817226,-0.478770723817226
P53_HUMAN_Giacomelli_NULL_Nutlin_2018,48,17,4.521229276182774,-0.478770723817226
P53_HUMAN_Giacomelli_NULL_Nutlin_2018,48,18,3.5147594015365953,-0.4852405984634048
P53_HUMAN_Giacomelli_NULL_Nutlin_2018,48,19,1.5147594015365953,-0.4852405984634048
P53_HUMAN_Giacomelli_NULL_Nutlin_2018,48,20,1.5147594015365953,-0.4852405984634048
P53_HUMAN_Giacomelli_NULL_Nutlin_2018,48,21,1.521229276182774,-0.478770723817226
P53_HUMAN_Giacomelli_NULL_Nutlin_2018,48,22,1.521229276182774,-0.478770723817226
P53_HUMAN_Giacomelli_NULL_Nutlin_2018,48,23,0.5212292761827739,-0.478770723817226
P53_HUMAN_Giacomelli_NULL_Nutlin_2018,48,24,-0.4852405984634048,-0.4852405984634048
P53_HUMAN_Giacomelli_NULL_Nutlin_2018,48,25,2.5147594015365953,-0.4852405984634048
P53_HUMAN_Giacomelli_NULL_Nutlin_2018,48,26,1.521229276182774,-0.478770723817226
P53_HUMAN_Giacomelli_NULL_Nutlin_2018,48,27,-0.4852405984634048,-0.4852405984634048
P53_HUMAN_Giacomelli_NULL_Nutlin_2018,48,28,0.5147594015365953,-0.4852405984634048
P53_HUMAN_Giacomelli_NULL_Nutlin_2018,48,29,-0.478770723817226,-0.478770723817226
P53_HUMAN_Giacomelli_NULL_Nutlin_2018,48,30,0.5212292761827739,-0.478770723817226
P53_HUMAN_Giacomelli_NULL_Nutlin_2018,48,31,1.521229276182774,-0.478770723817226
P53_HUMAN_Giacomelli_NULL_Nutlin_2018,48,32,0.5147594015365953,-0.4852405984634048
P53_HUMAN_Giacomelli_NULL_Nutlin_2018,48,33,-0.478770723817226,-0.478770723817226
P53_HUMAN_Giacomelli_NULL_Nutlin_2018,48,34,0.5276991508289527,-0.4723008491710473
P53_HUMAN_Giacomelli_NULL_Nutlin_2018,48,35,4.514759401536595,-0.4852405984634048
P53_HUMAN_Giacomelli_NULL_Nutlin_2018,48,36,0.5212292761827739,-0.478770723817226
P53_HUMAN_Giacomelli_NULL_Nutlin_2018,48,37,-0.478770723817226,-0.478770723817226
P53_HUMAN_Giacomelli_NULL_Nutlin_2018,48,38,-0.4852405984634048,-0.4852405984634048
P53_HUMAN_Giacomelli_NULL_Nutlin_2018,48,39,-0.478770723817226,-0.478770723817226
P53_HUMAN_Giacomelli_NULL_Nutlin_2018,96,0,2.5181115181115183,-0.4818884818884819
P53_HUMAN_Giacomelli_NULL_Nutlin_2018,96,1,1.5181115181115181,-0.4818884818884819
P53_HUMAN_Giacomelli_NULL_Nutlin_2018,96,2,0.5115995115995116,-0.4884004884004884
P53_HUMAN_Giacomelli_NULL_Nutlin_2018,96,3,0.5115995115995116,-0.4884004884004884
P53_HUMAN_Giacomelli_NULL_Nutlin_2018,96,4,3.5246235246235247,-0.47537647537647537
P53_HUMAN_Giacomelli_NULL_Nutlin_2018,96,5,3.5181115181115183,-0.4818884818884819
P53_HUMAN_Giacomelli_NULL_Nutlin_2018,96,6,1.5115995115995116,-0.4884004884004884
P53_HUMAN_Giacomelli_NULL_Nutlin_2018,96,7,2.5181115181115183,-0.4818884818884819
P53_HUMAN_Giacomelli_NULL_Nutlin_2018,96,8,2.5181115181115183,-0.4818884818884819
P53_HUMAN_Giacomelli_NULL_Nutlin_2018,96,9,0.5115995115995116,-0.4884004884004884
P53_HUMAN_Giacomelli_NULL_Nutlin_2018,96,10,2.5181115181115183,-0.4818884818884819
P53_HUMAN_Giacomelli_NULL_Nutlin_2018,96,11,3.5181115181115183,-0.4818884818884819
P53_HUMAN_Giacomelli_NULL_Nutlin_2018,96,12,2.5115995115995116,-0.4884004884004884
P53_HUMAN_Giacomelli_NULL_Nutlin_2018,96,13,2.5181115181115183,-0.4818884818884819
P53_HUMAN_Giacomelli_NULL_Nutlin_2018,96,14,2.5246235246235247,-0.47537647537647537
P53_HUMAN_Giacomelli_NULL_Nutlin_2018,96,15,6.531135531135531,-0.46886446886446886
P53_HUMAN_Giacomelli_NULL_Nutlin_2018,96,16,3.537647537647538,-0.46235246235246236
P53_HUMAN_Giacomelli_NULL_Nutlin_2018,96,17,0.5181115181115181,-0.4818884818884819
P53_HUMAN_Giacomelli_NULL_Nutlin_2018,96,18,1.5181115181115181,-0.4818884818884819
P53_HUMAN_Giacomelli_NULL_Nutlin_2018,96,19,1.5181115181115181,-0.4818884818884819
P53_HUMAN_Giacomelli_NULL_Nutlin_2018,96,20,3.5115995115995116,-0.4884004884004884
P53_HUMAN_Giacomelli_NULL_Nutlin_2018,96,21,0.5115995115995116,-0.4884004884004884
P53_HUMAN_Giacomelli_NULL_Nutlin_2018,96,22,1.5181115181115181,-0.4818884818884819
P53_HUMAN_Giacomelli_NULL_Nutlin_2018,96,23,-0.4818884818884819,-0.4818884818884819
P53_HUMAN_Giacomelli_NULL_Nutlin_2018,96,24,2.5181115181115183,-0.4818884818884819
P53_HUMAN_Giacomelli_NULL_Nutlin_2018,96,25,4.518111518111518,-0.4818884818884819
P53_HUMAN_Giacomelli_NULL_Nutlin_2018,96,26,2.5115995115995116,-0.4884004884004884
P53_HUMAN_Giacomelli_NULL_Nutlin_2018,96,27,1.5115995115995116,-0.4884004884004884
P53_HUMAN_Giacomelli_NULL_Nutlin_2018,96,28,4.524623524623524,-0.47537647537647537
P53_HUMAN_Giacomelli_NULL_Nutlin_2018,96,29,8.531135531135531,-0.46886446886446886
P53_HUMAN_Giacomelli_NULL_Nutlin_2018,96,30,2.531135531135531,-0.46886446886446886
P53_HUMAN_Giacomelli_NULL_Nutlin_2018,96,31,-0.47537647537647537,-0.47537647537647537
P53_HUMAN_Giacomelli_NULL_Nutlin_2018,96,32,5.524623524623524,-0.47537647537647537
P53_HUMAN_Giacomelli_NULL_Nutlin_2018,96,33,0.5115995115995116,-0.4884004884004884
P53_HUMAN_Giacomelli_NULL_Nutlin_2018,96,34,-0.4884004884004884,-0.4884004884004884
P53_HUMAN_Giacomelli_NULL_Nutlin_2018,96,35,1.5115995115995116,-0.4884004884004884
P53_HUMAN_Giacomelli_NULL_Nutlin_2018,96,36,1.5115995115995116,-0.4884004884004884
P53_HUMAN_Giacomelli_NULL_Nutlin_2018,96,37,4.511599511599512,-0.4884004884004884
P53_HUMAN_Giacomelli_NULL_Nutlin_2018,96,38,4.524623524623524,-0.47537647537647537
P53_HUMAN_Giacomelli_NULL_Nutlin_2018,96,39,3.5115995115995116,-0.4884004884004884
P53_HUMAN_Giacomelli_NULL_Nutlin_2018,192,0,1.5183505154639176,-0.4816494845360825
P53_HUMAN_Giacomelli_NULL_Nutlin_2018,192,1,1.5051546391752577,-0.4948453608247423
P53_HUMAN_Giacomelli_NULL_Nutlin_2018,192,2,0.5117525773195877,-0.4882474226804124
P53_HUMAN_Giacomelli_NULL_Nutlin_2018,192,3,1.5183505154639176,-0.4816494845360825
P53_HUMAN_Giacomelli_NULL_Nutlin_2018,192,4,3.5249484536082476,-0.47505154639175257
P53_HUMAN_Giacomelli_NULL_Nutlin_2018,192,5,3.5249484536082476,-0.47505154639175257
P53_HUMAN_Giacomelli_NULL_Nutlin_2018,192,6,4.518350515463918,-0.4816494845360825
P53_HUMAN_Giacomelli_NULL_Nutlin_2018,192,7,0.5381443298969072,-0.4618556701030928
P53_HUMAN_Giacomelli_NULL_Nutlin_2018,192,8,2.5117525773195877,-0.4882474226804124
P53_HUMAN_Giacomelli_NULL_Nutlin_2018,192,9,1.5051546391752577,-0.4948453608247423
P53_HUMAN_Giacomelli_NULL_Nutlin_2018,192,10,0.5051546391752577,-0.4948453608247423
P53_HUMAN_Giacomelli_NULL_Nutlin_2018,192,11,-0.4882474226804124,-0.4882474226804124
P53_HUMAN_Giacomelli_NULL_Nutlin_2018,192,12,0.5183505154639175,-0.4816494845360825
P53_HUMAN_Giacomelli_NULL_Nutlin_2018,192,13,2.5117525773195877,-0.4882474226804124
P53_HUMAN_Giacomelli_NULL_Nutlin_2018,192,14,3.5183505154639176,-0.4816494845360825
P53_HUMAN_Giacomelli_NULL_Nutlin_2018,192,15,9.518350515463917,-0.4816494845360825
P53_HUMAN_Giacomelli_NULL_Nutlin_2018,192,16,5.518350515463918,-0.4816494845360825
P53_HUMAN_Giacomelli_NULL_Nutlin_2018,192,17,2.5183505154639176,-0.4816494845360825
P53_HUMAN_Giacomelli_NULL_Nutlin_2018,192,18,0.5117525773195877,-0.4882474226804124
P53_HUMAN_Giacomelli_NULL_Nutlin_2018,192,19,1.5183505154639176,-0.4816494845360825
P53_HUMAN_Giacomelli_NULL_Nutlin_2018,192,20,8.524948453608248,-0.47505154639175257
P53_HUMAN_Giacomelli_NULL_Nutlin_2018,192,21,0.5315463917525773,-0.46845360824742266
P53_HUMAN_Giacomelli_NULL_Nutlin_2018,192,22,1.544742268041237,-0.4552577319587629
P53_HUMAN_Giacomelli_NULL_Nutlin_2018,192,23,1.5183505154639176,-0.4816494845360825
P53_HUMAN_Giacomelli_NULL_Nutlin_2018,192,24,5.524948453608247,-0.47505154639175257
P53_HUMAN_Giacomelli_NULL_Nutlin_2018,192,25,4.518350515463918,-0.4816494845360825
P53_HUMAN_Giacomelli_NULL_Nutlin_2018,192,26,5.518350515463918,-0.4816494845360825
P53_HUMAN_Giacomelli_NULL_Nutlin_2018,192,27,2.5117525773195877,-0.4882474226804124
P53_HUMAN_Giacomelli_NULL_Nutlin_2018,192,28,2.5117525773195877,-0.4882474226804124
P53_HUMAN_Giacomelli_NULL_Nutlin_2018,192,29,5.518350515463918,-0.4816494845360825
P53_HUMAN_Giacomelli_NULL_Nutlin_2018,192,30,8.505154639175258,-0.4948453608247423
P53_HUMAN_Giacomelli_NULL_Nutlin_2018,192,31,2.5051546391752577,-0.4948453608247423
P53_HUMAN_Giacomelli_NULL_Nutlin_2018,192,32,2.5315463917525776,-0.46845360824742266
P53_HUMAN_Giacomelli_NULL_Nutlin_2018,192,33,2.5117525773195877,-0.4882474226804124
P53_HUMAN_Giacomelli_NULL_Nutlin_2018,192,34,3.5117525773195877,-0.4882474226804124
P53_HUMAN_Giacomelli_NULL_Nutlin_2018,192,35,7.518350515463918,-0.4816494845360825
P53_HUMAN_Giacomelli_NULL_Nutlin_2018,192,36,4.518350515463918,-0.4816494845360825
P53_HUMAN_Giacomelli_NULL_Nutlin_2018,192,37,1.5117525773195877,-0.4882474226804124
P53_HUMAN_Giacomelli_NULL_Nutlin_2018,192,38,5.511752577319587,-0.4882474226804124
P53_HUMAN_Giacomelli_NULL_Nutlin_2018,192,39,3.5183505154639176,-0.4816494845360825
P53_HUMAN_Giacomelli_NULL_Nutlin_2018,384,0,1.518847945785684,-0.48115205421431595
P53_HUMAN_Giacomelli_NULL_Nutlin_2018,384,1,3.5120711562897076,-0.48792884371029227
P53_HUMAN_Giacomelli_NULL_Nutlin_2018,384,2,0.5052943667937315,-0.49470563320626854
P53_HUMAN_Giacomelli_NULL_Nutlin_2018,384,3,2.5052943667937315,-0.49470563320626854
P53_HUMAN_Giacomelli_NULL_Nutlin_2018,384,4,5.539178314273613,-0.4608216857263871
P53_HUMAN_Giacomelli_NULL_Nutlin_2018,384,5,2.518847945785684,-0.48115205421431595
P53_HUMAN_Giacomelli_NULL_Nutlin_2018,384,6,8.52562473528166,-0.4743752647183397
P53_HUMAN_Giacomelli_NULL_Nutlin_2018,384,7,1.5052943667937315,-0.49470563320626854
P53_HUMAN_Giacomelli_NULL_Nutlin_2018,384,8,2.498517577297755,-0.5014824227022449
P53_HUMAN_Giacomelli_NULL_Nutlin_2018,384,9,4.498517577297755,-0.5014824227022449
P53_HUMAN_Giacomelli_NULL_Nutlin_2018,384,10,3.52562473528166,-0.4743752647183397
P53_HUMAN_Giacomelli_NULL_Nutlin_2018,384,11,2.5052943667937315,-0.49470563320626854
P53_HUMAN_Giacomelli_NULL_Nutlin_2018,384,12,5.5052943667937315,-0.49470563320626854
P53_HUMAN_Giacomelli_NULL_Nutlin_2018,384,13,6.532401524777637,-0.4675984752223634
P53_HUMAN_Giacomelli_NULL_Nutlin_2018,384,14,4.532401524777637,-0.4675984752223634
P53_HUMAN_Giacomelli_NULL_Nutlin_2018,384,15,4.518847945785684,-0.48115205421431595
P53_HUMAN_Giacomelli_NULL_Nutlin_2018,384,16,6.518847945785684,-0.48115205421431595
P53_HUMAN_Giacomelli_NULL_Nutlin_2018,384,17,4.518847945785684,-0.48115205421431595
P53_HUMAN_Giacomelli_NULL_Nutlin_2018,384,18,1.5052943667937315,-0.49470563320626854
P53_HUMAN_Giacomelli_NULL_Nutlin_2018,384,19,5.518847945785684,-0.48115205421431595
P53_HUMAN_Giacomelli_NULL_Nutlin_2018,384,20,4.512071156289708,-0.48792884371029227
P53_HUMAN_Giacomelli_NULL_Nutlin_2018,384,21,6.512071156289708,-0.48792884371029227
P53_HUMAN_Giacomelli_NULL_Nutlin_2018,384,22,2.52562473528166,-0.4743752647183397
P53_HUMAN_Giacomelli_NULL_Nutlin_2018,384,23,3.52562473528166,-0.4743752647183397
P53_HUMAN_Giacomelli_NULL_Nutlin_2018,384,24,6.532401524777637,-0.4675984752223634
P53_HUMAN_Giacomelli_NULL_Nutlin_2018,384,25,1.498517577297755,-0.5014824227022449
P53_HUMAN_Giacomelli_NULL_Nutlin_2018,384,26,5.52562473528166,-0.4743752647183397
P53_HUMAN_Giacomelli_NULL_Nutlin_2018,384,27,5.5052943667937315,-0.49470563320626854
P53_HUMAN_Giacomelli_NULL_Nutlin_2018,384,28,4.518847945785684,-0.48115205421431595
P53_HUMAN_Giacomelli_NULL_Nutlin_2018,384,29,8.512071156289707,-0.48792884371029227
P53_HUMAN_Giacomelli_NULL_Nutlin_2018,384,30,7.52562473528166,-0.4743752647183397
P53_HUMAN_Giacomelli_NULL_Nutlin_2018,384,31,1.518847945785684,-0.48115205421431595
P53_HUMAN_Giacomelli_NULL_Nutlin_2018,384,32,4.5052943667937315,-0.49470563320626854
P53_HUMAN_Giacomelli_NULL_Nutlin_2018,384,33,2.5324015247776366,-0.4675984752223634
P53_HUMAN_Giacomelli_NULL_Nutlin_2018,384,34,8.512071156289707,-0.48792884371029227
P53_HUMAN_Giacomelli_NULL_Nutlin_2018,384,35,0.5052943667937315,-0.49470563320626854
P53_HUMAN_Giacomelli_NULL_Nutlin_2018,384,36,6.518847945785684,-0.48115205421431595
P53_HUMAN_Giacomelli_NULL_Nutlin_2018,384,37,5.498517577297755,-0.5014824227022449
P53_HUMAN_Giacomelli_NULL_Nutlin_2018,384,38,3.498517577297755,-0.5014824227022449
P53_HUMAN_Giacomelli_NULL_Nutlin_2018,384,39,4.52562473528166,-0.4743752647183397
P53_HUMAN_Giacomelli_WT_Nutlin_2018,24,0,0.5227730753728335,-0.4772269246271665
P53_HUMAN_Giacomelli_WT_Nutlin_2018,24,1,1.5227730753728335,-0.4772269246271665
P53_HUMAN_Giacomelli_WT_Nutlin_2018,24,2,1.5163240628778718,-0.4836759371221282
P53_HUMAN_Giacomelli_WT_Nutlin_2018,24,3,0.5227730753728335,-0.4772269246271665
P53_HUMAN_Giacomelli_WT_Nutlin_2018,24,4,0.5227730753728335,-0.4772269246271665
P53_HUMAN_Giacomelli_WT_Nutlin_2018,24,5,1.5163240628778718,-0.4836759371221282
P53_HUMAN_Giacomelli_WT_Nutlin_2018,24,6,-0.4836759371221282,-0.4836759371221282
P53_HUMAN_Giacomelli_WT_Nutlin_2018,24,7,0.5227730753728335,-0.4772269246271665
P53_HUMAN_Giacomelli_WT_Nutlin_2018,24,8,-0.4836759371221282,-0.4836759371221282
P53_HUMAN_Giacomelli_WT_Nutlin_2018,24,9,3.516324062877872,-0.4836759371221282
P53_HUMAN_Giacomelli_WT_Nutlin_2018,24,10,-0.4836759371221282,-0.4836759371221282
P53_HUMAN_Giacomelli_WT_Nutlin_2018,24,11,-0.4836759371221282,-0.4836759371221282
P53_HUMAN_Giacomelli_WT_Nutlin_2018,24,12,4.516324062877872,-0.4836759371221282
P53_HUMAN_Giacomelli_WT_Nutlin_2018,24,13,-0.4836759371221282,-0.4836759371221282
P53_HUMAN_Giacomelli_WT_Nutlin_2018,24,14,1.5163240628778718,-0.4836759371221282
P53_HUMAN_Giacomelli_WT_Nutlin_2018,24,15,1.5163240628778718,-0.4836759371221282
P53_HUMAN_Giacomelli_WT_Nutlin_2018,24,16,2.516324062877872,-0.4836759371221282
P53_HUMAN_Giacomelli_WT_Nutlin_2018,24,17,0.5163240628778718,-0.4836759371221282
P53_HUMAN_Giacomelli_WT_Nutlin_2018,24,18,0.5163240628778718,-0.4836759371221282
P53_HUMAN_Giacomelli_WT_Nutlin_2018,24,19,2.516324062877872,-0.4836759371221282
P53_HUMAN_Giacomelli_WT_Nutlin_2018,24,20,-0.4836759371221282,-0.4836759371221282
P53_HUMAN_Giacomelli_WT_Nutlin_2018,24,21,2.516324062877872,-0.4836759371221282
P53_HUMAN_Giacomelli_WT_Nutlin_2018,24,22,0.5163240628778718,-0.4836759371221282
P53_HUMAN_Giacomelli_WT_Nutlin_2018,24,23,-0.4836759371221282,-0.4836759371221282
P53_HUMAN_Giacomelli_WT_Nutlin_2018,24,24,-0.4836759371221282,-0.4836759371221282
P53_HUMAN_Giacomelli_WT_Nutlin_2018,24,25,-0.4836759371221282,-0.4836759371221282
P53_HUMAN_Giacomelli_WT_Nutlin_2018,24,26,-0.4836759371221282,-0.4836759371221282
P53_HUMAN_Giacomelli_WT_Nutlin_2018,24,27,-0.4836759371221282,-0.4836759371221282
P53_HUMAN_Giacomelli_WT_Nutlin_2018,24,28,0.5163240628778718,-0.4836759371221282
P53_HUMAN_Giacomelli_WT_Nutlin_2018,24,29,0.5163240628778718,-0.4836759371221282
P53_HUMAN_Giacomelli_WT_Nutlin_2018,24,30,3.516324062877872,-0.4836759371221282
P53_HUMAN_Giacomelli_WT_Nutlin_2018,24,31,-0.4836759371221282,-0.4836759371221282
P53_HUMAN_Giacomelli_WT_Nutlin_2018,24,32,2.516324062877872,-0.4836759371221282
P53_HUMAN_Giacomelli_WT_Nutlin_2018,24,33,-0.4836759371221282,-0.4836759371221282
P53_HUMAN_Giacomelli_WT_Nutlin_2018,24,34,-0.4836759371221282,-0.4836759371221282
P53_HUMAN_Giacomelli_WT_Nutlin_2018,24,35,-0.4836759371221282,-0.4836759371221282
P53_HUMAN_Giacomelli_WT_Nutlin_2018,24,36,0.5163240628778718,-0.4836759371221282
P53_HUMAN_Giacomelli_WT_Nutlin_2018,24,37,-0.4836759371221282,-0.4836759371221282
P53_HUMAN_Giacomelli_WT_Nutlin_2018,24,38,0.5163240628778718,-0.4836759371221282
P53_HUMAN_Giacomelli_WT_Nutlin_2018,24,39,-0.4836759371221282,-0.4836759371221282
P53_HUMAN_Giacomelli_WT_Nutlin_2018,48,0,0.5212292761827739,-0.478770723817226
P53_HUMAN_Giacomelli_WT_Nutlin_2018,48,1,-0.4852405984634048,-0.4852405984634048
P53_HUMAN_Giacomelli_WT_Nutlin_2018,48,2,3.5147594015365953,-0.4852405984634048
P53_HUMAN_Giacomelli_WT_Nutlin_2018,48,3,0.5276991508289527,-0.4723008491710473
P53_HUMAN_Giacomelli_WT_Nutlin_2018,48,4,1.5276991508289526,-0.4723008491710473
P53_HUMAN_Giacomelli_WT_Nutlin_2018,48,5,-0.4852405984634048,-0.4852405984634048
P53_HUMAN_Giacomelli_WT_Nutlin_2018,48,6,0.5147594015365953,-0.4852405984634048
P53_HUMAN_Giacomelli_WT_Nutlin_2018,48,7,1.521229276182774,-0.478770723817226
P53_HUMAN_Giacomelli_WT_Nutlin_2018,48,8,0.5147594015365953,-0.4852405984634048
P53_HUMAN_Giacomelli_WT_Nutlin_2018,48,9,-0.4852405984634048,-0.4852405984634048
P53_HUMAN_Giacomelli_WT_Nutlin_2018,48,10,-0.478770723817226,-0.478770723817226
P53_HUMAN_Giacomelli_WT_Nutlin_2018,48,11,-0.478770723817226,-0.478770723817226
P53_HUMAN_Giacomelli_WT_Nutlin_2018,48,12,0.5276991508289527,-0.4723008491710473
P53_HUMAN_Giacomelli_WT_Nutlin_2018,48,13,3.521229276182774,-0.478770723817226
P53_HUMAN_Giacomelli_WT_Nutlin_2018,48,14,-0.4852405984634048,-0.4852405984634048
P53_HUMAN_Giacomelli_WT_Nutlin_2018,48,15,-0.4852405984634048,-0.4852405984634048
P53_HUMAN_Giacomelli_WT_Nutlin_2018,48,16,0.5147594015365953,-0.4852405984634048
P53_HUMAN_Giacomelli_WT_Nutlin_2018,48,17,0.5147594015365953,-0.4852405984634048
P53_HUMAN_Giacomelli_WT_Nutlin_2018,48,18,-0.4852405984634048,-0.4852405984634048
P53_HUMAN_Giacomelli_WT_Nutlin_2018,48,19,0.5212292761827739,-0.478770723817226
P53_HUMAN_Giacomelli_WT_Nutlin_2018,48,20,0.5212292761827739,-0.478770723817226
P53_HUMAN_Giacomelli_WT_Nutlin_2018,48,21,1.521229276182774,-0.478770723817226
P53_HUMAN_Giacomelli_WT_Nutlin_2018,48,22,1.5147594015365953,-0.4852405984634048
P53_HUMAN_Giacomelli_WT_Nutlin_2018,48,23,-0.4852405984634048,-0.4852405984634048
P53_HUMAN_Giacomelli_WT_Nutlin_2018,48,24,0.5147594015365953,-0.4852405984634048
P53_HUMAN_Giacomelli_WT_Nutlin_2018,48,25,0.5147594015365953,-0.4852405984634048
P53_HUMAN_Giacomelli_WT_Nutlin_2018,48,26,0.5147594015365953,-0.4852405984634048
P53_HUMAN_Giacomelli_WT_Nutlin_2018,48,27,-0.478770723817226,-0.478770723817226
P53_HUMAN_Giacomelli_WT_Nutlin_2018,48,28,0.5147594015365953,-0.4852405984634048
P53_HUMAN_Giacomelli_WT_Nutlin_2018,48,29,-0.478770723817226,-0.478770723817226
P53_HUMAN_Giacomelli_WT_Nutlin_2018,48,30,-0.4852405984634048,-0.4852405984634048
P53_HUMAN_Giacomelli_WT_Nutlin_2018,48,31,0.5147594015365953,-0.4852405984634048
P53_HUMAN_Giacomelli_WT_Nutlin_2018,48,32,-0.4852405984634048,-0.4852405984634048
P53_HUMAN_Giacomelli_WT_Nutlin_2018,48,33,0.5147594015365953,-0.4852405984634048
P53_HUMAN_Giacomelli_WT_Nutlin_2018,48,34,-0.478770723817226,-0.478770723817226
P53_HUMAN_Giacomelli_WT_Nutlin_2018,48,35,1.5147594015365953,-0.4852405984634048
P53_HUMAN_Giacomelli_WT_Nutlin_2018,48,36,-0.478770723817226,-0.478770723817226
P53_HUMAN_Giacomelli_WT_Nutlin_2018,48,37,0.5147594015365953,-0.4852405984634048
P53_HUMAN_Giacomelli_WT_Nutlin_2018,48,38,-0.478770723817226,-0.478770723817226
P53_HUMAN_Giacomelli_WT_Nutlin_2018,48,39,-0.4852405984634048,-0.4852405984634048
P53_HUMAN_Giacomelli_WT_Nutlin_2018,96,0,3.5181115181115183,-0.4818884818884819
P53_HUMAN_Giacomelli_WT_Nutlin_2018,96,1,1.5181115181115181,-0.4818884818884819
P53_HUMAN_Giacomelli_WT_Nutlin_2018,96,2,-0.4884004884004884,-0.4884004884004884
P53_HUMAN_Giacomelli_WT_Nutlin_2018,96,3,2.5115995115995116,-0.4884004884004884
P53_HUMAN_Giacomelli_WT_Nutlin_2018,96,4,0.5115995115995116,-0.4884004884004884
P53_HUMAN_Giacomelli_WT_Nutlin_2018,96,5,2.5115995115995116,-0.4884004884004884
P53_HUMAN_Giacomelli_WT_Nutlin_2018,96,6,2.5246235246235247,-0.47537647537647537
P53_HUMAN_Giacomelli_WT_Nutlin_2018,96,7,-0.4818884818884819,-0.4818884818884819
P53_HUMAN_Giacomelli_WT_Nutlin_2018,96,8,3.5115995115995116,-0.4884004884004884
P53_HUMAN_Giacomelli_WT_Nutlin_2018,96,9,4.537647537647538,-0.46235246235246236
P53_HUMAN_Giacomelli_WT_Nutlin_2018,96,10,3.5115995115995116,-0.4884004884004884
P53_HUMAN_Giacomelli_WT_Nutlin_2018,96,11,1.531135531135531,-0.46886446886446886
P53_HUMAN_Giacomelli_WT_Nutlin_2018,96,12,1.5246235246235247,-0.47537647537647537
P53_HUMAN_Giacomelli_WT_Nutlin_2018,96,13,-0.4884004884004884,-0.4884004884004884
P53_HUMAN_Giacomelli_WT_Nutlin_2018,96,14,0.5311355311355311,-0.46886446886446886
P53_HUMAN_Giacomelli_WT_Nutlin_2018,96,15,1.5115995115995116,-0.4884004884004884
P53_HUMAN_Giacomelli_WT_Nutlin_2018,96,16,0.5246235246235247,-0.47537647537647537
P53_HUMAN_Giacomelli_WT_Nutlin_2018,96,17,0.5181115181115181,-0.4818884818884819
P53_HUMAN_Giacomelli_WT_Nutlin_2018,96,18,1.5181115181115181,-0.4818884818884819
P53_HUMAN_Giacomelli_WT_Nutlin_2018,96,19,3.5181115181115183,-0.4818884818884819
P53_HUMAN_Giacomelli_WT_Nutlin_2018,96,20,-0.4818884818884819,-0.4818884818884819
P53_HUMAN_Giacomelli_WT_Nutlin_2018,96,21,0.5181115181115181,-0.4818884818884819
P53_HUMAN_Giacomelli_WT_Nutlin_2018,96,22,0.5115995115995116,-0.4884004884004884
P53_HUMAN_Giacomelli_WT_Nutlin_2018,96,23,0.5311355311355311,-0.46886446886446886
P53_HUMAN_Giacomelli_WT_Nutlin_2018,96,24,-0.46886446886446886,-0.46886446886446886
P53_HUMAN_Giacomelli_WT_Nutlin_2018,96,25,3.5115995115995116,-0.4884004884004884
P53_HUMAN_Giacomelli_WT_Nutlin_2018,96,26,-0.46886446886446886,-0.46886446886446886
P53_HUMAN_Giacomelli_WT_Nutlin_2018,96,27,1.5246235246235247,-0.47537647537647537
P53_HUMAN_Giacomelli_WT_Nutlin_2018,96,28,2.5181115181115183,-0.4818884818884819
P53_HUMAN_Giacomelli_WT_Nutlin_2018,96,29,0.5246235246235247,-0.47537647537647537
P53_HUMAN_Giacomelli_WT_Nutlin_2018,96,30,3.5115995115995116,-0.4884004884004884
P53_HUMAN_Giacomelli_WT_Nutlin_2018,96,31,-0.4818884818884819,-0.4818884818884819
P53_HUMAN_Giacomelli_WT_Nutlin_2018,96,32,0.5115995115995116,-0.4884004884004884
P53_HUMAN_Giacomelli_WT_Nutlin_2018,96,33,-0.4818884818884819,-0.4818884818884819
P53_HUMAN_Giacomelli_WT_Nutlin_2018,96,34,-0.4884004884004884,-0.4884004884004884
P53_HUMAN_Giacomelli_WT_Nutlin_2018,96,35,0.5115995115995116,-0.4884004884004884
P53_HUMAN_Giacomelli_WT_Nutlin_2018,96,36,1.5115995115995116,-0.4884004884004884
P53_HUMAN_Giacomelli_WT_Nutlin_2018,96,37,0.5181115181115181,-0.4818884818884819
P53_HUMAN_Giacomelli_WT_Nutlin_2018,96,38,2.5115995115995116,-0.4884004884004884
P53_HUMAN_Giacomelli_WT_Nutlin_2018,96,39,0.5115995115995116,-0.4884004884004884
P53_HUMAN_Giacomelli_WT_Nutlin_2018,192,0,3.5117525773195877,-0.4882474226804124
P53_HUMAN_Giacomelli_WT_Nutlin_2018,192,1,0.5183505154639175,-0.4816494845360825
P53_HUMAN_Giacomelli_WT_Nutlin_2018,192,2,3.5315463917525776,-0.46845360824742266
P53_HUMAN_Giacomelli_WT_Nutlin_2018,192,3,1.5249484536082474,-0.47505154639175257
P53_HUMAN_Giacomelli_WT_Nutlin_2018,192,4,1.5051546391752577,-0.4948453608247423
P53_HUMAN_Giacomelli_WT_Nutlin_2018,192,5,-0.47505154639175257,-0.47505154639175257
P53_HUMAN_Giacomelli_WT_Nutlin_2018,192,6,4.518350515463918,-0.4816494845360825
P53_HUMAN_Giacomelli_WT_Nutlin_2018,192,7,1.5117525773195877,-0.4882474226804124
P53_HUMAN_Giacomelli_WT_Nutlin_2018,192,8,0.5117525773195877,-0.4882474226804124
P53_HUMAN_Giacomelli_WT_Nutlin_2018,192,9,0.5117525773195877,-0.4882474226804124
P53_HUMAN_Giacomelli_WT_Nutlin_2018,192,10,0.5183505154639175,-0.4816494845360825
P53_HUMAN_Giacomelli_WT_Nutlin_2018,192,11,1.5183505154639176,-0.4816494845360825
P53_HUMAN_Giacomelli_WT_Nutlin_2018,192,12,0.5117525773195877,-0.4882474226804124
P53_HUMAN_Giacomelli_WT_Nutlin_2018,192,13,2.5183505154639176,-0.4816494845360825
P53_HUMAN_Giacomelli_WT_Nutlin_2018,192,14,3.5183505154639176,-0.4816494845360825
P53_HUMAN_Giacomelli_WT_Nutlin_2018,192,15,7.518350515463918,-0.4816494845360825
P53_HUMAN_Giacomelli_WT_Nutlin_2018,192,16,0.5183505154639175,-0.4816494845360825
P53_HUMAN_Giacomelli_WT_Nutlin_2018,192,17,2.5051546391752577,-0.4948453608247423
P53_HUMAN_Giacomelli_WT_Nutlin_2018,192,18,2.5183505154639176,-0.4816494845360825
P53_HUMAN_Giacomelli_WT_Nutlin_2018,192,19,1.5183505154639176,-0.4816494845360825
P53_HUMAN_Giacomelli_WT_Nutlin_2018,192,20,0.5051546391752577,-0.4948453608247423
P53_HUMAN_Giacomelli_WT_Nutlin_2018,192,21,2.5051546391752577,-0.4948453608247423
P53_HUMAN_Giacomelli_WT_Nutlin_2018,192,22,2.5183505154639176,-0.4816494845360825
P53_HUMAN_Giacomelli_WT_Nutlin_2018,192,23,0.5117525773195877,-0.4882474226804124
P53_HUMAN_Giacomelli_WT_Nutlin_2018,192,24,1.5117525773195877,-0.4882474226804124
P53_HUMAN_Giacomelli_WT_Nutlin_2018,192,25,4.511752577319587,-0.4882474226804124
P53_HUMAN_Giacomelli_WT_Nutlin_2018,192,26,1.5315463917525773,-0.46845360824742266
P53_HUMAN_Giacomelli_WT_Nutlin_2018,192,27,-0.4882474226804124,-0.4882474226804124
P53_HUMAN_Giacomelli_WT_Nutlin_2018,192,28,4.511752577319587,-0.4882474226804124
P53_HUMAN_Giacomelli_WT_Nutlin_2018,192,29,1.5183505154639176,-0.4816494845360825
P53_HUMAN_Giacomelli_WT_Nutlin_2018,192,30,4.511752577319587,-0.4882474226804124
P53_HUMAN_Giacomelli_WT_Nutlin_2018,192,31,3.5183505154639176,-0.4816494845360825
P53_HUMAN_Giacomelli_WT_Nutlin_2018,192,32,3.5249484536082476,-0.47505154639175257
P53_HUMAN_Giacomelli_WT_Nutlin_2018,192,33,2.5315463917525776,-0.46845360824742266
P53_HUMAN_Giacomelli_WT_Nutlin_2018,192,34,2.5183505154639176,-0.4816494845360825
P53_HUMAN_Giacomelli_WT_Nutlin_2018,192,35,0.5117525773195877,-0.4882474226804124
P53_HUMAN_Giacomelli_WT_Nutlin_2018,192,36,2.5117525773195877,-0.4882474226804124
P53_HUMAN_Giacomelli_WT_Nutlin_2018,192,37,4.518350515463918,-0.4816494845360825
P53_HUMAN_Giacomelli_WT_Nutlin_2018,192,38,-0.4816494845360825,-0.4816494845360825
P53_HUMAN_Giacomelli_WT_Nutlin_2018,192,39,1.5315463917525773,-0.46845360824742266
P53_HUMAN_Giacomelli_WT_Nutlin_2018,384,0,4.52562473528166,-0.4743752647183397
P53_HUMAN_Giacomelli_WT_Nutlin_2018,384,1,2.5120711562897076,-0.48792884371029227
P53_HUMAN_Giacomelli_WT_Nutlin_2018,384,2,3.491740787801779,-0.5082592121982211
P53_HUMAN_Giacomelli_WT_Nutlin_2018,384,3,3.5052943667937315,-0.49470563320626854
P53_HUMAN_Giacomelli_WT_Nutlin_2018,384,4,5.512071156289708,-0.48792884371029227
P53_HUMAN_Giacomelli_WT_Nutlin_2018,384,5,1.5052943667937315,-0.49470563320626854
P53_HUMAN_Giacomelli_WT_Nutlin_2018,384,6,1.5256247352816603,-0.4743752647183397
P53_HUMAN_Giacomelli_WT_Nutlin_2018,384,7,4.52562473528166,-0.4743752647183397
P53_HUMAN_Giacomelli_WT_Nutlin_2018,384,8,5.5052943667937315,-0.49470563320626854
P53_HUMAN_Giacomelli_WT_Nutlin_2018,384,9,1.518847945785684,-0.48115205421431595
P53_HUMAN_Giacomelli_WT_Nutlin_2018,384,10,0.5527318932655654,-0.44726810673443457
P53_HUMAN_Giacomelli_WT_Nutlin_2018,384,11,2.498517577297755,-0.5014824227022449
P53_HUMAN_Giacomelli_WT_Nutlin_2018,384,12,2.518847945785684,-0.48115205421431595
P53_HUMAN_Giacomelli_WT_Nutlin_2018,384,13,9.52562473528166,-0.4743752647183397
P53_HUMAN_Giacomelli_WT_Nutlin_2018,384,14,4.5052943667937315,-0.49470563320626854
P53_HUMAN_Giacomelli_WT_Nutlin_2018,384,15,5.52562473528166,-0.4743752647183397
P53_HUMAN_Giacomelli_WT_Nutlin_2018,384,16,3.5120711562897076,-0.48792884371029227
P53_HUMAN_Giacomelli_WT_Nutlin_2018,384,17,3.5052943667937315,-0.49470563320626854
P53_HUMAN_Giacomelli_WT_Nutlin_2018,384,18,0.5324015247776366,-0.4675984752223634
P53_HUMAN_Giacomelli_WT_Nutlin_2018,384,19,5.539178314273613,-0.4608216857263871
P53_HUMAN_Giacomelli_WT_Nutlin_2018,384,20,2.52562473528166,-0.4743752647183397
P53_HUMAN_Giacomelli_WT_Nutlin_2018,384,21,1.5391783142736128,-0.4608216857263871
P53_HUMAN_Giacomelli_WT_Nutlin_2018,384,22,2.5052943667937315,-0.49470563320626854
P53_HUMAN_Giacomelli_WT_Nutlin_2018,384,23,1.518847945785684,-0.48115205421431595
P53_HUMAN_Giacomelli_WT_Nutlin_2018,384,24,0.5052943667937315,-0.49470563320626854
P53_HUMAN_Giacomelli_WT_Nutlin_2018,384,25,2.498517577297755,-0.5014824227022449
P53_HUMAN_Giacomelli_WT_Nutlin_2018,384,26,1.5256247352816603,-0.4743752647183397
P53_HUMAN_Giacomelli_WT_Nutlin_2018,384,27,8.518847945785684,-0.48115205421431595
P53_HUMAN_Giacomelli_WT_Nutlin_2018,384,28,4.532401524777637,-0.4675984752223634
P53_HUMAN_Giacomelli_WT_Nutlin_2018,384,29,1.5324015247776366,-0.4675984752223634
P53_HUMAN_Giacomelli_WT_Nutlin_2018,384,30,4.518847945785684,-0.48115205421431595
P53_HUMAN_Giacomelli_WT_Nutlin_2018,384,31,0.5391783142736128,-0.4608216857263871
P53_HUMAN_Giacomelli_WT_Nutlin_2018,384,32,1.518847945785684,-0.48115205421431595
P53_HUMAN_Giacomelli_WT_Nutlin_2018,384,33,-0.4675984752223634,-0.4675984752223634
P53_HUMAN_Giacomelli_WT_Nutlin_2018,384,34,2.5052943667937315,-0.49470563320626854
P53_HUMAN_Giacomelli_WT_Nutlin_2018,384,35,2.5052943667937315,-0.49470563320626854
P53_HUMAN_Giacomelli_WT_Nutlin_2018,384,36,-0.5014824227022449,-0.5014824227022449
P53_HUMAN_Giacomelli_WT_Nutlin_2018,384,37,5.512071156289708,-0.48792884371029227
P53_HUMAN_Giacomelli_WT_Nutlin_2018,384,38,0.518847945785684,-0.48115205421431595
P53_HUMAN_Giacomelli_WT_Nutlin_2018,384,39,4.498517577297755,-0.5014824227022449
P84126_THETH_Chan_2017,24,0,-0.4816053511705686,7.518394648829432
P84126_THETH_Chan_2017,24,1,-0.4816053511705686,7.518394648829432
P84126_THETH_Chan_2017,24,2,-0.4816053511705686,7.518394648829432
P84126_THETH_Chan_2017,24,3,-0.4816053511705686,7.518394648829432
P84126_THETH_Chan_2017,24,4,-0.4816053511705686,7.518394648829432
P84126_THETH_Chan_2017,24,5,-0.4816053511705686,7.518394648829432
P84126_THETH_Chan_2017,24,6,-0.4816053511705686,7.518394648829432
P84126_THETH_Chan_2017,24,7,0.5505016722408027,6.550501672240802
P84126_THETH_Chan_2017,24,8,-0.4816053511705686,7.518394648829432
P84126_THETH_Chan_2017,24,9,8.550501672240802,6.550501672240802
P84126_THETH_Chan_2017,24,10,2.5183946488294313,7.518394648829432
P84126_THETH_Chan_2017,24,11,-0.4816053511705686,7.518394648829432
P84126_THETH_Chan_2017,24,12,-0.4816053511705686,7.518394648829432
P84126_THETH_Chan_2017,24,13,-0.4816053511705686,7.518394648829432
P84126_THETH_Chan_2017,24,14,-0.4816053511705686,7.518394648829432
P84126_THETH_Chan_2017,24,15,-0.4816053511705686,7.518394648829432
P84126_THETH_Chan_2017,24,16,-0.4816053511705686,7.518394648829432
P84126_THETH_Chan_2017,24,17,-0.4816053511705686,7.518394648829432
P84126_THETH_Chan_2017,24,18,-0.4816053511705686,7.518394648829432
P84126_THETH_Chan_2017,24,19,-0.4816053511705686,7.518394648829432
P84126_THETH_Chan_2017,24,20,-0.4816053511705686,7.518394648829432
P84126_THETH_Chan_2017,24,21,1.5505016722408027,6.550501672240802
P84126_THETH_Chan_2017,24,22,-0.4816053511705686,7.518394648829432
P84126_THETH_Chan_2017,24,23,-0.4816053511705686,7.518394648829432
P84126_THETH_Chan_2017,24,24,1.5505016722408027,7.550501672240802
P84126_THETH_Chan_2017,24,25,4.550501672240802,7.550501672240802
P84126_THETH_Chan_2017,24,26,-0.4816053511705686,7.518394648829432
P84126_THETH_Chan_2017,24,27,-0.4816053511705686,7.518394648829432
P84126_THETH_Chan_2017,24,28,-0.4816053511705686,7.518394648829432
P84126_THETH_Chan_2017,24,29,-0.4816053511705686,7.518394648829432
P84126_THETH_Chan_2017,24,30,0.5183946488294314,7.518394648829432
P84126_THETH_Chan_2017,24,31,-0.4816053511705686,7.518394648829432
P84126_THETH_Chan_2017,24,32,-0.4816053511705686,7.518394648829432
P84126_THETH_Chan_2017,24,33,-0.4816053511705686,7.518394648829432
P84126_THETH_Chan_2017,24,34,-0.4816053511705686,7.518394648829432
P84126_THETH_Chan_2017,24,35,0.5183946488294314,7.518394648829432
P84126_THETH_Chan_2017,24,36,-0.4816053511705686,7.518394648829432
P84126_THETH_Chan_2017,24,37,-0.4816053511705686,7.518394648829432
P84126_THETH_Chan_2017,24,38,-0.4816053511705686,7.518394648829432
P84126_THETH_Chan_2017,24,39,6.518394648829432,7.518394648829432
P84126_THETH_Chan_2017,48,0,0.5105370496261047,7.510537049626104
P84126_THETH_Chan_2017,48,1,-0.4894629503738953,7.510537049626104
P84126_THETH_Chan_2017,48,2,-0.4894629503738953,7.510537049626104
P84126_THETH_Chan_2017,48,3,-0.4894629503738953,7.510537049626104
P84126_THETH_Chan_2017,48,4,-0.4894629503738953,7.510537049626104
P84126_THETH_Chan_2017,48,5,-0.4894629503738953,7.510537049626104
P84126_THETH_Chan_2017,48,6,7.543167912984364,7.543167912984364
P84126_THETH_Chan_2017,48,7,-0.4894629503738953,7.510537049626104
P84126_THETH_Chan_2017,48,8,-0.4568320870156356,6.543167912984364
P84126_THETH_Chan_2017,48,9,-0.4894629503738953,7.510537049626104
P84126_THETH_Chan_2017,48,10,3.5431679129843645,6.543167912984364
P84126_THETH_Chan_2017,48,11,1.5431679129843645,7.543167912984364
P84126_THETH_Chan_2017,48,12,0.5431679129843644,7.543167912984364
P84126_THETH_Chan_2017,48,13,8.543167912984364,7.543167912984364
P84126_THETH_Chan_2017,48,14,-0.4894629503738953,7.510537049626104
P84126_THETH_Chan_2017,48,15,1.5431679129843645,6.543167912984364
P84126_THETH_Chan_2017,48,16,-0.4894629503738953,7.510537049626104
P84126_THETH_Chan_2017,48,17,-0.4894629503738953,7.510537049626104
P84126_THETH_Chan_2017,48,18,3.5431679129843645,7.543167912984364
P84126_THETH_Chan_2017,48,19,-0.4894629503738953,7.510537049626104
P84126_THETH_Chan_2017,48,20,0.5105370496261047,7.510537049626104
P84126_THETH_Chan_2017,48,21,7.543167912984364,7.543167912984364
P84126_THETH_Chan_2017,48,22,-0.4894629503738953,7.510537049626104
P84126_THETH_Chan_2017,48,23,-0.4894629503738953,7.510537049626104
P84126_THETH_Chan_2017,48,24,0.575798776342624,6.575798776342624
P84126_THETH_Chan_2017,48,25,-0.4568320870156356,6.543167912984364
P84126_THETH_Chan_2017,48,26,-0.4894629503738953,7.510537049626104
P84126_THETH_Chan_2017,48,27,3.5431679129843645,6.543167912984364
P84126_THETH_Chan_2017,48,28,3.5431679129843645,6.543167912984364
P84126_THETH_Chan_2017,48,29,2.5431679129843645,7.543167912984364
P84126_THETH_Chan_2017,48,30,2.510537049626105,7.510537049626104
P84126_THETH_Chan_2017,48,31,-0.4894629503738953,7.510537049626104
P84126_THETH_Chan_2017,48,32,-0.4568320870156356,6.543167912984364
P84126_THETH_Chan_2017,48,33,7.510537049626104,7.510537049626104
P84126_THETH_Chan_2017,48,34,5.543167912984364,6.543167912984364
P84126_THETH_Chan_2017,48,35,-0.4894629503738953,7.510537049626104
P84126_THETH_Chan_2017,48,36,-0.4894629503738953,7.510537049626104
P84126_THETH_Chan_2017,48,37,-0.4894629503738953,7.510537049626104
P84126_THETH_Chan_2017,48,38,-0.4894629503738953,7.510537049626104
P84126_THETH_Chan_2017,48,39,-0.4568320870156356,6.543167912984364
P84126_THETH_Chan_2017,96,0,2.527758257203092,7.527758257203092
P84126_THETH_Chan_2017,96,1,5.561489810260014,8.561489810260014
P84126_THETH_Chan_2017,96,2,5.595221363316936,7.595221363316936
P84126_THETH_Chan_2017,96,3,-0.5059732958538299,7.494026704146171
P84126_THETH_Chan_2017,96,4,2.49402670414617,7.494026704146171
P84126_THETH_Chan_2017,96,5,-0.5059732958538299,7.494026704146171
P84126_THETH_Chan_2017,96,6,5.527758257203092,6.527758257203092
P84126_THETH_Chan_2017,96,7,-0.5059732958538299,7.494026704146171
P84126_THETH_Chan_2017,96,8,4.527758257203092,7.527758257203092
P84126_THETH_Chan_2017,96,9,-0.5059732958538299,7.494026704146171
P84126_THETH_Chan_2017,96,10,6.595221363316936,5.595221363316936
P84126_THETH_Chan_2017,96,11,-0.5059732958538299,7.494026704146171
P84126_THETH_Chan_2017,96,12,2.561489810260014,7.561489810260014
P84126_THETH_Chan_2017,96,13,6.561489810260014,7.561489810260014
P84126_THETH_Chan_2017,96,14,3.527758257203092,7.527758257203092
P84126_THETH_Chan_2017,96,15,6.628952916373858,5.628952916373858
P84126_THETH_Chan_2017,96,16,6.561489810260014,7.561489810260014
P84126_THETH_Chan_2017,96,17,1.4940267041461701,7.494026704146171
P84126_THETH_Chan_2017,96,18,10.561489810260014,6.561489810260014
P84126_THETH_Chan_2017,96,19,6.527758257203092,6.527758257203092
P84126_THETH_Chan_2017,96,20,8.561489810260014,7.561489810260014
P84126_THETH_Chan_2017,96,21,3.527758257203092,8.527758257203091
P84126_THETH_Chan_2017,96,22,-0.5059732958538299,7.494026704146171
P84126_THETH_Chan_2017,96,23,-0.5059732958538299,7.494026704146171
P84126_THETH_Chan_2017,96,24,-0.47224174279690795,7.527758257203092
P84126_THETH_Chan_2017,96,25,-0.5059732958538299,7.494026704146171
P84126_THETH_Chan_2017,96,26,6.561489810260014,7.561489810260014
P84126_THETH_Chan_2017,96,27,-0.5059732958538299,8.49402670414617
P84126_THETH_Chan_2017,96,28,-0.5059732958538299,7.494026704146171
P84126_THETH_Chan_2017,96,29,2.527758257203092,8.527758257203091
P84126_THETH_Chan_2017,96,30,-0.5059732958538299,8.49402670414617
P84126_THETH_Chan_2017,96,31,0.5277582572030921,7.527758257203092
P84126_THETH_Chan_2017,96,32,-0.5059732958538299,8.49402670414617
P84126_THETH_Chan_2017,96,33,1.527758257203092,7.527758257203092
P84126_THETH_Chan_2017,96,34,-0.5059732958538299,7.494026704146171
P84126_THETH_Chan_2017,96,35,8.628952916373859,6.628952916373858
P84126_THETH_Chan_2017,96,36,-0.5059732958538299,7.494026704146171
P84126_THETH_Chan_2017,96,37,-0.5059732958538299,7.494026704146171
P84126_THETH_Chan_2017,96,38,-0.5059732958538299,8.49402670414617
P84126_THETH_Chan_2017,96,39,4.527758257203092,6.527758257203092
P84126_THETH_Chan_2017,192,0,3.5297663903541823,7.529766390354182
P84126_THETH_Chan_2017,192,1,2.602110022607385,5.602110022607385
P84126_THETH_Chan_2017,192,2,7.529766390354182,6.529766390354182
P84126_THETH_Chan_2017,192,3,8.529766390354183,7.529766390354182
P84126_THETH_Chan_2017,192,4,6.493594574227581,7.493594574227581
P84126_THETH_Chan_2017,192,5,2.5297663903541823,6.529766390354182
P84126_THETH_Chan_2017,192,6,6.493594574227581,8.493594574227581
P84126_THETH_Chan_2017,192,7,4.565938206480784,6.565938206480784
P84126_THETH_Chan_2017,192,8,7.529766390354182,7.529766390354182
P84126_THETH_Chan_2017,192,9,-0.506405425772419,7.493594574227581
P84126_THETH_Chan_2017,192,10,1.5297663903541823,6.529766390354182
P84126_THETH_Chan_2017,192,11,2.493594574227581,7.493594574227581
P84126_THETH_Chan_2017,192,12,4.602110022607385,6.602110022607385
P84126_THETH_Chan_2017,192,13,7.4574227581009795,8.45742275810098
P84126_THETH_Chan_2017,192,14,5.565938206480784,7.565938206480784
P84126_THETH_Chan_2017,192,15,2.4574227581009795,7.4574227581009795
P84126_THETH_Chan_2017,192,16,0.45742275810097965,8.45742275810098
P84126_THETH_Chan_2017,192,17,3.493594574227581,7.493594574227581
P84126_THETH_Chan_2017,192,18,10.529766390354183,8.529766390354183
P84126_THETH_Chan_2017,192,19,3.493594574227581,7.493594574227581
P84126_THETH_Chan_2017,192,20,0.493594574227581,7.493594574227581
P84126_THETH_Chan_2017,192,21,3.602110022607385,5.602110022607385
P84126_THETH_Chan_2017,192,22,3.493594574227581,7.493594574227581
P84126_THETH_Chan_2017,192,23,3.6382818387339864,4.638281838733986
P84126_THETH_Chan_2017,192,24,11.529766390354183,7.529766390354182
P84126_THETH_Chan_2017,192,25,3.493594574227581,7.493594574227581
P84126_THETH_Chan_2017,192,26,0.493594574227581,7.493594574227581
P84126_THETH_Chan_2017,192,27,1.493594574227581,7.493594574227581
P84126_THETH_Chan_2017,192,28,6.602110022607385,6.602110022607385
P84126_THETH_Chan_2017,192,29,3.5659382064807836,6.565938206480784
P84126_THETH_Chan_2017,192,30,3.493594574227581,8.493594574227581
P84126_THETH_Chan_2017,192,31,3.5297663903541823,6.529766390354182
P84126_THETH_Chan_2017,192,32,8.638281838733986,5.638281838733986
P84126_THETH_Chan_2017,192,33,7.529766390354182,7.529766390354182
P84126_THETH_Chan_2017,192,34,6.493594574227581,7.493594574227581
P84126_THETH_Chan_2017,192,35,6.602110022607385,6.602110022607385
P84126_THETH_Chan_2017,192,36,4.493594574227581,8.493594574227581
P84126_THETH_Chan_2017,192,37,2.5297663903541823,6.529766390354182
P84126_THETH_Chan_2017,192,38,-0.5425772418990203,7.4574227581009795
P84126_THETH_Chan_2017,192,39,8.565938206480784,6.565938206480784
PTEN_HUMAN_Matreyek_2021,24,0,-0.4838900968570864,4.5161099031429135
PTEN_HUMAN_Matreyek_2021,24,1,0.5161099031429136,4.5161099031429135
PTEN_HUMAN_Matreyek_2021,24,2,-0.4838900968570864,4.5161099031429135
PTEN_HUMAN_Matreyek_2021,24,3,0.5161099031429136,4.5161099031429135
PTEN_HUMAN_Matreyek_2021,24,4,-0.4838900968570864,4.5161099031429135
PTEN_HUMAN_Matreyek_2021,24,5,-0.4838900968570864,4.5161099031429135
PTEN_HUMAN_Matreyek_2021,24,6,-0.4838900968570864,4.5161099031429135
PTEN_HUMAN_Matreyek_2021,24,7,-0.46491401462739673,3.535085985372603
PTEN_HUMAN_Matreyek_2021,24,8,-0.4838900968570864,4.5161099031429135
PTEN_HUMAN_Matreyek_2021,24,9,-0.47440205574224154,4.5255979442577585
PTEN_HUMAN_Matreyek_2021,24,10,-0.4838900968570864,4.5161099031429135
PTEN_HUMAN_Matreyek_2021,24,11,-0.4838900968570864,4.5161099031429135
PTEN_HUMAN_Matreyek_2021,24,12,0.5161099031429136,4.5161099031429135
PTEN_HUMAN_Matreyek_2021,24,13,0.5161099031429136,4.5161099031429135
PTEN_HUMAN_Matreyek_2021,24,14,1.5161099031429135,4.5161099031429135
PTEN_HUMAN_Matreyek_2021,24,15,1.5161099031429135,4.5161099031429135
PTEN_HUMAN_Matreyek_2021,24,16,0.5255979442577585,4.5255979442577585
PTEN_HUMAN_Matreyek_2021,24,17,-0.4838900968570864,4.5161099031429135
PTEN_HUMAN_Matreyek_2021,24,18,-0.4838900968570864,4.5161099031429135
PTEN_HUMAN_Matreyek_2021,24,19,0.5255979442577585,4.5255979442577585
PTEN_HUMAN_Matreyek_2021,24,20,0.5161099031429136,4.5161099031429135
PTEN_HUMAN_Matreyek_2021,24,21,-0.4838900968570864,4.5161099031429135
PTEN_HUMAN_Matreyek_2021,24,22,-0.4838900968570864,4.5161099031429135
PTEN_HUMAN_Matreyek_2021,24,23,1.5161099031429135,4.5161099031429135
PTEN_HUMAN_Matreyek_2021,24,24,-0.4838900968570864,4.5161099031429135
PTEN_HUMAN_Matreyek_2021,24,25,-0.4838900968570864,4.5161099031429135
PTEN_HUMAN_Matreyek_2021,24,26,-0.4838900968570864,4.5161099031429135
PTEN_HUMAN_Matreyek_2021,24,27,-0.4838900968570864,4.5161099031429135
PTEN_HUMAN_Matreyek_2021,24,28,-0.4838900968570864,4.5161099031429135
PTEN_HUMAN_Matreyek_2021,24,29,-0.4838900968570864,4.5161099031429135
PTEN_HUMAN_Matreyek_2021,24,30,0.5161099031429136,4.5161099031429135
PTEN_HUMAN_Matreyek_2021,24,31,-0.4838900968570864,4.5161099031429135
PTEN_HUMAN_Matreyek_2021,24,32,0.5161099031429136,4.5161099031429135
PTEN_HUMAN_Matreyek_2021,24,33,-0.47440205574224154,4.5255979442577585
PTEN_HUMAN_Matreyek_2021,24,34,-0.4838900968570864,4.5161099031429135
PTEN_HUMAN_Matreyek_2021,24,35,-0.4838900968570864,4.5161099031429135
PTEN_HUMAN_Matreyek_2021,24,36,-0.4838900968570864,4.5161099031429135
PTEN_HUMAN_Matreyek_2021,24,37,0.5161099031429136,4.5161099031429135
PTEN_HUMAN_Matreyek_2021,24,38,-0.47440205574224154,4.5255979442577585
PTEN_HUMAN_Matreyek_2021,24,39,0.5161099031429136,4.5161099031429135
PTEN_HUMAN_Matreyek_2021,48,0,-0.48619662363455807,4.513803376365442
PTEN_HUMAN_Matreyek_2021,48,1,-0.4766633565044687,4.523336643495531
PTEN_HUMAN_Matreyek_2021,48,2,-0.4766633565044687,4.523336643495531
PTEN_HUMAN_Matreyek_2021,48,3,0.5138033763654419,4.513803376365442
PTEN_HUMAN_Matreyek_2021,48,4,-0.4766633565044687,4.523336643495531
PTEN_HUMAN_Matreyek_2021,48,5,-0.4766633565044687,4.523336643495531
PTEN_HUMAN_Matreyek_2021,48,6,-0.4480635551142006,3.5519364448857993
PTEN_HUMAN_Matreyek_2021,48,7,-0.4766633565044687,3.523336643495531
PTEN_HUMAN_Matreyek_2021,48,8,-0.4766633565044687,3.523336643495531
PTEN_HUMAN_Matreyek_2021,48,9,-0.48619662363455807,4.513803376365442
PTEN_HUMAN_Matreyek_2021,48,10,-0.48619662363455807,4.513803376365442
PTEN_HUMAN_Matreyek_2021,48,11,-0.4766633565044687,4.523336643495531
PTEN_HUMAN_Matreyek_2021,48,12,-0.48619662363455807,4.513803376365442
PTEN_HUMAN_Matreyek_2021,48,13,0.5138033763654419,4.513803376365442
PTEN_HUMAN_Matreyek_2021,48,14,-0.48619662363455807,4.513803376365442
PTEN_HUMAN_Matreyek_2021,48,15,-0.48619662363455807,4.513803376365442
PTEN_HUMAN_Matreyek_2021,48,16,-0.4766633565044687,3.523336643495531
PTEN_HUMAN_Matreyek_2021,48,17,-0.48619662363455807,4.513803376365442
PTEN_HUMAN_Matreyek_2021,48,18,-0.48619662363455807,4.513803376365442
PTEN_HUMAN_Matreyek_2021,48,19,-0.48619662363455807,4.513803376365442
PTEN_HUMAN_Matreyek_2021,48,20,-0.48619662363455807,4.513803376365442
PTEN_HUMAN_Matreyek_2021,48,21,-0.48619662363455807,4.513803376365442
PTEN_HUMAN_Matreyek_2021,48,22,0.5138033763654419,4.513803376365442
PTEN_HUMAN_Matreyek_2021,48,23,-0.48619662363455807,4.513803376365442
PTEN_HUMAN_Matreyek_2021,48,24,1.513803376365442,4.513803376365442
PTEN_HUMAN_Matreyek_2021,48,25,-0.4766633565044687,4.523336643495531
PTEN_HUMAN_Matreyek_2021,48,26,1.5233366434955313,4.523336643495531
PTEN_HUMAN_Matreyek_2021,48,27,-0.48619662363455807,4.513803376365442
PTEN_HUMAN_Matreyek_2021,48,28,0.5138033763654419,4.513803376365442
PTEN_HUMAN_Matreyek_2021,48,29,-0.48619662363455807,4.513803376365442
PTEN_HUMAN_Matreyek_2021,48,30,-0.4766633565044687,4.523336643495531
PTEN_HUMAN_Matreyek_2021,48,31,-0.48619662363455807,4.513803376365442
PTEN_HUMAN_Matreyek_2021,48,32,0.5233366434955313,4.523336643495531
PTEN_HUMAN_Matreyek_2021,48,33,-0.46713008937437933,3.5328699106256205
PTEN_HUMAN_Matreyek_2021,48,34,0.5138033763654419,4.513803376365442
PTEN_HUMAN_Matreyek_2021,48,35,-0.48619662363455807,4.513803376365442
PTEN_HUMAN_Matreyek_2021,48,36,-0.48619662363455807,4.513803376365442
PTEN_HUMAN_Matreyek_2021,48,37,-0.48619662363455807,4.513803376365442
PTEN_HUMAN_Matreyek_2021,48,38,-0.4766633565044687,4.523336643495531
PTEN_HUMAN_Matreyek_2021,48,39,0.5138033763654419,4.513803376365442
PTEN_HUMAN_Matreyek_2021,96,0,0.5187487467415279,3.518748746741528
PTEN_HUMAN_Matreyek_2021,96,1,-0.49087627832364145,4.509123721676358
PTEN_HUMAN_Matreyek_2021,96,2,-0.4716262281933026,4.528373771806697
PTEN_HUMAN_Matreyek_2021,96,3,-0.481251253258472,4.518748746741528
PTEN_HUMAN_Matreyek_2021,96,4,-0.481251253258472,4.518748746741528
PTEN_HUMAN_Matreyek_2021,96,5,0.5091237216763586,4.509123721676358
PTEN_HUMAN_Matreyek_2021,96,6,-0.481251253258472,4.518748746741528
PTEN_HUMAN_Matreyek_2021,96,7,0.5283737718066974,3.5283737718066974
PTEN_HUMAN_Matreyek_2021,96,8,1.518748746741528,4.518748746741528
PTEN_HUMAN_Matreyek_2021,96,9,0.5091237216763586,4.509123721676358
PTEN_HUMAN_Matreyek_2021,96,10,-0.49087627832364145,4.509123721676358
PTEN_HUMAN_Matreyek_2021,96,11,-0.481251253258472,4.518748746741528
PTEN_HUMAN_Matreyek_2021,96,12,0.5187487467415279,4.518748746741528
PTEN_HUMAN_Matreyek_2021,96,13,-0.481251253258472,4.518748746741528
PTEN_HUMAN_Matreyek_2021,96,14,1.518748746741528,4.518748746741528
PTEN_HUMAN_Matreyek_2021,96,15,0.5187487467415279,4.518748746741528
PTEN_HUMAN_Matreyek_2021,96,16,-0.4716262281933026,3.5283737718066974
PTEN_HUMAN_Matreyek_2021,96,17,0.5187487467415279,4.518748746741528
PTEN_HUMAN_Matreyek_2021,96,18,-0.481251253258472,4.518748746741528
PTEN_HUMAN_Matreyek_2021,96,19,0.5187487467415279,4.518748746741528
PTEN_HUMAN_Matreyek_2021,96,20,-0.4716262281933026,4.528373771806697
PTEN_HUMAN_Matreyek_2021,96,21,1.5091237216763584,4.509123721676358
PTEN_HUMAN_Matreyek_2021,96,22,0.5091237216763586,4.509123721676358
PTEN_HUMAN_Matreyek_2021,96,23,0.5187487467415279,4.518748746741528
PTEN_HUMAN_Matreyek_2021,96,24,-0.481251253258472,4.518748746741528
PTEN_HUMAN_Matreyek_2021,96,25,0.5091237216763586,4.509123721676358
PTEN_HUMAN_Matreyek_2021,96,26,2.5091237216763584,4.509123721676358
PTEN_HUMAN_Matreyek_2021,96,27,0.5091237216763586,4.509123721676358
PTEN_HUMAN_Matreyek_2021,96,28,-0.4716262281933026,4.528373771806697
PTEN_HUMAN_Matreyek_2021,96,29,-0.49087627832364145,4.509123721676358
PTEN_HUMAN_Matreyek_2021,96,30,-0.4716262281933026,4.528373771806697
PTEN_HUMAN_Matreyek_2021,96,31,1.518748746741528,4.518748746741528
PTEN_HUMAN_Matreyek_2021,96,32,1.518748746741528,4.518748746741528
PTEN_HUMAN_Matreyek_2021,96,33,1.518748746741528,4.518748746741528
PTEN_HUMAN_Matreyek_2021,96,34,0.5091237216763586,4.509123721676358
PTEN_HUMAN_Matreyek_2021,96,35,-0.49087627832364145,4.509123721676358
PTEN_HUMAN_Matreyek_2021,96,36,-0.481251253258472,4.518748746741528
PTEN_HUMAN_Matreyek_2021,96,37,-0.46200120312813314,3.5379987968718667
PTEN_HUMAN_Matreyek_2021,96,38,-0.4716262281933026,4.528373771806697
PTEN_HUMAN_Matreyek_2021,96,39,0.5187487467415279,4.518748746741528
PTEN_HUMAN_Matreyek_2021,192,0,0.5289306890206502,3.52893068902065
PTEN_HUMAN_Matreyek_2021,192,1,-0.5005111429155592,4.499488857084441
PTEN_HUMAN_Matreyek_2021,192,2,-0.48088325495808626,4.519116745041914
PTEN_HUMAN_Matreyek_2021,192,3,0.4994888570844408,4.499488857084441
PTEN_HUMAN_Matreyek_2021,192,4,0.4994888570844408,4.499488857084441
PTEN_HUMAN_Matreyek_2021,192,5,1.4994888570844407,4.499488857084441
PTEN_HUMAN_Matreyek_2021,192,6,-0.49069719893682273,3.5093028010631775
PTEN_HUMAN_Matreyek_2021,192,7,2.519116745041914,4.519116745041914
PTEN_HUMAN_Matreyek_2021,192,8,0.4994888570844408,4.499488857084441
PTEN_HUMAN_Matreyek_2021,192,9,1.5191167450419139,3.519116745041914
PTEN_HUMAN_Matreyek_2021,192,10,0.5387446329993866,3.5387446329993866
PTEN_HUMAN_Matreyek_2021,192,11,-0.48088325495808626,4.519116745041914
PTEN_HUMAN_Matreyek_2021,192,12,-0.49069719893682273,4.5093028010631775
PTEN_HUMAN_Matreyek_2021,192,13,-0.49069719893682273,4.5093028010631775
PTEN_HUMAN_Matreyek_2021,192,14,0.4994888570844408,4.499488857084441
PTEN_HUMAN_Matreyek_2021,192,15,-0.48088325495808626,4.519116745041914
PTEN_HUMAN_Matreyek_2021,192,16,-0.49069719893682273,3.5093028010631775
PTEN_HUMAN_Matreyek_2021,192,17,0.5289306890206502,3.52893068902065
PTEN_HUMAN_Matreyek_2021,192,18,0.5191167450419137,3.519116745041914
PTEN_HUMAN_Matreyek_2021,192,19,0.5093028010631773,4.5093028010631775
PTEN_HUMAN_Matreyek_2021,192,20,-0.49069719893682273,3.5093028010631775
PTEN_HUMAN_Matreyek_2021,192,21,-0.48088325495808626,4.519116745041914
PTEN_HUMAN_Matreyek_2021,192,22,0.5093028010631773,4.5093028010631775
PTEN_HUMAN_Matreyek_2021,192,23,0.5191167450419137,3.519116745041914
PTEN_HUMAN_Matreyek_2021,192,24,0.4994888570844408,4.499488857084441
PTEN_HUMAN_Matreyek_2021,192,25,-0.47106931097934984,4.52893068902065
PTEN_HUMAN_Matreyek_2021,192,26,-0.46125536700061337,4.538744632999387
PTEN_HUMAN_Matreyek_2021,192,27,0.5191167450419137,4.519116745041914
PTEN_HUMAN_Matreyek_2021,192,28,0.5387446329993866,3.5387446329993866
PTEN_HUMAN_Matreyek_2021,192,29,-0.4514414230218769,4.548558576978123
PTEN_HUMAN_Matreyek_2021,192,30,2.5387446329993866,4.538744632999387
PTEN_HUMAN_Matreyek_2021,192,31,1.5093028010631773,3.5093028010631775
PTEN_HUMAN_Matreyek_2021,192,32,-0.5005111429155592,4.499488857084441
PTEN_HUMAN_Matreyek_2021,192,33,-0.48088325495808626,4.519116745041914
PTEN_HUMAN_Matreyek_2021,192,34,2.5387446329993866,4.538744632999387
PTEN_HUMAN_Matreyek_2021,192,35,0.5387446329993866,4.538744632999387
PTEN_HUMAN_Matreyek_2021,192,36,1.5191167450419139,3.519116745041914
PTEN_HUMAN_Matreyek_2021,192,37,-0.48088325495808626,4.519116745041914
PTEN_HUMAN_Matreyek_2021,192,38,-0.48088325495808626,4.519116745041914
PTEN_HUMAN_Matreyek_2021,192,39,-0.48088325495808626,4.519116745041914
PTEN_HUMAN_Matreyek_2021,384,0,0.5096829112577144,4.509682911257714
PTEN_HUMAN_Matreyek_2021,384,1,-0.4903170887422856,4.509682911257714
PTEN_HUMAN_Matreyek_2021,384,2,-0.46988721004469036,4.53011278995531
PTEN_HUMAN_Matreyek_2021,384,3,0.4994679719089168,3.499467971908917
PTEN_HUMAN_Matreyek_2021,384,4,0.5096829112577144,3.5096829112577144
PTEN_HUMAN_Matreyek_2021,384,5,-0.46988721004469036,3.5301127899553095
PTEN_HUMAN_Matreyek_2021,384,6,-0.5107469674398808,4.48925303256012
PTEN_HUMAN_Matreyek_2021,384,7,-0.46988721004469036,4.53011278995531
PTEN_HUMAN_Matreyek_2021,384,8,1.519897850606512,3.519897850606512
PTEN_HUMAN_Matreyek_2021,384,9,0.5301127899553096,1.5301127899553095
PTEN_HUMAN_Matreyek_2021,384,10,2.489253032560119,4.48925303256012
PTEN_HUMAN_Matreyek_2021,384,11,0.5607576080017025,3.5607576080017025
PTEN_HUMAN_Matreyek_2021,384,12,1.519897850606512,4.519897850606512
PTEN_HUMAN_Matreyek_2021,384,13,-0.46988721004469036,4.53011278995531
PTEN_HUMAN_Matreyek_2021,384,14,0.4994679719089168,4.499467971908917
PTEN_HUMAN_Matreyek_2021,384,15,-0.4392423919982975,3.5607576080017025
PTEN_HUMAN_Matreyek_2021,384,16,-0.4903170887422856,4.509682911257714
PTEN_HUMAN_Matreyek_2021,384,17,-0.46988721004469036,2.5301127899553095
PTEN_HUMAN_Matreyek_2021,384,18,0.519897850606512,4.519897850606512
PTEN_HUMAN_Matreyek_2021,384,19,0.5301127899553096,4.53011278995531
PTEN_HUMAN_Matreyek_2021,384,20,-0.5005320280910832,4.499467971908917
PTEN_HUMAN_Matreyek_2021,384,21,0.5096829112577144,4.509682911257714
PTEN_HUMAN_Matreyek_2021,384,22,1.5301127899553095,4.53011278995531
PTEN_HUMAN_Matreyek_2021,384,23,0.519897850606512,4.519897850606512
PTEN_HUMAN_Matreyek_2021,384,24,-0.5005320280910832,4.499467971908917
PTEN_HUMAN_Matreyek_2021,384,25,1.4892530325601192,4.48925303256012
PTEN_HUMAN_Matreyek_2021,384,26,-0.4903170887422856,2.5096829112577144
PTEN_HUMAN_Matreyek_2021,384,27,0.5403277293041073,3.5403277293041073
PTEN_HUMAN_Matreyek_2021,384,28,0.5096829112577144,4.509682911257714
PTEN_HUMAN_Matreyek_2021,384,29,0.5301127899553096,4.53011278995531
PTEN_HUMAN_Matreyek_2021,384,30,-0.46988721004469036,3.5301127899553095
PTEN_HUMAN_Matreyek_2021,384,31,0.5505426686529049,2.5505426686529047
PTEN_HUMAN_Matreyek_2021,384,32,-0.46988721004469036,3.5301127899553095
PTEN_HUMAN_Matreyek_2021,384,33,-0.46988721004469036,4.53011278995531
PTEN_HUMAN_Matreyek_2021,384,34,-0.46988721004469036,4.53011278995531
PTEN_HUMAN_Matreyek_2021,384,35,-0.46988721004469036,4.53011278995531
PTEN_HUMAN_Matreyek_2021,384,36,-0.5005320280910832,4.499467971908917
PTEN_HUMAN_Matreyek_2021,384,37,0.519897850606512,4.519897850606512
PTEN_HUMAN_Matreyek_2021,384,38,-0.5107469674398808,4.48925303256012
PTEN_HUMAN_Matreyek_2021,384,39,-0.480102149393488,4.519897850606512
PTEN_HUMAN_Mighell_2018,24,0,3.5223880597014925,0.5223880597014925
PTEN_HUMAN_Mighell_2018,24,1,1.51575456053068,0.5157545605306799
PTEN_HUMAN_Mighell_2018,24,2,-0.4842454394693201,0.5157545605306799
PTEN_HUMAN_Mighell_2018,24,3,0.5157545605306799,0.5157545605306799
PTEN_HUMAN_Mighell_2018,24,4,-0.4842454394693201,0.5157545605306799
PTEN_HUMAN_Mighell_2018,24,5,-0.4842454394693201,0.5157545605306799
PTEN_HUMAN_Mighell_2018,24,6,-0.4842454394693201,0.5157545605306799
PTEN_HUMAN_Mighell_2018,24,7,-0.4842454394693201,0.5157545605306799
PTEN_HUMAN_Mighell_2018,24,8,1.51575456053068,0.5157545605306799
PTEN_HUMAN_Mighell_2018,24,9,-0.4842454394693201,0.5157545605306799
PTEN_HUMAN_Mighell_2018,24,10,-0.4842454394693201,0.5157545605306799
PTEN_HUMAN_Mighell_2018,24,11,-0.4842454394693201,0.5157545605306799
PTEN_HUMAN_Mighell_2018,24,12,2.5223880597014925,-0.47761194029850745
PTEN_HUMAN_Mighell_2018,24,13,0.5223880597014925,0.5223880597014925
PTEN_HUMAN_Mighell_2018,24,14,-0.4842454394693201,0.5157545605306799
PTEN_HUMAN_Mighell_2018,24,15,0.5223880597014925,0.5223880597014925
PTEN_HUMAN_Mighell_2018,24,16,0.5157545605306799,0.5157545605306799
PTEN_HUMAN_Mighell_2018,24,17,-0.4842454394693201,0.5157545605306799
PTEN_HUMAN_Mighell_2018,24,18,-0.4842454394693201,0.5157545605306799
PTEN_HUMAN_Mighell_2018,24,19,-0.4842454394693201,0.5157545605306799
PTEN_HUMAN_Mighell_2018,24,20,0.5157545605306799,0.5157545605306799
PTEN_HUMAN_Mighell_2018,24,21,-0.47761194029850745,0.5223880597014925
PTEN_HUMAN_Mighell_2018,24,22,1.51575456053068,0.5157545605306799
PTEN_HUMAN_Mighell_2018,24,23,-0.4842454394693201,0.5157545605306799
PTEN_HUMAN_Mighell_2018,24,24,0.5223880597014925,0.5223880597014925
PTEN_HUMAN_Mighell_2018,24,25,0.5223880597014925,0.5223880597014925
PTEN_HUMAN_Mighell_2018,24,26,-0.4842454394693201,0.5157545605306799
PTEN_HUMAN_Mighell_2018,24,27,-0.47761194029850745,0.5223880597014925
PTEN_HUMAN_Mighell_2018,24,28,-0.4842454394693201,0.5157545605306799
PTEN_HUMAN_Mighell_2018,24,29,-0.47761194029850745,0.5223880597014925
PTEN_HUMAN_Mighell_2018,24,30,-0.4842454394693201,0.5157545605306799
PTEN_HUMAN_Mighell_2018,24,31,0.5290215588723051,0.5290215588723051
PTEN_HUMAN_Mighell_2018,24,32,-0.4709784411276949,0.5290215588723051
PTEN_HUMAN_Mighell_2018,24,33,-0.4842454394693201,0.5157545605306799
PTEN_HUMAN_Mighell_2018,24,34,2.5223880597014925,0.5223880597014925
PTEN_HUMAN_Mighell_2018,24,35,0.5223880597014925,0.5223880597014925
PTEN_HUMAN_Mighell_2018,24,36,1.51575456053068,0.5157545605306799
PTEN_HUMAN_Mighell_2018,24,37,-0.4842454394693201,0.5157545605306799
PTEN_HUMAN_Mighell_2018,24,38,1.51575456053068,0.5157545605306799
PTEN_HUMAN_Mighell_2018,24,39,0.5223880597014925,0.5223880597014925
PTEN_HUMAN_Mighell_2018,48,0,0.5207986688851913,0.5207986688851913
PTEN_HUMAN_Mighell_2018,48,1,-0.4858569051580699,0.5141430948419301
PTEN_HUMAN_Mighell_2018,48,2,0.5141430948419301,0.5141430948419301
PTEN_HUMAN_Mighell_2018,48,3,-0.47920133111480867,0.5207986688851913
PTEN_HUMAN_Mighell_2018,48,4,-0.4858569051580699,0.5141430948419301
PTEN_HUMAN_Mighell_2018,48,5,1.51414309484193,0.5141430948419301
PTEN_HUMAN_Mighell_2018,48,6,0.5141430948419301,0.5141430948419301
PTEN_HUMAN_Mighell_2018,48,7,0.5141430948419301,0.5141430948419301
PTEN_HUMAN_Mighell_2018,48,8,0.5207986688851913,0.5207986688851913
PTEN_HUMAN_Mighell_2018,48,9,0.5141430948419301,0.5141430948419301
PTEN_HUMAN_Mighell_2018,48,10,0.5141430948419301,0.5141430948419301
PTEN_HUMAN_Mighell_2018,48,11,0.5274542429284526,0.5274542429284526
PTEN_HUMAN_Mighell_2018,48,12,-0.47920133111480867,-0.47920133111480867
PTEN_HUMAN_Mighell_2018,48,13,1.5207986688851913,0.5207986688851913
PTEN_HUMAN_Mighell_2018,48,14,0.5141430948419301,0.5141430948419301
PTEN_HUMAN_Mighell_2018,48,15,-0.47920133111480867,0.5207986688851913
PTEN_HUMAN_Mighell_2018,48,16,-0.4858569051580699,0.5141430948419301
PTEN_HUMAN_Mighell_2018,48,17,-0.47920133111480867,0.5207986688851913
PTEN_HUMAN_Mighell_2018,48,18,-0.47920133111480867,0.5207986688851913
PTEN_HUMAN_Mighell_2018,48,19,3.51414309484193,0.5141430948419301
PTEN_HUMAN_Mighell_2018,48,20,0.5207986688851913,0.5207986688851913
PTEN_HUMAN_Mighell_2018,48,21,-0.4858569051580699,0.5141430948419301
PTEN_HUMAN_Mighell_2018,48,22,0.5141430948419301,0.5141430948419301
PTEN_HUMAN_Mighell_2018,48,23,0.5274542429284526,0.5274542429284526
PTEN_HUMAN_Mighell_2018,48,24,-0.4858569051580699,0.5141430948419301
PTEN_HUMAN_Mighell_2018,48,25,2.5207986688851913,0.5207986688851913
PTEN_HUMAN_Mighell_2018,48,26,-0.4858569051580699,0.5141430948419301
PTEN_HUMAN_Mighell_2018,48,27,1.5274542429284526,0.5274542429284526
PTEN_HUMAN_Mighell_2018,48,28,-0.47920133111480867,0.5207986688851913
PTEN_HUMAN_Mighell_2018,48,29,-0.4858569051580699,0.5141430948419301
PTEN_HUMAN_Mighell_2018,48,30,-0.4858569051580699,0.5141430948419301
PTEN_HUMAN_Mighell_2018,48,31,-0.47254575707154745,0.5274542429284526
PTEN_HUMAN_Mighell_2018,48,32,-0.47920133111480867,0.5207986688851913
PTEN_HUMAN_Mighell_2018,48,33,0.5141430948419301,0.5141430948419301
PTEN_HUMAN_Mighell_2018,48,34,0.5141430948419301,0.5141430948419301
PTEN_HUMAN_Mighell_2018,48,35,2.5207986688851913,0.5207986688851913
PTEN_HUMAN_Mighell_2018,48,36,0.5207986688851913,0.5207986688851913
PTEN_HUMAN_Mighell_2018,48,37,1.51414309484193,0.5141430948419301
PTEN_HUMAN_Mighell_2018,48,38,-0.47920133111480867,0.5207986688851913
PTEN_HUMAN_Mighell_2018,48,39,-0.4858569051580699,0.5141430948419301
PTEN_HUMAN_Mighell_2018,96,0,-0.47571189279731996,0.52428810720268
PTEN_HUMAN_Mighell_2018,96,1,1.5175879396984926,0.5175879396984925
PTEN_HUMAN_Mighell_2018,96,2,0.5175879396984925,0.5175879396984925
PTEN_HUMAN_Mighell_2018,96,3,-0.4824120603015075,0.5175879396984925
PTEN_HUMAN_Mighell_2018,96,4,-0.48911222780569513,0.5108877721943048
PTEN_HUMAN_Mighell_2018,96,5,0.52428810720268,0.52428810720268
PTEN_HUMAN_Mighell_2018,96,6,-0.4824120603015075,0.5175879396984925
PTEN_HUMAN_Mighell_2018,96,7,-0.4824120603015075,0.5175879396984925
PTEN_HUMAN_Mighell_2018,96,8,-0.48911222780569513,0.5108877721943048
PTEN_HUMAN_Mighell_2018,96,9,0.5175879396984925,0.5175879396984925
PTEN_HUMAN_Mighell_2018,96,10,0.5108877721943048,0.5108877721943048
PTEN_HUMAN_Mighell_2018,96,11,-0.48911222780569513,0.5108877721943048
PTEN_HUMAN_Mighell_2018,96,12,0.52428810720268,-0.47571189279731996
PTEN_HUMAN_Mighell_2018,96,13,0.52428810720268,0.52428810720268
PTEN_HUMAN_Mighell_2018,96,14,-0.47571189279731996,0.52428810720268
PTEN_HUMAN_Mighell_2018,96,15,-0.4556113902847571,0.5443886097152428
PTEN_HUMAN_Mighell_2018,96,16,-0.47571189279731996,0.52428810720268
PTEN_HUMAN_Mighell_2018,96,17,-0.4824120603015075,0.5175879396984925
PTEN_HUMAN_Mighell_2018,96,18,1.5108877721943048,0.5108877721943048
PTEN_HUMAN_Mighell_2018,96,19,0.5309882747068677,0.5309882747068677
PTEN_HUMAN_Mighell_2018,96,20,1.5108877721943048,0.5108877721943048
PTEN_HUMAN_Mighell_2018,96,21,-0.48911222780569513,0.5108877721943048
PTEN_HUMAN_Mighell_2018,96,22,-0.4824120603015075,0.5175879396984925
PTEN_HUMAN_Mighell_2018,96,23,-0.4824120603015075,0.5175879396984925
PTEN_HUMAN_Mighell_2018,96,24,0.5108877721943048,0.5108877721943048
PTEN_HUMAN_Mighell_2018,96,25,1.52428810720268,0.52428810720268
PTEN_HUMAN_Mighell_2018,96,26,-0.48911222780569513,0.5108877721943048
PTEN_HUMAN_Mighell_2018,96,27,0.5175879396984925,0.5175879396984925
PTEN_HUMAN_Mighell_2018,96,28,-0.47571189279731996,0.52428810720268
PTEN_HUMAN_Mighell_2018,96,29,1.5108877721943048,0.5108877721943048
PTEN_HUMAN_Mighell_2018,96,30,-0.48911222780569513,0.5108877721943048
PTEN_HUMAN_Mighell_2018,96,31,0.52428810720268,0.52428810720268
PTEN_HUMAN_Mighell_2018,96,32,1.5108877721943048,0.5108877721943048
PTEN_HUMAN_Mighell_2018,96,33,-0.4824120603015075,0.5175879396984925
PTEN_HUMAN_Mighell_2018,96,34,0.5108877721943048,0.5108877721943048
PTEN_HUMAN_Mighell_2018,96,35,0.5309882747068677,0.5309882747068677
PTEN_HUMAN_Mighell_2018,96,36,1.5175879396984926,0.5175879396984925
PTEN_HUMAN_Mighell_2018,96,37,0.5175879396984925,0.5175879396984925
PTEN_HUMAN_Mighell_2018,96,38,0.5108877721943048,0.5108877721943048
PTEN_HUMAN_Mighell_2018,96,39,0.5108877721943048,0.5108877721943048
PTEN_HUMAN_Mighell_2018,192,0,-0.47538200339558573,0.5246179966044142
PTEN_HUMAN_Mighell_2018,192,1,-0.48896434634974534,0.5110356536502547
PTEN_HUMAN_Mighell_2018,192,2,-0.48217317487266553,0.5178268251273345
PTEN_HUMAN_Mighell_2018,192,3,-0.48896434634974534,0.5110356536502547
PTEN_HUMAN_Mighell_2018,192,4,0.5110356536502547,0.5110356536502547
PTEN_HUMAN_Mighell_2018,192,5,0.5314091680814941,0.5314091680814941
PTEN_HUMAN_Mighell_2018,192,6,-0.4617996604414261,0.5382003395585739
PTEN_HUMAN_Mighell_2018,192,7,-0.48217317487266553,0.5178268251273345
PTEN_HUMAN_Mighell_2018,192,8,-0.49575551782682514,0.5042444821731749
PTEN_HUMAN_Mighell_2018,192,9,0.5382003395585739,0.5382003395585739
PTEN_HUMAN_Mighell_2018,192,10,-0.49575551782682514,0.5042444821731749
PTEN_HUMAN_Mighell_2018,192,11,-0.48896434634974534,0.5110356536502547
PTEN_HUMAN_Mighell_2018,192,12,-0.4617996604414261,-0.4617996604414261
PTEN_HUMAN_Mighell_2018,192,13,2.5178268251273344,0.5178268251273345
PTEN_HUMAN_Mighell_2018,192,14,-0.47538200339558573,0.5246179966044142
PTEN_HUMAN_Mighell_2018,192,15,0.5042444821731749,0.5042444821731749
PTEN_HUMAN_Mighell_2018,192,16,1.531409168081494,0.5314091680814941
PTEN_HUMAN_Mighell_2018,192,17,0.5314091680814941,0.5314091680814941
PTEN_HUMAN_Mighell_2018,192,18,0.5178268251273345,0.5178268251273345
PTEN_HUMAN_Mighell_2018,192,19,-0.48896434634974534,0.5110356536502547
PTEN_HUMAN_Mighell_2018,192,20,-0.48896434634974534,0.5110356536502547
PTEN_HUMAN_Mighell_2018,192,21,-0.48217317487266553,0.5178268251273345
PTEN_HUMAN_Mighell_2018,192,22,1.5178268251273344,0.5178268251273345
PTEN_HUMAN_Mighell_2018,192,23,0.5314091680814941,0.5314091680814941
PTEN_HUMAN_Mighell_2018,192,24,2.524617996604414,0.5246179966044142
PTEN_HUMAN_Mighell_2018,192,25,0.5178268251273345,0.5178268251273345
PTEN_HUMAN_Mighell_2018,192,26,1.5246179966044142,0.5246179966044142
PTEN_HUMAN_Mighell_2018,192,27,0.5246179966044142,0.5246179966044142
PTEN_HUMAN_Mighell_2018,192,28,-0.48217317487266553,0.5178268251273345
PTEN_HUMAN_Mighell_2018,192,29,-0.49575551782682514,0.5042444821731749
PTEN_HUMAN_Mighell_2018,192,30,-0.48217317487266553,0.5178268251273345
PTEN_HUMAN_Mighell_2018,192,31,0.5178268251273345,0.5178268251273345
PTEN_HUMAN_Mighell_2018,192,32,2.531409168081494,0.5314091680814941
PTEN_HUMAN_Mighell_2018,192,33,0.5110356536502547,0.5110356536502547
PTEN_HUMAN_Mighell_2018,192,34,2.5110356536502545,0.5110356536502547
PTEN_HUMAN_Mighell_2018,192,35,0.5110356536502547,0.5110356536502547
PTEN_HUMAN_Mighell_2018,192,36,1.5110356536502547,0.5110356536502547
PTEN_HUMAN_Mighell_2018,192,37,-0.48896434634974534,0.5110356536502547
PTEN_HUMAN_Mighell_2018,192,38,-0.49575551782682514,0.5042444821731749
PTEN_HUMAN_Mighell_2018,192,39,-0.48896434634974534,0.5110356536502547
PTEN_HUMAN_Mighell_2018,384,0,0.5322862129144852,0.5322862129144852
PTEN_HUMAN_Mighell_2018,384,1,0.5322862129144852,0.5322862129144852
PTEN_HUMAN_Mighell_2018,384,2,2.525305410122164,0.525305410122164
PTEN_HUMAN_Mighell_2018,384,3,0.5043630017452008,0.5043630017452008
PTEN_HUMAN_Mighell_2018,384,4,2.5043630017452005,0.5043630017452008
PTEN_HUMAN_Mighell_2018,384,5,2.5392670157068062,0.5392670157068062
PTEN_HUMAN_Mighell_2018,384,6,0.525305410122164,0.525305410122164
PTEN_HUMAN_Mighell_2018,384,7,0.525305410122164,0.525305410122164
PTEN_HUMAN_Mighell_2018,384,8,2.518324607329843,0.5183246073298429
PTEN_HUMAN_Mighell_2018,384,9,-0.4956369982547993,0.5043630017452008
PTEN_HUMAN_Mighell_2018,384,10,0.5043630017452008,0.5043630017452008
PTEN_HUMAN_Mighell_2018,384,11,1.5043630017452008,0.5043630017452008
PTEN_HUMAN_Mighell_2018,384,12,-0.4886561954624782,0.5113438045375218
PTEN_HUMAN_Mighell_2018,384,13,-0.47469458987783597,0.525305410122164
PTEN_HUMAN_Mighell_2018,384,14,-0.4816753926701571,0.5183246073298429
PTEN_HUMAN_Mighell_2018,384,15,0.5183246073298429,0.5183246073298429
PTEN_HUMAN_Mighell_2018,384,16,0.4973821989528796,0.4973821989528796
PTEN_HUMAN_Mighell_2018,384,17,-0.4677137870855148,-0.4677137870855148
PTEN_HUMAN_Mighell_2018,384,18,-0.4607329842931937,0.5392670157068062
PTEN_HUMAN_Mighell_2018,384,19,0.5113438045375218,0.5113438045375218
PTEN_HUMAN_Mighell_2018,384,20,-0.4956369982547993,0.5043630017452008
PTEN_HUMAN_Mighell_2018,384,21,-0.4816753926701571,0.5183246073298429
PTEN_HUMAN_Mighell_2018,384,22,-0.4956369982547993,0.5043630017452008
PTEN_HUMAN_Mighell_2018,384,23,2.525305410122164,0.525305410122164
PTEN_HUMAN_Mighell_2018,384,24,3.5043630017452005,0.5043630017452008
PTEN_HUMAN_Mighell_2018,384,25,5.546247818499127,-0.4537521815008726
PTEN_HUMAN_Mighell_2018,384,26,0.5113438045375218,0.5113438045375218
PTEN_HUMAN_Mighell_2018,384,27,-0.4607329842931937,0.5392670157068062
PTEN_HUMAN_Mighell_2018,384,28,0.5183246073298429,0.5183246073298429
PTEN_HUMAN_Mighell_2018,384,29,0.525305410122164,0.525305410122164
PTEN_HUMAN_Mighell_2018,384,30,-0.47469458987783597,0.525305410122164
PTEN_HUMAN_Mighell_2018,384,31,-0.4886561954624782,0.5113438045375218
PTEN_HUMAN_Mighell_2018,384,32,1.5043630017452008,0.5043630017452008
PTEN_HUMAN_Mighell_2018,384,33,1.5183246073298429,0.5183246073298429
PTEN_HUMAN_Mighell_2018,384,34,5.518324607329843,0.5183246073298429
PTEN_HUMAN_Mighell_2018,384,35,0.5113438045375218,0.5113438045375218
PTEN_HUMAN_Mighell_2018,384,36,2.532286212914485,-0.4677137870855148
PTEN_HUMAN_Mighell_2018,384,37,-0.47469458987783597,0.525305410122164
PTEN_HUMAN_Mighell_2018,384,38,0.5183246073298429,0.5183246073298429
PTEN_HUMAN_Mighell_2018,384,39,0.5113438045375218,0.5113438045375218
R1AB_SARS2_Flynn_growth_2022,24,0,0.5285037712681986,0.5285037712681986
R1AB_SARS2_Flynn_growth_2022,24,1,-0.4714962287318014,0.5285037712681986
R1AB_SARS2_Flynn_growth_2022,24,2,0.5200841957551307,0.5200841957551307
R1AB_SARS2_Flynn_growth_2022,24,3,-0.47991580424486935,0.5200841957551307
R1AB_SARS2_Flynn_growth_2022,24,4,-0.47991580424486935,0.5200841957551307
R1AB_SARS2_Flynn_growth_2022,24,5,-0.47991580424486935,0.5200841957551307
R1AB_SARS2_Flynn_growth_2022,24,6,-0.47991580424486935,0.5200841957551307
R1AB_SARS2_Flynn_growth_2022,24,7,-0.47991580424486935,0.5200841957551307
R1AB_SARS2_Flynn_growth_2022,24,8,0.5200841957551307,0.5200841957551307
R1AB_SARS2_Flynn_growth_2022,24,9,-0.4714962287318014,0.5285037712681986
R1AB_SARS2_Flynn_growth_2022,24,10,-0.47991580424486935,0.5200841957551307
R1AB_SARS2_Flynn_growth_2022,24,11,-0.47991580424486935,0.5200841957551307
R1AB_SARS2_Flynn_growth_2022,24,12,-0.4714962287318014,0.5285037712681986
R1AB_SARS2_Flynn_growth_2022,24,13,0.5285037712681986,0.5285037712681986
R1AB_SARS2_Flynn_growth_2022,24,14,0.5200841957551307,0.5200841957551307
R1AB_SARS2_Flynn_growth_2022,24,15,1.5200841957551305,0.5200841957551307
R1AB_SARS2_Flynn_growth_2022,24,16,-0.47991580424486935,0.5200841957551307
R1AB_SARS2_Flynn_growth_2022,24,17,-0.47991580424486935,0.5200841957551307
R1AB_SARS2_Flynn_growth_2022,24,18,-0.47991580424486935,0.5200841957551307
R1AB_SARS2_Flynn_growth_2022,24,19,0.5200841957551307,0.5200841957551307
R1AB_SARS2_Flynn_growth_2022,24,20,-0.4714962287318014,0.5285037712681986
R1AB_SARS2_Flynn_growth_2022,24,21,0.5200841957551307,0.5200841957551307
R1AB_SARS2_Flynn_growth_2022,24,22,-0.47991580424486935,0.5200841957551307
R1AB_SARS2_Flynn_growth_2022,24,23,-0.47991580424486935,0.5200841957551307
R1AB_SARS2_Flynn_growth_2022,24,24,-0.47991580424486935,0.5200841957551307
R1AB_SARS2_Flynn_growth_2022,24,25,-0.46307665321873354,0.5369233467812664
R1AB_SARS2_Flynn_growth_2022,24,26,0.5200841957551307,0.5200841957551307
R1AB_SARS2_Flynn_growth_2022,24,27,0.5285037712681986,0.5285037712681986
R1AB_SARS2_Flynn_growth_2022,24,28,-0.47991580424486935,0.5200841957551307
R1AB_SARS2_Flynn_growth_2022,24,29,-0.47991580424486935,0.5200841957551307
R1AB_SARS2_Flynn_growth_2022,24,30,-0.47991580424486935,0.5200841957551307
R1AB_SARS2_Flynn_growth_2022,24,31,0.5285037712681986,0.5285037712681986
R1AB_SARS2_Flynn_growth_2022,24,32,0.5285037712681986,0.5285037712681986
R1AB_SARS2_Flynn_growth_2022,24,33,0.5200841957551307,0.5200841957551307
R1AB_SARS2_Flynn_growth_2022,24,34,0.5200841957551307,0.5200841957551307
R1AB_SARS2_Flynn_growth_2022,24,35,0.5200841957551307,0.5200841957551307
R1AB_SARS2_Flynn_growth_2022,24,36,1.5200841957551305,0.5200841957551307
R1AB_SARS2_Flynn_growth_2022,24,37,-0.47991580424486935,0.5200841957551307
R1AB_SARS2_Flynn_growth_2022,24,38,0.5200841957551307,0.5200841957551307
R1AB_SARS2_Flynn_growth_2022,24,39,-0.47991580424486935,0.5200841957551307
R1AB_SARS2_Flynn_growth_2022,48,0,-0.47348951911220716,0.5265104808877928
R1AB_SARS2_Flynn_growth_2022,48,1,0.5180553109036463,0.5180553109036463
R1AB_SARS2_Flynn_growth_2022,48,2,-0.4819446890963537,0.5180553109036463
R1AB_SARS2_Flynn_growth_2022,48,3,-0.47348951911220716,0.5265104808877928
R1AB_SARS2_Flynn_growth_2022,48,4,-0.4819446890963537,0.5180553109036463
R1AB_SARS2_Flynn_growth_2022,48,5,-0.4819446890963537,0.5180553109036463
R1AB_SARS2_Flynn_growth_2022,48,6,-0.47348951911220716,0.5265104808877928
R1AB_SARS2_Flynn_growth_2022,48,7,-0.4819446890963537,0.5180553109036463
R1AB_SARS2_Flynn_growth_2022,48,8,-0.4819446890963537,0.5180553109036463
R1AB_SARS2_Flynn_growth_2022,48,9,-0.4650343491280606,0.5349656508719394
R1AB_SARS2_Flynn_growth_2022,48,10,-0.4819446890963537,0.5180553109036463
R1AB_SARS2_Flynn_growth_2022,48,11,-0.4819446890963537,0.5180553109036463
R1AB_SARS2_Flynn_growth_2022,48,12,-0.47348951911220716,0.5265104808877928
R1AB_SARS2_Flynn_growth_2022,48,13,-0.47348951911220716,0.5265104808877928
R1AB_SARS2_Flynn_growth_2022,48,14,-0.4650343491280606,0.5349656508719394
R1AB_SARS2_Flynn_growth_2022,48,15,-0.4819446890963537,0.5180553109036463
R1AB_SARS2_Flynn_growth_2022,48,16,3.5265104808877927,0.5265104808877928
R1AB_SARS2_Flynn_growth_2022,48,17,-0.4819446890963537,0.5180553109036463
R1AB_SARS2_Flynn_growth_2022,48,18,1.5265104808877927,0.5265104808877928
R1AB_SARS2_Flynn_growth_2022,48,19,0.5180553109036463,0.5180553109036463
R1AB_SARS2_Flynn_growth_2022,48,20,-0.4819446890963537,0.5180553109036463
R1AB_SARS2_Flynn_growth_2022,48,21,-0.47348951911220716,0.5265104808877928
R1AB_SARS2_Flynn_growth_2022,48,22,-0.4819446890963537,0.5180553109036463
R1AB_SARS2_Flynn_growth_2022,48,23,-0.4819446890963537,0.5180553109036463
R1AB_SARS2_Flynn_growth_2022,48,24,0.5180553109036463,0.5180553109036463
R1AB_SARS2_Flynn_growth_2022,48,25,1.5518759908402324,0.5518759908402325
R1AB_SARS2_Flynn_growth_2022,48,26,-0.47348951911220716,0.5265104808877928
R1AB_SARS2_Flynn_growth_2022,48,27,-0.47348951911220716,0.5265104808877928
R1AB_SARS2_Flynn_growth_2022,48,28,-0.4819446890963537,0.5180553109036463
R1AB_SARS2_Flynn_growth_2022,48,29,-0.4819446890963537,0.5180553109036463
R1AB_SARS2_Flynn_growth_2022,48,30,1.5180553109036463,0.5180553109036463
R1AB_SARS2_Flynn_growth_2022,48,31,0.543420820856086,0.543420820856086
R1AB_SARS2_Flynn_growth_2022,48,32,-0.4819446890963537,0.5180553109036463
R1AB_SARS2_Flynn_growth_2022,48,33,1.5265104808877927,0.5265104808877928
R1AB_SARS2_Flynn_growth_2022,48,34,1.5180553109036463,0.5180553109036463
R1AB_SARS2_Flynn_growth_2022,48,35,0.5180553109036463,0.5180553109036463
R1AB_SARS2_Flynn_growth_2022,48,36,-0.47348951911220716,0.5265104808877928
R1AB_SARS2_Flynn_growth_2022,48,37,-0.47348951911220716,0.5265104808877928
R1AB_SARS2_Flynn_growth_2022,48,38,1.5265104808877927,0.5265104808877928
R1AB_SARS2_Flynn_growth_2022,48,39,-0.4819446890963537,0.5180553109036463
R1AB_SARS2_Flynn_growth_2022,96,0,-0.46899982234855214,0.5310001776514479
R1AB_SARS2_Flynn_growth_2022,96,1,-0.48605436134304497,0.513945638656955
R1AB_SARS2_Flynn_growth_2022,96,2,-0.47752709184579856,0.5224729081542014
R1AB_SARS2_Flynn_growth_2022,96,3,-0.47752709184579856,0.5224729081542014
R1AB_SARS2_Flynn_growth_2022,96,4,-0.47752709184579856,0.5224729081542014
R1AB_SARS2_Flynn_growth_2022,96,5,3.539527447148694,0.5395274471486943
R1AB_SARS2_Flynn_growth_2022,96,6,-0.48605436134304497,0.513945638656955
R1AB_SARS2_Flynn_growth_2022,96,7,-0.47752709184579856,0.5224729081542014
R1AB_SARS2_Flynn_growth_2022,96,8,-0.46899982234855214,0.5310001776514479
R1AB_SARS2_Flynn_growth_2022,96,9,-0.48605436134304497,0.513945638656955
R1AB_SARS2_Flynn_growth_2022,96,10,-0.47752709184579856,0.5224729081542014
R1AB_SARS2_Flynn_growth_2022,96,11,-0.48605436134304497,0.513945638656955
R1AB_SARS2_Flynn_growth_2022,96,12,-0.46899982234855214,0.5310001776514479
R1AB_SARS2_Flynn_growth_2022,96,13,0.5480547166459406,0.5480547166459406
R1AB_SARS2_Flynn_growth_2022,96,14,-0.48605436134304497,0.513945638656955
R1AB_SARS2_Flynn_growth_2022,96,15,-0.48605436134304497,0.513945638656955
R1AB_SARS2_Flynn_growth_2022,96,16,-0.46899982234855214,0.5310001776514479
R1AB_SARS2_Flynn_growth_2022,96,17,-0.46899982234855214,0.5310001776514479
R1AB_SARS2_Flynn_growth_2022,96,18,-0.46899982234855214,0.5310001776514479
R1AB_SARS2_Flynn_growth_2022,96,19,-0.48605436134304497,0.513945638656955
R1AB_SARS2_Flynn_growth_2022,96,20,-0.47752709184579856,0.5224729081542014
R1AB_SARS2_Flynn_growth_2022,96,21,-0.47752709184579856,0.5224729081542014
R1AB_SARS2_Flynn_growth_2022,96,22,-0.48605436134304497,0.513945638656955
R1AB_SARS2_Flynn_growth_2022,96,23,-0.48605436134304497,0.513945638656955
R1AB_SARS2_Flynn_growth_2022,96,24,0.5310001776514479,0.5310001776514479
R1AB_SARS2_Flynn_growth_2022,96,25,0.5310001776514479,0.5310001776514479
R1AB_SARS2_Flynn_growth_2022,96,26,-0.46899982234855214,0.5310001776514479
R1AB_SARS2_Flynn_growth_2022,96,27,0.5224729081542014,0.5224729081542014
R1AB_SARS2_Flynn_growth_2022,96,28,-0.47752709184579856,0.5224729081542014
R1AB_SARS2_Flynn_growth_2022,96,29,-0.47752709184579856,0.5224729081542014
R1AB_SARS2_Flynn_growth_2022,96,30,0.5651092556404335,0.5651092556404335
R1AB_SARS2_Flynn_growth_2022,96,31,-0.48605436134304497,0.513945638656955
R1AB_SARS2_Flynn_growth_2022,96,32,-0.47752709184579856,0.5224729081542014
R1AB_SARS2_Flynn_growth_2022,96,33,1.513945638656955,0.513945638656955
R1AB_SARS2_Flynn_growth_2022,96,34,-0.48605436134304497,0.513945638656955
R1AB_SARS2_Flynn_growth_2022,96,35,0.5224729081542014,0.5224729081542014
R1AB_SARS2_Flynn_growth_2022,96,36,0.5395274471486943,0.5395274471486943
R1AB_SARS2_Flynn_growth_2022,96,37,0.5310001776514479,0.5310001776514479
R1AB_SARS2_Flynn_growth_2022,96,38,0.5224729081542014,0.5224729081542014
R1AB_SARS2_Flynn_growth_2022,96,39,-0.48605436134304497,0.513945638656955
R1AB_SARS2_Flynn_growth_2022,192,0,-0.47713717693836977,0.5228628230616302
R1AB_SARS2_Flynn_growth_2022,192,1,0.5055123802638712,0.5055123802638712
R1AB_SARS2_Flynn_growth_2022,192,2,-0.4597867341406109,0.5402132658593891
R1AB_SARS2_Flynn_growth_2022,192,3,-0.4858123983372492,0.5141876016627508
R1AB_SARS2_Flynn_growth_2022,192,4,0.5055123802638712,0.5055123802638712
R1AB_SARS2_Flynn_growth_2022,192,5,-0.4858123983372492,0.5141876016627508
R1AB_SARS2_Flynn_growth_2022,192,6,-0.4944876197361287,0.5055123802638712
R1AB_SARS2_Flynn_growth_2022,192,7,0.5055123802638712,0.5055123802638712
R1AB_SARS2_Flynn_growth_2022,192,8,-0.4858123983372492,0.5141876016627508
R1AB_SARS2_Flynn_growth_2022,192,9,0.5315380444605097,0.5315380444605097
R1AB_SARS2_Flynn_growth_2022,192,10,-0.47713717693836977,0.5228628230616302
R1AB_SARS2_Flynn_growth_2022,192,11,0.5402132658593891,0.5402132658593891
R1AB_SARS2_Flynn_growth_2022,192,12,1.5228628230616303,0.5228628230616302
R1AB_SARS2_Flynn_growth_2022,192,13,3.557563708657148,0.557563708657148
R1AB_SARS2_Flynn_growth_2022,192,14,-0.47713717693836977,0.5228628230616302
R1AB_SARS2_Flynn_growth_2022,192,15,0.5228628230616302,0.5228628230616302
R1AB_SARS2_Flynn_growth_2022,192,16,-0.4597867341406109,0.5402132658593891
R1AB_SARS2_Flynn_growth_2022,192,17,3.5228628230616303,0.5228628230616302
R1AB_SARS2_Flynn_growth_2022,192,18,-0.47713717693836977,0.5228628230616302
R1AB_SARS2_Flynn_growth_2022,192,19,-0.4944876197361287,0.5055123802638712
R1AB_SARS2_Flynn_growth_2022,192,20,-0.4684619555394903,0.5315380444605097
R1AB_SARS2_Flynn_growth_2022,192,21,-0.4858123983372492,0.5141876016627508
R1AB_SARS2_Flynn_growth_2022,192,22,-0.4944876197361287,0.5055123802638712
R1AB_SARS2_Flynn_growth_2022,192,23,0.5402132658593891,0.5402132658593891
R1AB_SARS2_Flynn_growth_2022,192,24,-0.47713717693836977,0.5228628230616302
R1AB_SARS2_Flynn_growth_2022,192,25,-0.4684619555394903,0.5315380444605097
R1AB_SARS2_Flynn_growth_2022,192,26,-0.4858123983372492,0.5141876016627508
R1AB_SARS2_Flynn_growth_2022,192,27,-0.4858123983372492,0.5141876016627508
R1AB_SARS2_Flynn_growth_2022,192,28,-0.4858123983372492,0.5141876016627508
R1AB_SARS2_Flynn_growth_2022,192,29,0.5141876016627508,0.5141876016627508
R1AB_SARS2_Flynn_growth_2022,192,30,-0.4858123983372492,0.5141876016627508
R1AB_SARS2_Flynn_growth_2022,192,31,-0.4858123983372492,0.5141876016627508
R1AB_SARS2_Flynn_growth_2022,192,32,0.5228628230616302,0.5228628230616302
R1AB_SARS2_Flynn_growth_2022,192,33,-0.4944876197361287,0.5055123802638712
R1AB_SARS2_Flynn_growth_2022,192,34,-0.47713717693836977,0.5228628230616302
R1AB_SARS2_Flynn_growth_2022,192,35,-0.4944876197361287,0.5055123802638712
R1AB_SARS2_Flynn_growth_2022,192,36,2.53153804446051,0.5315380444605097
R1AB_SARS2_Flynn_growth_2022,192,37,1.5315380444605098,0.5315380444605097
R1AB_SARS2_Flynn_growth_2022,192,38,-0.47713717693836977,0.5228628230616302
R1AB_SARS2_Flynn_growth_2022,192,39,-0.4684619555394903,0.5315380444605097
R1AB_SARS2_Flynn_growth_2022,384,0,-0.4673282156899457,0.5326717843100544
R1AB_SARS2_Flynn_growth_2022,384,1,-0.47631529676090617,0.5236847032390939
R1AB_SARS2_Flynn_growth_2022,384,2,2.5506459464519753,-0.4493540535480247
R1AB_SARS2_Flynn_growth_2022,384,3,1.5416588653810148,0.5416588653810148
R1AB_SARS2_Flynn_growth_2022,384,4,-0.49428945890282716,0.5057105410971728
R1AB_SARS2_Flynn_growth_2022,384,5,1.5236847032390939,0.5236847032390939
R1AB_SARS2_Flynn_growth_2022,384,6,-0.49428945890282716,0.5057105410971728
R1AB_SARS2_Flynn_growth_2022,384,7,-0.5122636210447482,0.4877363789552518
R1AB_SARS2_Flynn_growth_2022,384,8,0.5326717843100544,0.5326717843100544
R1AB_SARS2_Flynn_growth_2022,384,9,-0.47631529676090617,0.5236847032390939
R1AB_SARS2_Flynn_growth_2022,384,10,-0.4853023778318667,0.5146976221681333
R1AB_SARS2_Flynn_growth_2022,384,11,1.5236847032390939,0.5236847032390939
R1AB_SARS2_Flynn_growth_2022,384,12,-0.4673282156899457,0.5326717843100544
R1AB_SARS2_Flynn_growth_2022,384,13,0.5416588653810148,0.5416588653810148
R1AB_SARS2_Flynn_growth_2022,384,14,0.5416588653810148,0.5416588653810148
R1AB_SARS2_Flynn_growth_2022,384,15,-0.49428945890282716,0.5057105410971728
R1AB_SARS2_Flynn_growth_2022,384,16,-0.45834113461898524,0.5416588653810148
R1AB_SARS2_Flynn_growth_2022,384,17,0.5146976221681333,0.5146976221681333
R1AB_SARS2_Flynn_growth_2022,384,18,-0.49428945890282716,0.5057105410971728
R1AB_SARS2_Flynn_growth_2022,384,19,-0.4853023778318667,0.5146976221681333
R1AB_SARS2_Flynn_growth_2022,384,20,-0.4673282156899457,0.5326717843100544
R1AB_SARS2_Flynn_growth_2022,384,21,0.5057105410971728,0.5057105410971728
R1AB_SARS2_Flynn_growth_2022,384,22,-0.47631529676090617,0.5236847032390939
R1AB_SARS2_Flynn_growth_2022,384,23,-0.45834113461898524,0.5416588653810148
R1AB_SARS2_Flynn_growth_2022,384,24,0.5236847032390939,0.5236847032390939
R1AB_SARS2_Flynn_growth_2022,384,25,1.5776071896648567,0.5776071896648567
R1AB_SARS2_Flynn_growth_2022,384,26,1.5236847032390939,0.5236847032390939
R1AB_SARS2_Flynn_growth_2022,384,27,1.5596330275229358,-0.44036697247706424
R1AB_SARS2_Flynn_growth_2022,384,28,-0.49428945890282716,0.5057105410971728
R1AB_SARS2_Flynn_growth_2022,384,29,-0.49428945890282716,0.5057105410971728
R1AB_SARS2_Flynn_growth_2022,384,30,-0.5032765399737876,0.49672346002621237
R1AB_SARS2_Flynn_growth_2022,384,31,-0.5032765399737876,0.49672346002621237
R1AB_SARS2_Flynn_growth_2022,384,32,-0.4853023778318667,0.5146976221681333
R1AB_SARS2_Flynn_growth_2022,384,33,-0.47631529676090617,0.5236847032390939
R1AB_SARS2_Flynn_growth_2022,384,34,-0.49428945890282716,0.5057105410971728
R1AB_SARS2_Flynn_growth_2022,384,35,-0.4853023778318667,0.5146976221681333
R1AB_SARS2_Flynn_growth_2022,384,36,1.5776071896648567,0.5776071896648567
R1AB_SARS2_Flynn_growth_2022,384,37,-0.4853023778318667,0.5146976221681333
R1AB_SARS2_Flynn_growth_2022,384,38,0.5236847032390939,0.5236847032390939
R1AB_SARS2_Flynn_growth_2022,384,39,-0.47631529676090617,0.5236847032390939
RASH_HUMAN_Bandaru_2017,24,0,0.5215434083601287,0.5215434083601287
RASH_HUMAN_Bandaru_2017,24,1,0.5215434083601287,0.5215434083601287
RASH_HUMAN_Bandaru_2017,24,2,-0.47845659163987136,0.5215434083601287
RASH_HUMAN_Bandaru_2017,24,3,-0.47845659163987136,0.5215434083601287
RASH_HUMAN_Bandaru_2017,24,4,0.5369774919614148,0.5369774919614148
RASH_HUMAN_Bandaru_2017,24,5,1.5215434083601287,0.5215434083601287
RASH_HUMAN_Bandaru_2017,24,6,-0.4630225080385852,0.5369774919614148
RASH_HUMAN_Bandaru_2017,24,7,-0.47845659163987136,0.5215434083601287
RASH_HUMAN_Bandaru_2017,24,8,-0.47845659163987136,0.5215434083601287
RASH_HUMAN_Bandaru_2017,24,9,-0.47845659163987136,0.5215434083601287
RASH_HUMAN_Bandaru_2017,24,10,0.5215434083601287,0.5215434083601287
RASH_HUMAN_Bandaru_2017,24,11,-0.47845659163987136,0.5215434083601287
RASH_HUMAN_Bandaru_2017,24,12,-0.47845659163987136,0.5215434083601287
RASH_HUMAN_Bandaru_2017,24,13,-0.47845659163987136,0.5215434083601287
RASH_HUMAN_Bandaru_2017,24,14,0.5215434083601287,0.5215434083601287
RASH_HUMAN_Bandaru_2017,24,15,-0.47845659163987136,0.5215434083601287
RASH_HUMAN_Bandaru_2017,24,16,0.5215434083601287,0.5215434083601287
RASH_HUMAN_Bandaru_2017,24,17,-0.47845659163987136,0.5215434083601287
RASH_HUMAN_Bandaru_2017,24,18,0.5215434083601287,0.5215434083601287
RASH_HUMAN_Bandaru_2017,24,19,-0.47845659163987136,0.5215434083601287
RASH_HUMAN_Bandaru_2017,24,20,-0.47845659163987136,0.5215434083601287
RASH_HUMAN_Bandaru_2017,24,21,0.5215434083601287,0.5215434083601287
RASH_HUMAN_Bandaru_2017,24,22,-0.47845659163987136,0.5215434083601287
RASH_HUMAN_Bandaru_2017,24,23,0.5215434083601287,0.5215434083601287
RASH_HUMAN_Bandaru_2017,24,24,1.5369774919614148,0.5369774919614148
RASH_HUMAN_Bandaru_2017,24,25,1.5215434083601287,0.5215434083601287
RASH_HUMAN_Bandaru_2017,24,26,-0.47845659163987136,0.5215434083601287
RASH_HUMAN_Bandaru_2017,24,27,-0.47845659163987136,0.5215434083601287
RASH_HUMAN_Bandaru_2017,24,28,-0.4630225080385852,0.5369774919614148
RASH_HUMAN_Bandaru_2017,24,29,-0.47845659163987136,0.5215434083601287
RASH_HUMAN_Bandaru_2017,24,30,2.5215434083601287,0.5215434083601287
RASH_HUMAN_Bandaru_2017,24,31,0.5369774919614148,0.5369774919614148
RASH_HUMAN_Bandaru_2017,24,32,0.5369774919614148,0.5369774919614148
RASH_HUMAN_Bandaru_2017,24,33,-0.47845659163987136,0.5215434083601287
RASH_HUMAN_Bandaru_2017,24,34,-0.47845659163987136,0.5215434083601287
RASH_HUMAN_Bandaru_2017,24,35,-0.47845659163987136,0.5215434083601287
RASH_HUMAN_Bandaru_2017,24,36,1.5215434083601287,0.5215434083601287
RASH_HUMAN_Bandaru_2017,24,37,-0.47845659163987136,0.5215434083601287
RASH_HUMAN_Bandaru_2017,24,38,0.5369774919614148,0.5369774919614148
RASH_HUMAN_Bandaru_2017,24,39,-0.47845659163987136,0.5215434083601287
RASH_HUMAN_Bandaru_2017,48,0,-0.4510693454309786,0.5489306545690213
RASH_HUMAN_Bandaru_2017,48,1,1.5178224238496436,0.5178224238496436
RASH_HUMAN_Bandaru_2017,48,2,-0.4666234607906675,0.5333765392093325
RASH_HUMAN_Bandaru_2017,48,3,0.5178224238496436,0.5178224238496436
RASH_HUMAN_Bandaru_2017,48,4,1.5333765392093324,0.5333765392093325
RASH_HUMAN_Bandaru_2017,48,5,-0.48217757615035645,0.5178224238496436
RASH_HUMAN_Bandaru_2017,48,6,0.5178224238496436,0.5178224238496436
RASH_HUMAN_Bandaru_2017,48,7,-0.48217757615035645,0.5178224238496436
RASH_HUMAN_Bandaru_2017,48,8,-0.48217757615035645,0.5178224238496436
RASH_HUMAN_Bandaru_2017,48,9,-0.48217757615035645,0.5178224238496436
RASH_HUMAN_Bandaru_2017,48,10,2.5178224238496436,0.5178224238496436
RASH_HUMAN_Bandaru_2017,48,11,0.5178224238496436,0.5178224238496436
RASH_HUMAN_Bandaru_2017,48,12,-0.48217757615035645,0.5178224238496436
RASH_HUMAN_Bandaru_2017,48,13,-0.48217757615035645,0.5178224238496436
RASH_HUMAN_Bandaru_2017,48,14,0.5333765392093325,0.5333765392093325
RASH_HUMAN_Bandaru_2017,48,15,-0.48217757615035645,0.5178224238496436
RASH_HUMAN_Bandaru_2017,48,16,0.5178224238496436,0.5178224238496436
RASH_HUMAN_Bandaru_2017,48,17,2.5178224238496436,0.5178224238496436
RASH_HUMAN_Bandaru_2017,48,18,0.5178224238496436,0.5178224238496436
RASH_HUMAN_Bandaru_2017,48,19,-0.48217757615035645,0.5178224238496436
RASH_HUMAN_Bandaru_2017,48,20,2.5178224238496436,0.5178224238496436
RASH_HUMAN_Bandaru_2017,48,21,-0.48217757615035645,0.5178224238496436
RASH_HUMAN_Bandaru_2017,48,22,1.5178224238496436,0.5178224238496436
RASH_HUMAN_Bandaru_2017,48,23,0.5178224238496436,0.5178224238496436
RASH_HUMAN_Bandaru_2017,48,24,0.5178224238496436,0.5178224238496436
RASH_HUMAN_Bandaru_2017,48,25,-0.48217757615035645,0.5178224238496436
RASH_HUMAN_Bandaru_2017,48,26,-0.4666234607906675,0.5333765392093325
RASH_HUMAN_Bandaru_2017,48,27,-0.48217757615035645,0.5178224238496436
RASH_HUMAN_Bandaru_2017,48,28,0.5178224238496436,0.5178224238496436
RASH_HUMAN_Bandaru_2017,48,29,0.5178224238496436,0.5178224238496436
RASH_HUMAN_Bandaru_2017,48,30,0.5178224238496436,0.5178224238496436
RASH_HUMAN_Bandaru_2017,48,31,1.5178224238496436,0.5178224238496436
RASH_HUMAN_Bandaru_2017,48,32,1.5333765392093324,0.5333765392093325
RASH_HUMAN_Bandaru_2017,48,33,3.5333765392093324,0.5333765392093325
RASH_HUMAN_Bandaru_2017,48,34,0.5178224238496436,0.5178224238496436
RASH_HUMAN_Bandaru_2017,48,35,0.5178224238496436,0.5178224238496436
RASH_HUMAN_Bandaru_2017,48,36,-0.4666234607906675,0.5333765392093325
RASH_HUMAN_Bandaru_2017,48,37,0.5489306545690213,0.5489306545690213
RASH_HUMAN_Bandaru_2017,48,38,-0.48217757615035645,0.5178224238496436
RASH_HUMAN_Bandaru_2017,48,39,-0.48217757615035645,0.5178224238496436
RASH_HUMAN_Bandaru_2017,96,0,1.510204081632653,0.5102040816326531
RASH_HUMAN_Bandaru_2017,96,1,0.5102040816326531,0.5102040816326531
RASH_HUMAN_Bandaru_2017,96,2,-0.4739960500329164,0.5260039499670837
RASH_HUMAN_Bandaru_2017,96,3,0.5260039499670837,0.5260039499670837
RASH_HUMAN_Bandaru_2017,96,4,0.5418038183015141,0.5418038183015141
RASH_HUMAN_Bandaru_2017,96,5,1.510204081632653,0.5102040816326531
RASH_HUMAN_Bandaru_2017,96,6,0.5260039499670837,0.5260039499670837
RASH_HUMAN_Bandaru_2017,96,7,0.5260039499670837,0.5260039499670837
RASH_HUMAN_Bandaru_2017,96,8,2.5260039499670834,0.5260039499670837
RASH_HUMAN_Bandaru_2017,96,9,1.5260039499670837,0.5260039499670837
RASH_HUMAN_Bandaru_2017,96,10,2.510204081632653,0.5102040816326531
RASH_HUMAN_Bandaru_2017,96,11,1.5418038183015141,0.5418038183015141
RASH_HUMAN_Bandaru_2017,96,12,1.5418038183015141,0.5418038183015141
RASH_HUMAN_Bandaru_2017,96,13,-0.4423963133640553,0.5576036866359446
RASH_HUMAN_Bandaru_2017,96,14,0.5102040816326531,0.5102040816326531
RASH_HUMAN_Bandaru_2017,96,15,2.557603686635945,0.5576036866359446
RASH_HUMAN_Bandaru_2017,96,16,0.5260039499670837,0.5260039499670837
RASH_HUMAN_Bandaru_2017,96,17,-0.4423963133640553,0.5576036866359446
RASH_HUMAN_Bandaru_2017,96,18,0.5260039499670837,0.5260039499670837
RASH_HUMAN_Bandaru_2017,96,19,-0.4739960500329164,0.5260039499670837
RASH_HUMAN_Bandaru_2017,96,20,0.5260039499670837,0.5260039499670837
RASH_HUMAN_Bandaru_2017,96,21,1.5418038183015141,0.5418038183015141
RASH_HUMAN_Bandaru_2017,96,22,-0.4897959183673469,0.5102040816326531
RASH_HUMAN_Bandaru_2017,96,23,-0.4739960500329164,0.5260039499670837
RASH_HUMAN_Bandaru_2017,96,24,1.5260039499670837,-0.4739960500329164
RASH_HUMAN_Bandaru_2017,96,25,2.5260039499670834,0.5260039499670837
RASH_HUMAN_Bandaru_2017,96,26,-0.4897959183673469,0.5102040816326531
RASH_HUMAN_Bandaru_2017,96,27,-0.4739960500329164,0.5260039499670837
RASH_HUMAN_Bandaru_2017,96,28,0.5102040816326531,0.5102040816326531
RASH_HUMAN_Bandaru_2017,96,29,1.5418038183015141,0.5418038183015141
RASH_HUMAN_Bandaru_2017,96,30,0.5734035549703753,0.5734035549703753
RASH_HUMAN_Bandaru_2017,96,31,2.510204081632653,0.5102040816326531
RASH_HUMAN_Bandaru_2017,96,32,-0.4897959183673469,0.5102040816326531
RASH_HUMAN_Bandaru_2017,96,33,-0.4739960500329164,0.5260039499670837
RASH_HUMAN_Bandaru_2017,96,34,-0.45819618169848586,0.5418038183015141
RASH_HUMAN_Bandaru_2017,96,35,-0.4897959183673469,0.5102040816326531
RASH_HUMAN_Bandaru_2017,96,36,0.5102040816326531,0.5102040816326531
RASH_HUMAN_Bandaru_2017,96,37,-0.4897959183673469,0.5102040816326531
RASH_HUMAN_Bandaru_2017,96,38,0.5102040816326531,0.5102040816326531
RASH_HUMAN_Bandaru_2017,96,39,-0.45819618169848586,0.5418038183015141
RASH_HUMAN_Bandaru_2017,192,0,-0.47314751869476546,0.5268524813052345
RASH_HUMAN_Bandaru_2017,192,1,-0.4568320870156356,0.5431679129843644
RASH_HUMAN_Bandaru_2017,192,2,2.5268524813052347,0.5268524813052345
RASH_HUMAN_Bandaru_2017,192,3,4.510537049626104,-0.4894629503738953
RASH_HUMAN_Bandaru_2017,192,4,0.5268524813052345,0.5268524813052345
RASH_HUMAN_Bandaru_2017,192,5,2.5431679129843645,0.5431679129843644
RASH_HUMAN_Bandaru_2017,192,6,-0.5057783820530252,0.49422161794697483
RASH_HUMAN_Bandaru_2017,192,7,2.510537049626105,0.5105370496261047
RASH_HUMAN_Bandaru_2017,192,8,0.5431679129843644,0.5431679129843644
RASH_HUMAN_Bandaru_2017,192,9,1.5594833446634941,-0.4405166553365058
RASH_HUMAN_Bandaru_2017,192,10,0.5594833446634941,0.5594833446634941
RASH_HUMAN_Bandaru_2017,192,11,0.49422161794697483,0.49422161794697483
RASH_HUMAN_Bandaru_2017,192,12,0.5105370496261047,0.5105370496261047
RASH_HUMAN_Bandaru_2017,192,13,1.5105370496261048,0.5105370496261047
RASH_HUMAN_Bandaru_2017,192,14,1.5268524813052347,0.5268524813052345
RASH_HUMAN_Bandaru_2017,192,15,1.5594833446634941,0.5594833446634941
RASH_HUMAN_Bandaru_2017,192,16,0.5268524813052345,0.5268524813052345
RASH_HUMAN_Bandaru_2017,192,17,-0.47314751869476546,0.5268524813052345
RASH_HUMAN_Bandaru_2017,192,18,1.5268524813052347,0.5268524813052345
RASH_HUMAN_Bandaru_2017,192,19,-0.47314751869476546,0.5268524813052345
RASH_HUMAN_Bandaru_2017,192,20,-0.5057783820530252,0.49422161794697483
RASH_HUMAN_Bandaru_2017,192,21,0.5431679129843644,0.5431679129843644
RASH_HUMAN_Bandaru_2017,192,22,1.494221617946975,0.49422161794697483
RASH_HUMAN_Bandaru_2017,192,23,0.49422161794697483,0.49422161794697483
RASH_HUMAN_Bandaru_2017,192,24,0.5921142080217539,0.5921142080217539
RASH_HUMAN_Bandaru_2017,192,25,2.494221617946975,0.49422161794697483
RASH_HUMAN_Bandaru_2017,192,26,1.5105370496261048,0.5105370496261047
RASH_HUMAN_Bandaru_2017,192,27,0.5105370496261047,0.5105370496261047
RASH_HUMAN_Bandaru_2017,192,28,0.49422161794697483,0.49422161794697483
RASH_HUMAN_Bandaru_2017,192,29,2.510537049626105,0.5105370496261047
RASH_HUMAN_Bandaru_2017,192,30,-0.4568320870156356,0.5431679129843644
RASH_HUMAN_Bandaru_2017,192,31,0.5105370496261047,0.5105370496261047
RASH_HUMAN_Bandaru_2017,192,32,0.5105370496261047,-0.4894629503738953
RASH_HUMAN_Bandaru_2017,192,33,-0.47314751869476546,0.5268524813052345
RASH_HUMAN_Bandaru_2017,192,34,0.5431679129843644,0.5431679129843644
RASH_HUMAN_Bandaru_2017,192,35,-0.4568320870156356,0.5431679129843644
RASH_HUMAN_Bandaru_2017,192,36,2.5594833446634944,0.5594833446634941
RASH_HUMAN_Bandaru_2017,192,37,0.5105370496261047,0.5105370496261047
RASH_HUMAN_Bandaru_2017,192,38,0.49422161794697483,0.49422161794697483
RASH_HUMAN_Bandaru_2017,192,39,-0.4568320870156356,0.5431679129843644
RASH_HUMAN_Bandaru_2017,384,0,-0.5061818181818182,0.4938181818181818
RASH_HUMAN_Bandaru_2017,384,1,0.5461818181818181,0.5461818181818181
RASH_HUMAN_Bandaru_2017,384,2,4.511272727272727,0.5112727272727273
RASH_HUMAN_Bandaru_2017,384,3,-0.43636363636363634,0.5636363636363637
RASH_HUMAN_Bandaru_2017,384,4,2.5287272727272727,0.5287272727272727
RASH_HUMAN_Bandaru_2017,384,5,1.546181818181818,0.5461818181818181
RASH_HUMAN_Bandaru_2017,384,6,0.4938181818181818,0.4938181818181818
RASH_HUMAN_Bandaru_2017,384,7,1.493818181818182,0.4938181818181818
RASH_HUMAN_Bandaru_2017,384,8,-0.48872727272727273,0.5112727272727273
RASH_HUMAN_Bandaru_2017,384,9,-0.5236363636363637,0.4763636363636363
RASH_HUMAN_Bandaru_2017,384,10,0.5112727272727273,0.5112727272727273
RASH_HUMAN_Bandaru_2017,384,11,0.5461818181818181,0.5461818181818181
RASH_HUMAN_Bandaru_2017,384,12,-0.5061818181818182,0.4938181818181818
RASH_HUMAN_Bandaru_2017,384,13,0.5112727272727273,0.5112727272727273
RASH_HUMAN_Bandaru_2017,384,14,-0.5236363636363637,0.4763636363636363
RASH_HUMAN_Bandaru_2017,384,15,0.5636363636363637,0.5636363636363637
RASH_HUMAN_Bandaru_2017,384,16,0.4763636363636363,0.4763636363636363
RASH_HUMAN_Bandaru_2017,384,17,2.5287272727272727,0.5287272727272727
RASH_HUMAN_Bandaru_2017,384,18,-0.45381818181818184,-0.45381818181818184
RASH_HUMAN_Bandaru_2017,384,19,1.546181818181818,-0.45381818181818184
RASH_HUMAN_Bandaru_2017,384,20,0.5287272727272727,0.5287272727272727
RASH_HUMAN_Bandaru_2017,384,21,3.5287272727272727,0.5287272727272727
RASH_HUMAN_Bandaru_2017,384,22,2.493818181818182,0.4938181818181818
RASH_HUMAN_Bandaru_2017,384,23,-0.4712727272727273,0.5287272727272727
RASH_HUMAN_Bandaru_2017,384,24,-0.4712727272727273,0.5287272727272727
RASH_HUMAN_Bandaru_2017,384,25,0.4938181818181818,0.4938181818181818
RASH_HUMAN_Bandaru_2017,384,26,2.546181818181818,0.5461818181818181
RASH_HUMAN_Bandaru_2017,384,27,0.4763636363636363,-0.5236363636363637
RASH_HUMAN_Bandaru_2017,384,28,0.5112727272727273,0.5112727272727273
RASH_HUMAN_Bandaru_2017,384,29,1.493818181818182,0.4938181818181818
RASH_HUMAN_Bandaru_2017,384,30,2.581090909090909,0.5810909090909091
RASH_HUMAN_Bandaru_2017,384,31,-0.45381818181818184,0.5461818181818181
RASH_HUMAN_Bandaru_2017,384,32,-0.45381818181818184,0.5461818181818181
RASH_HUMAN_Bandaru_2017,384,33,0.5112727272727273,0.5112727272727273
RASH_HUMAN_Bandaru_2017,384,34,1.5112727272727273,0.5112727272727273
RASH_HUMAN_Bandaru_2017,384,35,1.546181818181818,0.5461818181818181
RASH_HUMAN_Bandaru_2017,384,36,0.5112727272727273,0.5112727272727273
RASH_HUMAN_Bandaru_2017,384,37,1.5112727272727273,0.5112727272727273
RASH_HUMAN_Bandaru_2017,384,38,1.493818181818182,0.4938181818181818
RASH_HUMAN_Bandaru_2017,384,39,2.616,-0.384
REV_HV1H2_Fernandes_2016,24,0,-0.47479981158737633,-0.47479981158737633
REV_HV1H2_Fernandes_2016,24,1,0.5252001884126236,-0.47479981158737633
REV_HV1H2_Fernandes_2016,24,2,-0.47479981158737633,-0.47479981158737633
REV_HV1H2_Fernandes_2016,24,3,-0.47479981158737633,-0.47479981158737633
REV_HV1H2_Fernandes_2016,24,4,-0.47479981158737633,-0.47479981158737633
REV_HV1H2_Fernandes_2016,24,5,1.5252001884126236,-0.47479981158737633
REV_HV1H2_Fernandes_2016,24,6,-0.47479981158737633,-0.47479981158737633
REV_HV1H2_Fernandes_2016,24,7,0.5252001884126236,-0.47479981158737633
REV_HV1H2_Fernandes_2016,24,8,-0.45219029674988226,-0.45219029674988226
REV_HV1H2_Fernandes_2016,24,9,1.5252001884126236,-0.47479981158737633
REV_HV1H2_Fernandes_2016,24,10,3.5252001884126236,-0.47479981158737633
REV_HV1H2_Fernandes_2016,24,11,0.5704192180876119,-0.42958078191238813
REV_HV1H2_Fernandes_2016,24,12,1.5478097032501177,-0.45219029674988226
REV_HV1H2_Fernandes_2016,24,13,-0.47479981158737633,-0.47479981158737633
REV_HV1H2_Fernandes_2016,24,14,-0.47479981158737633,-0.47479981158737633
REV_HV1H2_Fernandes_2016,24,15,-0.47479981158737633,-0.47479981158737633
REV_HV1H2_Fernandes_2016,24,16,-0.45219029674988226,-0.45219029674988226
REV_HV1H2_Fernandes_2016,24,17,2.5478097032501177,-0.45219029674988226
REV_HV1H2_Fernandes_2016,24,18,-0.47479981158737633,-0.47479981158737633
REV_HV1H2_Fernandes_2016,24,19,-0.47479981158737633,-0.47479981158737633
REV_HV1H2_Fernandes_2016,24,20,0.5252001884126236,-0.47479981158737633
REV_HV1H2_Fernandes_2016,24,21,0.5478097032501177,-0.45219029674988226
REV_HV1H2_Fernandes_2016,24,22,-0.47479981158737633,-0.47479981158737633
REV_HV1H2_Fernandes_2016,24,23,0.5478097032501177,-0.45219029674988226
REV_HV1H2_Fernandes_2016,24,24,-0.45219029674988226,-0.45219029674988226
REV_HV1H2_Fernandes_2016,24,25,0.5252001884126236,-0.47479981158737633
REV_HV1H2_Fernandes_2016,24,26,0.5252001884126236,-0.47479981158737633
REV_HV1H2_Fernandes_2016,24,27,-0.47479981158737633,-0.47479981158737633
REV_HV1H2_Fernandes_2016,24,28,-0.47479981158737633,-0.47479981158737633
REV_HV1H2_Fernandes_2016,24,29,-0.47479981158737633,-0.47479981158737633
REV_HV1H2_Fernandes_2016,24,30,1.5478097032501177,-0.45219029674988226
REV_HV1H2_Fernandes_2016,24,31,-0.47479981158737633,-0.47479981158737633
REV_HV1H2_Fernandes_2016,24,32,-0.47479981158737633,-0.47479981158737633
REV_HV1H2_Fernandes_2016,24,33,-0.42958078191238813,-0.42958078191238813
REV_HV1H2_Fernandes_2016,24,34,0.5478097032501177,-0.45219029674988226
REV_HV1H2_Fernandes_2016,24,35,-0.47479981158737633,-0.47479981158737633
REV_HV1H2_Fernandes_2016,24,36,1.5252001884126236,-0.47479981158737633
REV_HV1H2_Fernandes_2016,24,37,-0.47479981158737633,-0.47479981158737633
REV_HV1H2_Fernandes_2016,24,38,-0.42958078191238813,-0.42958078191238813
REV_HV1H2_Fernandes_2016,24,39,-0.47479981158737633,-0.47479981158737633
REV_HV1H2_Fernandes_2016,48,0,0.5197713196760362,-0.4802286803239638
REV_HV1H2_Fernandes_2016,48,1,0.5426393520724154,-0.4573606479275846
REV_HV1H2_Fernandes_2016,48,2,-0.4802286803239638,-0.4802286803239638
REV_HV1H2_Fernandes_2016,48,3,1.5197713196760363,-0.4802286803239638
REV_HV1H2_Fernandes_2016,48,4,-0.4573606479275846,-0.4573606479275846
REV_HV1H2_Fernandes_2016,48,5,0.5197713196760362,-0.4802286803239638
REV_HV1H2_Fernandes_2016,48,6,0.5197713196760362,-0.4802286803239638
REV_HV1H2_Fernandes_2016,48,7,0.5197713196760362,-0.4802286803239638
REV_HV1H2_Fernandes_2016,48,8,0.5197713196760362,-0.4802286803239638
REV_HV1H2_Fernandes_2016,48,9,0.5883754168651739,-0.4116245831348261
REV_HV1H2_Fernandes_2016,48,10,-0.4573606479275846,-0.4573606479275846
REV_HV1H2_Fernandes_2016,48,11,-0.4802286803239638,-0.4802286803239638
REV_HV1H2_Fernandes_2016,48,12,-0.4573606479275846,-0.4573606479275846
REV_HV1H2_Fernandes_2016,48,13,-0.4802286803239638,-0.4802286803239638
REV_HV1H2_Fernandes_2016,48,14,-0.43449261553120533,-0.43449261553120533
REV_HV1H2_Fernandes_2016,48,15,-0.4802286803239638,-0.4802286803239638
REV_HV1H2_Fernandes_2016,48,16,-0.4573606479275846,-0.4573606479275846
REV_HV1H2_Fernandes_2016,48,17,-0.4802286803239638,-0.4802286803239638
REV_HV1H2_Fernandes_2016,48,18,-0.4802286803239638,-0.4802286803239638
REV_HV1H2_Fernandes_2016,48,19,-0.4573606479275846,-0.4573606479275846
REV_HV1H2_Fernandes_2016,48,20,-0.4802286803239638,-0.4802286803239638
REV_HV1H2_Fernandes_2016,48,21,-0.4802286803239638,-0.4802286803239638
REV_HV1H2_Fernandes_2016,48,22,1.5655073844687948,-0.43449261553120533
REV_HV1H2_Fernandes_2016,48,23,0.5197713196760362,-0.4802286803239638
REV_HV1H2_Fernandes_2016,48,24,-0.4802286803239638,-0.4802286803239638
REV_HV1H2_Fernandes_2016,48,25,0.5197713196760362,-0.4802286803239638
REV_HV1H2_Fernandes_2016,48,26,0.5197713196760362,-0.4802286803239638
REV_HV1H2_Fernandes_2016,48,27,-0.4802286803239638,-0.4802286803239638
REV_HV1H2_Fernandes_2016,48,28,-0.4802286803239638,-0.4802286803239638
REV_HV1H2_Fernandes_2016,48,29,-0.4802286803239638,-0.4802286803239638
REV_HV1H2_Fernandes_2016,48,30,-0.4573606479275846,-0.4573606479275846
REV_HV1H2_Fernandes_2016,48,31,-0.4802286803239638,-0.4802286803239638
REV_HV1H2_Fernandes_2016,48,32,-0.4802286803239638,-0.4802286803239638
REV_HV1H2_Fernandes_2016,48,33,-0.4802286803239638,-0.4802286803239638
REV_HV1H2_Fernandes_2016,48,34,0.5197713196760362,-0.4802286803239638
REV_HV1H2_Fernandes_2016,48,35,-0.4802286803239638,-0.4802286803239638
REV_HV1H2_Fernandes_2016,48,36,-0.4802286803239638,-0.4802286803239638
REV_HV1H2_Fernandes_2016,48,37,-0.4573606479275846,-0.4573606479275846
REV_HV1H2_Fernandes_2016,48,38,2.5426393520724155,-0.4573606479275846
REV_HV1H2_Fernandes_2016,48,39,1.5197713196760363,-0.4802286803239638
REV_HV1H2_Fernandes_2016,96,0,-0.49146757679180886,-0.49146757679180886
REV_HV1H2_Fernandes_2016,96,1,0.5085324232081911,-0.49146757679180886
REV_HV1H2_Fernandes_2016,96,2,1.5085324232081911,-0.49146757679180886
REV_HV1H2_Fernandes_2016,96,3,0.6021452949780595,-0.39785470502194054
REV_HV1H2_Fernandes_2016,96,4,-0.4680643588493418,-0.4680643588493418
REV_HV1H2_Fernandes_2016,96,5,-0.4680643588493418,-0.4680643588493418
REV_HV1H2_Fernandes_2016,96,6,0.5319356411506582,-0.4680643588493418
REV_HV1H2_Fernandes_2016,96,7,0.5553388590931253,-0.4446611409068747
REV_HV1H2_Fernandes_2016,96,8,-0.4680643588493418,-0.4680643588493418
REV_HV1H2_Fernandes_2016,96,9,-0.4212579229644076,-0.4212579229644076
REV_HV1H2_Fernandes_2016,96,10,-0.4680643588493418,-0.4680643588493418
REV_HV1H2_Fernandes_2016,96,11,0.5319356411506582,-0.4680643588493418
REV_HV1H2_Fernandes_2016,96,12,0.5085324232081911,-0.49146757679180886
REV_HV1H2_Fernandes_2016,96,13,-0.4680643588493418,-0.4680643588493418
REV_HV1H2_Fernandes_2016,96,14,0.5319356411506582,-0.4680643588493418
REV_HV1H2_Fernandes_2016,96,15,-0.49146757679180886,-0.49146757679180886
REV_HV1H2_Fernandes_2016,96,16,0.5085324232081911,-0.49146757679180886
REV_HV1H2_Fernandes_2016,96,17,-0.49146757679180886,-0.49146757679180886
REV_HV1H2_Fernandes_2016,96,18,-0.49146757679180886,-0.49146757679180886
REV_HV1H2_Fernandes_2016,96,19,-0.4680643588493418,-0.4680643588493418
REV_HV1H2_Fernandes_2016,96,20,-0.4446611409068747,-0.4446611409068747
REV_HV1H2_Fernandes_2016,96,21,0.5787420770355924,-0.4212579229644076
REV_HV1H2_Fernandes_2016,96,22,0.5085324232081911,-0.49146757679180886
REV_HV1H2_Fernandes_2016,96,23,-0.49146757679180886,-0.49146757679180886
REV_HV1H2_Fernandes_2016,96,24,-0.4680643588493418,-0.4680643588493418
REV_HV1H2_Fernandes_2016,96,25,-0.49146757679180886,-0.49146757679180886
REV_HV1H2_Fernandes_2016,96,26,-0.4680643588493418,-0.4680643588493418
REV_HV1H2_Fernandes_2016,96,27,0.5319356411506582,-0.4680643588493418
REV_HV1H2_Fernandes_2016,96,28,0.5085324232081911,-0.49146757679180886
REV_HV1H2_Fernandes_2016,96,29,-0.4446611409068747,-0.4446611409068747
REV_HV1H2_Fernandes_2016,96,30,0.5319356411506582,-0.4680643588493418
REV_HV1H2_Fernandes_2016,96,31,-0.4212579229644076,-0.4212579229644076
REV_HV1H2_Fernandes_2016,96,32,0.5085324232081911,-0.49146757679180886
REV_HV1H2_Fernandes_2016,96,33,0.5553388590931253,-0.4446611409068747
REV_HV1H2_Fernandes_2016,96,34,-0.4680643588493418,-0.4680643588493418
REV_HV1H2_Fernandes_2016,96,35,0.5319356411506582,-0.4680643588493418
REV_HV1H2_Fernandes_2016,96,36,-0.49146757679180886,-0.49146757679180886
REV_HV1H2_Fernandes_2016,96,37,-0.4680643588493418,-0.4680643588493418
REV_HV1H2_Fernandes_2016,96,38,-0.49146757679180886,-0.49146757679180886
REV_HV1H2_Fernandes_2016,96,39,-0.4680643588493418,-0.4680643588493418
REV_HV1H2_Fernandes_2016,192,0,-0.49104859335038364,-0.49104859335038364
REV_HV1H2_Fernandes_2016,192,1,-0.5156010230179028,-0.5156010230179028
REV_HV1H2_Fernandes_2016,192,2,-0.5156010230179028,-0.5156010230179028
REV_HV1H2_Fernandes_2016,192,3,-0.46649616368286445,-0.46649616368286445
REV_HV1H2_Fernandes_2016,192,4,-0.46649616368286445,-0.46649616368286445
REV_HV1H2_Fernandes_2016,192,5,-0.44194373401534526,-0.44194373401534526
REV_HV1H2_Fernandes_2016,192,6,0.5335038363171356,-0.46649616368286445
REV_HV1H2_Fernandes_2016,192,7,-0.46649616368286445,-0.46649616368286445
REV_HV1H2_Fernandes_2016,192,8,-0.5156010230179028,-0.5156010230179028
REV_HV1H2_Fernandes_2016,192,9,0.5335038363171356,-0.46649616368286445
REV_HV1H2_Fernandes_2016,192,10,-0.49104859335038364,-0.49104859335038364
REV_HV1H2_Fernandes_2016,192,11,0.5089514066496164,-0.49104859335038364
REV_HV1H2_Fernandes_2016,192,12,-0.46649616368286445,-0.46649616368286445
REV_HV1H2_Fernandes_2016,192,13,-0.46649616368286445,-0.46649616368286445
REV_HV1H2_Fernandes_2016,192,14,-0.3928388746803069,-0.3928388746803069
REV_HV1H2_Fernandes_2016,192,15,0.5089514066496164,-0.49104859335038364
REV_HV1H2_Fernandes_2016,192,16,0.5580562659846547,-0.44194373401534526
REV_HV1H2_Fernandes_2016,192,17,-0.3928388746803069,-0.3928388746803069
REV_HV1H2_Fernandes_2016,192,18,0.5335038363171356,-0.46649616368286445
REV_HV1H2_Fernandes_2016,192,19,-0.46649616368286445,-0.46649616368286445
REV_HV1H2_Fernandes_2016,192,20,-0.49104859335038364,-0.49104859335038364
REV_HV1H2_Fernandes_2016,192,21,-0.46649616368286445,-0.46649616368286445
REV_HV1H2_Fernandes_2016,192,22,-0.46649616368286445,-0.46649616368286445
REV_HV1H2_Fernandes_2016,192,23,-0.46649616368286445,-0.46649616368286445
REV_HV1H2_Fernandes_2016,192,24,0.5089514066496164,-0.49104859335038364
REV_HV1H2_Fernandes_2016,192,25,0.5089514066496164,-0.49104859335038364
REV_HV1H2_Fernandes_2016,192,26,-0.5156010230179028,-0.5156010230179028
REV_HV1H2_Fernandes_2016,192,27,-0.44194373401534526,-0.44194373401534526
REV_HV1H2_Fernandes_2016,192,28,0.5335038363171356,-0.46649616368286445
REV_HV1H2_Fernandes_2016,192,29,-0.44194373401534526,-0.44194373401534526
REV_HV1H2_Fernandes_2016,192,30,-0.44194373401534526,-0.44194373401534526
REV_HV1H2_Fernandes_2016,192,31,-0.5156010230179028,-0.5156010230179028
REV_HV1H2_Fernandes_2016,192,32,-0.41739130434782606,-0.41739130434782606
REV_HV1H2_Fernandes_2016,192,33,-0.49104859335038364,-0.49104859335038364
REV_HV1H2_Fernandes_2016,192,34,-0.46649616368286445,-0.46649616368286445
REV_HV1H2_Fernandes_2016,192,35,0.4843989769820972,-0.5156010230179028
REV_HV1H2_Fernandes_2016,192,36,-0.44194373401534526,-0.44194373401534526
REV_HV1H2_Fernandes_2016,192,37,-0.44194373401534526,-0.44194373401534526
REV_HV1H2_Fernandes_2016,192,38,-0.46649616368286445,-0.46649616368286445
REV_HV1H2_Fernandes_2016,192,39,-0.49104859335038364,-0.49104859335038364
REV_HV1H2_Fernandes_2016,384,0,0.5099262620533183,-0.4900737379466818
REV_HV1H2_Fernandes_2016,384,1,0.5371525808281339,-0.4628474191718661
REV_HV1H2_Fernandes_2016,384,2,0.5643788996029495,-0.4356211003970505
REV_HV1H2_Fernandes_2016,384,3,-0.5173000567214975,-0.5173000567214975
REV_HV1H2_Fernandes_2016,384,4,1.5371525808281339,-0.4628474191718661
REV_HV1H2_Fernandes_2016,384,5,-0.3811684628474192,-0.3811684628474192
REV_HV1H2_Fernandes_2016,384,6,-0.5173000567214975,-0.5173000567214975
REV_HV1H2_Fernandes_2016,384,7,-0.4628474191718661,-0.4628474191718661
REV_HV1H2_Fernandes_2016,384,8,-0.4628474191718661,-0.4628474191718661
REV_HV1H2_Fernandes_2016,384,9,0.5099262620533183,-0.4900737379466818
REV_HV1H2_Fernandes_2016,384,10,2.6188315371525808,-0.3811684628474192
REV_HV1H2_Fernandes_2016,384,11,-0.4356211003970505,-0.4356211003970505
REV_HV1H2_Fernandes_2016,384,12,-0.4356211003970505,-0.4356211003970505
REV_HV1H2_Fernandes_2016,384,13,-0.4083947816222348,-0.4083947816222348
REV_HV1H2_Fernandes_2016,384,14,-0.4900737379466818,-0.4900737379466818
REV_HV1H2_Fernandes_2016,384,15,0.5371525808281339,-0.4628474191718661
REV_HV1H2_Fernandes_2016,384,16,-0.4900737379466818,-0.4900737379466818
REV_HV1H2_Fernandes_2016,384,17,-0.4628474191718661,-0.4628474191718661
REV_HV1H2_Fernandes_2016,384,18,-0.4628474191718661,-0.4628474191718661
REV_HV1H2_Fernandes_2016,384,19,-0.4900737379466818,-0.4900737379466818
REV_HV1H2_Fernandes_2016,384,20,-0.5173000567214975,-0.5173000567214975
REV_HV1H2_Fernandes_2016,384,21,-0.4083947816222348,-0.4083947816222348
REV_HV1H2_Fernandes_2016,384,22,-0.4900737379466818,-0.4900737379466818
REV_HV1H2_Fernandes_2016,384,23,-0.4356211003970505,-0.4356211003970505
REV_HV1H2_Fernandes_2016,384,24,-0.5173000567214975,-0.5173000567214975
REV_HV1H2_Fernandes_2016,384,25,-0.4900737379466818,-0.4900737379466818
REV_HV1H2_Fernandes_2016,384,26,-0.4083947816222348,-0.4083947816222348
REV_HV1H2_Fernandes_2016,384,27,-0.4628474191718661,-0.4628474191718661
REV_HV1H2_Fernandes_2016,384,28,-0.4083947816222348,-0.4083947816222348
REV_HV1H2_Fernandes_2016,384,29,-0.4628474191718661,-0.4628474191718661
REV_HV1H2_Fernandes_2016,384,30,0.5099262620533183,-0.4900737379466818
REV_HV1H2_Fernandes_2016,384,31,-0.4356211003970505,-0.4356211003970505
REV_HV1H2_Fernandes_2016,384,32,1.455473624503687,-0.5445263754963131
REV_HV1H2_Fernandes_2016,384,33,0.5916052183777651,-0.4083947816222348
REV_HV1H2_Fernandes_2016,384,34,1.455473624503687,-0.5445263754963131
REV_HV1H2_Fernandes_2016,384,35,-0.4356211003970505,-0.4356211003970505
REV_HV1H2_Fernandes_2016,384,36,-0.4628474191718661,-0.4628474191718661
REV_HV1H2_Fernandes_2016,384,37,0.4826999432785025,-0.5173000567214975
REV_HV1H2_Fernandes_2016,384,38,0.5371525808281339,-0.4628474191718661
REV_HV1H2_Fernandes_2016,384,39,-0.4900737379466818,-0.4900737379466818
RL401_YEAST_Mavor_2016,24,0,-0.46867371847030104,-0.46867371847030104
RL401_YEAST_Mavor_2016,24,1,-0.46867371847030104,-0.46867371847030104
RL401_YEAST_Mavor_2016,24,2,-0.5077298616761595,-0.5077298616761595
RL401_YEAST_Mavor_2016,24,3,0.531326281529699,-0.46867371847030104
RL401_YEAST_Mavor_2016,24,4,-0.46867371847030104,-0.46867371847030104
RL401_YEAST_Mavor_2016,24,5,-0.5077298616761595,-0.5077298616761595
RL401_YEAST_Mavor_2016,24,6,-0.46867371847030104,-0.46867371847030104
RL401_YEAST_Mavor_2016,24,7,-0.5077298616761595,-0.5077298616761595
RL401_YEAST_Mavor_2016,24,8,-0.5077298616761595,-0.5077298616761595
RL401_YEAST_Mavor_2016,24,9,-0.5077298616761595,-0.5077298616761595
RL401_YEAST_Mavor_2016,24,10,2.531326281529699,-0.46867371847030104
RL401_YEAST_Mavor_2016,24,11,-0.5077298616761595,-0.5077298616761595
RL401_YEAST_Mavor_2016,24,12,-0.5077298616761595,-0.5077298616761595
RL401_YEAST_Mavor_2016,24,13,-0.5077298616761595,-0.5077298616761595
RL401_YEAST_Mavor_2016,24,14,-0.5077298616761595,-0.5077298616761595
RL401_YEAST_Mavor_2016,24,15,-0.5077298616761595,-0.5077298616761595
RL401_YEAST_Mavor_2016,24,16,-0.5077298616761595,-0.5077298616761595
RL401_YEAST_Mavor_2016,24,17,-0.46867371847030104,-0.46867371847030104
RL401_YEAST_Mavor_2016,24,18,-0.46867371847030104,-0.46867371847030104
RL401_YEAST_Mavor_2016,24,19,-0.5077298616761595,-0.5077298616761595
RL401_YEAST_Mavor_2016,24,20,0.4922701383238405,-0.5077298616761595
RL401_YEAST_Mavor_2016,24,21,0.4922701383238405,-0.5077298616761595
RL401_YEAST_Mavor_2016,24,22,-0.46867371847030104,-0.46867371847030104
RL401_YEAST_Mavor_2016,24,23,-0.46867371847030104,-0.46867371847030104
RL401_YEAST_Mavor_2016,24,24,-0.46867371847030104,-0.46867371847030104
RL401_YEAST_Mavor_2016,24,25,-0.5077298616761595,-0.5077298616761595
RL401_YEAST_Mavor_2016,24,26,-0.5077298616761595,-0.5077298616761595
RL401_YEAST_Mavor_2016,24,27,-0.5077298616761595,-0.5077298616761595
RL401_YEAST_Mavor_2016,24,28,-0.5077298616761595,-0.5077298616761595
RL401_YEAST_Mavor_2016,24,29,0.4922701383238405,-0.5077298616761595
RL401_YEAST_Mavor_2016,24,30,-0.5077298616761595,-0.5077298616761595
RL401_YEAST_Mavor_2016,24,31,-0.5077298616761595,-0.5077298616761595
RL401_YEAST_Mavor_2016,24,32,-0.46867371847030104,-0.46867371847030104
RL401_YEAST_Mavor_2016,24,33,-0.5077298616761595,-0.5077298616761595
RL401_YEAST_Mavor_2016,24,34,-0.46867371847030104,-0.46867371847030104
RL401_YEAST_Mavor_2016,24,35,-0.5077298616761595,-0.5077298616761595
RL401_YEAST_Mavor_2016,24,36,-0.5077298616761595,-0.5077298616761595
RL401_YEAST_Mavor_2016,24,37,-0.46867371847030104,-0.46867371847030104
RL401_YEAST_Mavor_2016,24,38,-0.5077298616761595,-0.5077298616761595
RL401_YEAST_Mavor_2016,24,39,-0.46867371847030104,-0.46867371847030104
RL401_YEAST_Mavor_2016,48,0,0.48215767634854767,-0.5178423236514523
RL401_YEAST_Mavor_2016,48,1,-0.5178423236514523,-0.5178423236514523
RL401_YEAST_Mavor_2016,48,2,-0.47800829875518674,-0.47800829875518674
RL401_YEAST_Mavor_2016,48,3,-0.5178423236514523,-0.5178423236514523
RL401_YEAST_Mavor_2016,48,4,-0.47800829875518674,-0.47800829875518674
RL401_YEAST_Mavor_2016,48,5,-0.47800829875518674,-0.47800829875518674
RL401_YEAST_Mavor_2016,48,6,-0.47800829875518674,-0.47800829875518674
RL401_YEAST_Mavor_2016,48,7,-0.43817427385892116,-0.43817427385892116
RL401_YEAST_Mavor_2016,48,8,-0.47800829875518674,-0.47800829875518674
RL401_YEAST_Mavor_2016,48,9,-0.47800829875518674,-0.47800829875518674
RL401_YEAST_Mavor_2016,48,10,-0.47800829875518674,-0.47800829875518674
RL401_YEAST_Mavor_2016,48,11,-0.5178423236514523,-0.5178423236514523
RL401_YEAST_Mavor_2016,48,12,-0.47800829875518674,-0.47800829875518674
RL401_YEAST_Mavor_2016,48,13,-0.47800829875518674,-0.47800829875518674
RL401_YEAST_Mavor_2016,48,14,-0.5178423236514523,-0.5178423236514523
RL401_YEAST_Mavor_2016,48,15,-0.47800829875518674,-0.47800829875518674
RL401_YEAST_Mavor_2016,48,16,-0.5178423236514523,-0.5178423236514523
RL401_YEAST_Mavor_2016,48,17,-0.47800829875518674,-0.47800829875518674
RL401_YEAST_Mavor_2016,48,18,-0.47800829875518674,-0.47800829875518674
RL401_YEAST_Mavor_2016,48,19,-0.5178423236514523,-0.5178423236514523
RL401_YEAST_Mavor_2016,48,20,-0.47800829875518674,-0.47800829875518674
RL401_YEAST_Mavor_2016,48,21,-0.5178423236514523,-0.5178423236514523
RL401_YEAST_Mavor_2016,48,22,0.48215767634854767,-0.5178423236514523
RL401_YEAST_Mavor_2016,48,23,-0.5178423236514523,-0.5178423236514523
RL401_YEAST_Mavor_2016,48,24,-0.5178423236514523,-0.5178423236514523
RL401_YEAST_Mavor_2016,48,25,-0.47800829875518674,-0.47800829875518674
RL401_YEAST_Mavor_2016,48,26,-0.5178423236514523,-0.5178423236514523
RL401_YEAST_Mavor_2016,48,27,-0.5178423236514523,-0.5178423236514523
RL401_YEAST_Mavor_2016,48,28,-0.5178423236514523,-0.5178423236514523
RL401_YEAST_Mavor_2016,48,29,-0.47800829875518674,-0.47800829875518674
RL401_YEAST_Mavor_2016,48,30,-0.47800829875518674,-0.47800829875518674
RL401_YEAST_Mavor_2016,48,31,0.48215767634854767,-0.5178423236514523
RL401_YEAST_Mavor_2016,48,32,0.48215767634854767,-0.5178423236514523
RL401_YEAST_Mavor_2016,48,33,-0.47800829875518674,-0.47800829875518674
RL401_YEAST_Mavor_2016,48,34,-0.5178423236514523,-0.5178423236514523
RL401_YEAST_Mavor_2016,48,35,0.48215767634854767,-0.5178423236514523
RL401_YEAST_Mavor_2016,48,36,-0.5178423236514523,-0.5178423236514523
RL401_YEAST_Mavor_2016,48,37,-0.5178423236514523,-0.5178423236514523
RL401_YEAST_Mavor_2016,48,38,-0.5178423236514523,-0.5178423236514523
RL401_YEAST_Mavor_2016,48,39,-0.47800829875518674,-0.47800829875518674
RL401_YEAST_Mavor_2016,96,0,-0.4978392394122731,-0.4978392394122731
RL401_YEAST_Mavor_2016,96,1,-0.5393258426966292,-0.5393258426966292
RL401_YEAST_Mavor_2016,96,2,-0.4978392394122731,-0.4978392394122731
RL401_YEAST_Mavor_2016,96,3,-0.5393258426966292,-0.5393258426966292
RL401_YEAST_Mavor_2016,96,4,-0.4978392394122731,-0.4978392394122731
RL401_YEAST_Mavor_2016,96,5,-0.4978392394122731,-0.4978392394122731
RL401_YEAST_Mavor_2016,96,6,-0.4978392394122731,-0.4978392394122731
RL401_YEAST_Mavor_2016,96,7,-0.5393258426966292,-0.5393258426966292
RL401_YEAST_Mavor_2016,96,8,-0.4978392394122731,-0.4978392394122731
RL401_YEAST_Mavor_2016,96,9,-0.4978392394122731,-0.4978392394122731
RL401_YEAST_Mavor_2016,96,10,-0.4978392394122731,-0.4978392394122731
RL401_YEAST_Mavor_2016,96,11,-0.45635263612791704,-0.45635263612791704
RL401_YEAST_Mavor_2016,96,12,-0.5393258426966292,-0.5393258426966292
RL401_YEAST_Mavor_2016,96,13,0.4606741573033708,-0.5393258426966292
RL401_YEAST_Mavor_2016,96,14,-0.4978392394122731,-0.4978392394122731
RL401_YEAST_Mavor_2016,96,15,-0.4978392394122731,-0.4978392394122731
RL401_YEAST_Mavor_2016,96,16,0.4606741573033708,-0.5393258426966292
RL401_YEAST_Mavor_2016,96,17,-0.5393258426966292,-0.5393258426966292
RL401_YEAST_Mavor_2016,96,18,-0.45635263612791704,-0.45635263612791704
RL401_YEAST_Mavor_2016,96,19,0.502160760587727,-0.4978392394122731
RL401_YEAST_Mavor_2016,96,20,-0.4978392394122731,-0.4978392394122731
RL401_YEAST_Mavor_2016,96,21,-0.5393258426966292,-0.5393258426966292
RL401_YEAST_Mavor_2016,96,22,0.5436473638720829,-0.45635263612791704
RL401_YEAST_Mavor_2016,96,23,-0.45635263612791704,-0.45635263612791704
RL401_YEAST_Mavor_2016,96,24,-0.5393258426966292,-0.5393258426966292
RL401_YEAST_Mavor_2016,96,25,-0.5393258426966292,-0.5393258426966292
RL401_YEAST_Mavor_2016,96,26,-0.5393258426966292,-0.5393258426966292
RL401_YEAST_Mavor_2016,96,27,-0.4978392394122731,-0.4978392394122731
RL401_YEAST_Mavor_2016,96,28,-0.5393258426966292,-0.5393258426966292
RL401_YEAST_Mavor_2016,96,29,-0.45635263612791704,-0.45635263612791704
RL401_YEAST_Mavor_2016,96,30,-0.41486603284356094,-0.41486603284356094
RL401_YEAST_Mavor_2016,96,31,-0.41486603284356094,-0.41486603284356094
RL401_YEAST_Mavor_2016,96,32,-0.45635263612791704,-0.45635263612791704
RL401_YEAST_Mavor_2016,96,33,-0.45635263612791704,-0.45635263612791704
RL401_YEAST_Mavor_2016,96,34,-0.5393258426966292,-0.5393258426966292
RL401_YEAST_Mavor_2016,96,35,-0.4978392394122731,-0.4978392394122731
RL401_YEAST_Mavor_2016,96,36,-0.4978392394122731,-0.4978392394122731
RL401_YEAST_Mavor_2016,96,37,-0.5393258426966292,-0.5393258426966292
RL401_YEAST_Mavor_2016,96,38,0.502160760587727,-0.4978392394122731
RL401_YEAST_Mavor_2016,96,39,-0.4978392394122731,-0.4978392394122731
RL401_YEAST_Mavor_2016,192,0,-0.5428840716305372,-0.5428840716305372
RL401_YEAST_Mavor_2016,192,1,-0.5428840716305372,-0.5428840716305372
RL401_YEAST_Mavor_2016,192,2,-0.5428840716305372,-0.5428840716305372
RL401_YEAST_Mavor_2016,192,3,-0.5428840716305372,-0.5428840716305372
RL401_YEAST_Mavor_2016,192,4,-0.49764373232799247,-0.49764373232799247
RL401_YEAST_Mavor_2016,192,5,-0.49764373232799247,-0.49764373232799247
RL401_YEAST_Mavor_2016,192,6,-0.5428840716305372,-0.5428840716305372
RL401_YEAST_Mavor_2016,192,7,-0.5428840716305372,-0.5428840716305372
RL401_YEAST_Mavor_2016,192,8,-0.5428840716305372,-0.5428840716305372
RL401_YEAST_Mavor_2016,192,9,-0.5428840716305372,-0.5428840716305372
RL401_YEAST_Mavor_2016,192,10,-0.588124410933082,-0.588124410933082
RL401_YEAST_Mavor_2016,192,11,-0.5428840716305372,-0.5428840716305372
RL401_YEAST_Mavor_2016,192,12,0.592836946277097,-0.4071630537229029
RL401_YEAST_Mavor_2016,192,13,-0.4071630537229029,-0.4071630537229029
RL401_YEAST_Mavor_2016,192,14,-0.4524033930254477,-0.4524033930254477
RL401_YEAST_Mavor_2016,192,15,-0.4524033930254477,-0.4524033930254477
RL401_YEAST_Mavor_2016,192,16,-0.4071630537229029,-0.4071630537229029
RL401_YEAST_Mavor_2016,192,17,-0.5428840716305372,-0.5428840716305372
RL401_YEAST_Mavor_2016,192,18,-0.49764373232799247,-0.49764373232799247
RL401_YEAST_Mavor_2016,192,19,-0.49764373232799247,-0.49764373232799247
RL401_YEAST_Mavor_2016,192,20,0.6380772855796418,-0.36192271442035817
RL401_YEAST_Mavor_2016,192,21,-0.5428840716305372,-0.5428840716305372
RL401_YEAST_Mavor_2016,192,22,-0.4524033930254477,-0.4524033930254477
RL401_YEAST_Mavor_2016,192,23,-0.4524033930254477,-0.4524033930254477
RL401_YEAST_Mavor_2016,192,24,-0.5428840716305372,-0.5428840716305372
RL401_YEAST_Mavor_2016,192,25,-0.5428840716305372,-0.5428840716305372
RL401_YEAST_Mavor_2016,192,26,-0.588124410933082,-0.588124410933082
RL401_YEAST_Mavor_2016,192,27,0.592836946277097,-0.4071630537229029
RL401_YEAST_Mavor_2016,192,28,-0.49764373232799247,-0.49764373232799247
RL401_YEAST_Mavor_2016,192,29,-0.5428840716305372,-0.5428840716305372
RL401_YEAST_Mavor_2016,192,30,-0.49764373232799247,-0.49764373232799247
RL401_YEAST_Mavor_2016,192,31,0.6380772855796418,-0.36192271442035817
RL401_YEAST_Mavor_2016,192,32,-0.4524033930254477,-0.4524033930254477
RL401_YEAST_Mavor_2016,192,33,-0.5428840716305372,-0.5428840716305372
RL401_YEAST_Mavor_2016,192,34,-0.5428840716305372,-0.5428840716305372
RL401_YEAST_Mavor_2016,192,35,-0.5428840716305372,-0.5428840716305372
RL401_YEAST_Mavor_2016,192,36,-0.4524033930254477,-0.4524033930254477
RL401_YEAST_Mavor_2016,192,37,-0.49764373232799247,-0.49764373232799247
RL401_YEAST_Mavor_2016,192,38,-0.4524033930254477,-0.4524033930254477
RL401_YEAST_Mavor_2016,192,39,-0.49764373232799247,-0.49764373232799247
RL401_YEAST_Roscoe_2014,24,0,-0.46017699115044247,-0.46017699115044247
RL401_YEAST_Roscoe_2014,24,1,1.504424778761062,-0.49557522123893805
RL401_YEAST_Roscoe_2014,24,2,-0.49557522123893805,-0.49557522123893805
RL401_YEAST_Roscoe_2014,24,3,-0.49557522123893805,-0.49557522123893805
RL401_YEAST_Roscoe_2014,24,4,-0.49557522123893805,-0.49557522123893805
RL401_YEAST_Roscoe_2014,24,5,-0.46017699115044247,-0.46017699115044247
RL401_YEAST_Roscoe_2014,24,6,0.504424778761062,-0.49557522123893805
RL401_YEAST_Roscoe_2014,24,7,4.504424778761062,-0.49557522123893805
RL401_YEAST_Roscoe_2014,24,8,0.504424778761062,-0.49557522123893805
RL401_YEAST_Roscoe_2014,24,9,1.504424778761062,-0.49557522123893805
RL401_YEAST_Roscoe_2014,24,10,0.5398230088495575,-0.46017699115044247
RL401_YEAST_Roscoe_2014,24,11,1.504424778761062,-0.49557522123893805
RL401_YEAST_Roscoe_2014,24,12,0.5398230088495575,-0.46017699115044247
RL401_YEAST_Roscoe_2014,24,13,3.5398230088495577,-0.46017699115044247
RL401_YEAST_Roscoe_2014,24,14,-0.49557522123893805,-0.49557522123893805
RL401_YEAST_Roscoe_2014,24,15,-0.46017699115044247,-0.46017699115044247
RL401_YEAST_Roscoe_2014,24,16,-0.49557522123893805,-0.49557522123893805
RL401_YEAST_Roscoe_2014,24,17,0.504424778761062,-0.49557522123893805
RL401_YEAST_Roscoe_2014,24,18,0.504424778761062,-0.49557522123893805
RL401_YEAST_Roscoe_2014,24,19,-0.46017699115044247,-0.46017699115044247
RL401_YEAST_Roscoe_2014,24,20,0.504424778761062,-0.49557522123893805
RL401_YEAST_Roscoe_2014,24,21,-0.46017699115044247,-0.46017699115044247
RL401_YEAST_Roscoe_2014,24,22,0.504424778761062,-0.49557522123893805
RL401_YEAST_Roscoe_2014,24,23,0.5398230088495575,-0.46017699115044247
RL401_YEAST_Roscoe_2014,24,24,1.504424778761062,-0.49557522123893805
RL401_YEAST_Roscoe_2014,24,25,0.5398230088495575,-0.46017699115044247
RL401_YEAST_Roscoe_2014,24,26,0.5398230088495575,-0.46017699115044247
RL401_YEAST_Roscoe_2014,24,27,-0.46017699115044247,-0.46017699115044247
RL401_YEAST_Roscoe_2014,24,28,-0.49557522123893805,-0.49557522123893805
RL401_YEAST_Roscoe_2014,24,29,-0.49557522123893805,-0.49557522123893805
RL401_YEAST_Roscoe_2014,24,30,0.504424778761062,-0.49557522123893805
RL401_YEAST_Roscoe_2014,24,31,0.504424778761062,-0.49557522123893805
RL401_YEAST_Roscoe_2014,24,32,-0.49557522123893805,-0.49557522123893805
RL401_YEAST_Roscoe_2014,24,33,0.504424778761062,-0.49557522123893805
RL401_YEAST_Roscoe_2014,24,34,-0.4247787610619469,-0.4247787610619469
RL401_YEAST_Roscoe_2014,24,35,-0.49557522123893805,-0.49557522123893805
RL401_YEAST_Roscoe_2014,24,36,0.504424778761062,-0.49557522123893805
RL401_YEAST_Roscoe_2014,24,37,0.504424778761062,-0.49557522123893805
RL401_YEAST_Roscoe_2014,24,38,0.504424778761062,-0.49557522123893805
RL401_YEAST_Roscoe_2014,24,39,-0.49557522123893805,-0.49557522123893805
RL401_YEAST_Roscoe_2014,48,0,0.5675675675675675,-0.43243243243243246
RL401_YEAST_Roscoe_2014,48,1,0.49549549549549554,-0.5045045045045045
RL401_YEAST_Roscoe_2014,48,2,1.4954954954954955,-0.5045045045045045
RL401_YEAST_Roscoe_2014,48,3,1.5315315315315314,-0.46846846846846846
RL401_YEAST_Roscoe_2014,48,4,-0.5045045045045045,-0.5045045045045045
RL401_YEAST_Roscoe_2014,48,5,-0.46846846846846846,-0.46846846846846846
RL401_YEAST_Roscoe_2014,48,6,-0.46846846846846846,-0.46846846846846846
RL401_YEAST_Roscoe_2014,48,7,1.4954954954954955,-0.5045045045045045
RL401_YEAST_Roscoe_2014,48,8,-0.5045045045045045,-0.5045045045045045
RL401_YEAST_Roscoe_2014,48,9,-0.5045045045045045,-0.5045045045045045
RL401_YEAST_Roscoe_2014,48,10,0.6036036036036037,-0.3963963963963964
RL401_YEAST_Roscoe_2014,48,11,0.49549549549549554,-0.5045045045045045
RL401_YEAST_Roscoe_2014,48,12,3.5315315315315314,-0.46846846846846846
RL401_YEAST_Roscoe_2014,48,13,2.5315315315315314,-0.46846846846846846
RL401_YEAST_Roscoe_2014,48,14,-0.46846846846846846,-0.46846846846846846
RL401_YEAST_Roscoe_2014,48,15,0.5315315315315315,-0.46846846846846846
RL401_YEAST_Roscoe_2014,48,16,-0.46846846846846846,-0.46846846846846846
RL401_YEAST_Roscoe_2014,48,17,0.5315315315315315,-0.46846846846846846
RL401_YEAST_Roscoe_2014,48,18,-0.46846846846846846,-0.46846846846846846
RL401_YEAST_Roscoe_2014,48,19,0.5315315315315315,-0.46846846846846846
RL401_YEAST_Roscoe_2014,48,20,1.4954954954954955,-0.5045045045045045
RL401_YEAST_Roscoe_2014,48,21,-0.5045045045045045,-0.5045045045045045
RL401_YEAST_Roscoe_2014,48,22,-0.5045045045045045,-0.5045045045045045
RL401_YEAST_Roscoe_2014,48,23,-0.46846846846846846,-0.46846846846846846
RL401_YEAST_Roscoe_2014,48,24,1.5315315315315314,-0.46846846846846846
RL401_YEAST_Roscoe_2014,48,25,0.5315315315315315,-0.46846846846846846
RL401_YEAST_Roscoe_2014,48,26,1.4954954954954955,-0.5045045045045045
RL401_YEAST_Roscoe_2014,48,27,-0.3963963963963964,-0.3963963963963964
RL401_YEAST_Roscoe_2014,48,28,-0.5045045045045045,-0.5045045045045045
RL401_YEAST_Roscoe_2014,48,29,2.4954954954954953,-0.5045045045045045
RL401_YEAST_Roscoe_2014,48,30,-0.5045045045045045,-0.5045045045045045
RL401_YEAST_Roscoe_2014,48,31,1.4954954954954955,-0.5045045045045045
RL401_YEAST_Roscoe_2014,48,32,1.5315315315315314,-0.46846846846846846
RL401_YEAST_Roscoe_2014,48,33,-0.5045045045045045,-0.5045045045045045
RL401_YEAST_Roscoe_2014,48,34,1.5675675675675675,-0.43243243243243246
RL401_YEAST_Roscoe_2014,48,35,2.4954954954954953,-0.5045045045045045
RL401_YEAST_Roscoe_2014,48,36,1.5315315315315314,-0.46846846846846846
RL401_YEAST_Roscoe_2014,48,37,1.4954954954954955,-0.5045045045045045
RL401_YEAST_Roscoe_2014,48,38,-0.5045045045045045,-0.5045045045045045
RL401_YEAST_Roscoe_2014,48,39,-0.5045045045045045,-0.5045045045045045
RL401_YEAST_Roscoe_2014,96,0,2.588785046728972,-0.411214953271028
RL401_YEAST_Roscoe_2014,96,1,-0.411214953271028,-0.411214953271028
RL401_YEAST_Roscoe_2014,96,2,0.47663551401869164,-0.5233644859813084
RL401_YEAST_Roscoe_2014,96,3,3.514018691588785,-0.48598130841121495
RL401_YEAST_Roscoe_2014,96,4,0.47663551401869164,-0.5233644859813084
RL401_YEAST_Roscoe_2014,96,5,1.4766355140186915,-0.5233644859813084
RL401_YEAST_Roscoe_2014,96,6,1.5514018691588785,-0.4485981308411215
RL401_YEAST_Roscoe_2014,96,7,1.514018691588785,-0.48598130841121495
RL401_YEAST_Roscoe_2014,96,8,0.514018691588785,-0.48598130841121495
RL401_YEAST_Roscoe_2014,96,9,1.4766355140186915,-0.5233644859813084
RL401_YEAST_Roscoe_2014,96,10,1.5514018691588785,-0.4485981308411215
RL401_YEAST_Roscoe_2014,96,11,0.47663551401869164,-0.5233644859813084
RL401_YEAST_Roscoe_2014,96,12,0.514018691588785,-0.48598130841121495
RL401_YEAST_Roscoe_2014,96,13,2.588785046728972,-0.411214953271028
RL401_YEAST_Roscoe_2014,96,14,0.47663551401869164,-0.5233644859813084
RL401_YEAST_Roscoe_2014,96,15,-0.5233644859813084,-0.5233644859813084
RL401_YEAST_Roscoe_2014,96,16,1.514018691588785,-0.48598130841121495
RL401_YEAST_Roscoe_2014,96,17,1.514018691588785,-0.48598130841121495
RL401_YEAST_Roscoe_2014,96,18,1.5514018691588785,-0.4485981308411215
RL401_YEAST_Roscoe_2014,96,19,-0.48598130841121495,-0.48598130841121495
RL401_YEAST_Roscoe_2014,96,20,0.47663551401869164,-0.5233644859813084
RL401_YEAST_Roscoe_2014,96,21,0.514018691588785,-0.48598130841121495
RL401_YEAST_Roscoe_2014,96,22,2.514018691588785,-0.48598130841121495
RL401_YEAST_Roscoe_2014,96,23,1.4766355140186915,-0.5233644859813084
RL401_YEAST_Roscoe_2014,96,24,-0.411214953271028,-0.411214953271028
RL401_YEAST_Roscoe_2014,96,25,-0.4485981308411215,-0.4485981308411215
RL401_YEAST_Roscoe_2014,96,26,-0.5233644859813084,-0.5233644859813084
RL401_YEAST_Roscoe_2014,96,27,2.588785046728972,-0.411214953271028
RL401_YEAST_Roscoe_2014,96,28,0.47663551401869164,-0.5233644859813084
RL401_YEAST_Roscoe_2014,96,29,2.514018691588785,-0.48598130841121495
RL401_YEAST_Roscoe_2014,96,30,0.5514018691588785,-0.4485981308411215
RL401_YEAST_Roscoe_2014,96,31,0.47663551401869164,-0.5233644859813084
RL401_YEAST_Roscoe_2014,96,32,4.514018691588785,-0.48598130841121495
RL401_YEAST_Roscoe_2014,96,33,0.47663551401869164,-0.5233644859813084
RL401_YEAST_Roscoe_2014,96,34,1.588785046728972,-0.411214953271028
RL401_YEAST_Roscoe_2014,96,35,0.514018691588785,-0.48598130841121495
RL401_YEAST_Roscoe_2014,96,36,2.5514018691588785,-0.4485981308411215
RL401_YEAST_Roscoe_2014,96,37,-0.5233644859813084,-0.5233644859813084
RL401_YEAST_Roscoe_2014,96,38,-0.5233644859813084,-0.5233644859813084
RL401_YEAST_Roscoe_2014,96,39,0.5514018691588785,-0.4485981308411215
RL401_YEAST_Roscoe_2014,192,0,2.5555555555555554,-0.4444444444444444
RL401_YEAST_Roscoe_2014,192,1,1.5151515151515151,-0.48484848484848486
RL401_YEAST_Roscoe_2014,192,2,2.515151515151515,-0.48484848484848486
RL401_YEAST_Roscoe_2014,192,3,2.474747474747475,-0.5252525252525253
RL401_YEAST_Roscoe_2014,192,4,-0.5252525252525253,-0.5252525252525253
RL401_YEAST_Roscoe_2014,192,5,2.474747474747475,-0.5252525252525253
RL401_YEAST_Roscoe_2014,192,6,1.5555555555555556,-0.4444444444444444
RL401_YEAST_Roscoe_2014,192,7,1.4747474747474747,-0.5252525252525253
RL401_YEAST_Roscoe_2014,192,8,0.43434343434343436,-0.5656565656565656
RL401_YEAST_Roscoe_2014,192,9,2.5555555555555554,-0.4444444444444444
RL401_YEAST_Roscoe_2014,192,10,2.5555555555555554,-0.4444444444444444
RL401_YEAST_Roscoe_2014,192,11,3.595959595959596,-0.40404040404040403
RL401_YEAST_Roscoe_2014,192,12,1.4747474747474747,-0.5252525252525253
RL401_YEAST_Roscoe_2014,192,13,5.515151515151516,-0.48484848484848486
RL401_YEAST_Roscoe_2014,192,14,2.4343434343434343,-0.5656565656565656
RL401_YEAST_Roscoe_2014,192,15,0.4747474747474747,-0.5252525252525253
RL401_YEAST_Roscoe_2014,192,16,2.474747474747475,-0.5252525252525253
RL401_YEAST_Roscoe_2014,192,17,0.4747474747474747,-0.5252525252525253
RL401_YEAST_Roscoe_2014,192,18,3.474747474747475,-0.5252525252525253
RL401_YEAST_Roscoe_2014,192,19,1.4343434343434343,-0.5656565656565656
RL401_YEAST_Roscoe_2014,192,20,0.4747474747474747,-0.5252525252525253
RL401_YEAST_Roscoe_2014,192,21,1.4747474747474747,-0.5252525252525253
RL401_YEAST_Roscoe_2014,192,22,1.5151515151515151,-0.48484848484848486
RL401_YEAST_Roscoe_2014,192,23,1.5555555555555556,-0.4444444444444444
RL401_YEAST_Roscoe_2014,192,24,2.4343434343434343,-0.5656565656565656
RL401_YEAST_Roscoe_2014,192,25,0.6363636363636364,-0.36363636363636365
RL401_YEAST_Roscoe_2014,192,26,1.5151515151515151,-0.48484848484848486
RL401_YEAST_Roscoe_2014,192,27,1.6363636363636362,-0.36363636363636365
RL401_YEAST_Roscoe_2014,192,28,0.4747474747474747,-0.5252525252525253
RL401_YEAST_Roscoe_2014,192,29,4.555555555555555,-0.4444444444444444
RL401_YEAST_Roscoe_2014,192,30,0.5151515151515151,-0.48484848484848486
RL401_YEAST_Roscoe_2014,192,31,1.5151515151515151,-0.48484848484848486
RL401_YEAST_Roscoe_2014,192,32,0.5151515151515151,-0.48484848484848486
RL401_YEAST_Roscoe_2014,192,33,2.474747474747475,-0.5252525252525253
RL401_YEAST_Roscoe_2014,192,34,2.474747474747475,-0.5252525252525253
RL401_YEAST_Roscoe_2014,192,35,2.474747474747475,-0.5252525252525253
RL401_YEAST_Roscoe_2014,192,36,0.5151515151515151,-0.48484848484848486
RL401_YEAST_Roscoe_2014,192,37,1.4343434343434343,-0.5656565656565656
RL401_YEAST_Roscoe_2014,192,38,1.5151515151515151,-0.48484848484848486
RL401_YEAST_Roscoe_2014,192,39,1.4747474747474747,-0.5252525252525253
SUMO1_HUMAN_Weile_2017,24,0,-0.48687350835322196,-0.48687350835322196
SUMO1_HUMAN_Weile_2017,24,1,1.5131264916467781,-0.48687350835322196
SUMO1_HUMAN_Weile_2017,24,2,0.513126491646778,-0.48687350835322196
SUMO1_HUMAN_Weile_2017,24,3,-0.45823389021479716,-0.45823389021479716
SUMO1_HUMAN_Weile_2017,24,4,-0.48687350835322196,-0.48687350835322196
SUMO1_HUMAN_Weile_2017,24,5,-0.48687350835322196,-0.48687350835322196
SUMO1_HUMAN_Weile_2017,24,6,-0.48687350835322196,-0.48687350835322196
SUMO1_HUMAN_Weile_2017,24,7,0.513126491646778,-0.48687350835322196
SUMO1_HUMAN_Weile_2017,24,8,-0.48687350835322196,-0.48687350835322196
SUMO1_HUMAN_Weile_2017,24,9,1.5131264916467781,-0.48687350835322196
SUMO1_HUMAN_Weile_2017,24,10,-0.48687350835322196,-0.48687350835322196
SUMO1_HUMAN_Weile_2017,24,11,0.513126491646778,-0.48687350835322196
SUMO1_HUMAN_Weile_2017,24,12,1.5131264916467781,-0.48687350835322196
SUMO1_HUMAN_Weile_2017,24,13,0.513126491646778,-0.48687350835322196
SUMO1_HUMAN_Weile_2017,24,14,-0.45823389021479716,-0.45823389021479716
SUMO1_HUMAN_Weile_2017,24,15,-0.48687350835322196,-0.48687350835322196
SUMO1_HUMAN_Weile_2017,24,16,0.5417661097852029,-0.45823389021479716
SUMO1_HUMAN_Weile_2017,24,17,0.513126491646778,-0.48687350835322196
SUMO1_HUMAN_Weile_2017,24,18,0.513126491646778,-0.48687350835322196
SUMO1_HUMAN_Weile_2017,24,19,1.5131264916467781,-0.48687350835322196
SUMO1_HUMAN_Weile_2017,24,20,-0.48687350835322196,-0.48687350835322196
SUMO1_HUMAN_Weile_2017,24,21,0.5704057279236276,-0.4295942720763723
SUMO1_HUMAN_Weile_2017,24,22,0.5417661097852029,-0.45823389021479716
SUMO1_HUMAN_Weile_2017,24,23,-0.48687350835322196,-0.48687350835322196
SUMO1_HUMAN_Weile_2017,24,24,1.541766109785203,-0.45823389021479716
SUMO1_HUMAN_Weile_2017,24,25,-0.45823389021479716,-0.45823389021479716
SUMO1_HUMAN_Weile_2017,24,26,0.513126491646778,-0.48687350835322196
SUMO1_HUMAN_Weile_2017,24,27,-0.48687350835322196,-0.48687350835322196
SUMO1_HUMAN_Weile_2017,24,28,0.513126491646778,-0.48687350835322196
SUMO1_HUMAN_Weile_2017,24,29,-0.48687350835322196,-0.48687350835322196
SUMO1_HUMAN_Weile_2017,24,30,-0.48687350835322196,-0.48687350835322196
SUMO1_HUMAN_Weile_2017,24,31,-0.48687350835322196,-0.48687350835322196
SUMO1_HUMAN_Weile_2017,24,32,-0.48687350835322196,-0.48687350835322196
SUMO1_HUMAN_Weile_2017,24,33,0.513126491646778,-0.48687350835322196
SUMO1_HUMAN_Weile_2017,24,34,-0.48687350835322196,-0.48687350835322196
SUMO1_HUMAN_Weile_2017,24,35,0.513126491646778,-0.48687350835322196
SUMO1_HUMAN_Weile_2017,24,36,-0.48687350835322196,-0.48687350835322196
SUMO1_HUMAN_Weile_2017,24,37,0.513126491646778,-0.48687350835322196
SUMO1_HUMAN_Weile_2017,24,38,0.513126491646778,-0.48687350835322196
SUMO1_HUMAN_Weile_2017,24,39,-0.48687350835322196,-0.48687350835322196
SUMO1_HUMAN_Weile_2017,48,0,-0.4648910411622276,-0.4648910411622276
SUMO1_HUMAN_Weile_2017,48,1,-0.4648910411622276,-0.4648910411622276
SUMO1_HUMAN_Weile_2017,48,2,0.5060532687651331,-0.4939467312348668
SUMO1_HUMAN_Weile_2017,48,3,-0.4648910411622276,-0.4648910411622276
SUMO1_HUMAN_Weile_2017,48,4,0.5060532687651331,-0.4939467312348668
SUMO1_HUMAN_Weile_2017,48,5,-0.4648910411622276,-0.4648910411622276
SUMO1_HUMAN_Weile_2017,48,6,-0.4648910411622276,-0.4648910411622276
SUMO1_HUMAN_Weile_2017,48,7,1.5060532687651331,-0.4939467312348668
SUMO1_HUMAN_Weile_2017,48,8,-0.4648910411622276,-0.4648910411622276
SUMO1_HUMAN_Weile_2017,48,9,-0.4939467312348668,-0.4939467312348668
SUMO1_HUMAN_Weile_2017,48,10,-0.4648910411622276,-0.4648910411622276
SUMO1_HUMAN_Weile_2017,48,11,1.5060532687651331,-0.4939467312348668
SUMO1_HUMAN_Weile_2017,48,12,-0.4648910411622276,-0.4648910411622276
SUMO1_HUMAN_Weile_2017,48,13,0.5060532687651331,-0.4939467312348668
SUMO1_HUMAN_Weile_2017,48,14,0.5060532687651331,-0.4939467312348668
SUMO1_HUMAN_Weile_2017,48,15,-0.4939467312348668,-0.4939467312348668
SUMO1_HUMAN_Weile_2017,48,16,0.5351089588377724,-0.4648910411622276
SUMO1_HUMAN_Weile_2017,48,17,0.5641646489104116,-0.4358353510895884
SUMO1_HUMAN_Weile_2017,48,18,-0.4939467312348668,-0.4939467312348668
SUMO1_HUMAN_Weile_2017,48,19,-0.4939467312348668,-0.4939467312348668
SUMO1_HUMAN_Weile_2017,48,20,1.5060532687651331,-0.4939467312348668
SUMO1_HUMAN_Weile_2017,48,21,-0.4939467312348668,-0.4939467312348668
SUMO1_HUMAN_Weile_2017,48,22,-0.4939467312348668,-0.4939467312348668
SUMO1_HUMAN_Weile_2017,48,23,-0.4939467312348668,-0.4939467312348668
SUMO1_HUMAN_Weile_2017,48,24,0.5351089588377724,-0.4648910411622276
SUMO1_HUMAN_Weile_2017,48,25,-0.4939467312348668,-0.4939467312348668
SUMO1_HUMAN_Weile_2017,48,26,1.5641646489104115,-0.4358353510895884
SUMO1_HUMAN_Weile_2017,48,27,0.5060532687651331,-0.4939467312348668
SUMO1_HUMAN_Weile_2017,48,28,0.5060532687651331,-0.4939467312348668
SUMO1_HUMAN_Weile_2017,48,29,-0.4939467312348668,-0.4939467312348668
SUMO1_HUMAN_Weile_2017,48,30,0.5060532687651331,-0.4939467312348668
SUMO1_HUMAN_Weile_2017,48,31,-0.4939467312348668,-0.4939467312348668
SUMO1_HUMAN_Weile_2017,48,32,1.5641646489104115,-0.4358353510895884
SUMO1_HUMAN_Weile_2017,48,33,-0.4939467312348668,-0.4939467312348668
SUMO1_HUMAN_Weile_2017,48,34,-0.4939467312348668,-0.4939467312348668
SUMO1_HUMAN_Weile_2017,48,35,-0.4648910411622276,-0.4648910411622276
SUMO1_HUMAN_Weile_2017,48,36,-0.4939467312348668,-0.4939467312348668
SUMO1_HUMAN_Weile_2017,48,37,-0.4648910411622276,-0.4648910411622276
SUMO1_HUMAN_Weile_2017,48,38,0.5060532687651331,-0.4939467312348668
SUMO1_HUMAN_Weile_2017,48,39,0.5060532687651331,-0.4939467312348668
SUMO1_HUMAN_Weile_2017,96,0,-0.4488778054862843,-0.4488778054862843
SUMO1_HUMAN_Weile_2017,96,1,1.491271820448878,-0.5087281795511222
SUMO1_HUMAN_Weile_2017,96,2,-0.5087281795511222,-0.5087281795511222
SUMO1_HUMAN_Weile_2017,96,3,0.5511221945137157,-0.4488778054862843
SUMO1_HUMAN_Weile_2017,96,4,-0.5087281795511222,-0.5087281795511222
SUMO1_HUMAN_Weile_2017,96,5,-0.47880299251870323,-0.47880299251870323
SUMO1_HUMAN_Weile_2017,96,6,0.49127182044887785,-0.5087281795511222
SUMO1_HUMAN_Weile_2017,96,7,-0.47880299251870323,-0.47880299251870323
SUMO1_HUMAN_Weile_2017,96,8,0.5810473815461347,-0.41895261845386533
SUMO1_HUMAN_Weile_2017,96,9,0.5211970074812968,-0.47880299251870323
SUMO1_HUMAN_Weile_2017,96,10,0.5211970074812968,-0.47880299251870323
SUMO1_HUMAN_Weile_2017,96,11,-0.5087281795511222,-0.5087281795511222
SUMO1_HUMAN_Weile_2017,96,12,1.5511221945137157,-0.4488778054862843
SUMO1_HUMAN_Weile_2017,96,13,3.521197007481297,-0.47880299251870323
SUMO1_HUMAN_Weile_2017,96,14,-0.4488778054862843,-0.4488778054862843
SUMO1_HUMAN_Weile_2017,96,15,-0.5087281795511222,-0.5087281795511222
SUMO1_HUMAN_Weile_2017,96,16,-0.47880299251870323,-0.47880299251870323
SUMO1_HUMAN_Weile_2017,96,17,-0.4488778054862843,-0.4488778054862843
SUMO1_HUMAN_Weile_2017,96,18,0.49127182044887785,-0.5087281795511222
SUMO1_HUMAN_Weile_2017,96,19,0.5511221945137157,-0.4488778054862843
SUMO1_HUMAN_Weile_2017,96,20,-0.47880299251870323,-0.47880299251870323
SUMO1_HUMAN_Weile_2017,96,21,-0.4488778054862843,-0.4488778054862843
SUMO1_HUMAN_Weile_2017,96,22,1.5211970074812968,-0.47880299251870323
SUMO1_HUMAN_Weile_2017,96,23,-0.47880299251870323,-0.47880299251870323
SUMO1_HUMAN_Weile_2017,96,24,0.5511221945137157,-0.4488778054862843
SUMO1_HUMAN_Weile_2017,96,25,1.5511221945137157,-0.4488778054862843
SUMO1_HUMAN_Weile_2017,96,26,0.49127182044887785,-0.5087281795511222
SUMO1_HUMAN_Weile_2017,96,27,0.5511221945137157,-0.4488778054862843
SUMO1_HUMAN_Weile_2017,96,28,0.49127182044887785,-0.5087281795511222
SUMO1_HUMAN_Weile_2017,96,29,-0.47880299251870323,-0.47880299251870323
SUMO1_HUMAN_Weile_2017,96,30,1.491271820448878,-0.5087281795511222
SUMO1_HUMAN_Weile_2017,96,31,-0.47880299251870323,-0.47880299251870323
SUMO1_HUMAN_Weile_2017,96,32,-0.5087281795511222,-0.5087281795511222
SUMO1_HUMAN_Weile_2017,96,33,1.5511221945137157,-0.4488778054862843
SUMO1_HUMAN_Weile_2017,96,34,-0.5087281795511222,-0.5087281795511222
SUMO1_HUMAN_Weile_2017,96,35,-0.47880299251870323,-0.47880299251870323
SUMO1_HUMAN_Weile_2017,96,36,-0.47880299251870323,-0.47880299251870323
SUMO1_HUMAN_Weile_2017,96,37,0.5211970074812968,-0.47880299251870323
SUMO1_HUMAN_Weile_2017,96,38,0.49127182044887785,-0.5087281795511222
SUMO1_HUMAN_Weile_2017,96,39,-0.47880299251870323,-0.47880299251870323
SUMO1_HUMAN_Weile_2017,192,0,0.4907161803713528,-0.5092838196286472
SUMO1_HUMAN_Weile_2017,192,1,-0.47745358090185674,-0.47745358090185674
SUMO1_HUMAN_Weile_2017,192,2,0.5862068965517242,-0.41379310344827586
SUMO1_HUMAN_Weile_2017,192,3,-0.41379310344827586,-0.41379310344827586
SUMO1_HUMAN_Weile_2017,192,4,-0.44562334217506633,-0.44562334217506633
SUMO1_HUMAN_Weile_2017,192,5,-0.5092838196286472,-0.5092838196286472
SUMO1_HUMAN_Weile_2017,192,6,0.4907161803713528,-0.5092838196286472
SUMO1_HUMAN_Weile_2017,192,7,0.4588859416445623,-0.5411140583554377
SUMO1_HUMAN_Weile_2017,192,8,0.4588859416445623,-0.5411140583554377
SUMO1_HUMAN_Weile_2017,192,9,2.5543766578249336,-0.44562334217506633
SUMO1_HUMAN_Weile_2017,192,10,-0.41379310344827586,-0.41379310344827586
SUMO1_HUMAN_Weile_2017,192,11,2.4588859416445623,-0.5411140583554377
SUMO1_HUMAN_Weile_2017,192,12,-0.5092838196286472,-0.5092838196286472
SUMO1_HUMAN_Weile_2017,192,13,0.5225464190981433,-0.47745358090185674
SUMO1_HUMAN_Weile_2017,192,14,-0.47745358090185674,-0.47745358090185674
SUMO1_HUMAN_Weile_2017,192,15,-0.44562334217506633,-0.44562334217506633
SUMO1_HUMAN_Weile_2017,192,16,0.4907161803713528,-0.5092838196286472
SUMO1_HUMAN_Weile_2017,192,17,-0.5092838196286472,-0.5092838196286472
SUMO1_HUMAN_Weile_2017,192,18,-0.44562334217506633,-0.44562334217506633
SUMO1_HUMAN_Weile_2017,192,19,0.4907161803713528,-0.5092838196286472
SUMO1_HUMAN_Weile_2017,192,20,0.5225464190981433,-0.47745358090185674
SUMO1_HUMAN_Weile_2017,192,21,-0.47745358090185674,-0.47745358090185674
SUMO1_HUMAN_Weile_2017,192,22,1.490716180371353,-0.5092838196286472
SUMO1_HUMAN_Weile_2017,192,23,1.5225464190981433,-0.47745358090185674
SUMO1_HUMAN_Weile_2017,192,24,-0.41379310344827586,-0.41379310344827586
SUMO1_HUMAN_Weile_2017,192,25,-0.47745358090185674,-0.47745358090185674
SUMO1_HUMAN_Weile_2017,192,26,0.5225464190981433,-0.47745358090185674
SUMO1_HUMAN_Weile_2017,192,27,2.5543766578249336,-0.44562334217506633
SUMO1_HUMAN_Weile_2017,192,28,-0.47745358090185674,-0.47745358090185674
SUMO1_HUMAN_Weile_2017,192,29,0.4588859416445623,-0.5411140583554377
SUMO1_HUMAN_Weile_2017,192,30,-0.5092838196286472,-0.5092838196286472
SUMO1_HUMAN_Weile_2017,192,31,0.4907161803713528,-0.5092838196286472
SUMO1_HUMAN_Weile_2017,192,32,-0.5092838196286472,-0.5092838196286472
SUMO1_HUMAN_Weile_2017,192,33,0.4907161803713528,-0.5092838196286472
SUMO1_HUMAN_Weile_2017,192,34,-0.47745358090185674,-0.47745358090185674
SUMO1_HUMAN_Weile_2017,192,35,-0.47745358090185674,-0.47745358090185674
SUMO1_HUMAN_Weile_2017,192,36,1.490716180371353,-0.5092838196286472
SUMO1_HUMAN_Weile_2017,192,37,0.5543766578249336,-0.44562334217506633
SUMO1_HUMAN_Weile_2017,192,38,0.5225464190981433,-0.47745358090185674
SUMO1_HUMAN_Weile_2017,192,39,1.490716180371353,-0.5092838196286472
SUMO1_HUMAN_Weile_2017,384,0,0.5258358662613982,-0.47416413373860183
SUMO1_HUMAN_Weile_2017,384,1,0.5258358662613982,-0.47416413373860183
SUMO1_HUMAN_Weile_2017,384,2,1.452887537993921,-0.547112462006079
SUMO1_HUMAN_Weile_2017,384,3,-0.47416413373860183,-0.47416413373860183
SUMO1_HUMAN_Weile_2017,384,4,0.4893617021276596,-0.5106382978723404
SUMO1_HUMAN_Weile_2017,384,5,-0.2917933130699088,-0.2917933130699088
SUMO1_HUMAN_Weile_2017,384,6,-0.4012158054711246,-0.4012158054711246
SUMO1_HUMAN_Weile_2017,384,7,-0.547112462006079,-0.547112462006079
SUMO1_HUMAN_Weile_2017,384,8,1.4893617021276597,-0.5106382978723404
SUMO1_HUMAN_Weile_2017,384,9,0.5987841945288754,-0.4012158054711246
SUMO1_HUMAN_Weile_2017,384,10,1.4893617021276597,-0.5106382978723404
SUMO1_HUMAN_Weile_2017,384,11,-0.6200607902735562,-0.6200607902735562
SUMO1_HUMAN_Weile_2017,384,12,0.5623100303951367,-0.4376899696048632
SUMO1_HUMAN_Weile_2017,384,13,1.5623100303951367,-0.4376899696048632
SUMO1_HUMAN_Weile_2017,384,14,1.4893617021276597,-0.5106382978723404
SUMO1_HUMAN_Weile_2017,384,15,0.5987841945288754,-0.4012158054711246
SUMO1_HUMAN_Weile_2017,384,16,-0.47416413373860183,-0.47416413373860183
SUMO1_HUMAN_Weile_2017,384,17,-0.547112462006079,-0.547112462006079
SUMO1_HUMAN_Weile_2017,384,18,-0.2917933130699088,-0.2917933130699088
SUMO1_HUMAN_Weile_2017,384,19,-0.4376899696048632,-0.4376899696048632
SUMO1_HUMAN_Weile_2017,384,20,-0.4376899696048632,-0.4376899696048632
SUMO1_HUMAN_Weile_2017,384,21,0.5623100303951367,-0.4376899696048632
SUMO1_HUMAN_Weile_2017,384,22,0.4893617021276596,-0.5106382978723404
SUMO1_HUMAN_Weile_2017,384,23,0.5258358662613982,-0.47416413373860183
SUMO1_HUMAN_Weile_2017,384,24,1.452887537993921,-0.547112462006079
SUMO1_HUMAN_Weile_2017,384,25,0.5987841945288754,-0.4012158054711246
SUMO1_HUMAN_Weile_2017,384,26,1.5258358662613982,-0.47416413373860183
SUMO1_HUMAN_Weile_2017,384,27,1.5623100303951367,-0.4376899696048632
SUMO1_HUMAN_Weile_2017,384,28,0.5258358662613982,-0.47416413373860183
SUMO1_HUMAN_Weile_2017,384,29,-0.5106382978723404,-0.5106382978723404
SUMO1_HUMAN_Weile_2017,384,30,-0.5106382978723404,-0.5106382978723404
SUMO1_HUMAN_Weile_2017,384,31,-0.47416413373860183,-0.47416413373860183
SUMO1_HUMAN_Weile_2017,384,32,-0.547112462006079,-0.547112462006079
SUMO1_HUMAN_Weile_2017,384,33,-0.547112462006079,-0.547112462006079
SUMO1_HUMAN_Weile_2017,384,34,0.5258358662613982,-0.47416413373860183
SUMO1_HUMAN_Weile_2017,384,35,0.5987841945288754,-0.4012158054711246
SUMO1_HUMAN_Weile_2017,384,36,0.452887537993921,-0.547112462006079
SUMO1_HUMAN_Weile_2017,384,37,0.5987841945288754,-0.4012158054711246
SUMO1_HUMAN_Weile_2017,384,38,0.5623100303951367,-0.4376899696048632
SUMO1_HUMAN_Weile_2017,384,39,0.4164133738601824,-0.5835866261398176
SYUA_HUMAN_Newberry_2020,24,0,-0.4852405984634048,-0.4852405984634048
SYUA_HUMAN_Newberry_2020,24,1,1.5147594015365953,-0.4852405984634048
SYUA_HUMAN_Newberry_2020,24,2,-0.4852405984634048,-0.4852405984634048
SYUA_HUMAN_Newberry_2020,24,3,1.5147594015365953,-0.4852405984634048
SYUA_HUMAN_Newberry_2020,24,4,1.5147594015365953,-0.4852405984634048
SYUA_HUMAN_Newberry_2020,24,5,-0.4852405984634048,-0.4852405984634048
SYUA_HUMAN_Newberry_2020,24,6,0.5147594015365953,-0.4852405984634048
SYUA_HUMAN_Newberry_2020,24,7,-0.4852405984634048,-0.4852405984634048
SYUA_HUMAN_Newberry_2020,24,8,-0.4852405984634048,-0.4852405984634048
SYUA_HUMAN_Newberry_2020,24,9,0.5147594015365953,-0.4852405984634048
SYUA_HUMAN_Newberry_2020,24,10,-0.4852405984634048,-0.4852405984634048
SYUA_HUMAN_Newberry_2020,24,11,-0.4658309745248686,-0.4658309745248686
SYUA_HUMAN_Newberry_2020,24,12,0.5147594015365953,-0.4852405984634048
SYUA_HUMAN_Newberry_2020,24,13,0.5147594015365953,-0.4852405984634048
SYUA_HUMAN_Newberry_2020,24,14,1.5147594015365953,-0.4852405984634048
SYUA_HUMAN_Newberry_2020,24,15,0.5147594015365953,-0.4852405984634048
SYUA_HUMAN_Newberry_2020,24,16,0.5147594015365953,-0.4852405984634048
SYUA_HUMAN_Newberry_2020,24,17,-0.4852405984634048,-0.4852405984634048
SYUA_HUMAN_Newberry_2020,24,18,0.5147594015365953,-0.4852405984634048
SYUA_HUMAN_Newberry_2020,24,19,-0.4852405984634048,-0.4852405984634048
SYUA_HUMAN_Newberry_2020,24,20,0.5147594015365953,-0.4852405984634048
SYUA_HUMAN_Newberry_2020,24,21,0.5147594015365953,-0.4852405984634048
SYUA_HUMAN_Newberry_2020,24,22,-0.4852405984634048,-0.4852405984634048
SYUA_HUMAN_Newberry_2020,24,23,-0.4852405984634048,-0.4852405984634048
SYUA_HUMAN_Newberry_2020,24,24,-0.4852405984634048,-0.4852405984634048
SYUA_HUMAN_Newberry_2020,24,25,-0.4852405984634048,-0.4852405984634048
SYUA_HUMAN_Newberry_2020,24,26,-0.4658309745248686,-0.4658309745248686
SYUA_HUMAN_Newberry_2020,24,27,-0.4852405984634048,-0.4852405984634048
SYUA_HUMAN_Newberry_2020,24,28,-0.4658309745248686,-0.4658309745248686
SYUA_HUMAN_Newberry_2020,24,29,-0.4852405984634048,-0.4852405984634048
SYUA_HUMAN_Newberry_2020,24,30,-0.4852405984634048,-0.4852405984634048
SYUA_HUMAN_Newberry_2020,24,31,-0.4852405984634048,-0.4852405984634048
SYUA_HUMAN_Newberry_2020,24,32,-0.4852405984634048,-0.4852405984634048
SYUA_HUMAN_Newberry_2020,24,33,0.5341690254751315,-0.4658309745248686
SYUA_HUMAN_Newberry_2020,24,34,0.5147594015365953,-0.4852405984634048
SYUA_HUMAN_Newberry_2020,24,35,-0.4852405984634048,-0.4852405984634048
SYUA_HUMAN_Newberry_2020,24,36,-0.4852405984634048,-0.4852405984634048
SYUA_HUMAN_Newberry_2020,24,37,1.5147594015365953,-0.4852405984634048
SYUA_HUMAN_Newberry_2020,24,38,0.5147594015365953,-0.4852405984634048
SYUA_HUMAN_Newberry_2020,24,39,-0.4852405984634048,-0.4852405984634048
SYUA_HUMAN_Newberry_2020,48,0,-0.48999591670069415,-0.48999591670069415
SYUA_HUMAN_Newberry_2020,48,1,0.5100040832993058,-0.48999591670069415
SYUA_HUMAN_Newberry_2020,48,2,1.5100040832993058,-0.48999591670069415
SYUA_HUMAN_Newberry_2020,48,3,1.5296039199673337,-0.4703960800326664
SYUA_HUMAN_Newberry_2020,48,4,1.5296039199673337,-0.4703960800326664
SYUA_HUMAN_Newberry_2020,48,5,-0.48999591670069415,-0.48999591670069415
SYUA_HUMAN_Newberry_2020,48,6,-0.48999591670069415,-0.48999591670069415
SYUA_HUMAN_Newberry_2020,48,7,1.5100040832993058,-0.48999591670069415
SYUA_HUMAN_Newberry_2020,48,8,2.568803593303389,-0.43119640669661086
SYUA_HUMAN_Newberry_2020,48,9,0.5296039199673336,-0.4703960800326664
SYUA_HUMAN_Newberry_2020,48,10,-0.48999591670069415,-0.48999591670069415
SYUA_HUMAN_Newberry_2020,48,11,1.5296039199673337,-0.4703960800326664
SYUA_HUMAN_Newberry_2020,48,12,-0.4703960800326664,-0.4703960800326664
SYUA_HUMAN_Newberry_2020,48,13,0.5100040832993058,-0.48999591670069415
SYUA_HUMAN_Newberry_2020,48,14,-0.4703960800326664,-0.4703960800326664
SYUA_HUMAN_Newberry_2020,48,15,0.5296039199673336,-0.4703960800326664
SYUA_HUMAN_Newberry_2020,48,16,0.5100040832993058,-0.48999591670069415
SYUA_HUMAN_Newberry_2020,48,17,0.5296039199673336,-0.4703960800326664
SYUA_HUMAN_Newberry_2020,48,18,-0.48999591670069415,-0.48999591670069415
SYUA_HUMAN_Newberry_2020,48,19,1.5100040832993058,-0.48999591670069415
SYUA_HUMAN_Newberry_2020,48,20,0.5296039199673336,-0.4703960800326664
SYUA_HUMAN_Newberry_2020,48,21,0.5100040832993058,-0.48999591670069415
SYUA_HUMAN_Newberry_2020,48,22,0.5100040832993058,-0.48999591670069415
SYUA_HUMAN_Newberry_2020,48,23,0.5100040832993058,-0.48999591670069415
SYUA_HUMAN_Newberry_2020,48,24,-0.4703960800326664,-0.4703960800326664
SYUA_HUMAN_Newberry_2020,48,25,-0.48999591670069415,-0.48999591670069415
SYUA_HUMAN_Newberry_2020,48,26,0.5296039199673336,-0.4703960800326664
SYUA_HUMAN_Newberry_2020,48,27,0.5296039199673336,-0.4703960800326664
SYUA_HUMAN_Newberry_2020,48,28,0.5296039199673336,-0.4703960800326664
SYUA_HUMAN_Newberry_2020,48,29,0.5100040832993058,-0.48999591670069415
SYUA_HUMAN_Newberry_2020,48,30,-0.4703960800326664,-0.4703960800326664
SYUA_HUMAN_Newberry_2020,48,31,0.5100040832993058,-0.48999591670069415
SYUA_HUMAN_Newberry_2020,48,32,-0.4703960800326664,-0.4703960800326664
SYUA_HUMAN_Newberry_2020,48,33,0.5100040832993058,-0.48999591670069415
SYUA_HUMAN_Newberry_2020,48,34,0.5100040832993058,-0.48999591670069415
SYUA_HUMAN_Newberry_2020,48,35,0.5100040832993058,-0.48999591670069415
SYUA_HUMAN_Newberry_2020,48,36,-0.4703960800326664,-0.4703960800326664
SYUA_HUMAN_Newberry_2020,48,37,-0.48999591670069415,-0.48999591670069415
SYUA_HUMAN_Newberry_2020,48,38,-0.45079624336463864,-0.45079624336463864
SYUA_HUMAN_Newberry_2020,48,39,0.5296039199673336,-0.4703960800326664
SYUA_HUMAN_Newberry_2020,96,0,-0.43981674302374013,-0.43981674302374013
SYUA_HUMAN_Newberry_2020,96,1,-0.4997917534360683,-0.4997917534360683
SYUA_HUMAN_Newberry_2020,96,2,0.5401915868388172,-0.4598084131611828
SYUA_HUMAN_Newberry_2020,96,3,1.5002082465639317,-0.4997917534360683
SYUA_HUMAN_Newberry_2020,96,4,-0.4198250728862974,-0.4198250728862974
SYUA_HUMAN_Newberry_2020,96,5,-0.3798417326114119,-0.3798417326114119
SYUA_HUMAN_Newberry_2020,96,6,0.5201999167013744,-0.47980008329862556
SYUA_HUMAN_Newberry_2020,96,7,1.5201999167013744,-0.47980008329862556
SYUA_HUMAN_Newberry_2020,96,8,1.5002082465639317,-0.4997917534360683
SYUA_HUMAN_Newberry_2020,96,9,0.5002082465639317,-0.4997917534360683
SYUA_HUMAN_Newberry_2020,96,10,0.5201999167013744,-0.47980008329862556
SYUA_HUMAN_Newberry_2020,96,11,-0.4198250728862974,-0.4198250728862974
SYUA_HUMAN_Newberry_2020,96,12,0.5002082465639317,-0.4997917534360683
SYUA_HUMAN_Newberry_2020,96,13,-0.47980008329862556,-0.47980008329862556
SYUA_HUMAN_Newberry_2020,96,14,1.5201999167013744,-0.47980008329862556
SYUA_HUMAN_Newberry_2020,96,15,-0.43981674302374013,-0.43981674302374013
SYUA_HUMAN_Newberry_2020,96,16,0.5201999167013744,-0.47980008329862556
SYUA_HUMAN_Newberry_2020,96,17,-0.47980008329862556,-0.47980008329862556
SYUA_HUMAN_Newberry_2020,96,18,-0.4997917534360683,-0.4997917534360683
SYUA_HUMAN_Newberry_2020,96,19,1.56018325697626,-0.43981674302374013
SYUA_HUMAN_Newberry_2020,96,20,0.5201999167013744,-0.47980008329862556
SYUA_HUMAN_Newberry_2020,96,21,-0.4997917534360683,-0.4997917534360683
SYUA_HUMAN_Newberry_2020,96,22,-0.4997917534360683,-0.4997917534360683
SYUA_HUMAN_Newberry_2020,96,23,0.5401915868388172,-0.4598084131611828
SYUA_HUMAN_Newberry_2020,96,24,-0.47980008329862556,-0.47980008329862556
SYUA_HUMAN_Newberry_2020,96,25,-0.47980008329862556,-0.47980008329862556
SYUA_HUMAN_Newberry_2020,96,26,-0.4997917534360683,-0.4997917534360683
SYUA_HUMAN_Newberry_2020,96,27,0.5401915868388172,-0.4598084131611828
SYUA_HUMAN_Newberry_2020,96,28,-0.47980008329862556,-0.47980008329862556
SYUA_HUMAN_Newberry_2020,96,29,-0.4997917534360683,-0.4997917534360683
SYUA_HUMAN_Newberry_2020,96,30,-0.4997917534360683,-0.4997917534360683
SYUA_HUMAN_Newberry_2020,96,31,-0.47980008329862556,-0.47980008329862556
SYUA_HUMAN_Newberry_2020,96,32,-0.4997917534360683,-0.4997917534360683
SYUA_HUMAN_Newberry_2020,96,33,-0.4997917534360683,-0.4997917534360683
SYUA_HUMAN_Newberry_2020,96,34,0.5201999167013744,-0.47980008329862556
SYUA_HUMAN_Newberry_2020,96,35,-0.4997917534360683,-0.4997917534360683
SYUA_HUMAN_Newberry_2020,96,36,0.5401915868388172,-0.4598084131611828
SYUA_HUMAN_Newberry_2020,96,37,-0.47980008329862556,-0.47980008329862556
SYUA_HUMAN_Newberry_2020,96,38,-0.47980008329862556,-0.47980008329862556
SYUA_HUMAN_Newberry_2020,96,39,0.5002082465639317,-0.4997917534360683
SYUA_HUMAN_Newberry_2020,192,0,-0.4373101952277657,-0.4373101952277657
SYUA_HUMAN_Newberry_2020,192,1,0.5626898047722343,-0.4373101952277657
SYUA_HUMAN_Newberry_2020,192,2,0.5002169197396963,-0.4997830802603037
SYUA_HUMAN_Newberry_2020,192,3,0.5002169197396963,-0.4997830802603037
SYUA_HUMAN_Newberry_2020,192,4,0.5418655097613883,-0.4581344902386117
SYUA_HUMAN_Newberry_2020,192,5,0.5002169197396963,-0.4997830802603037
SYUA_HUMAN_Newberry_2020,192,6,0.5002169197396963,-0.4997830802603037
SYUA_HUMAN_Newberry_2020,192,7,0.5002169197396963,-0.4997830802603037
SYUA_HUMAN_Newberry_2020,192,8,-0.4581344902386117,-0.4581344902386117
SYUA_HUMAN_Newberry_2020,192,9,0.5835140997830803,-0.4164859002169197
SYUA_HUMAN_Newberry_2020,192,10,-0.4997830802603037,-0.4997830802603037
SYUA_HUMAN_Newberry_2020,192,11,-0.4997830802603037,-0.4997830802603037
SYUA_HUMAN_Newberry_2020,192,12,0.47939262472885036,-0.5206073752711496
SYUA_HUMAN_Newberry_2020,192,13,-0.4997830802603037,-0.4997830802603037
SYUA_HUMAN_Newberry_2020,192,14,0.5418655097613883,-0.4581344902386117
SYUA_HUMAN_Newberry_2020,192,15,-0.5206073752711496,-0.5206073752711496
SYUA_HUMAN_Newberry_2020,192,16,0.5626898047722343,-0.4373101952277657
SYUA_HUMAN_Newberry_2020,192,17,0.47939262472885036,-0.5206073752711496
SYUA_HUMAN_Newberry_2020,192,18,0.5418655097613883,-0.4581344902386117
SYUA_HUMAN_Newberry_2020,192,19,-0.4789587852494577,-0.4789587852494577
SYUA_HUMAN_Newberry_2020,192,20,-0.4997830802603037,-0.4997830802603037
SYUA_HUMAN_Newberry_2020,192,21,-0.4997830802603037,-0.4997830802603037
SYUA_HUMAN_Newberry_2020,192,22,-0.4789587852494577,-0.4789587852494577
SYUA_HUMAN_Newberry_2020,192,23,-0.4789587852494577,-0.4789587852494577
SYUA_HUMAN_Newberry_2020,192,24,-0.4997830802603037,-0.4997830802603037
SYUA_HUMAN_Newberry_2020,192,25,-0.4373101952277657,-0.4373101952277657
SYUA_HUMAN_Newberry_2020,192,26,-0.4581344902386117,-0.4581344902386117
SYUA_HUMAN_Newberry_2020,192,27,0.5210412147505423,-0.4789587852494577
SYUA_HUMAN_Newberry_2020,192,28,0.5210412147505423,-0.4789587852494577
SYUA_HUMAN_Newberry_2020,192,29,1.5626898047722344,-0.4373101952277657
SYUA_HUMAN_Newberry_2020,192,30,-0.4997830802603037,-0.4997830802603037
SYUA_HUMAN_Newberry_2020,192,31,1.5418655097613883,-0.4581344902386117
SYUA_HUMAN_Newberry_2020,192,32,-0.4997830802603037,-0.4997830802603037
SYUA_HUMAN_Newberry_2020,192,33,-0.4997830802603037,-0.4997830802603037
SYUA_HUMAN_Newberry_2020,192,34,-0.4789587852494577,-0.4789587852494577
SYUA_HUMAN_Newberry_2020,192,35,-0.5206073752711496,-0.5206073752711496
SYUA_HUMAN_Newberry_2020,192,36,-0.4789587852494577,-0.4789587852494577
SYUA_HUMAN_Newberry_2020,192,37,-0.4997830802603037,-0.4997830802603037
SYUA_HUMAN_Newberry_2020,192,38,0.5835140997830803,-0.4164859002169197
SYUA_HUMAN_Newberry_2020,192,39,-0.4373101952277657,-0.4373101952277657
SYUA_HUMAN_Newberry_2020,384,0,1.5456696639848557,-0.45433033601514433
SYUA_HUMAN_Newberry_2020,384,1,1.5002366303833412,-0.4997633696166588
SYUA_HUMAN_Newberry_2020,384,2,1.4548035967818267,-0.5451964032181732
SYUA_HUMAN_Newberry_2020,384,3,-0.47704685281590153,-0.47704685281590153
SYUA_HUMAN_Newberry_2020,384,4,0.4548035967818268,-0.5451964032181732
SYUA_HUMAN_Newberry_2020,384,5,0.5002366303833412,-0.4997633696166588
SYUA_HUMAN_Newberry_2020,384,6,0.5683861807856129,-0.43161381921438713
SYUA_HUMAN_Newberry_2020,384,7,0.5229531471840985,-0.47704685281590153
SYUA_HUMAN_Newberry_2020,384,8,0.5229531471840985,-0.47704685281590153
SYUA_HUMAN_Newberry_2020,384,9,0.4548035967818268,-0.5451964032181732
SYUA_HUMAN_Newberry_2020,384,10,-0.43161381921438713,-0.43161381921438713
SYUA_HUMAN_Newberry_2020,384,11,0.5229531471840985,-0.47704685281590153
SYUA_HUMAN_Newberry_2020,384,12,-0.522479886417416,-0.522479886417416
SYUA_HUMAN_Newberry_2020,384,13,0.5456696639848557,-0.45433033601514433
SYUA_HUMAN_Newberry_2020,384,14,0.5456696639848557,-0.45433033601514433
SYUA_HUMAN_Newberry_2020,384,15,2.5456696639848557,-0.45433033601514433
SYUA_HUMAN_Newberry_2020,384,16,0.5229531471840985,-0.47704685281590153
SYUA_HUMAN_Newberry_2020,384,17,-0.45433033601514433,-0.45433033601514433
SYUA_HUMAN_Newberry_2020,384,18,0.47752011358258395,-0.522479886417416
SYUA_HUMAN_Newberry_2020,384,19,-0.5451964032181732,-0.5451964032181732
SYUA_HUMAN_Newberry_2020,384,20,0.5229531471840985,-0.47704685281590153
SYUA_HUMAN_Newberry_2020,384,21,3.6138192143871275,-0.38618078561287267
SYUA_HUMAN_Newberry_2020,384,22,-0.4997633696166588,-0.4997633696166588
SYUA_HUMAN_Newberry_2020,384,23,0.47752011358258395,-0.522479886417416
SYUA_HUMAN_Newberry_2020,384,24,0.5229531471840985,-0.47704685281590153
SYUA_HUMAN_Newberry_2020,384,25,0.5002366303833412,-0.4997633696166588
SYUA_HUMAN_Newberry_2020,384,26,-0.47704685281590153,-0.47704685281590153
SYUA_HUMAN_Newberry_2020,384,27,1.5229531471840985,-0.47704685281590153
SYUA_HUMAN_Newberry_2020,384,28,1.5002366303833412,-0.4997633696166588
SYUA_HUMAN_Newberry_2020,384,29,1.5002366303833412,-0.4997633696166588
SYUA_HUMAN_Newberry_2020,384,30,-0.45433033601514433,-0.45433033601514433
SYUA_HUMAN_Newberry_2020,384,31,0.5002366303833412,-0.4997633696166588
SYUA_HUMAN_Newberry_2020,384,32,-0.47704685281590153,-0.47704685281590153
SYUA_HUMAN_Newberry_2020,384,33,0.5229531471840985,-0.47704685281590153
SYUA_HUMAN_Newberry_2020,384,34,-0.47704685281590153,-0.47704685281590153
SYUA_HUMAN_Newberry_2020,384,35,0.4548035967818268,-0.5451964032181732
SYUA_HUMAN_Newberry_2020,384,36,1.5456696639848557,-0.45433033601514433
SYUA_HUMAN_Newberry_2020,384,37,1.477520113582584,-0.522479886417416
SYUA_HUMAN_Newberry_2020,384,38,0.5002366303833412,-0.4997633696166588
SYUA_HUMAN_Newberry_2020,384,39,0.5229531471840985,-0.47704685281590153
TAT_HV1BR_Fernandes_2016,24,0,-0.49452672247263363,1.5054732775273663
TAT_HV1BR_Fernandes_2016,24,1,-0.49452672247263363,1.5054732775273663
TAT_HV1BR_Fernandes_2016,24,2,1.5054732775273663,1.5054732775273663
TAT_HV1BR_Fernandes_2016,24,3,-0.49452672247263363,1.5054732775273663
TAT_HV1BR_Fernandes_2016,24,4,0.5054732775273664,1.5054732775273663
TAT_HV1BR_Fernandes_2016,24,5,-0.463618802318094,1.536381197681906
TAT_HV1BR_Fernandes_2016,24,6,-0.463618802318094,1.536381197681906
TAT_HV1BR_Fernandes_2016,24,7,-0.49452672247263363,1.5054732775273663
TAT_HV1BR_Fernandes_2016,24,8,0.5054732775273664,1.5054732775273663
TAT_HV1BR_Fernandes_2016,24,9,-0.463618802318094,1.536381197681906
TAT_HV1BR_Fernandes_2016,24,10,-0.49452672247263363,1.5054732775273663
TAT_HV1BR_Fernandes_2016,24,11,0.5054732775273664,1.5054732775273663
TAT_HV1BR_Fernandes_2016,24,12,-0.463618802318094,1.536381197681906
TAT_HV1BR_Fernandes_2016,24,13,-0.49452672247263363,1.5054732775273663
TAT_HV1BR_Fernandes_2016,24,14,1.5054732775273663,1.5054732775273663
TAT_HV1BR_Fernandes_2016,24,15,0.536381197681906,1.536381197681906
TAT_HV1BR_Fernandes_2016,24,16,-0.49452672247263363,1.5054732775273663
TAT_HV1BR_Fernandes_2016,24,17,0.5054732775273664,1.5054732775273663
TAT_HV1BR_Fernandes_2016,24,18,2.5054732775273663,1.5054732775273663
TAT_HV1BR_Fernandes_2016,24,19,1.536381197681906,1.536381197681906
TAT_HV1BR_Fernandes_2016,24,20,-0.463618802318094,0.536381197681906
TAT_HV1BR_Fernandes_2016,24,21,0.5054732775273664,1.5054732775273663
TAT_HV1BR_Fernandes_2016,24,22,3.5054732775273663,1.5054732775273663
TAT_HV1BR_Fernandes_2016,24,23,1.536381197681906,1.536381197681906
TAT_HV1BR_Fernandes_2016,24,24,-0.4327108821635544,1.5672891178364456
TAT_HV1BR_Fernandes_2016,24,25,-0.49452672247263363,1.5054732775273663
TAT_HV1BR_Fernandes_2016,24,26,-0.463618802318094,1.536381197681906
TAT_HV1BR_Fernandes_2016,24,27,-0.49452672247263363,1.5054732775273663
TAT_HV1BR_Fernandes_2016,24,28,0.5054732775273664,1.5054732775273663
TAT_HV1BR_Fernandes_2016,24,29,0.5672891178364456,1.5672891178364456
TAT_HV1BR_Fernandes_2016,24,30,0.5054732775273664,1.5054732775273663
TAT_HV1BR_Fernandes_2016,24,31,-0.49452672247263363,1.5054732775273663
TAT_HV1BR_Fernandes_2016,24,32,-0.49452672247263363,1.5054732775273663
TAT_HV1BR_Fernandes_2016,24,33,1.536381197681906,1.536381197681906
TAT_HV1BR_Fernandes_2016,24,34,-0.49452672247263363,1.5054732775273663
TAT_HV1BR_Fernandes_2016,24,35,1.536381197681906,1.536381197681906
TAT_HV1BR_Fernandes_2016,24,36,0.5054732775273664,1.5054732775273663
TAT_HV1BR_Fernandes_2016,24,37,-0.49452672247263363,1.5054732775273663
TAT_HV1BR_Fernandes_2016,24,38,0.5054732775273664,1.5054732775273663
TAT_HV1BR_Fernandes_2016,24,39,1.5054732775273663,1.5054732775273663
TAT_HV1BR_Fernandes_2016,48,0,1.5291039895356442,1.5291039895356442
TAT_HV1BR_Fernandes_2016,48,1,2.529103989535644,0.5291039895356442
TAT_HV1BR_Fernandes_2016,48,2,-0.4708960104643558,1.5291039895356442
TAT_HV1BR_Fernandes_2016,48,3,-0.5022890778286462,1.4977109221713538
TAT_HV1BR_Fernandes_2016,48,4,0.5291039895356442,1.5291039895356442
TAT_HV1BR_Fernandes_2016,48,5,-0.5022890778286462,1.4977109221713538
TAT_HV1BR_Fernandes_2016,48,6,1.4977109221713538,1.4977109221713538
TAT_HV1BR_Fernandes_2016,48,7,-0.4395029431000654,1.5604970568999346
TAT_HV1BR_Fernandes_2016,48,8,-0.5022890778286462,1.4977109221713538
TAT_HV1BR_Fernandes_2016,48,9,-0.5022890778286462,1.4977109221713538
TAT_HV1BR_Fernandes_2016,48,10,1.5291039895356442,1.5291039895356442
TAT_HV1BR_Fernandes_2016,48,11,-0.4708960104643558,1.5291039895356442
TAT_HV1BR_Fernandes_2016,48,12,-0.5022890778286462,1.4977109221713538
TAT_HV1BR_Fernandes_2016,48,13,1.4977109221713538,1.4977109221713538
TAT_HV1BR_Fernandes_2016,48,14,-0.5022890778286462,1.4977109221713538
TAT_HV1BR_Fernandes_2016,48,15,0.4977109221713538,1.4977109221713538
TAT_HV1BR_Fernandes_2016,48,16,0.4977109221713538,1.4977109221713538
TAT_HV1BR_Fernandes_2016,48,17,-0.5022890778286462,1.4977109221713538
TAT_HV1BR_Fernandes_2016,48,18,-0.5022890778286462,1.4977109221713538
TAT_HV1BR_Fernandes_2016,48,19,0.4977109221713538,1.4977109221713538
TAT_HV1BR_Fernandes_2016,48,20,-0.5022890778286462,1.4977109221713538
TAT_HV1BR_Fernandes_2016,48,21,-0.4708960104643558,1.5291039895356442
TAT_HV1BR_Fernandes_2016,48,22,-0.5022890778286462,1.4977109221713538
TAT_HV1BR_Fernandes_2016,48,23,0.4977109221713538,1.4977109221713538
TAT_HV1BR_Fernandes_2016,48,24,1.4977109221713538,1.4977109221713538
TAT_HV1BR_Fernandes_2016,48,25,-0.5022890778286462,1.4977109221713538
TAT_HV1BR_Fernandes_2016,48,26,0.4977109221713538,1.4977109221713538
TAT_HV1BR_Fernandes_2016,48,27,-0.4708960104643558,1.5291039895356442
TAT_HV1BR_Fernandes_2016,48,28,-0.4708960104643558,1.5291039895356442
TAT_HV1BR_Fernandes_2016,48,29,0.4977109221713538,1.4977109221713538
TAT_HV1BR_Fernandes_2016,48,30,-0.4708960104643558,0.5291039895356442
TAT_HV1BR_Fernandes_2016,48,31,2.497710922171354,1.4977109221713538
TAT_HV1BR_Fernandes_2016,48,32,0.4977109221713538,1.4977109221713538
TAT_HV1BR_Fernandes_2016,48,33,2.529103989535644,1.5291039895356442
TAT_HV1BR_Fernandes_2016,48,34,0.4977109221713538,1.4977109221713538
TAT_HV1BR_Fernandes_2016,48,35,1.5291039895356442,1.5291039895356442
TAT_HV1BR_Fernandes_2016,48,36,-0.5022890778286462,1.4977109221713538
TAT_HV1BR_Fernandes_2016,48,37,-0.5022890778286462,1.4977109221713538
TAT_HV1BR_Fernandes_2016,48,38,-0.5022890778286462,1.4977109221713538
TAT_HV1BR_Fernandes_2016,48,39,0.5291039895356442,1.5291039895356442
TAT_HV1BR_Fernandes_2016,96,0,0.5462525320729237,1.5462525320729237
TAT_HV1BR_Fernandes_2016,96,1,0.4814314652261985,1.4814314652261986
TAT_HV1BR_Fernandes_2016,96,2,1.4814314652261986,1.4814314652261986
TAT_HV1BR_Fernandes_2016,96,3,1.4814314652261986,1.4814314652261986
TAT_HV1BR_Fernandes_2016,96,4,0.4814314652261985,1.4814314652261986
TAT_HV1BR_Fernandes_2016,96,5,-0.4861580013504389,1.513841998649561
TAT_HV1BR_Fernandes_2016,96,6,2.4814314652261986,1.4814314652261986
TAT_HV1BR_Fernandes_2016,96,7,-0.5185685347738015,1.4814314652261986
TAT_HV1BR_Fernandes_2016,96,8,0.5786630654962863,0.5786630654962863
TAT_HV1BR_Fernandes_2016,96,9,0.5462525320729237,1.5462525320729237
TAT_HV1BR_Fernandes_2016,96,10,2.4814314652261986,1.4814314652261986
TAT_HV1BR_Fernandes_2016,96,11,-0.5185685347738015,1.4814314652261986
TAT_HV1BR_Fernandes_2016,96,12,-0.5185685347738015,1.4814314652261986
TAT_HV1BR_Fernandes_2016,96,13,-0.4861580013504389,0.513841998649561
TAT_HV1BR_Fernandes_2016,96,14,-0.4537474679270763,0.5462525320729237
TAT_HV1BR_Fernandes_2016,96,15,0.513841998649561,1.513841998649561
TAT_HV1BR_Fernandes_2016,96,16,-0.4537474679270763,1.5462525320729237
TAT_HV1BR_Fernandes_2016,96,17,0.513841998649561,1.513841998649561
TAT_HV1BR_Fernandes_2016,96,18,1.513841998649561,1.513841998649561
TAT_HV1BR_Fernandes_2016,96,19,-0.4861580013504389,1.513841998649561
TAT_HV1BR_Fernandes_2016,96,20,-0.42133693450371373,1.5786630654962863
TAT_HV1BR_Fernandes_2016,96,21,-0.4537474679270763,1.5462525320729237
TAT_HV1BR_Fernandes_2016,96,22,0.513841998649561,1.513841998649561
TAT_HV1BR_Fernandes_2016,96,23,-0.4861580013504389,1.513841998649561
TAT_HV1BR_Fernandes_2016,96,24,0.513841998649561,0.513841998649561
TAT_HV1BR_Fernandes_2016,96,25,0.513841998649561,1.513841998649561
TAT_HV1BR_Fernandes_2016,96,26,-0.4861580013504389,1.513841998649561
TAT_HV1BR_Fernandes_2016,96,27,-0.4861580013504389,1.513841998649561
TAT_HV1BR_Fernandes_2016,96,28,-0.42133693450371373,1.5786630654962863
TAT_HV1BR_Fernandes_2016,96,29,0.4814314652261985,1.4814314652261986
TAT_HV1BR_Fernandes_2016,96,30,-0.4861580013504389,1.513841998649561
TAT_HV1BR_Fernandes_2016,96,31,-0.4861580013504389,0.513841998649561
TAT_HV1BR_Fernandes_2016,96,32,-0.4537474679270763,1.5462525320729237
TAT_HV1BR_Fernandes_2016,96,33,-0.42133693450371373,1.5786630654962863
TAT_HV1BR_Fernandes_2016,96,34,-0.4861580013504389,1.513841998649561
TAT_HV1BR_Fernandes_2016,96,35,0.5462525320729237,1.5462525320729237
TAT_HV1BR_Fernandes_2016,96,36,-0.4861580013504389,1.513841998649561
TAT_HV1BR_Fernandes_2016,96,37,-0.5185685347738015,1.4814314652261986
TAT_HV1BR_Fernandes_2016,96,38,0.513841998649561,0.513841998649561
TAT_HV1BR_Fernandes_2016,96,39,-0.4537474679270763,1.5462525320729237
TAT_HV1BR_Fernandes_2016,192,0,-0.4505415162454874,1.5494584837545127
TAT_HV1BR_Fernandes_2016,192,1,-0.51985559566787,0.48014440433213
TAT_HV1BR_Fernandes_2016,192,2,-0.51985559566787,1.4801444043321301
TAT_HV1BR_Fernandes_2016,192,3,0.6534296028880866,-0.34657039711191334
TAT_HV1BR_Fernandes_2016,192,4,-0.51985559566787,1.4801444043321301
TAT_HV1BR_Fernandes_2016,192,5,-0.4851985559566787,1.5148014440433213
TAT_HV1BR_Fernandes_2016,192,6,0.5148014440433213,1.5148014440433213
TAT_HV1BR_Fernandes_2016,192,7,1.5494584837545127,0.5494584837545127
TAT_HV1BR_Fernandes_2016,192,8,-0.4851985559566787,1.5148014440433213
TAT_HV1BR_Fernandes_2016,192,9,0.5148014440433213,1.5148014440433213
TAT_HV1BR_Fernandes_2016,192,10,0.48014440433213,1.4801444043321301
TAT_HV1BR_Fernandes_2016,192,11,0.5494584837545127,0.5494584837545127
TAT_HV1BR_Fernandes_2016,192,12,-0.51985559566787,1.4801444043321301
TAT_HV1BR_Fernandes_2016,192,13,-0.51985559566787,1.4801444043321301
TAT_HV1BR_Fernandes_2016,192,14,0.48014440433213,1.4801444043321301
TAT_HV1BR_Fernandes_2016,192,15,-0.4505415162454874,1.5494584837545127
TAT_HV1BR_Fernandes_2016,192,16,0.48014440433213,1.4801444043321301
TAT_HV1BR_Fernandes_2016,192,17,-0.4851985559566787,1.5148014440433213
TAT_HV1BR_Fernandes_2016,192,18,0.5494584837545127,1.5494584837545127
TAT_HV1BR_Fernandes_2016,192,19,-0.51985559566787,0.48014440433213
TAT_HV1BR_Fernandes_2016,192,20,0.44548736462093863,1.4454873646209387
TAT_HV1BR_Fernandes_2016,192,21,0.44548736462093863,1.4454873646209387
TAT_HV1BR_Fernandes_2016,192,22,-0.4505415162454874,1.5494584837545127
TAT_HV1BR_Fernandes_2016,192,23,0.5148014440433213,1.5148014440433213
TAT_HV1BR_Fernandes_2016,192,24,-0.51985559566787,1.4801444043321301
TAT_HV1BR_Fernandes_2016,192,25,0.584115523465704,1.5841155234657038
TAT_HV1BR_Fernandes_2016,192,26,-0.4505415162454874,1.5494584837545127
TAT_HV1BR_Fernandes_2016,192,27,1.5494584837545127,0.5494584837545127
TAT_HV1BR_Fernandes_2016,192,28,-0.51985559566787,1.4801444043321301
TAT_HV1BR_Fernandes_2016,192,29,-0.51985559566787,1.4801444043321301
TAT_HV1BR_Fernandes_2016,192,30,-0.5545126353790614,1.4454873646209387
TAT_HV1BR_Fernandes_2016,192,31,0.5148014440433213,0.5148014440433213
TAT_HV1BR_Fernandes_2016,192,32,0.5148014440433213,1.5148014440433213
TAT_HV1BR_Fernandes_2016,192,33,0.48014440433213,1.4801444043321301
TAT_HV1BR_Fernandes_2016,192,34,0.5148014440433213,1.5148014440433213
TAT_HV1BR_Fernandes_2016,192,35,0.44548736462093863,1.4454873646209387
TAT_HV1BR_Fernandes_2016,192,36,-0.4851985559566787,1.5148014440433213
TAT_HV1BR_Fernandes_2016,192,37,-0.4851985559566787,0.5148014440433213
TAT_HV1BR_Fernandes_2016,192,38,-0.4505415162454874,1.5494584837545127
TAT_HV1BR_Fernandes_2016,192,39,1.4801444043321301,1.4801444043321301
TAT_HV1BR_Fernandes_2016,384,0,-0.4425817267393127,1.5574182732606874
TAT_HV1BR_Fernandes_2016,384,1,-0.48281642917015927,1.5171835708298407
TAT_HV1BR_Fernandes_2016,384,2,-0.5230511316010059,0.4769488683989941
TAT_HV1BR_Fernandes_2016,384,3,0.4769488683989941,1.4769488683989942
TAT_HV1BR_Fernandes_2016,384,4,0.5171835708298407,1.5171835708298407
TAT_HV1BR_Fernandes_2016,384,5,-0.48281642917015927,0.5171835708298407
TAT_HV1BR_Fernandes_2016,384,6,-0.5230511316010059,0.4769488683989941
TAT_HV1BR_Fernandes_2016,384,7,-0.4425817267393127,1.5574182732606874
TAT_HV1BR_Fernandes_2016,384,8,-0.48281642917015927,1.5171835708298407
TAT_HV1BR_Fernandes_2016,384,9,-0.5230511316010059,1.4769488683989942
TAT_HV1BR_Fernandes_2016,384,10,-0.40234702430846603,0.597652975691534
TAT_HV1BR_Fernandes_2016,384,11,-0.48281642917015927,1.5171835708298407
TAT_HV1BR_Fernandes_2016,384,12,0.4367141659681475,0.4367141659681475
TAT_HV1BR_Fernandes_2016,384,13,0.5574182732606874,0.5574182732606874
TAT_HV1BR_Fernandes_2016,384,14,0.5574182732606874,0.5574182732606874
TAT_HV1BR_Fernandes_2016,384,15,-0.48281642917015927,0.5171835708298407
TAT_HV1BR_Fernandes_2016,384,16,0.4367141659681475,1.4367141659681475
TAT_HV1BR_Fernandes_2016,384,17,-0.6035205364626991,1.3964794635373008
TAT_HV1BR_Fernandes_2016,384,18,-0.4425817267393127,1.5574182732606874
TAT_HV1BR_Fernandes_2016,384,19,-0.5632858340318525,1.4367141659681475
TAT_HV1BR_Fernandes_2016,384,20,-0.6437552388935457,1.3562447611064543
TAT_HV1BR_Fernandes_2016,384,21,-0.48281642917015927,0.5171835708298407
TAT_HV1BR_Fernandes_2016,384,22,-0.6437552388935457,1.3562447611064543
TAT_HV1BR_Fernandes_2016,384,23,-0.40234702430846603,0.597652975691534
TAT_HV1BR_Fernandes_2016,384,24,-0.5632858340318525,1.4367141659681475
TAT_HV1BR_Fernandes_2016,384,25,-0.5230511316010059,1.4769488683989942
TAT_HV1BR_Fernandes_2016,384,26,-0.5632858340318525,1.4367141659681475
TAT_HV1BR_Fernandes_2016,384,27,0.4769488683989941,0.4769488683989941
TAT_HV1BR_Fernandes_2016,384,28,1.4367141659681475,1.4367141659681475
TAT_HV1BR_Fernandes_2016,384,29,-0.48281642917015927,1.5171835708298407
TAT_HV1BR_Fernandes_2016,384,30,0.5171835708298407,0.5171835708298407
TAT_HV1BR_Fernandes_2016,384,31,-0.6035205364626991,1.3964794635373008
TAT_HV1BR_Fernandes_2016,384,32,0.4367141659681475,-0.5632858340318525
TAT_HV1BR_Fernandes_2016,384,33,-0.5230511316010059,0.4769488683989941
TAT_HV1BR_Fernandes_2016,384,34,-0.4425817267393127,1.5574182732606874
TAT_HV1BR_Fernandes_2016,384,35,-0.48281642917015927,1.5171835708298407
TAT_HV1BR_Fernandes_2016,384,36,-0.5230511316010059,0.4769488683989941
TAT_HV1BR_Fernandes_2016,384,37,-0.40234702430846603,0.597652975691534
TAT_HV1BR_Fernandes_2016,384,38,-0.48281642917015927,1.5171835708298407
TAT_HV1BR_Fernandes_2016,384,39,-0.5632858340318525,1.4367141659681475
TPK1_HUMAN_Weile_2017,24,0,0.5286664554957238,-0.4713335445042762
TPK1_HUMAN_Weile_2017,24,1,-0.4865378523915109,-0.4865378523915109
TPK1_HUMAN_Weile_2017,24,2,1.513462147608489,-0.4865378523915109
TPK1_HUMAN_Weile_2017,24,3,0.5134621476084891,-0.4865378523915109
TPK1_HUMAN_Weile_2017,24,4,-0.4865378523915109,-0.4865378523915109
TPK1_HUMAN_Weile_2017,24,5,-0.4865378523915109,-0.4865378523915109
TPK1_HUMAN_Weile_2017,24,6,-0.4865378523915109,-0.4865378523915109
TPK1_HUMAN_Weile_2017,24,7,-0.4865378523915109,-0.4865378523915109
TPK1_HUMAN_Weile_2017,24,8,-0.4865378523915109,-0.4865378523915109
TPK1_HUMAN_Weile_2017,24,9,-0.4865378523915109,-0.4865378523915109
TPK1_HUMAN_Weile_2017,24,10,-0.4865378523915109,-0.4865378523915109
TPK1_HUMAN_Weile_2017,24,11,-0.4865378523915109,-0.4865378523915109
TPK1_HUMAN_Weile_2017,24,12,0.5134621476084891,-0.4865378523915109
TPK1_HUMAN_Weile_2017,24,13,0.5134621476084891,-0.4865378523915109
TPK1_HUMAN_Weile_2017,24,14,0.5286664554957238,-0.4713335445042762
TPK1_HUMAN_Weile_2017,24,15,1.513462147608489,-0.4865378523915109
TPK1_HUMAN_Weile_2017,24,16,-0.4865378523915109,-0.4865378523915109
TPK1_HUMAN_Weile_2017,24,17,-0.4713335445042762,-0.4713335445042762
TPK1_HUMAN_Weile_2017,24,18,-0.4865378523915109,-0.4865378523915109
TPK1_HUMAN_Weile_2017,24,19,0.5286664554957238,-0.4713335445042762
TPK1_HUMAN_Weile_2017,24,20,1.5438707633829585,-0.4561292366170415
TPK1_HUMAN_Weile_2017,24,21,-0.4713335445042762,-0.4713335445042762
TPK1_HUMAN_Weile_2017,24,22,-0.4713335445042762,-0.4713335445042762
TPK1_HUMAN_Weile_2017,24,23,-0.4713335445042762,-0.4713335445042762
TPK1_HUMAN_Weile_2017,24,24,-0.4865378523915109,-0.4865378523915109
TPK1_HUMAN_Weile_2017,24,25,-0.4865378523915109,-0.4865378523915109
TPK1_HUMAN_Weile_2017,24,26,0.5134621476084891,-0.4865378523915109
TPK1_HUMAN_Weile_2017,24,27,0.5134621476084891,-0.4865378523915109
TPK1_HUMAN_Weile_2017,24,28,-0.4865378523915109,-0.4865378523915109
TPK1_HUMAN_Weile_2017,24,29,0.5134621476084891,-0.4865378523915109
TPK1_HUMAN_Weile_2017,24,30,-0.4865378523915109,-0.4865378523915109
TPK1_HUMAN_Weile_2017,24,31,-0.4865378523915109,-0.4865378523915109
TPK1_HUMAN_Weile_2017,24,32,1.513462147608489,-0.4865378523915109
TPK1_HUMAN_Weile_2017,24,33,-0.4713335445042762,-0.4713335445042762
TPK1_HUMAN_Weile_2017,24,34,0.5286664554957238,-0.4713335445042762
TPK1_HUMAN_Weile_2017,24,35,0.5134621476084891,-0.4865378523915109
TPK1_HUMAN_Weile_2017,24,36,-0.4865378523915109,-0.4865378523915109
TPK1_HUMAN_Weile_2017,24,37,-0.4865378523915109,-0.4865378523915109
TPK1_HUMAN_Weile_2017,24,38,-0.4865378523915109,-0.4865378523915109
TPK1_HUMAN_Weile_2017,24,39,1.513462147608489,-0.4865378523915109
TPK1_HUMAN_Weile_2017,48,0,-0.4749441429939355,-0.4749441429939355
TPK1_HUMAN_Weile_2017,48,1,-0.4902649218001915,-0.4902649218001915
TPK1_HUMAN_Weile_2017,48,2,-0.4902649218001915,-0.4902649218001915
TPK1_HUMAN_Weile_2017,48,3,1.5097350781998085,-0.4902649218001915
TPK1_HUMAN_Weile_2017,48,4,-0.4902649218001915,-0.4902649218001915
TPK1_HUMAN_Weile_2017,48,5,0.5097350781998085,-0.4902649218001915
TPK1_HUMAN_Weile_2017,48,6,-0.4902649218001915,-0.4902649218001915
TPK1_HUMAN_Weile_2017,48,7,-0.4902649218001915,-0.4902649218001915
TPK1_HUMAN_Weile_2017,48,8,1.5250558570060644,-0.4749441429939355
TPK1_HUMAN_Weile_2017,48,9,-0.4902649218001915,-0.4902649218001915
TPK1_HUMAN_Weile_2017,48,10,0.5097350781998085,-0.4902649218001915
TPK1_HUMAN_Weile_2017,48,11,1.5250558570060644,-0.4749441429939355
TPK1_HUMAN_Weile_2017,48,12,-0.4902649218001915,-0.4902649218001915
TPK1_HUMAN_Weile_2017,48,13,2.5250558570060644,-0.4749441429939355
TPK1_HUMAN_Weile_2017,48,14,-0.4902649218001915,-0.4902649218001915
TPK1_HUMAN_Weile_2017,48,15,-0.4902649218001915,-0.4902649218001915
TPK1_HUMAN_Weile_2017,48,16,1.5097350781998085,-0.4902649218001915
TPK1_HUMAN_Weile_2017,48,17,-0.4902649218001915,-0.4902649218001915
TPK1_HUMAN_Weile_2017,48,18,-0.4902649218001915,-0.4902649218001915
TPK1_HUMAN_Weile_2017,48,19,-0.4749441429939355,-0.4749441429939355
TPK1_HUMAN_Weile_2017,48,20,-0.4749441429939355,-0.4749441429939355
TPK1_HUMAN_Weile_2017,48,21,0.5097350781998085,-0.4902649218001915
TPK1_HUMAN_Weile_2017,48,22,2.5250558570060644,-0.4749441429939355
TPK1_HUMAN_Weile_2017,48,23,1.5097350781998085,-0.4902649218001915
TPK1_HUMAN_Weile_2017,48,24,0.5097350781998085,-0.4902649218001915
TPK1_HUMAN_Weile_2017,48,25,1.5556974146185765,-0.44430258538142353
TPK1_HUMAN_Weile_2017,48,26,0.5097350781998085,-0.4902649218001915
TPK1_HUMAN_Weile_2017,48,27,-0.4902649218001915,-0.4902649218001915
TPK1_HUMAN_Weile_2017,48,28,-0.4749441429939355,-0.4749441429939355
TPK1_HUMAN_Weile_2017,48,29,-0.4902649218001915,-0.4902649218001915
TPK1_HUMAN_Weile_2017,48,30,0.5097350781998085,-0.4902649218001915
TPK1_HUMAN_Weile_2017,48,31,0.5097350781998085,-0.4902649218001915
TPK1_HUMAN_Weile_2017,48,32,-0.4749441429939355,-0.4749441429939355
TPK1_HUMAN_Weile_2017,48,33,0.5250558570060645,-0.4749441429939355
TPK1_HUMAN_Weile_2017,48,34,1.5097350781998085,-0.4902649218001915
TPK1_HUMAN_Weile_2017,48,35,-0.4902649218001915,-0.4902649218001915
TPK1_HUMAN_Weile_2017,48,36,1.5097350781998085,-0.4902649218001915
TPK1_HUMAN_Weile_2017,48,37,0.5097350781998085,-0.4902649218001915
TPK1_HUMAN_Weile_2017,48,38,-0.4749441429939355,-0.4749441429939355
TPK1_HUMAN_Weile_2017,48,39,0.5097350781998085,-0.4902649218001915
TPK1_HUMAN_Weile_2017,96,0,1.5176661264181524,-0.48233387358184765
TPK1_HUMAN_Weile_2017,96,1,1.53322528363047,-0.46677471636953
TPK1_HUMAN_Weile_2017,96,2,0.5021069692058346,-0.4978930307941653
TPK1_HUMAN_Weile_2017,96,3,0.5021069692058346,-0.4978930307941653
TPK1_HUMAN_Weile_2017,96,4,0.5176661264181524,-0.48233387358184765
TPK1_HUMAN_Weile_2017,96,5,0.5021069692058346,-0.4978930307941653
TPK1_HUMAN_Weile_2017,96,6,1.53322528363047,-0.46677471636953
TPK1_HUMAN_Weile_2017,96,7,-0.48233387358184765,-0.48233387358184765
TPK1_HUMAN_Weile_2017,96,8,1.5176661264181524,-0.48233387358184765
TPK1_HUMAN_Weile_2017,96,9,-0.4978930307941653,-0.4978930307941653
TPK1_HUMAN_Weile_2017,96,10,0.5176661264181524,-0.48233387358184765
TPK1_HUMAN_Weile_2017,96,11,1.5021069692058346,-0.4978930307941653
TPK1_HUMAN_Weile_2017,96,12,0.5021069692058346,-0.4978930307941653
TPK1_HUMAN_Weile_2017,96,13,-0.48233387358184765,-0.48233387358184765
TPK1_HUMAN_Weile_2017,96,14,2.5487844408427875,-0.45121555915721234
TPK1_HUMAN_Weile_2017,96,15,-0.46677471636953,-0.46677471636953
TPK1_HUMAN_Weile_2017,96,16,-0.48233387358184765,-0.48233387358184765
TPK1_HUMAN_Weile_2017,96,17,1.5643435980551055,-0.43565640194489463
TPK1_HUMAN_Weile_2017,96,18,1.53322528363047,-0.46677471636953
TPK1_HUMAN_Weile_2017,96,19,0.5176661264181524,-0.48233387358184765
TPK1_HUMAN_Weile_2017,96,20,-0.4978930307941653,-0.4978930307941653
TPK1_HUMAN_Weile_2017,96,21,-0.4978930307941653,-0.4978930307941653
TPK1_HUMAN_Weile_2017,96,22,-0.48233387358184765,-0.48233387358184765
TPK1_HUMAN_Weile_2017,96,23,0.5332252836304701,-0.46677471636953
TPK1_HUMAN_Weile_2017,96,24,-0.48233387358184765,-0.48233387358184765
TPK1_HUMAN_Weile_2017,96,25,-0.48233387358184765,-0.48233387358184765
TPK1_HUMAN_Weile_2017,96,26,0.5487844408427877,-0.45121555915721234
TPK1_HUMAN_Weile_2017,96,27,1.5487844408427875,-0.45121555915721234
TPK1_HUMAN_Weile_2017,96,28,-0.48233387358184765,-0.48233387358184765
TPK1_HUMAN_Weile_2017,96,29,1.5176661264181524,-0.48233387358184765
TPK1_HUMAN_Weile_2017,96,30,0.5021069692058346,-0.4978930307941653
TPK1_HUMAN_Weile_2017,96,31,-0.4978930307941653,-0.4978930307941653
TPK1_HUMAN_Weile_2017,96,32,0.5021069692058346,-0.4978930307941653
TPK1_HUMAN_Weile_2017,96,33,1.5021069692058346,-0.4978930307941653
TPK1_HUMAN_Weile_2017,96,34,-0.48233387358184765,-0.48233387358184765
TPK1_HUMAN_Weile_2017,96,35,-0.4978930307941653,-0.4978930307941653
TPK1_HUMAN_Weile_2017,96,36,-0.4978930307941653,-0.4978930307941653
TPK1_HUMAN_Weile_2017,96,37,1.53322528363047,-0.46677471636953
TPK1_HUMAN_Weile_2017,96,38,0.5487844408427877,-0.45121555915721234
TPK1_HUMAN_Weile_2017,96,39,0.5021069692058346,-0.4978930307941653
TPK1_HUMAN_Weile_2017,192,0,0.5021746403479425,-0.49782535965205754
TPK1_HUMAN_Weile_2017,192,1,1.5021746403479423,-0.49782535965205754
TPK1_HUMAN_Weile_2017,192,2,0.48611575777852123,-0.5138842422214788
TPK1_HUMAN_Weile_2017,192,3,0.550351288056206,-0.4496487119437939
TPK1_HUMAN_Weile_2017,192,4,-0.49782535965205754,-0.49782535965205754
TPK1_HUMAN_Weile_2017,192,5,0.5021746403479425,-0.49782535965205754
TPK1_HUMAN_Weile_2017,192,6,-0.4817664770826363,-0.4817664770826363
TPK1_HUMAN_Weile_2017,192,7,0.5342924054867848,-0.46570759451321514
TPK1_HUMAN_Weile_2017,192,8,1.5664101706256273,-0.4335898293743727
TPK1_HUMAN_Weile_2017,192,9,0.5021746403479425,-0.49782535965205754
TPK1_HUMAN_Weile_2017,192,10,0.5021746403479425,-0.49782535965205754
TPK1_HUMAN_Weile_2017,192,11,0.550351288056206,-0.4496487119437939
TPK1_HUMAN_Weile_2017,192,12,1.4861157577785211,-0.5138842422214788
TPK1_HUMAN_Weile_2017,192,13,-0.49782535965205754,-0.49782535965205754
TPK1_HUMAN_Weile_2017,192,14,-0.4175309468049515,-0.4175309468049515
TPK1_HUMAN_Weile_2017,192,15,1.5182335229173636,-0.4817664770826363
TPK1_HUMAN_Weile_2017,192,16,1.4861157577785211,-0.5138842422214788
TPK1_HUMAN_Weile_2017,192,17,1.5182335229173636,-0.4817664770826363
TPK1_HUMAN_Weile_2017,192,18,1.5824690531950485,-0.4175309468049515
TPK1_HUMAN_Weile_2017,192,19,1.5021746403479423,-0.49782535965205754
TPK1_HUMAN_Weile_2017,192,20,2.550351288056206,-0.4496487119437939
TPK1_HUMAN_Weile_2017,192,21,1.5021746403479423,-0.49782535965205754
TPK1_HUMAN_Weile_2017,192,22,0.5342924054867848,-0.46570759451321514
TPK1_HUMAN_Weile_2017,192,23,-0.46570759451321514,-0.46570759451321514
TPK1_HUMAN_Weile_2017,192,24,0.5342924054867848,-0.46570759451321514
TPK1_HUMAN_Weile_2017,192,25,0.5021746403479425,-0.49782535965205754
TPK1_HUMAN_Weile_2017,192,26,-0.49782535965205754,-0.49782535965205754
TPK1_HUMAN_Weile_2017,192,27,0.5342924054867848,-0.46570759451321514
TPK1_HUMAN_Weile_2017,192,28,-0.4335898293743727,-0.4335898293743727
TPK1_HUMAN_Weile_2017,192,29,-0.4496487119437939,-0.4496487119437939
TPK1_HUMAN_Weile_2017,192,30,0.5342924054867848,-0.46570759451321514
TPK1_HUMAN_Weile_2017,192,31,-0.46570759451321514,-0.46570759451321514
TPK1_HUMAN_Weile_2017,192,32,0.550351288056206,-0.4496487119437939
TPK1_HUMAN_Weile_2017,192,33,1.4861157577785211,-0.5138842422214788
TPK1_HUMAN_Weile_2017,192,34,0.5342924054867848,-0.46570759451321514
TPK1_HUMAN_Weile_2017,192,35,0.5342924054867848,-0.46570759451321514
TPK1_HUMAN_Weile_2017,192,36,0.5664101706256273,-0.4335898293743727
TPK1_HUMAN_Weile_2017,192,37,-0.5138842422214788,-0.5138842422214788
TPK1_HUMAN_Weile_2017,192,38,1.5664101706256273,-0.4335898293743727
TPK1_HUMAN_Weile_2017,192,39,-0.5138842422214788,-0.5138842422214788
TPK1_HUMAN_Weile_2017,384,0,0.5023239184840901,-0.4976760815159099
TPK1_HUMAN_Weile_2017,384,1,2.519485162674294,-0.4805148373257061
TPK1_HUMAN_Weile_2017,384,2,-0.4461923489452985,-0.4461923489452985
TPK1_HUMAN_Weile_2017,384,3,-0.4805148373257061,-0.4805148373257061
TPK1_HUMAN_Weile_2017,384,4,1.4680014301036826,-0.5319985698963174
TPK1_HUMAN_Weile_2017,384,5,0.5023239184840901,-0.4976760815159099
TPK1_HUMAN_Weile_2017,384,6,0.5366464068644976,-0.46335359313550234
TPK1_HUMAN_Weile_2017,384,7,1.5538076510547014,-0.4461923489452985
TPK1_HUMAN_Weile_2017,384,8,1.5023239184840902,-0.4976760815159099
TPK1_HUMAN_Weile_2017,384,9,2.536646406864498,-0.46335359313550234
TPK1_HUMAN_Weile_2017,384,10,-0.4805148373257061,-0.4805148373257061
TPK1_HUMAN_Weile_2017,384,11,1.5538076510547014,-0.4461923489452985
TPK1_HUMAN_Weile_2017,384,12,0.48516267429388626,-0.5148373257061137
TPK1_HUMAN_Weile_2017,384,13,2.536646406864498,-0.46335359313550234
TPK1_HUMAN_Weile_2017,384,14,1.519485162674294,-0.4805148373257061
TPK1_HUMAN_Weile_2017,384,15,1.5023239184840902,-0.4976760815159099
TPK1_HUMAN_Weile_2017,384,16,2.519485162674294,-0.4805148373257061
TPK1_HUMAN_Weile_2017,384,17,1.519485162674294,-0.4805148373257061
TPK1_HUMAN_Weile_2017,384,18,1.5709688952449052,-0.42903110475509476
TPK1_HUMAN_Weile_2017,384,19,1.5023239184840902,-0.4976760815159099
TPK1_HUMAN_Weile_2017,384,20,0.46800143010368256,-0.5319985698963174
TPK1_HUMAN_Weile_2017,384,21,0.5023239184840901,-0.4976760815159099
TPK1_HUMAN_Weile_2017,384,22,1.519485162674294,-0.4805148373257061
TPK1_HUMAN_Weile_2017,384,23,-0.4805148373257061,-0.4805148373257061
TPK1_HUMAN_Weile_2017,384,24,1.5023239184840902,-0.4976760815159099
TPK1_HUMAN_Weile_2017,384,25,1.4851626742938864,-0.5148373257061137
TPK1_HUMAN_Weile_2017,384,26,2.4851626742938864,-0.5148373257061137
TPK1_HUMAN_Weile_2017,384,27,0.48516267429388626,-0.5148373257061137
TPK1_HUMAN_Weile_2017,384,28,0.5194851626742939,-0.4805148373257061
TPK1_HUMAN_Weile_2017,384,29,1.5366464068644976,-0.46335359313550234
TPK1_HUMAN_Weile_2017,384,30,1.5023239184840902,-0.4976760815159099
TPK1_HUMAN_Weile_2017,384,31,2.4851626742938864,-0.5148373257061137
TPK1_HUMAN_Weile_2017,384,32,1.4851626742938864,-0.5148373257061137
TPK1_HUMAN_Weile_2017,384,33,0.48516267429388626,-0.5148373257061137
TPK1_HUMAN_Weile_2017,384,34,0.5023239184840901,-0.4976760815159099
TPK1_HUMAN_Weile_2017,384,35,2.536646406864498,-0.46335359313550234
TPK1_HUMAN_Weile_2017,384,36,0.48516267429388626,-0.5148373257061137
TPK1_HUMAN_Weile_2017,384,37,0.5538076510547014,-0.4461923489452985
TPK1_HUMAN_Weile_2017,384,38,-0.5491598140865213,-0.5491598140865213
TPK1_HUMAN_Weile_2017,384,39,-0.4976760815159099,-0.4976760815159099
TPMT_HUMAN_Matreyek_2018,24,0,-0.46357615894039733,1.5364238410596027
TPMT_HUMAN_Matreyek_2018,24,1,-0.4768211920529801,1.5231788079470199
TPMT_HUMAN_Matreyek_2018,24,2,-0.4768211920529801,1.5231788079470199
TPMT_HUMAN_Matreyek_2018,24,3,-0.4768211920529801,1.5231788079470199
TPMT_HUMAN_Matreyek_2018,24,4,-0.4768211920529801,1.5231788079470199
TPMT_HUMAN_Matreyek_2018,24,5,-0.4768211920529801,1.5231788079470199
TPMT_HUMAN_Matreyek_2018,24,6,-0.46357615894039733,1.5364238410596027
TPMT_HUMAN_Matreyek_2018,24,7,0.5231788079470199,1.5231788079470199
TPMT_HUMAN_Matreyek_2018,24,8,0.5231788079470199,1.5231788079470199
TPMT_HUMAN_Matreyek_2018,24,9,0.5231788079470199,1.5231788079470199
TPMT_HUMAN_Matreyek_2018,24,10,0.5231788079470199,1.5231788079470199
TPMT_HUMAN_Matreyek_2018,24,11,0.5231788079470199,1.5231788079470199
TPMT_HUMAN_Matreyek_2018,24,12,0.5231788079470199,1.5231788079470199
TPMT_HUMAN_Matreyek_2018,24,13,0.5364238410596027,1.5364238410596027
TPMT_HUMAN_Matreyek_2018,24,14,0.5364238410596027,1.5364238410596027
TPMT_HUMAN_Matreyek_2018,24,15,0.5231788079470199,1.5231788079470199
TPMT_HUMAN_Matreyek_2018,24,16,1.5364238410596027,1.5364238410596027
TPMT_HUMAN_Matreyek_2018,24,17,-0.4768211920529801,1.5231788079470199
TPMT_HUMAN_Matreyek_2018,24,18,1.5231788079470199,1.5231788079470199
TPMT_HUMAN_Matreyek_2018,24,19,0.5231788079470199,1.5231788079470199
TPMT_HUMAN_Matreyek_2018,24,20,0.5231788079470199,1.5231788079470199
TPMT_HUMAN_Matreyek_2018,24,21,-0.4768211920529801,1.5231788079470199
TPMT_HUMAN_Matreyek_2018,24,22,0.5231788079470199,1.5231788079470199
TPMT_HUMAN_Matreyek_2018,24,23,1.5231788079470199,1.5231788079470199
TPMT_HUMAN_Matreyek_2018,24,24,-0.4768211920529801,1.5231788079470199
TPMT_HUMAN_Matreyek_2018,24,25,-0.4768211920529801,1.5231788079470199
TPMT_HUMAN_Matreyek_2018,24,26,-0.4768211920529801,1.5231788079470199
TPMT_HUMAN_Matreyek_2018,24,27,0.5231788079470199,1.5231788079470199
TPMT_HUMAN_Matreyek_2018,24,28,1.5231788079470199,1.5231788079470199
TPMT_HUMAN_Matreyek_2018,24,29,1.5364238410596027,1.5364238410596027
TPMT_HUMAN_Matreyek_2018,24,30,0.5231788079470199,1.5231788079470199
TPMT_HUMAN_Matreyek_2018,24,31,-0.4768211920529801,1.5231788079470199
TPMT_HUMAN_Matreyek_2018,24,32,-0.4768211920529801,1.5231788079470199
TPMT_HUMAN_Matreyek_2018,24,33,0.5231788079470199,1.5231788079470199
TPMT_HUMAN_Matreyek_2018,24,34,1.5231788079470199,1.5231788079470199
TPMT_HUMAN_Matreyek_2018,24,35,0.5231788079470199,1.5231788079470199
TPMT_HUMAN_Matreyek_2018,24,36,0.5364238410596027,1.5364238410596027
TPMT_HUMAN_Matreyek_2018,24,37,1.5364238410596027,1.5364238410596027
TPMT_HUMAN_Matreyek_2018,24,38,1.5231788079470199,1.5231788079470199
TPMT_HUMAN_Matreyek_2018,24,39,0.5231788079470199,1.5231788079470199
TPMT_HUMAN_Matreyek_2018,48,0,1.5333333333333332,1.5333333333333332
TPMT_HUMAN_Matreyek_2018,48,1,0.52,1.52
TPMT_HUMAN_Matreyek_2018,48,2,0.5333333333333333,0.5333333333333333
TPMT_HUMAN_Matreyek_2018,48,3,-0.4666666666666667,1.5333333333333332
TPMT_HUMAN_Matreyek_2018,48,4,-0.48,1.52
TPMT_HUMAN_Matreyek_2018,48,5,-0.48,1.52
TPMT_HUMAN_Matreyek_2018,48,6,1.52,1.52
TPMT_HUMAN_Matreyek_2018,48,7,-0.4666666666666667,1.5333333333333332
TPMT_HUMAN_Matreyek_2018,48,8,0.5466666666666666,1.5466666666666666
TPMT_HUMAN_Matreyek_2018,48,9,-0.48,1.52
TPMT_HUMAN_Matreyek_2018,48,10,-0.4666666666666667,0.5333333333333333
TPMT_HUMAN_Matreyek_2018,48,11,-0.4666666666666667,1.5333333333333332
TPMT_HUMAN_Matreyek_2018,48,12,-0.48,1.52
TPMT_HUMAN_Matreyek_2018,48,13,1.5466666666666666,1.5466666666666666
TPMT_HUMAN_Matreyek_2018,48,14,2.52,1.52
TPMT_HUMAN_Matreyek_2018,48,15,0.5333333333333333,1.5333333333333332
TPMT_HUMAN_Matreyek_2018,48,16,1.5333333333333332,1.5333333333333332
TPMT_HUMAN_Matreyek_2018,48,17,-0.4666666666666667,1.5333333333333332
TPMT_HUMAN_Matreyek_2018,48,18,1.5333333333333332,1.5333333333333332
TPMT_HUMAN_Matreyek_2018,48,19,-0.48,1.52
TPMT_HUMAN_Matreyek_2018,48,20,-0.48,1.52
TPMT_HUMAN_Matreyek_2018,48,21,1.52,1.52
TPMT_HUMAN_Matreyek_2018,48,22,-0.48,1.52
TPMT_HUMAN_Matreyek_2018,48,23,1.5466666666666666,1.5466666666666666
TPMT_HUMAN_Matreyek_2018,48,24,-0.4666666666666667,1.5333333333333332
TPMT_HUMAN_Matreyek_2018,48,25,0.52,1.52
TPMT_HUMAN_Matreyek_2018,48,26,0.52,1.52
TPMT_HUMAN_Matreyek_2018,48,27,-0.48,1.52
TPMT_HUMAN_Matreyek_2018,48,28,-0.4666666666666667,1.5333333333333332
TPMT_HUMAN_Matreyek_2018,48,29,-0.48,1.52
TPMT_HUMAN_Matreyek_2018,48,30,0.52,1.52
TPMT_HUMAN_Matreyek_2018,48,31,1.52,1.52
TPMT_HUMAN_Matreyek_2018,48,32,-0.4666666666666667,1.5333333333333332
TPMT_HUMAN_Matreyek_2018,48,33,-0.4666666666666667,1.5333333333333332
TPMT_HUMAN_Matreyek_2018,48,34,-0.48,1.52
TPMT_HUMAN_Matreyek_2018,48,35,-0.4666666666666667,1.5333333333333332
TPMT_HUMAN_Matreyek_2018,48,36,1.52,1.52
TPMT_HUMAN_Matreyek_2018,48,37,0.5333333333333333,1.5333333333333332
TPMT_HUMAN_Matreyek_2018,48,38,2.52,1.52
TPMT_HUMAN_Matreyek_2018,48,39,-0.48,1.52
TPMT_HUMAN_Matreyek_2018,96,0,1.5135135135135136,1.5135135135135136
TPMT_HUMAN_Matreyek_2018,96,1,0.5540540540540541,1.554054054054054
TPMT_HUMAN_Matreyek_2018,96,2,-0.47297297297297297,1.527027027027027
TPMT_HUMAN_Matreyek_2018,96,3,0.527027027027027,1.527027027027027
TPMT_HUMAN_Matreyek_2018,96,4,-0.4594594594594595,1.5405405405405406
TPMT_HUMAN_Matreyek_2018,96,5,0.5540540540540541,1.554054054054054
TPMT_HUMAN_Matreyek_2018,96,6,-0.4594594594594595,1.5405405405405406
TPMT_HUMAN_Matreyek_2018,96,7,-0.44594594594594594,1.554054054054054
TPMT_HUMAN_Matreyek_2018,96,8,0.5135135135135135,1.5135135135135136
TPMT_HUMAN_Matreyek_2018,96,9,-0.47297297297297297,1.527027027027027
TPMT_HUMAN_Matreyek_2018,96,10,-0.44594594594594594,1.554054054054054
TPMT_HUMAN_Matreyek_2018,96,11,-0.47297297297297297,1.527027027027027
TPMT_HUMAN_Matreyek_2018,96,12,0.5405405405405406,1.5405405405405406
TPMT_HUMAN_Matreyek_2018,96,13,-0.4864864864864865,1.5135135135135136
TPMT_HUMAN_Matreyek_2018,96,14,-0.4594594594594595,1.5405405405405406
TPMT_HUMAN_Matreyek_2018,96,15,-0.4864864864864865,1.5135135135135136
TPMT_HUMAN_Matreyek_2018,96,16,0.5135135135135135,1.5135135135135136
TPMT_HUMAN_Matreyek_2018,96,17,-0.44594594594594594,-0.44594594594594594
TPMT_HUMAN_Matreyek_2018,96,18,0.527027027027027,1.527027027027027
TPMT_HUMAN_Matreyek_2018,96,19,-0.4594594594594595,1.5405405405405406
TPMT_HUMAN_Matreyek_2018,96,20,0.527027027027027,1.527027027027027
TPMT_HUMAN_Matreyek_2018,96,21,-0.4864864864864865,1.5135135135135136
TPMT_HUMAN_Matreyek_2018,96,22,-0.47297297297297297,1.527027027027027
TPMT_HUMAN_Matreyek_2018,96,23,0.5135135135135135,1.5135135135135136
TPMT_HUMAN_Matreyek_2018,96,24,0.527027027027027,1.527027027027027
TPMT_HUMAN_Matreyek_2018,96,25,-0.4864864864864865,1.5135135135135136
TPMT_HUMAN_Matreyek_2018,96,26,0.5135135135135135,1.5135135135135136
TPMT_HUMAN_Matreyek_2018,96,27,1.5135135135135136,1.5135135135135136
TPMT_HUMAN_Matreyek_2018,96,28,0.5135135135135135,1.5135135135135136
TPMT_HUMAN_Matreyek_2018,96,29,0.5405405405405406,1.5405405405405406
TPMT_HUMAN_Matreyek_2018,96,30,-0.4864864864864865,1.5135135135135136
TPMT_HUMAN_Matreyek_2018,96,31,-0.47297297297297297,1.527027027027027
TPMT_HUMAN_Matreyek_2018,96,32,0.5135135135135135,1.5135135135135136
TPMT_HUMAN_Matreyek_2018,96,33,0.5405405405405406,1.5405405405405406
TPMT_HUMAN_Matreyek_2018,96,34,3.5405405405405403,1.5405405405405406
TPMT_HUMAN_Matreyek_2018,96,35,-0.47297297297297297,1.527027027027027
TPMT_HUMAN_Matreyek_2018,96,36,0.5405405405405406,1.5405405405405406
TPMT_HUMAN_Matreyek_2018,96,37,2.5405405405405403,1.5405405405405406
TPMT_HUMAN_Matreyek_2018,96,38,0.5405405405405406,1.5405405405405406
TPMT_HUMAN_Matreyek_2018,96,39,0.5135135135135135,1.5135135135135136
TPMT_HUMAN_Matreyek_2018,192,0,-0.4861111111111111,1.5138888888888888
TPMT_HUMAN_Matreyek_2018,192,1,-0.5,1.5
TPMT_HUMAN_Matreyek_2018,192,2,0.5138888888888888,1.5138888888888888
TPMT_HUMAN_Matreyek_2018,192,3,-0.4583333333333333,0.5416666666666667
TPMT_HUMAN_Matreyek_2018,192,4,-0.4583333333333333,1.5416666666666667
TPMT_HUMAN_Matreyek_2018,192,5,-0.4166666666666667,1.5833333333333333
TPMT_HUMAN_Matreyek_2018,192,6,-0.4583333333333333,1.5416666666666667
TPMT_HUMAN_Matreyek_2018,192,7,-0.5,1.5
TPMT_HUMAN_Matreyek_2018,192,8,1.5138888888888888,1.5138888888888888
TPMT_HUMAN_Matreyek_2018,192,9,0.5277777777777778,0.5277777777777778
TPMT_HUMAN_Matreyek_2018,192,10,-0.4861111111111111,1.5138888888888888
TPMT_HUMAN_Matreyek_2018,192,11,1.5,1.5
TPMT_HUMAN_Matreyek_2018,192,12,-0.5,1.5
TPMT_HUMAN_Matreyek_2018,192,13,0.5277777777777778,1.5277777777777777
TPMT_HUMAN_Matreyek_2018,192,14,0.5277777777777778,1.5277777777777777
TPMT_HUMAN_Matreyek_2018,192,15,-0.4722222222222222,0.5277777777777778
TPMT_HUMAN_Matreyek_2018,192,16,1.5694444444444444,1.5694444444444444
TPMT_HUMAN_Matreyek_2018,192,17,-0.4861111111111111,1.5138888888888888
TPMT_HUMAN_Matreyek_2018,192,18,-0.5,1.5
TPMT_HUMAN_Matreyek_2018,192,19,0.5138888888888888,1.5138888888888888
TPMT_HUMAN_Matreyek_2018,192,20,1.5,1.5
TPMT_HUMAN_Matreyek_2018,192,21,-0.4861111111111111,1.5138888888888888
TPMT_HUMAN_Matreyek_2018,192,22,-0.4861111111111111,1.5138888888888888
TPMT_HUMAN_Matreyek_2018,192,23,0.5138888888888888,1.5138888888888888
TPMT_HUMAN_Matreyek_2018,192,24,0.5138888888888888,1.5138888888888888
TPMT_HUMAN_Matreyek_2018,192,25,-0.4861111111111111,1.5138888888888888
TPMT_HUMAN_Matreyek_2018,192,26,1.5694444444444444,1.5694444444444444
TPMT_HUMAN_Matreyek_2018,192,27,0.5416666666666667,1.5416666666666667
TPMT_HUMAN_Matreyek_2018,192,28,-0.4722222222222222,1.5277777777777777
TPMT_HUMAN_Matreyek_2018,192,29,-0.4722222222222222,1.5277777777777777
TPMT_HUMAN_Matreyek_2018,192,30,-0.4861111111111111,1.5138888888888888
TPMT_HUMAN_Matreyek_2018,192,31,1.5138888888888888,1.5138888888888888
TPMT_HUMAN_Matreyek_2018,192,32,1.5138888888888888,1.5138888888888888
TPMT_HUMAN_Matreyek_2018,192,33,-0.4722222222222222,1.5277777777777777
TPMT_HUMAN_Matreyek_2018,192,34,-0.4861111111111111,1.5138888888888888
TPMT_HUMAN_Matreyek_2018,192,35,-0.5,1.5
TPMT_HUMAN_Matreyek_2018,192,36,0.5138888888888888,1.5138888888888888
TPMT_HUMAN_Matreyek_2018,192,37,-0.4583333333333333,1.5416666666666667
TPMT_HUMAN_Matreyek_2018,192,38,0.5416666666666667,1.5416666666666667
TPMT_HUMAN_Matreyek_2018,192,39,-0.4861111111111111,1.5138888888888888
TPMT_HUMAN_Matreyek_2018,384,0,0.5294117647058824,1.5294117647058822
TPMT_HUMAN_Matreyek_2018,384,1,-0.47058823529411764,0.5294117647058824
TPMT_HUMAN_Matreyek_2018,384,2,1.4852941176470589,1.4852941176470589
TPMT_HUMAN_Matreyek_2018,384,3,0.5294117647058824,1.5294117647058822
TPMT_HUMAN_Matreyek_2018,384,4,-0.4411764705882353,1.5588235294117647
TPMT_HUMAN_Matreyek_2018,384,5,-0.5147058823529411,1.4852941176470589
TPMT_HUMAN_Matreyek_2018,384,6,0.5441176470588236,-0.45588235294117646
TPMT_HUMAN_Matreyek_2018,384,7,0.5147058823529411,1.5147058823529411
TPMT_HUMAN_Matreyek_2018,384,8,-0.45588235294117646,1.5441176470588236
TPMT_HUMAN_Matreyek_2018,384,9,-0.4852941176470588,1.5147058823529411
TPMT_HUMAN_Matreyek_2018,384,10,0.5588235294117647,-0.4411764705882353
TPMT_HUMAN_Matreyek_2018,384,11,-0.45588235294117646,1.5441176470588236
TPMT_HUMAN_Matreyek_2018,384,12,1.5294117647058822,1.5294117647058822
TPMT_HUMAN_Matreyek_2018,384,13,-0.5,1.5
TPMT_HUMAN_Matreyek_2018,384,14,0.5441176470588236,1.5441176470588236
TPMT_HUMAN_Matreyek_2018,384,15,0.5147058823529411,1.5147058823529411
TPMT_HUMAN_Matreyek_2018,384,16,1.5,0.5
TPMT_HUMAN_Matreyek_2018,384,17,-0.5,1.5
TPMT_HUMAN_Matreyek_2018,384,18,1.5294117647058822,1.5294117647058822
TPMT_HUMAN_Matreyek_2018,384,19,-0.5,1.5
TPMT_HUMAN_Matreyek_2018,384,20,1.5294117647058822,1.5294117647058822
TPMT_HUMAN_Matreyek_2018,384,21,0.5441176470588236,1.5441176470588236
TPMT_HUMAN_Matreyek_2018,384,22,-0.4852941176470588,1.5147058823529411
TPMT_HUMAN_Matreyek_2018,384,23,0.5294117647058824,1.5294117647058822
TPMT_HUMAN_Matreyek_2018,384,24,-0.47058823529411764,0.5294117647058824
TPMT_HUMAN_Matreyek_2018,384,25,0.5147058823529411,1.5147058823529411
TPMT_HUMAN_Matreyek_2018,384,26,-0.47058823529411764,0.5294117647058824
TPMT_HUMAN_Matreyek_2018,384,27,0.5441176470588236,1.5441176470588236
TPMT_HUMAN_Matreyek_2018,384,28,-0.5,0.5
TPMT_HUMAN_Matreyek_2018,384,29,0.5,1.5
TPMT_HUMAN_Matreyek_2018,384,30,-0.4852941176470588,1.5147058823529411
TPMT_HUMAN_Matreyek_2018,384,31,1.5,1.5
TPMT_HUMAN_Matreyek_2018,384,32,0.5147058823529411,1.5147058823529411
TPMT_HUMAN_Matreyek_2018,384,33,0.5,1.5
TPMT_HUMAN_Matreyek_2018,384,34,1.5294117647058822,1.5294117647058822
TPMT_HUMAN_Matreyek_2018,384,35,0.5,1.5
TPMT_HUMAN_Matreyek_2018,384,36,0.5441176470588236,1.5441176470588236
TPMT_HUMAN_Matreyek_2018,384,37,-0.4852941176470588,1.5147058823529411
TPMT_HUMAN_Matreyek_2018,384,38,0.5294117647058824,1.5294117647058822
TPMT_HUMAN_Matreyek_2018,384,39,1.5,0.5
TRPC_SACS2_Chan_2017,24,0,-0.44949832775919735,4.550501672240802
TRPC_SACS2_Chan_2017,24,1,2.5183946488294313,5.518394648829432
TRPC_SACS2_Chan_2017,24,2,0.5183946488294314,5.518394648829432
TRPC_SACS2_Chan_2017,24,3,-0.4816053511705686,5.518394648829432
TRPC_SACS2_Chan_2017,24,4,0.5183946488294314,5.518394648829432
TRPC_SACS2_Chan_2017,24,5,1.5183946488294313,5.518394648829432
TRPC_SACS2_Chan_2017,24,6,-0.4816053511705686,5.518394648829432
TRPC_SACS2_Chan_2017,24,7,-0.4816053511705686,5.518394648829432
TRPC_SACS2_Chan_2017,24,8,0.5183946488294314,5.518394648829432
TRPC_SACS2_Chan_2017,24,9,0.5183946488294314,5.518394648829432
TRPC_SACS2_Chan_2017,24,10,0.5183946488294314,5.518394648829432
TRPC_SACS2_Chan_2017,24,11,3.5505016722408027,4.550501672240802
TRPC_SACS2_Chan_2017,24,12,-0.4816053511705686,5.518394648829432
TRPC_SACS2_Chan_2017,24,13,-0.44949832775919735,5.550501672240802
TRPC_SACS2_Chan_2017,24,14,-0.4816053511705686,5.518394648829432
TRPC_SACS2_Chan_2017,24,15,-0.4816053511705686,5.518394648829432
TRPC_SACS2_Chan_2017,24,16,3.5505016722408027,5.550501672240802
TRPC_SACS2_Chan_2017,24,17,0.5505016722408027,4.550501672240802
TRPC_SACS2_Chan_2017,24,18,-0.4816053511705686,5.518394648829432
TRPC_SACS2_Chan_2017,24,19,-0.4816053511705686,5.518394648829432
TRPC_SACS2_Chan_2017,24,20,0.5183946488294314,5.518394648829432
TRPC_SACS2_Chan_2017,24,21,0.5505016722408027,5.550501672240802
TRPC_SACS2_Chan_2017,24,22,1.5826086956521739,4.582608695652174
TRPC_SACS2_Chan_2017,24,23,-0.4816053511705686,5.518394648829432
TRPC_SACS2_Chan_2017,24,24,-0.4816053511705686,5.518394648829432
TRPC_SACS2_Chan_2017,24,25,0.5505016722408027,5.550501672240802
TRPC_SACS2_Chan_2017,24,26,2.5183946488294313,5.518394648829432
TRPC_SACS2_Chan_2017,24,27,-0.41739130434782606,5.582608695652174
TRPC_SACS2_Chan_2017,24,28,0.5183946488294314,5.518394648829432
TRPC_SACS2_Chan_2017,24,29,-0.44949832775919735,4.550501672240802
TRPC_SACS2_Chan_2017,24,30,-0.4816053511705686,5.518394648829432
TRPC_SACS2_Chan_2017,24,31,1.5505016722408027,5.550501672240802
TRPC_SACS2_Chan_2017,24,32,0.5183946488294314,5.518394648829432
TRPC_SACS2_Chan_2017,24,33,0.5505016722408027,5.550501672240802
TRPC_SACS2_Chan_2017,24,34,-0.4816053511705686,5.518394648829432
TRPC_SACS2_Chan_2017,24,35,0.5505016722408027,4.550501672240802
TRPC_SACS2_Chan_2017,24,36,-0.4816053511705686,5.518394648829432
TRPC_SACS2_Chan_2017,24,37,0.5183946488294314,5.518394648829432
TRPC_SACS2_Chan_2017,24,38,-0.4816053511705686,5.518394648829432
TRPC_SACS2_Chan_2017,24,39,0.5505016722408027,5.550501672240802
TRPC_SACS2_Chan_2017,48,0,1.5431679129843645,4.543167912984364
TRPC_SACS2_Chan_2017,48,1,-0.4894629503738953,5.510537049626104
TRPC_SACS2_Chan_2017,48,2,0.5105370496261047,5.510537049626104
TRPC_SACS2_Chan_2017,48,3,0.5105370496261047,5.510537049626104
TRPC_SACS2_Chan_2017,48,4,-0.4894629503738953,5.510537049626104
TRPC_SACS2_Chan_2017,48,5,-0.4894629503738953,5.510537049626104
TRPC_SACS2_Chan_2017,48,6,1.575798776342624,5.575798776342624
TRPC_SACS2_Chan_2017,48,7,0.5431679129843644,5.543167912984364
TRPC_SACS2_Chan_2017,48,8,-0.4894629503738953,5.510537049626104
TRPC_SACS2_Chan_2017,48,9,0.5105370496261047,5.510537049626104
TRPC_SACS2_Chan_2017,48,10,0.5105370496261047,5.510537049626104
TRPC_SACS2_Chan_2017,48,11,-0.4894629503738953,5.510537049626104
TRPC_SACS2_Chan_2017,48,12,0.5105370496261047,5.510537049626104
TRPC_SACS2_Chan_2017,48,13,-0.4568320870156356,5.543167912984364
TRPC_SACS2_Chan_2017,48,14,-0.4894629503738953,5.510537049626104
TRPC_SACS2_Chan_2017,48,15,0.5105370496261047,5.510537049626104
TRPC_SACS2_Chan_2017,48,16,-0.4568320870156356,4.543167912984364
TRPC_SACS2_Chan_2017,48,17,0.5105370496261047,5.510537049626104
TRPC_SACS2_Chan_2017,48,18,2.5431679129843645,5.543167912984364
TRPC_SACS2_Chan_2017,48,19,-0.4894629503738953,5.510537049626104
TRPC_SACS2_Chan_2017,48,20,0.5105370496261047,5.510537049626104
TRPC_SACS2_Chan_2017,48,21,0.5105370496261047,5.510537049626104
TRPC_SACS2_Chan_2017,48,22,-0.42420122365737595,3.575798776342624
TRPC_SACS2_Chan_2017,48,23,1.5105370496261048,5.510537049626104
TRPC_SACS2_Chan_2017,48,24,-0.4894629503738953,5.510537049626104
TRPC_SACS2_Chan_2017,48,25,0.5431679129843644,5.543167912984364
TRPC_SACS2_Chan_2017,48,26,-0.4894629503738953,5.510537049626104
TRPC_SACS2_Chan_2017,48,27,1.5431679129843645,5.543167912984364
TRPC_SACS2_Chan_2017,48,28,-0.4894629503738953,5.510537049626104
TRPC_SACS2_Chan_2017,48,29,0.575798776342624,4.575798776342624
TRPC_SACS2_Chan_2017,48,30,2.5431679129843645,5.543167912984364
TRPC_SACS2_Chan_2017,48,31,0.5431679129843644,5.543167912984364
TRPC_SACS2_Chan_2017,48,32,-0.4894629503738953,5.510537049626104
TRPC_SACS2_Chan_2017,48,33,-0.42420122365737595,4.575798776342624
TRPC_SACS2_Chan_2017,48,34,1.5105370496261048,5.510537049626104
TRPC_SACS2_Chan_2017,48,35,3.5431679129843645,4.543167912984364
TRPC_SACS2_Chan_2017,48,36,-0.4894629503738953,5.510537049626104
TRPC_SACS2_Chan_2017,48,37,0.5105370496261047,5.510537049626104
TRPC_SACS2_Chan_2017,48,38,1.5105370496261048,5.510537049626104
TRPC_SACS2_Chan_2017,48,39,-0.4568320870156356,5.543167912984364
TRPC_SACS2_Chan_2017,96,0,3.595221363316936,4.595221363316936
TRPC_SACS2_Chan_2017,96,1,1.527758257203092,5.527758257203092
TRPC_SACS2_Chan_2017,96,2,2.561489810260014,3.561489810260014
TRPC_SACS2_Chan_2017,96,3,1.527758257203092,5.527758257203092
TRPC_SACS2_Chan_2017,96,4,0.5277582572030921,5.527758257203092
TRPC_SACS2_Chan_2017,96,5,1.561489810260014,5.561489810260014
TRPC_SACS2_Chan_2017,96,6,3.49402670414617,5.494026704146171
TRPC_SACS2_Chan_2017,96,7,0.4940267041461701,5.494026704146171
TRPC_SACS2_Chan_2017,96,8,0.5277582572030921,4.527758257203092
TRPC_SACS2_Chan_2017,96,9,2.49402670414617,5.494026704146171
TRPC_SACS2_Chan_2017,96,10,1.4940267041461701,5.494026704146171
TRPC_SACS2_Chan_2017,96,11,-0.5059732958538299,5.494026704146171
TRPC_SACS2_Chan_2017,96,12,1.4940267041461701,5.494026704146171
TRPC_SACS2_Chan_2017,96,13,-0.43851018973998596,5.561489810260014
TRPC_SACS2_Chan_2017,96,14,1.527758257203092,4.527758257203092
TRPC_SACS2_Chan_2017,96,15,1.527758257203092,4.527758257203092
TRPC_SACS2_Chan_2017,96,16,2.527758257203092,5.527758257203092
TRPC_SACS2_Chan_2017,96,17,1.4940267041461701,5.494026704146171
TRPC_SACS2_Chan_2017,96,18,1.4940267041461701,5.494026704146171
TRPC_SACS2_Chan_2017,96,19,4.561489810260014,3.561489810260014
TRPC_SACS2_Chan_2017,96,20,0.5277582572030921,5.527758257203092
TRPC_SACS2_Chan_2017,96,21,-0.5059732958538299,5.494026704146171
TRPC_SACS2_Chan_2017,96,22,-0.47224174279690795,4.527758257203092
TRPC_SACS2_Chan_2017,96,23,3.527758257203092,4.527758257203092
TRPC_SACS2_Chan_2017,96,24,0.4940267041461701,5.494026704146171
TRPC_SACS2_Chan_2017,96,25,1.595221363316936,3.595221363316936
TRPC_SACS2_Chan_2017,96,26,0.4940267041461701,5.494026704146171
TRPC_SACS2_Chan_2017,96,27,0.5614898102600141,5.561489810260014
TRPC_SACS2_Chan_2017,96,28,-0.47224174279690795,4.527758257203092
TRPC_SACS2_Chan_2017,96,29,-0.5059732958538299,5.494026704146171
TRPC_SACS2_Chan_2017,96,30,0.5277582572030921,5.527758257203092
TRPC_SACS2_Chan_2017,96,31,-0.5059732958538299,5.494026704146171
TRPC_SACS2_Chan_2017,96,32,0.5277582572030921,5.527758257203092
TRPC_SACS2_Chan_2017,96,33,4.561489810260014,5.561489810260014
TRPC_SACS2_Chan_2017,96,34,-0.5059732958538299,5.494026704146171
TRPC_SACS2_Chan_2017,96,35,2.49402670414617,5.494026704146171
TRPC_SACS2_Chan_2017,96,36,2.49402670414617,5.494026704146171
TRPC_SACS2_Chan_2017,96,37,0.5614898102600141,4.561489810260014
TRPC_SACS2_Chan_2017,96,38,0.5614898102600141,5.561489810260014
TRPC_SACS2_Chan_2017,96,39,1.527758257203092,4.527758257203092
TRPC_SACS2_Chan_2017,192,0,1.5297663903541823,4.529766390354182
TRPC_SACS2_Chan_2017,192,1,2.602110022607385,3.602110022607385
TRPC_SACS2_Chan_2017,192,2,0.45742275810097965,5.4574227581009795
TRPC_SACS2_Chan_2017,192,3,0.5297663903541824,4.529766390354182
TRPC_SACS2_Chan_2017,192,4,4.529766390354182,4.529766390354182
TRPC_SACS2_Chan_2017,192,5,1.4574227581009795,5.4574227581009795
TRPC_SACS2_Chan_2017,192,6,0.5659382064807837,3.5659382064807836
TRPC_SACS2_Chan_2017,192,7,2.493594574227581,5.493594574227581
TRPC_SACS2_Chan_2017,192,8,2.493594574227581,4.493594574227581
TRPC_SACS2_Chan_2017,192,9,3.602110022607385,4.602110022607385
TRPC_SACS2_Chan_2017,192,10,1.4574227581009795,5.4574227581009795
TRPC_SACS2_Chan_2017,192,11,0.5297663903541824,3.5297663903541823
TRPC_SACS2_Chan_2017,192,12,0.602110022607385,4.602110022607385
TRPC_SACS2_Chan_2017,192,13,0.5659382064807837,4.565938206480784
TRPC_SACS2_Chan_2017,192,14,3.5297663903541823,4.529766390354182
TRPC_SACS2_Chan_2017,192,15,3.493594574227581,4.493594574227581
TRPC_SACS2_Chan_2017,192,16,3.5297663903541823,5.529766390354182
TRPC_SACS2_Chan_2017,192,17,0.602110022607385,3.602110022607385
TRPC_SACS2_Chan_2017,192,18,1.5659382064807836,2.5659382064807836
TRPC_SACS2_Chan_2017,192,19,0.493594574227581,5.493594574227581
TRPC_SACS2_Chan_2017,192,20,0.5659382064807837,3.5659382064807836
TRPC_SACS2_Chan_2017,192,21,0.45742275810097965,5.4574227581009795
TRPC_SACS2_Chan_2017,192,22,3.5659382064807836,2.5659382064807836
TRPC_SACS2_Chan_2017,192,23,2.5659382064807836,3.5659382064807836
TRPC_SACS2_Chan_2017,192,24,0.5297663903541824,5.529766390354182
TRPC_SACS2_Chan_2017,192,25,0.6382818387339864,3.6382818387339864
TRPC_SACS2_Chan_2017,192,26,3.4574227581009795,5.4574227581009795
TRPC_SACS2_Chan_2017,192,27,1.5297663903541823,5.529766390354182
TRPC_SACS2_Chan_2017,192,28,3.5659382064807836,5.565938206480784
TRPC_SACS2_Chan_2017,192,29,0.493594574227581,5.493594574227581
TRPC_SACS2_Chan_2017,192,30,2.5659382064807836,4.565938206480784
TRPC_SACS2_Chan_2017,192,31,1.6382818387339864,3.6382818387339864
TRPC_SACS2_Chan_2017,192,32,2.5659382064807836,4.565938206480784
TRPC_SACS2_Chan_2017,192,33,3.5659382064807836,3.5659382064807836
TRPC_SACS2_Chan_2017,192,34,3.6382818387339864,3.6382818387339864
TRPC_SACS2_Chan_2017,192,35,1.493594574227581,4.493594574227581
TRPC_SACS2_Chan_2017,192,36,1.493594574227581,5.493594574227581
TRPC_SACS2_Chan_2017,192,37,3.5297663903541823,4.529766390354182
TRPC_SACS2_Chan_2017,192,38,1.5297663903541823,4.529766390354182
TRPC_SACS2_Chan_2017,192,39,-0.5425772418990203,5.4574227581009795
TRPC_THEMA_Chan_2017,24,0,0.5505016722408027,3.5505016722408027
TRPC_THEMA_Chan_2017,24,1,1.5505016722408027,4.550501672240802
TRPC_THEMA_Chan_2017,24,2,0.5505016722408027,4.550501672240802
TRPC_THEMA_Chan_2017,24,3,-0.4816053511705686,4.518394648829432
TRPC_THEMA_Chan_2017,24,4,0.5183946488294314,4.518394648829432
TRPC_THEMA_Chan_2017,24,5,-0.4816053511705686,4.518394648829432
TRPC_THEMA_Chan_2017,24,6,1.5183946488294313,4.518394648829432
TRPC_THEMA_Chan_2017,24,7,0.5183946488294314,4.518394648829432
TRPC_THEMA_Chan_2017,24,8,1.5183946488294313,4.518394648829432
TRPC_THEMA_Chan_2017,24,9,1.5183946488294313,4.518394648829432
TRPC_THEMA_Chan_2017,24,10,-0.44949832775919735,4.550501672240802
TRPC_THEMA_Chan_2017,24,11,-0.44949832775919735,3.5505016722408027
TRPC_THEMA_Chan_2017,24,12,-0.4816053511705686,4.518394648829432
TRPC_THEMA_Chan_2017,24,13,0.5183946488294314,4.518394648829432
TRPC_THEMA_Chan_2017,24,14,1.5183946488294313,4.518394648829432
TRPC_THEMA_Chan_2017,24,15,0.5505016722408027,4.550501672240802
TRPC_THEMA_Chan_2017,24,16,-0.4816053511705686,4.518394648829432
TRPC_THEMA_Chan_2017,24,17,2.5183946488294313,4.518394648829432
TRPC_THEMA_Chan_2017,24,18,1.5183946488294313,4.518394648829432
TRPC_THEMA_Chan_2017,24,19,3.5183946488294313,4.518394648829432
TRPC_THEMA_Chan_2017,24,20,0.5183946488294314,4.518394648829432
TRPC_THEMA_Chan_2017,24,21,2.5183946488294313,4.518394648829432
TRPC_THEMA_Chan_2017,24,22,1.5183946488294313,4.518394648829432
TRPC_THEMA_Chan_2017,24,23,2.5183946488294313,4.518394648829432
TRPC_THEMA_Chan_2017,24,24,-0.4816053511705686,4.518394648829432
TRPC_THEMA_Chan_2017,24,25,-0.4816053511705686,4.518394648829432
TRPC_THEMA_Chan_2017,24,26,2.5183946488294313,4.518394648829432
TRPC_THEMA_Chan_2017,24,27,-0.4816053511705686,4.518394648829432
TRPC_THEMA_Chan_2017,24,28,1.5505016722408027,4.550501672240802
TRPC_THEMA_Chan_2017,24,29,-0.4816053511705686,4.518394648829432
TRPC_THEMA_Chan_2017,24,30,-0.4816053511705686,4.518394648829432
TRPC_THEMA_Chan_2017,24,31,-0.4816053511705686,4.518394648829432
TRPC_THEMA_Chan_2017,24,32,0.5183946488294314,4.518394648829432
TRPC_THEMA_Chan_2017,24,33,-0.4816053511705686,4.518394648829432
TRPC_THEMA_Chan_2017,24,34,1.5505016722408027,4.550501672240802
TRPC_THEMA_Chan_2017,24,35,1.5505016722408027,4.550501672240802
TRPC_THEMA_Chan_2017,24,36,-0.4816053511705686,4.518394648829432
TRPC_THEMA_Chan_2017,24,37,1.5183946488294313,4.518394648829432
TRPC_THEMA_Chan_2017,24,38,-0.4816053511705686,4.518394648829432
TRPC_THEMA_Chan_2017,24,39,1.5183946488294313,4.518394648829432
TRPC_THEMA_Chan_2017,48,0,0.5105370496261047,4.510537049626104
TRPC_THEMA_Chan_2017,48,1,1.5105370496261048,4.510537049626104
TRPC_THEMA_Chan_2017,48,2,3.510537049626105,4.510537049626104
TRPC_THEMA_Chan_2017,48,3,4.510537049626104,5.510537049626104
TRPC_THEMA_Chan_2017,48,4,1.5105370496261048,4.510537049626104
TRPC_THEMA_Chan_2017,48,5,0.5431679129843644,4.543167912984364
TRPC_THEMA_Chan_2017,48,6,1.5105370496261048,4.510537049626104
TRPC_THEMA_Chan_2017,48,7,0.5105370496261047,4.510537049626104
TRPC_THEMA_Chan_2017,48,8,3.510537049626105,5.510537049626104
TRPC_THEMA_Chan_2017,48,9,1.5431679129843645,4.543167912984364
TRPC_THEMA_Chan_2017,48,10,1.5105370496261048,5.510537049626104
TRPC_THEMA_Chan_2017,48,11,0.5105370496261047,4.510537049626104
TRPC_THEMA_Chan_2017,48,12,0.5431679129843644,4.543167912984364
TRPC_THEMA_Chan_2017,48,13,1.5105370496261048,5.510537049626104
TRPC_THEMA_Chan_2017,48,14,1.575798776342624,4.575798776342624
TRPC_THEMA_Chan_2017,48,15,-0.4894629503738953,4.510537049626104
TRPC_THEMA_Chan_2017,48,16,0.5431679129843644,4.543167912984364
TRPC_THEMA_Chan_2017,48,17,2.5431679129843645,4.543167912984364
TRPC_THEMA_Chan_2017,48,18,2.575798776342624,4.575798776342624
TRPC_THEMA_Chan_2017,48,19,2.5431679129843645,4.543167912984364
TRPC_THEMA_Chan_2017,48,20,-0.4894629503738953,5.510537049626104
TRPC_THEMA_Chan_2017,48,21,-0.4568320870156356,3.5431679129843645
TRPC_THEMA_Chan_2017,48,22,2.510537049626105,4.510537049626104
TRPC_THEMA_Chan_2017,48,23,2.510537049626105,4.510537049626104
TRPC_THEMA_Chan_2017,48,24,6.510537049626104,4.510537049626104
TRPC_THEMA_Chan_2017,48,25,-0.4894629503738953,5.510537049626104
TRPC_THEMA_Chan_2017,48,26,2.510537049626105,4.510537049626104
TRPC_THEMA_Chan_2017,48,27,-0.4894629503738953,4.510537049626104
TRPC_THEMA_Chan_2017,48,28,1.5431679129843645,4.543167912984364
TRPC_THEMA_Chan_2017,48,29,0.5105370496261047,5.510537049626104
TRPC_THEMA_Chan_2017,48,30,-0.4568320870156356,3.5431679129843645
TRPC_THEMA_Chan_2017,48,31,1.5105370496261048,4.510537049626104
TRPC_THEMA_Chan_2017,48,32,1.5105370496261048,4.510537049626104
TRPC_THEMA_Chan_2017,48,33,0.5431679129843644,4.543167912984364
TRPC_THEMA_Chan_2017,48,34,2.5431679129843645,4.543167912984364
TRPC_THEMA_Chan_2017,48,35,1.5431679129843645,4.543167912984364
TRPC_THEMA_Chan_2017,48,36,2.575798776342624,4.575798776342624
TRPC_THEMA_Chan_2017,48,37,1.5105370496261048,4.510537049626104
TRPC_THEMA_Chan_2017,48,38,6.510537049626104,4.510537049626104
TRPC_THEMA_Chan_2017,48,39,0.5105370496261047,4.510537049626104
TRPC_THEMA_Chan_2017,96,0,2.595221363316936,4.595221363316936
TRPC_THEMA_Chan_2017,96,1,2.527758257203092,4.527758257203092
TRPC_THEMA_Chan_2017,96,2,2.527758257203092,4.527758257203092
TRPC_THEMA_Chan_2017,96,3,2.49402670414617,5.494026704146171
TRPC_THEMA_Chan_2017,96,4,2.527758257203092,5.527758257203092
TRPC_THEMA_Chan_2017,96,5,0.4940267041461701,5.494026704146171
TRPC_THEMA_Chan_2017,96,6,2.527758257203092,5.527758257203092
TRPC_THEMA_Chan_2017,96,7,0.5277582572030921,5.527758257203092
TRPC_THEMA_Chan_2017,96,8,0.5277582572030921,5.527758257203092
TRPC_THEMA_Chan_2017,96,9,4.527758257203092,4.527758257203092
TRPC_THEMA_Chan_2017,96,10,-0.47224174279690795,4.527758257203092
TRPC_THEMA_Chan_2017,96,11,1.527758257203092,5.527758257203092
TRPC_THEMA_Chan_2017,96,12,2.527758257203092,5.527758257203092
TRPC_THEMA_Chan_2017,96,13,4.561489810260014,3.561489810260014
TRPC_THEMA_Chan_2017,96,14,4.527758257203092,4.527758257203092
TRPC_THEMA_Chan_2017,96,15,2.49402670414617,5.494026704146171
TRPC_THEMA_Chan_2017,96,16,3.527758257203092,4.527758257203092
TRPC_THEMA_Chan_2017,96,17,4.527758257203092,5.527758257203092
TRPC_THEMA_Chan_2017,96,18,3.527758257203092,4.527758257203092
TRPC_THEMA_Chan_2017,96,19,0.5614898102600141,4.561489810260014
TRPC_THEMA_Chan_2017,96,20,1.527758257203092,5.527758257203092
TRPC_THEMA_Chan_2017,96,21,3.527758257203092,4.527758257203092
TRPC_THEMA_Chan_2017,96,22,2.49402670414617,4.494026704146171
TRPC_THEMA_Chan_2017,96,23,1.527758257203092,4.527758257203092
TRPC_THEMA_Chan_2017,96,24,4.494026704146171,4.494026704146171
TRPC_THEMA_Chan_2017,96,25,1.4940267041461701,4.494026704146171
TRPC_THEMA_Chan_2017,96,26,3.49402670414617,4.494026704146171
TRPC_THEMA_Chan_2017,96,27,3.561489810260014,3.561489810260014
TRPC_THEMA_Chan_2017,96,28,2.527758257203092,5.527758257203092
TRPC_THEMA_Chan_2017,96,29,1.4940267041461701,4.494026704146171
TRPC_THEMA_Chan_2017,96,30,2.49402670414617,5.494026704146171
TRPC_THEMA_Chan_2017,96,31,4.494026704146171,4.494026704146171
TRPC_THEMA_Chan_2017,96,32,2.527758257203092,4.527758257203092
TRPC_THEMA_Chan_2017,96,33,0.5277582572030921,4.527758257203092
TRPC_THEMA_Chan_2017,96,34,3.561489810260014,3.561489810260014
TRPC_THEMA_Chan_2017,96,35,2.49402670414617,5.494026704146171
TRPC_THEMA_Chan_2017,96,36,1.4940267041461701,4.494026704146171
TRPC_THEMA_Chan_2017,96,37,0.5952213633169361,4.595221363316936
TRPC_THEMA_Chan_2017,96,38,-0.5059732958538299,5.494026704146171
TRPC_THEMA_Chan_2017,96,39,2.49402670414617,5.494026704146171
TRPC_THEMA_Chan_2017,192,0,2.602110022607385,4.602110022607385
TRPC_THEMA_Chan_2017,192,1,3.5659382064807836,5.565938206480784
TRPC_THEMA_Chan_2017,192,2,1.6382818387339864,3.6382818387339864
TRPC_THEMA_Chan_2017,192,3,2.6382818387339864,3.6382818387339864
TRPC_THEMA_Chan_2017,192,4,3.493594574227581,5.493594574227581
TRPC_THEMA_Chan_2017,192,5,1.5297663903541823,3.5297663903541823
TRPC_THEMA_Chan_2017,192,6,3.4574227581009795,5.4574227581009795
TRPC_THEMA_Chan_2017,192,7,1.602110022607385,4.602110022607385
TRPC_THEMA_Chan_2017,192,8,2.5297663903541823,5.529766390354182
TRPC_THEMA_Chan_2017,192,9,2.5659382064807836,4.565938206480784
TRPC_THEMA_Chan_2017,192,10,4.529766390354182,4.529766390354182
TRPC_THEMA_Chan_2017,192,11,2.5297663903541823,5.529766390354182
TRPC_THEMA_Chan_2017,192,12,2.493594574227581,5.493594574227581
TRPC_THEMA_Chan_2017,192,13,2.493594574227581,5.493594574227581
TRPC_THEMA_Chan_2017,192,14,2.4574227581009795,5.4574227581009795
TRPC_THEMA_Chan_2017,192,15,2.5297663903541823,4.529766390354182
TRPC_THEMA_Chan_2017,192,16,1.5659382064807836,3.5659382064807836
TRPC_THEMA_Chan_2017,192,17,1.493594574227581,4.493594574227581
TRPC_THEMA_Chan_2017,192,18,6.4574227581009795,5.4574227581009795
TRPC_THEMA_Chan_2017,192,19,2.5297663903541823,5.529766390354182
TRPC_THEMA_Chan_2017,192,20,1.5659382064807836,4.565938206480784
TRPC_THEMA_Chan_2017,192,21,1.5659382064807836,3.5659382064807836
TRPC_THEMA_Chan_2017,192,22,1.5659382064807836,4.565938206480784
TRPC_THEMA_Chan_2017,192,23,3.602110022607385,2.602110022607385
TRPC_THEMA_Chan_2017,192,24,2.5659382064807836,5.565938206480784
TRPC_THEMA_Chan_2017,192,25,1.493594574227581,4.493594574227581
TRPC_THEMA_Chan_2017,192,26,0.45742275810097965,5.4574227581009795
TRPC_THEMA_Chan_2017,192,27,1.5297663903541823,4.529766390354182
TRPC_THEMA_Chan_2017,192,28,3.493594574227581,5.493594574227581
TRPC_THEMA_Chan_2017,192,29,1.493594574227581,4.493594574227581
TRPC_THEMA_Chan_2017,192,30,1.5297663903541823,5.529766390354182
TRPC_THEMA_Chan_2017,192,31,2.5297663903541823,3.5297663903541823
TRPC_THEMA_Chan_2017,192,32,3.493594574227581,4.493594574227581
TRPC_THEMA_Chan_2017,192,33,0.602110022607385,2.602110022607385
TRPC_THEMA_Chan_2017,192,34,3.493594574227581,4.493594574227581
TRPC_THEMA_Chan_2017,192,35,3.5659382064807836,2.5659382064807836
TRPC_THEMA_Chan_2017,192,36,2.5659382064807836,5.565938206480784
TRPC_THEMA_Chan_2017,192,37,4.493594574227581,5.493594574227581
TRPC_THEMA_Chan_2017,192,38,0.5297663903541824,3.5297663903541823
TRPC_THEMA_Chan_2017,192,39,2.6382818387339864,3.6382818387339864
UBC9_HUMAN_Weile_2017,24,0,-0.4915320992516739,0.5084679007483262
UBC9_HUMAN_Weile_2017,24,1,1.5084679007483262,0.5084679007483262
UBC9_HUMAN_Weile_2017,24,2,-0.4915320992516739,0.5084679007483262
UBC9_HUMAN_Weile_2017,24,3,-0.4915320992516739,0.5084679007483262
UBC9_HUMAN_Weile_2017,24,4,5.527372981488775,0.5273729814887751
UBC9_HUMAN_Weile_2017,24,5,-0.4915320992516739,0.5084679007483262
UBC9_HUMAN_Weile_2017,24,6,0.5084679007483262,0.5084679007483262
UBC9_HUMAN_Weile_2017,24,7,-0.4915320992516739,0.5084679007483262
UBC9_HUMAN_Weile_2017,24,8,-0.4726270185112249,0.5273729814887751
UBC9_HUMAN_Weile_2017,24,9,-0.4915320992516739,0.5084679007483262
UBC9_HUMAN_Weile_2017,24,10,-0.4915320992516739,0.5084679007483262
UBC9_HUMAN_Weile_2017,24,11,-0.4915320992516739,0.5084679007483262
UBC9_HUMAN_Weile_2017,24,12,-0.4915320992516739,0.5084679007483262
UBC9_HUMAN_Weile_2017,24,13,0.5084679007483262,0.5084679007483262
UBC9_HUMAN_Weile_2017,24,14,0.5273729814887751,0.5273729814887751
UBC9_HUMAN_Weile_2017,24,15,0.5084679007483262,0.5084679007483262
UBC9_HUMAN_Weile_2017,24,16,0.5084679007483262,0.5084679007483262
UBC9_HUMAN_Weile_2017,24,17,0.5273729814887751,0.5273729814887751
UBC9_HUMAN_Weile_2017,24,18,-0.4915320992516739,0.5084679007483262
UBC9_HUMAN_Weile_2017,24,19,2.5273729814887753,0.5273729814887751
UBC9_HUMAN_Weile_2017,24,20,-0.4915320992516739,0.5084679007483262
UBC9_HUMAN_Weile_2017,24,21,0.5273729814887751,0.5273729814887751
UBC9_HUMAN_Weile_2017,24,22,-0.4915320992516739,0.5084679007483262
UBC9_HUMAN_Weile_2017,24,23,0.5084679007483262,0.5084679007483262
UBC9_HUMAN_Weile_2017,24,24,-0.4915320992516739,0.5084679007483262
UBC9_HUMAN_Weile_2017,24,25,0.5084679007483262,0.5084679007483262
UBC9_HUMAN_Weile_2017,24,26,0.5273729814887751,0.5273729814887751
UBC9_HUMAN_Weile_2017,24,27,1.527372981488775,0.5273729814887751
UBC9_HUMAN_Weile_2017,24,28,-0.4915320992516739,0.5084679007483262
UBC9_HUMAN_Weile_2017,24,29,0.5084679007483262,0.5084679007483262
UBC9_HUMAN_Weile_2017,24,30,0.5084679007483262,0.5084679007483262
UBC9_HUMAN_Weile_2017,24,31,-0.4915320992516739,0.5084679007483262
UBC9_HUMAN_Weile_2017,24,32,0.5084679007483262,0.5084679007483262
UBC9_HUMAN_Weile_2017,24,33,-0.4915320992516739,0.5084679007483262
UBC9_HUMAN_Weile_2017,24,34,0.5084679007483262,0.5084679007483262
UBC9_HUMAN_Weile_2017,24,35,0.546278062229224,0.546278062229224
UBC9_HUMAN_Weile_2017,24,36,-0.4915320992516739,0.5084679007483262
UBC9_HUMAN_Weile_2017,24,37,-0.4915320992516739,0.5084679007483262
UBC9_HUMAN_Weile_2017,24,38,0.5084679007483262,0.5084679007483262
UBC9_HUMAN_Weile_2017,24,39,0.5084679007483262,0.5084679007483262
UBC9_HUMAN_Weile_2017,48,0,-0.4962226640159046,0.5037773359840954
UBC9_HUMAN_Weile_2017,48,1,-0.4962226640159046,0.5037773359840954
UBC9_HUMAN_Weile_2017,48,2,-0.47713717693836977,0.5228628230616302
UBC9_HUMAN_Weile_2017,48,3,4.52286282306163,0.5228628230616302
UBC9_HUMAN_Weile_2017,48,4,0.5228628230616302,0.5228628230616302
UBC9_HUMAN_Weile_2017,48,5,-0.4962226640159046,0.5037773359840954
UBC9_HUMAN_Weile_2017,48,6,0.5037773359840954,0.5037773359840954
UBC9_HUMAN_Weile_2017,48,7,5.52286282306163,0.5228628230616302
UBC9_HUMAN_Weile_2017,48,8,0.5037773359840954,0.5037773359840954
UBC9_HUMAN_Weile_2017,48,9,1.5037773359840954,0.5037773359840954
UBC9_HUMAN_Weile_2017,48,10,-0.4962226640159046,0.5037773359840954
UBC9_HUMAN_Weile_2017,48,11,0.541948310139165,0.541948310139165
UBC9_HUMAN_Weile_2017,48,12,1.5037773359840954,0.5037773359840954
UBC9_HUMAN_Weile_2017,48,13,-0.4962226640159046,0.5037773359840954
UBC9_HUMAN_Weile_2017,48,14,0.5037773359840954,0.5037773359840954
UBC9_HUMAN_Weile_2017,48,15,-0.4962226640159046,0.5037773359840954
UBC9_HUMAN_Weile_2017,48,16,-0.47713717693836977,0.5228628230616302
UBC9_HUMAN_Weile_2017,48,17,0.5037773359840954,0.5037773359840954
UBC9_HUMAN_Weile_2017,48,18,-0.4962226640159046,0.5037773359840954
UBC9_HUMAN_Weile_2017,48,19,1.5037773359840954,0.5037773359840954
UBC9_HUMAN_Weile_2017,48,20,2.5037773359840956,0.5037773359840954
UBC9_HUMAN_Weile_2017,48,21,0.5037773359840954,0.5037773359840954
UBC9_HUMAN_Weile_2017,48,22,2.541948310139165,0.541948310139165
UBC9_HUMAN_Weile_2017,48,23,0.5037773359840954,0.5037773359840954
UBC9_HUMAN_Weile_2017,48,24,1.5037773359840954,0.5037773359840954
UBC9_HUMAN_Weile_2017,48,25,0.5037773359840954,0.5037773359840954
UBC9_HUMAN_Weile_2017,48,26,0.5037773359840954,0.5037773359840954
UBC9_HUMAN_Weile_2017,48,27,1.5037773359840954,0.5037773359840954
UBC9_HUMAN_Weile_2017,48,28,0.5037773359840954,0.5037773359840954
UBC9_HUMAN_Weile_2017,48,29,0.5037773359840954,0.5037773359840954
UBC9_HUMAN_Weile_2017,48,30,0.5228628230616302,0.5228628230616302
UBC9_HUMAN_Weile_2017,48,31,-0.4962226640159046,0.5037773359840954
UBC9_HUMAN_Weile_2017,48,32,-0.47713717693836977,0.5228628230616302
UBC9_HUMAN_Weile_2017,48,33,-0.4962226640159046,0.5037773359840954
UBC9_HUMAN_Weile_2017,48,34,-0.4962226640159046,0.5037773359840954
UBC9_HUMAN_Weile_2017,48,35,-0.47713717693836977,0.5228628230616302
UBC9_HUMAN_Weile_2017,48,36,-0.47713717693836977,0.5228628230616302
UBC9_HUMAN_Weile_2017,48,37,-0.4962226640159046,0.5037773359840954
UBC9_HUMAN_Weile_2017,48,38,-0.4962226640159046,0.5037773359840954
UBC9_HUMAN_Weile_2017,48,39,-0.4962226640159046,0.5037773359840954
UBC9_HUMAN_Weile_2017,96,0,0.5135792460478315,0.5135792460478315
UBC9_HUMAN_Weile_2017,96,1,5.552492906364005,0.5524929063640049
UBC9_HUMAN_Weile_2017,96,2,3.494122415889745,0.4941224158897446
UBC9_HUMAN_Weile_2017,96,3,0.4941224158897446,0.4941224158897446
UBC9_HUMAN_Weile_2017,96,4,0.5135792460478315,0.5135792460478315
UBC9_HUMAN_Weile_2017,96,5,-0.5058775841102554,0.4941224158897446
UBC9_HUMAN_Weile_2017,96,6,0.4941224158897446,0.4941224158897446
UBC9_HUMAN_Weile_2017,96,7,-0.5058775841102554,0.4941224158897446
UBC9_HUMAN_Weile_2017,96,8,-0.4864207539521686,0.5135792460478315
UBC9_HUMAN_Weile_2017,96,9,0.5135792460478315,0.5135792460478315
UBC9_HUMAN_Weile_2017,96,10,-0.5058775841102554,0.4941224158897446
UBC9_HUMAN_Weile_2017,96,11,4.552492906364005,0.5524929063640049
UBC9_HUMAN_Weile_2017,96,12,0.5135792460478315,0.5135792460478315
UBC9_HUMAN_Weile_2017,96,13,0.5135792460478315,0.5135792460478315
UBC9_HUMAN_Weile_2017,96,14,-0.5058775841102554,0.4941224158897446
UBC9_HUMAN_Weile_2017,96,15,-0.5058775841102554,0.4941224158897446
UBC9_HUMAN_Weile_2017,96,16,2.494122415889745,0.4941224158897446
UBC9_HUMAN_Weile_2017,96,17,-0.46696392379408186,0.5330360762059181
UBC9_HUMAN_Weile_2017,96,18,-0.5058775841102554,0.4941224158897446
UBC9_HUMAN_Weile_2017,96,19,2.5135792460478315,0.5135792460478315
UBC9_HUMAN_Weile_2017,96,20,-0.4864207539521686,0.5135792460478315
UBC9_HUMAN_Weile_2017,96,21,3.5135792460478315,0.5135792460478315
UBC9_HUMAN_Weile_2017,96,22,5.533036076205918,0.5330360762059181
UBC9_HUMAN_Weile_2017,96,23,0.4941224158897446,0.4941224158897446
UBC9_HUMAN_Weile_2017,96,24,-0.5058775841102554,0.4941224158897446
UBC9_HUMAN_Weile_2017,96,25,1.552492906364005,0.5524929063640049
UBC9_HUMAN_Weile_2017,96,26,0.5135792460478315,0.5135792460478315
UBC9_HUMAN_Weile_2017,96,27,0.4941224158897446,0.4941224158897446
UBC9_HUMAN_Weile_2017,96,28,1.5135792460478315,0.5135792460478315
UBC9_HUMAN_Weile_2017,96,29,0.5135792460478315,0.5135792460478315
UBC9_HUMAN_Weile_2017,96,30,-0.5058775841102554,0.4941224158897446
UBC9_HUMAN_Weile_2017,96,31,0.5330360762059181,0.5330360762059181
UBC9_HUMAN_Weile_2017,96,32,1.552492906364005,0.5524929063640049
UBC9_HUMAN_Weile_2017,96,33,0.4941224158897446,0.4941224158897446
UBC9_HUMAN_Weile_2017,96,34,0.5135792460478315,0.5135792460478315
UBC9_HUMAN_Weile_2017,96,35,0.5135792460478315,0.5135792460478315
UBC9_HUMAN_Weile_2017,96,36,5.513579246047831,0.5135792460478315
UBC9_HUMAN_Weile_2017,96,37,0.4941224158897446,0.4941224158897446
UBC9_HUMAN_Weile_2017,96,38,0.4941224158897446,0.4941224158897446
UBC9_HUMAN_Weile_2017,96,39,-0.5058775841102554,0.4941224158897446
UBC9_HUMAN_Weile_2017,192,0,2.5141290594685786,0.5141290594685787
UBC9_HUMAN_Weile_2017,192,1,3.534373681990721,0.5343736819907212
UBC9_HUMAN_Weile_2017,192,2,-0.5263601855757064,0.4736398144242936
UBC9_HUMAN_Weile_2017,192,3,0.5546183045128638,0.5546183045128638
UBC9_HUMAN_Weile_2017,192,4,6.534373681990721,0.5343736819907212
UBC9_HUMAN_Weile_2017,192,5,0.5141290594685787,0.5141290594685787
UBC9_HUMAN_Weile_2017,192,6,0.5141290594685787,-0.4858709405314213
UBC9_HUMAN_Weile_2017,192,7,3.554618304512864,-0.44538169548713624
UBC9_HUMAN_Weile_2017,192,8,0.5141290594685787,0.5141290594685787
UBC9_HUMAN_Weile_2017,192,9,7.5748629270350065,0.5748629270350063
UBC9_HUMAN_Weile_2017,192,10,2.493884436946436,0.49388443694643613
UBC9_HUMAN_Weile_2017,192,11,0.5141290594685787,0.5141290594685787
UBC9_HUMAN_Weile_2017,192,12,1.5141290594685786,0.5141290594685787
UBC9_HUMAN_Weile_2017,192,13,0.5141290594685787,0.5141290594685787
UBC9_HUMAN_Weile_2017,192,14,6.493884436946436,0.49388443694643613
UBC9_HUMAN_Weile_2017,192,15,7.534373681990721,0.5343736819907212
UBC9_HUMAN_Weile_2017,192,16,7.514129059468579,0.5141290594685787
UBC9_HUMAN_Weile_2017,192,17,4.554618304512863,0.5546183045128638
UBC9_HUMAN_Weile_2017,192,18,6.554618304512863,0.5546183045128638
UBC9_HUMAN_Weile_2017,192,19,1.4736398144242937,0.4736398144242936
UBC9_HUMAN_Weile_2017,192,20,0.49388443694643613,0.49388443694643613
UBC9_HUMAN_Weile_2017,192,21,5.514129059468579,0.5141290594685787
UBC9_HUMAN_Weile_2017,192,22,7.514129059468579,0.5141290594685787
UBC9_HUMAN_Weile_2017,192,23,2.534373681990721,-0.4656263180092788
UBC9_HUMAN_Weile_2017,192,24,7.514129059468579,0.5141290594685787
UBC9_HUMAN_Weile_2017,192,25,1.4938844369464361,0.49388443694643613
UBC9_HUMAN_Weile_2017,192,26,6.534373681990721,0.5343736819907212
UBC9_HUMAN_Weile_2017,192,27,1.5141290594685786,0.5141290594685787
UBC9_HUMAN_Weile_2017,192,28,3.493884436946436,0.49388443694643613
UBC9_HUMAN_Weile_2017,192,29,1.5141290594685786,0.5141290594685787
UBC9_HUMAN_Weile_2017,192,30,1.5546183045128639,-0.44538169548713624
UBC9_HUMAN_Weile_2017,192,31,0.49388443694643613,-0.5061155630535639
UBC9_HUMAN_Weile_2017,192,32,1.4938844369464361,-0.5061155630535639
UBC9_HUMAN_Weile_2017,192,33,0.5141290594685787,0.5141290594685787
UBC9_HUMAN_Weile_2017,192,34,0.5141290594685787,0.5141290594685787
UBC9_HUMAN_Weile_2017,192,35,5.493884436946436,0.49388443694643613
UBC9_HUMAN_Weile_2017,192,36,1.5343736819907212,0.5343736819907212
UBC9_HUMAN_Weile_2017,192,37,-0.5263601855757064,0.4736398144242936
UBC9_HUMAN_Weile_2017,192,38,6.493884436946436,0.49388443694643613
UBC9_HUMAN_Weile_2017,192,39,1.4736398144242937,0.4736398144242936
UBC9_HUMAN_Weile_2017,384,0,6.51537402478201,0.5153740247820101
UBC9_HUMAN_Weile_2017,384,1,6.493345571363011,0.4933455713630106
UBC9_HUMAN_Weile_2017,384,2,-0.528682882055989,0.471317117944011
UBC9_HUMAN_Weile_2017,384,3,5.51537402478201,0.5153740247820101
UBC9_HUMAN_Weile_2017,384,4,3.51537402478201,-0.4846259752179899
UBC9_HUMAN_Weile_2017,384,5,5.493345571363011,0.4933455713630106
UBC9_HUMAN_Weile_2017,384,6,3.493345571363011,0.4933455713630106
UBC9_HUMAN_Weile_2017,384,7,7.5594309316200095,0.5594309316200092
UBC9_HUMAN_Weile_2017,384,8,3.51537402478201,0.5153740247820101
UBC9_HUMAN_Weile_2017,384,9,7.493345571363011,0.4933455713630106
UBC9_HUMAN_Weile_2017,384,10,4.5594309316200095,0.5594309316200092
UBC9_HUMAN_Weile_2017,384,11,5.51537402478201,-0.4846259752179899
UBC9_HUMAN_Weile_2017,384,12,2.493345571363011,0.4933455713630106
UBC9_HUMAN_Weile_2017,384,13,4.5594309316200095,-0.4405690683799908
UBC9_HUMAN_Weile_2017,384,14,6.51537402478201,0.5153740247820101
UBC9_HUMAN_Weile_2017,384,15,6.581459385039008,0.5814593850390087
UBC9_HUMAN_Weile_2017,384,16,0.471317117944011,0.471317117944011
UBC9_HUMAN_Weile_2017,384,17,5.5594309316200095,0.5594309316200092
UBC9_HUMAN_Weile_2017,384,18,2.493345571363011,0.4933455713630106
UBC9_HUMAN_Weile_2017,384,19,2.559430931620009,0.5594309316200092
UBC9_HUMAN_Weile_2017,384,20,0.4933455713630106,0.4933455713630106
UBC9_HUMAN_Weile_2017,384,21,3.493345571363011,0.4933455713630106
UBC9_HUMAN_Weile_2017,384,22,8.49334557136301,0.4933455713630106
UBC9_HUMAN_Weile_2017,384,23,-0.528682882055989,0.471317117944011
UBC9_HUMAN_Weile_2017,384,24,6.51537402478201,0.5153740247820101
UBC9_HUMAN_Weile_2017,384,25,-0.5507113354749885,0.4492886645250115
UBC9_HUMAN_Weile_2017,384,26,4.5594309316200095,-0.4405690683799908
UBC9_HUMAN_Weile_2017,384,27,-0.5066544286369894,0.4933455713630106
UBC9_HUMAN_Weile_2017,384,28,6.471317117944011,0.471317117944011
UBC9_HUMAN_Weile_2017,384,29,2.471317117944011,0.471317117944011
UBC9_HUMAN_Weile_2017,384,30,6.53740247820101,0.5374024782010096
UBC9_HUMAN_Weile_2017,384,31,0.471317117944011,0.471317117944011
UBC9_HUMAN_Weile_2017,384,32,1.471317117944011,0.471317117944011
UBC9_HUMAN_Weile_2017,384,33,3.5374024782010096,0.5374024782010096
UBC9_HUMAN_Weile_2017,384,34,3.51537402478201,0.5153740247820101
UBC9_HUMAN_Weile_2017,384,35,0.471317117944011,0.471317117944011
UBC9_HUMAN_Weile_2017,384,36,0.5374024782010096,-0.4625975217989904
UBC9_HUMAN_Weile_2017,384,37,5.493345571363011,0.4933455713630106
UBC9_HUMAN_Weile_2017,384,38,5.493345571363011,0.4933455713630106
UBC9_HUMAN_Weile_2017,384,39,2.5374024782010096,0.5374024782010096
VKOR1_HUMAN_Chiasson_abundance_2020,24,0,0.5147884687383002,1.5147884687383002
VKOR1_HUMAN_Chiasson_abundance_2020,24,1,-0.48521153126169975,1.5147884687383002
VKOR1_HUMAN_Chiasson_abundance_2020,24,2,2.5147884687383004,1.5147884687383002
VKOR1_HUMAN_Chiasson_abundance_2020,24,3,2.5147884687383004,1.5147884687383002
VKOR1_HUMAN_Chiasson_abundance_2020,24,4,0.5147884687383002,1.5147884687383002
VKOR1_HUMAN_Chiasson_abundance_2020,24,5,0.5147884687383002,1.5147884687383002
VKOR1_HUMAN_Chiasson_abundance_2020,24,6,2.5147884687383004,1.5147884687383002
VKOR1_HUMAN_Chiasson_abundance_2020,24,7,0.5147884687383002,1.5147884687383002
VKOR1_HUMAN_Chiasson_abundance_2020,24,8,1.5147884687383002,1.5147884687383002
VKOR1_HUMAN_Chiasson_abundance_2020,24,9,0.5327592661924373,1.5327592661924374
VKOR1_HUMAN_Chiasson_abundance_2020,24,10,1.5147884687383002,1.5147884687383002
VKOR1_HUMAN_Chiasson_abundance_2020,24,11,-0.4672407338075627,1.5327592661924374
VKOR1_HUMAN_Chiasson_abundance_2020,24,12,1.5507300636465744,1.5507300636465744
VKOR1_HUMAN_Chiasson_abundance_2020,24,13,-0.48521153126169975,1.5147884687383002
VKOR1_HUMAN_Chiasson_abundance_2020,24,14,0.5147884687383002,1.5147884687383002
VKOR1_HUMAN_Chiasson_abundance_2020,24,15,0.5147884687383002,1.5147884687383002
VKOR1_HUMAN_Chiasson_abundance_2020,24,16,3.5147884687383004,1.5147884687383002
VKOR1_HUMAN_Chiasson_abundance_2020,24,17,0.5147884687383002,1.5147884687383002
VKOR1_HUMAN_Chiasson_abundance_2020,24,18,0.5147884687383002,1.5147884687383002
VKOR1_HUMAN_Chiasson_abundance_2020,24,19,-0.48521153126169975,1.5147884687383002
VKOR1_HUMAN_Chiasson_abundance_2020,24,20,-0.48521153126169975,1.5147884687383002
VKOR1_HUMAN_Chiasson_abundance_2020,24,21,0.5147884687383002,1.5147884687383002
VKOR1_HUMAN_Chiasson_abundance_2020,24,22,0.5147884687383002,1.5147884687383002
VKOR1_HUMAN_Chiasson_abundance_2020,24,23,0.5147884687383002,1.5147884687383002
VKOR1_HUMAN_Chiasson_abundance_2020,24,24,-0.48521153126169975,1.5147884687383002
VKOR1_HUMAN_Chiasson_abundance_2020,24,25,1.5147884687383002,1.5147884687383002
VKOR1_HUMAN_Chiasson_abundance_2020,24,26,0.5147884687383002,1.5147884687383002
VKOR1_HUMAN_Chiasson_abundance_2020,24,27,2.5507300636465744,1.5507300636465744
VKOR1_HUMAN_Chiasson_abundance_2020,24,28,3.5147884687383004,1.5147884687383002
VKOR1_HUMAN_Chiasson_abundance_2020,24,29,-0.48521153126169975,1.5147884687383002
VKOR1_HUMAN_Chiasson_abundance_2020,24,30,-0.4672407338075627,1.5327592661924374
VKOR1_HUMAN_Chiasson_abundance_2020,24,31,-0.48521153126169975,1.5147884687383002
VKOR1_HUMAN_Chiasson_abundance_2020,24,32,1.5147884687383002,1.5147884687383002
VKOR1_HUMAN_Chiasson_abundance_2020,24,33,1.5147884687383002,1.5147884687383002
VKOR1_HUMAN_Chiasson_abundance_2020,24,34,-0.4672407338075627,0.5327592661924373
VKOR1_HUMAN_Chiasson_abundance_2020,24,35,0.5147884687383002,1.5147884687383002
VKOR1_HUMAN_Chiasson_abundance_2020,24,36,0.5147884687383002,1.5147884687383002
VKOR1_HUMAN_Chiasson_abundance_2020,24,37,0.5147884687383002,1.5147884687383002
VKOR1_HUMAN_Chiasson_abundance_2020,24,38,2.5507300636465744,1.5507300636465744
VKOR1_HUMAN_Chiasson_abundance_2020,24,39,0.5147884687383002,1.5147884687383002
VKOR1_HUMAN_Chiasson_abundance_2020,48,0,0.528522856063468,1.528522856063468
VKOR1_HUMAN_Chiasson_abundance_2020,48,1,-0.4896108802417832,1.5103891197582169
VKOR1_HUMAN_Chiasson_abundance_2020,48,2,0.5103891197582169,1.5103891197582169
VKOR1_HUMAN_Chiasson_abundance_2020,48,3,1.5103891197582169,1.5103891197582169
VKOR1_HUMAN_Chiasson_abundance_2020,48,4,0.5103891197582169,1.5103891197582169
VKOR1_HUMAN_Chiasson_abundance_2020,48,5,-0.4896108802417832,1.5103891197582169
VKOR1_HUMAN_Chiasson_abundance_2020,48,6,0.5103891197582169,1.5103891197582169
VKOR1_HUMAN_Chiasson_abundance_2020,48,7,1.5103891197582169,1.5103891197582169
VKOR1_HUMAN_Chiasson_abundance_2020,48,8,2.5103891197582167,1.5103891197582169
VKOR1_HUMAN_Chiasson_abundance_2020,48,9,1.528522856063468,1.528522856063468
VKOR1_HUMAN_Chiasson_abundance_2020,48,10,0.5466565923687193,1.5466565923687194
VKOR1_HUMAN_Chiasson_abundance_2020,48,11,-0.47147714393653195,1.528522856063468
VKOR1_HUMAN_Chiasson_abundance_2020,48,12,-0.4896108802417832,1.5103891197582169
VKOR1_HUMAN_Chiasson_abundance_2020,48,13,0.5103891197582169,1.5103891197582169
VKOR1_HUMAN_Chiasson_abundance_2020,48,14,2.5103891197582167,1.5103891197582169
VKOR1_HUMAN_Chiasson_abundance_2020,48,15,0.528522856063468,0.528522856063468
VKOR1_HUMAN_Chiasson_abundance_2020,48,16,2.5103891197582167,1.5103891197582169
VKOR1_HUMAN_Chiasson_abundance_2020,48,17,-0.4896108802417832,1.5103891197582169
VKOR1_HUMAN_Chiasson_abundance_2020,48,18,-0.4896108802417832,1.5103891197582169
VKOR1_HUMAN_Chiasson_abundance_2020,48,19,-0.4896108802417832,1.5103891197582169
VKOR1_HUMAN_Chiasson_abundance_2020,48,20,-0.4896108802417832,1.5103891197582169
VKOR1_HUMAN_Chiasson_abundance_2020,48,21,-0.4896108802417832,1.5103891197582169
VKOR1_HUMAN_Chiasson_abundance_2020,48,22,1.5103891197582169,1.5103891197582169
VKOR1_HUMAN_Chiasson_abundance_2020,48,23,2.5103891197582167,1.5103891197582169
VKOR1_HUMAN_Chiasson_abundance_2020,48,24,-0.4896108802417832,1.5103891197582169
VKOR1_HUMAN_Chiasson_abundance_2020,48,25,1.5103891197582169,1.5103891197582169
VKOR1_HUMAN_Chiasson_abundance_2020,48,26,0.528522856063468,1.528522856063468
VKOR1_HUMAN_Chiasson_abundance_2020,48,27,0.528522856063468,1.528522856063468
VKOR1_HUMAN_Chiasson_abundance_2020,48,28,0.528522856063468,1.528522856063468
VKOR1_HUMAN_Chiasson_abundance_2020,48,29,0.528522856063468,1.528522856063468
VKOR1_HUMAN_Chiasson_abundance_2020,48,30,1.5103891197582169,1.5103891197582169
VKOR1_HUMAN_Chiasson_abundance_2020,48,31,0.5103891197582169,1.5103891197582169
VKOR1_HUMAN_Chiasson_abundance_2020,48,32,2.528522856063468,1.528522856063468
VKOR1_HUMAN_Chiasson_abundance_2020,48,33,-0.4896108802417832,1.5103891197582169
VKOR1_HUMAN_Chiasson_abundance_2020,48,34,2.5466565923687194,0.5466565923687193
VKOR1_HUMAN_Chiasson_abundance_2020,48,35,2.5103891197582167,1.5103891197582169
VKOR1_HUMAN_Chiasson_abundance_2020,48,36,0.5103891197582169,1.5103891197582169
VKOR1_HUMAN_Chiasson_abundance_2020,48,37,0.528522856063468,1.528522856063468
VKOR1_HUMAN_Chiasson_abundance_2020,48,38,-0.47147714393653195,1.528522856063468
VKOR1_HUMAN_Chiasson_abundance_2020,48,39,3.5103891197582167,1.5103891197582169
VKOR1_HUMAN_Chiasson_abundance_2020,96,0,0.5013466717968449,1.501346671796845
VKOR1_HUMAN_Chiasson_abundance_2020,96,1,0.519815313582147,0.519815313582147
VKOR1_HUMAN_Chiasson_abundance_2020,96,2,0.519815313582147,1.519815313582147
VKOR1_HUMAN_Chiasson_abundance_2020,96,3,-0.49865332820315506,1.501346671796845
VKOR1_HUMAN_Chiasson_abundance_2020,96,4,-0.480184686417853,1.519815313582147
VKOR1_HUMAN_Chiasson_abundance_2020,96,5,1.519815313582147,1.519815313582147
VKOR1_HUMAN_Chiasson_abundance_2020,96,6,1.5567525971527512,0.556752597152751
VKOR1_HUMAN_Chiasson_abundance_2020,96,7,-0.480184686417853,1.519815313582147
VKOR1_HUMAN_Chiasson_abundance_2020,96,8,0.5013466717968449,1.501346671796845
VKOR1_HUMAN_Chiasson_abundance_2020,96,9,0.519815313582147,1.519815313582147
VKOR1_HUMAN_Chiasson_abundance_2020,96,10,0.5013466717968449,1.501346671796845
VKOR1_HUMAN_Chiasson_abundance_2020,96,11,-0.44324740284724895,0.556752597152751
VKOR1_HUMAN_Chiasson_abundance_2020,96,12,1.519815313582147,0.519815313582147
VKOR1_HUMAN_Chiasson_abundance_2020,96,13,0.538283955367449,1.538283955367449
VKOR1_HUMAN_Chiasson_abundance_2020,96,14,2.501346671796845,1.501346671796845
VKOR1_HUMAN_Chiasson_abundance_2020,96,15,0.5013466717968449,1.501346671796845
VKOR1_HUMAN_Chiasson_abundance_2020,96,16,-0.49865332820315506,1.501346671796845
VKOR1_HUMAN_Chiasson_abundance_2020,96,17,0.5013466717968449,1.501346671796845
VKOR1_HUMAN_Chiasson_abundance_2020,96,18,0.5013466717968449,1.501346671796845
VKOR1_HUMAN_Chiasson_abundance_2020,96,19,0.5013466717968449,1.501346671796845
VKOR1_HUMAN_Chiasson_abundance_2020,96,20,-0.49865332820315506,1.501346671796845
VKOR1_HUMAN_Chiasson_abundance_2020,96,21,1.519815313582147,1.519815313582147
VKOR1_HUMAN_Chiasson_abundance_2020,96,22,0.519815313582147,1.519815313582147
VKOR1_HUMAN_Chiasson_abundance_2020,96,23,-0.49865332820315506,1.501346671796845
VKOR1_HUMAN_Chiasson_abundance_2020,96,24,1.501346671796845,1.501346671796845
VKOR1_HUMAN_Chiasson_abundance_2020,96,25,0.538283955367449,1.538283955367449
VKOR1_HUMAN_Chiasson_abundance_2020,96,26,2.538283955367449,1.538283955367449
VKOR1_HUMAN_Chiasson_abundance_2020,96,27,-0.461716044632551,1.538283955367449
VKOR1_HUMAN_Chiasson_abundance_2020,96,28,0.5013466717968449,1.501346671796845
VKOR1_HUMAN_Chiasson_abundance_2020,96,29,-0.49865332820315506,1.501346671796845
VKOR1_HUMAN_Chiasson_abundance_2020,96,30,4.519815313582147,1.519815313582147
VKOR1_HUMAN_Chiasson_abundance_2020,96,31,4.538283955367449,1.538283955367449
VKOR1_HUMAN_Chiasson_abundance_2020,96,32,-0.49865332820315506,1.501346671796845
VKOR1_HUMAN_Chiasson_abundance_2020,96,33,-0.461716044632551,1.538283955367449
VKOR1_HUMAN_Chiasson_abundance_2020,96,34,-0.49865332820315506,1.501346671796845
VKOR1_HUMAN_Chiasson_abundance_2020,96,35,-0.480184686417853,1.519815313582147
VKOR1_HUMAN_Chiasson_abundance_2020,96,36,1.501346671796845,1.501346671796845
VKOR1_HUMAN_Chiasson_abundance_2020,96,37,1.538283955367449,1.538283955367449
VKOR1_HUMAN_Chiasson_abundance_2020,96,38,0.5013466717968449,1.501346671796845
VKOR1_HUMAN_Chiasson_abundance_2020,96,39,2.538283955367449,0.538283955367449
VKOR1_HUMAN_Chiasson_abundance_2020,192,0,-0.46024770275669197,1.539752297243308
VKOR1_HUMAN_Chiasson_abundance_2020,192,1,-0.4794246903715541,1.520575309628446
VKOR1_HUMAN_Chiasson_abundance_2020,192,2,1.539752297243308,1.539752297243308
VKOR1_HUMAN_Chiasson_abundance_2020,192,3,-0.4794246903715541,1.520575309628446
VKOR1_HUMAN_Chiasson_abundance_2020,192,4,1.520575309628446,0.5205753096284459
VKOR1_HUMAN_Chiasson_abundance_2020,192,5,3.539752297243308,1.539752297243308
VKOR1_HUMAN_Chiasson_abundance_2020,192,6,0.5013983220135837,0.5013983220135837
VKOR1_HUMAN_Chiasson_abundance_2020,192,7,1.539752297243308,1.539752297243308
VKOR1_HUMAN_Chiasson_abundance_2020,192,8,0.4822213343987215,1.4822213343987216
VKOR1_HUMAN_Chiasson_abundance_2020,192,9,1.5013983220135838,1.5013983220135838
VKOR1_HUMAN_Chiasson_abundance_2020,192,10,1.5013983220135838,1.5013983220135838
VKOR1_HUMAN_Chiasson_abundance_2020,192,11,1.5589292848581702,0.5589292848581702
VKOR1_HUMAN_Chiasson_abundance_2020,192,12,1.5013983220135838,1.5013983220135838
VKOR1_HUMAN_Chiasson_abundance_2020,192,13,1.5013983220135838,1.5013983220135838
VKOR1_HUMAN_Chiasson_abundance_2020,192,14,1.520575309628446,1.520575309628446
VKOR1_HUMAN_Chiasson_abundance_2020,192,15,0.4822213343987215,1.4822213343987216
VKOR1_HUMAN_Chiasson_abundance_2020,192,16,1.539752297243308,1.539752297243308
VKOR1_HUMAN_Chiasson_abundance_2020,192,17,0.539752297243308,1.539752297243308
VKOR1_HUMAN_Chiasson_abundance_2020,192,18,1.520575309628446,1.520575309628446
VKOR1_HUMAN_Chiasson_abundance_2020,192,19,1.5013983220135838,1.5013983220135838
VKOR1_HUMAN_Chiasson_abundance_2020,192,20,-0.4794246903715541,1.520575309628446
VKOR1_HUMAN_Chiasson_abundance_2020,192,21,3.501398322013584,1.5013983220135838
VKOR1_HUMAN_Chiasson_abundance_2020,192,22,1.520575309628446,1.520575309628446
VKOR1_HUMAN_Chiasson_abundance_2020,192,23,-0.4794246903715541,0.5205753096284459
VKOR1_HUMAN_Chiasson_abundance_2020,192,24,4.501398322013584,0.5013983220135837
VKOR1_HUMAN_Chiasson_abundance_2020,192,25,-0.4794246903715541,1.520575309628446
VKOR1_HUMAN_Chiasson_abundance_2020,192,26,0.5013983220135837,1.5013983220135838
VKOR1_HUMAN_Chiasson_abundance_2020,192,27,0.5589292848581702,1.5589292848581702
VKOR1_HUMAN_Chiasson_abundance_2020,192,28,0.4822213343987215,1.4822213343987216
VKOR1_HUMAN_Chiasson_abundance_2020,192,29,0.5013983220135837,1.5013983220135838
VKOR1_HUMAN_Chiasson_abundance_2020,192,30,0.539752297243308,1.539752297243308
VKOR1_HUMAN_Chiasson_abundance_2020,192,31,-0.4794246903715541,1.520575309628446
VKOR1_HUMAN_Chiasson_abundance_2020,192,32,2.501398322013584,1.5013983220135838
VKOR1_HUMAN_Chiasson_abundance_2020,192,33,3.520575309628446,1.520575309628446
VKOR1_HUMAN_Chiasson_abundance_2020,192,34,1.520575309628446,1.520575309628446
VKOR1_HUMAN_Chiasson_abundance_2020,192,35,-0.46024770275669197,1.539752297243308
VKOR1_HUMAN_Chiasson_abundance_2020,192,36,0.5013983220135837,1.5013983220135838
VKOR1_HUMAN_Chiasson_abundance_2020,192,37,-0.46024770275669197,1.539752297243308
VKOR1_HUMAN_Chiasson_abundance_2020,192,38,-0.5177786656012785,1.4822213343987216
VKOR1_HUMAN_Chiasson_abundance_2020,192,39,2.501398322013584,1.5013983220135838
VKOR1_HUMAN_Chiasson_abundance_2020,384,0,1.5430549545651233,1.5430549545651233
VKOR1_HUMAN_Chiasson_abundance_2020,384,1,2.5015144958892255,1.5015144958892255
VKOR1_HUMAN_Chiasson_abundance_2020,384,2,-0.4984855041107746,1.5015144958892255
VKOR1_HUMAN_Chiasson_abundance_2020,384,3,1.5222847252271743,1.5222847252271743
VKOR1_HUMAN_Chiasson_abundance_2020,384,4,-0.4984855041107746,1.5015144958892255
VKOR1_HUMAN_Chiasson_abundance_2020,384,5,1.5430549545651233,0.5430549545651233
VKOR1_HUMAN_Chiasson_abundance_2020,384,6,1.5430549545651233,0.5430549545651233
VKOR1_HUMAN_Chiasson_abundance_2020,384,7,1.5430549545651233,0.5430549545651233
VKOR1_HUMAN_Chiasson_abundance_2020,384,8,1.5222847252271743,1.5222847252271743
VKOR1_HUMAN_Chiasson_abundance_2020,384,9,2.5015144958892255,1.5015144958892255
VKOR1_HUMAN_Chiasson_abundance_2020,384,10,1.5015144958892255,0.5015144958892255
VKOR1_HUMAN_Chiasson_abundance_2020,384,11,0.5638251839030722,1.5638251839030723
VKOR1_HUMAN_Chiasson_abundance_2020,384,12,1.5222847252271743,1.5222847252271743
VKOR1_HUMAN_Chiasson_abundance_2020,384,13,0.48074426655127656,1.4807442665512767
VKOR1_HUMAN_Chiasson_abundance_2020,384,14,-0.3738641280830809,1.6261358719169192
VKOR1_HUMAN_Chiasson_abundance_2020,384,15,-0.43617481609692776,1.5638251839030723
VKOR1_HUMAN_Chiasson_abundance_2020,384,16,-0.4569450454348767,1.5430549545651233
VKOR1_HUMAN_Chiasson_abundance_2020,384,17,0.5222847252271744,1.5222847252271743
VKOR1_HUMAN_Chiasson_abundance_2020,384,18,1.5430549545651233,2.5430549545651235
VKOR1_HUMAN_Chiasson_abundance_2020,384,19,0.5430549545651233,1.5430549545651233
VKOR1_HUMAN_Chiasson_abundance_2020,384,20,1.4807442665512767,1.4807442665512767
VKOR1_HUMAN_Chiasson_abundance_2020,384,21,2.5638251839030723,1.5638251839030723
VKOR1_HUMAN_Chiasson_abundance_2020,384,22,2.5638251839030723,2.5638251839030723
VKOR1_HUMAN_Chiasson_abundance_2020,384,23,0.48074426655127656,1.4807442665512767
VKOR1_HUMAN_Chiasson_abundance_2020,384,24,0.4599740372133275,1.4599740372133274
VKOR1_HUMAN_Chiasson_abundance_2020,384,25,2.5638251839030723,1.5638251839030723
VKOR1_HUMAN_Chiasson_abundance_2020,384,26,1.5015144958892255,1.5015144958892255
VKOR1_HUMAN_Chiasson_abundance_2020,384,27,0.5638251839030722,2.5638251839030723
VKOR1_HUMAN_Chiasson_abundance_2020,384,28,4.480744266551277,1.4807442665512767
VKOR1_HUMAN_Chiasson_abundance_2020,384,29,3.5222847252271743,1.5222847252271743
VKOR1_HUMAN_Chiasson_abundance_2020,384,30,0.5222847252271744,0.5222847252271744
VKOR1_HUMAN_Chiasson_abundance_2020,384,31,2.4807442665512767,0.48074426655127656
VKOR1_HUMAN_Chiasson_abundance_2020,384,32,0.4599740372133275,1.4599740372133274
VKOR1_HUMAN_Chiasson_abundance_2020,384,33,2.5015144958892255,1.5015144958892255
VKOR1_HUMAN_Chiasson_abundance_2020,384,34,1.5430549545651233,1.5430549545651233
VKOR1_HUMAN_Chiasson_abundance_2020,384,35,0.5015144958892255,1.5015144958892255
VKOR1_HUMAN_Chiasson_abundance_2020,384,36,0.48074426655127656,0.48074426655127656
VKOR1_HUMAN_Chiasson_abundance_2020,384,37,1.5222847252271743,1.5222847252271743
VKOR1_HUMAN_Chiasson_abundance_2020,384,38,1.5638251839030723,1.5638251839030723
VKOR1_HUMAN_Chiasson_abundance_2020,384,39,2.5015144958892255,1.5015144958892255
