assay,seed,round,disagree,rho_pool,chosen,sup_auroc,zs_auroc,planner,always_sup,always_zs,explore_ev
A4GRB6_PSEAI_Chen_2020,0,1,0.967741935483871,0.1707310273672692,zero_shot,0.3395348837209302,0.8093023255813954,5.0,2.0,5.0,0.48426150121065376
A4GRB6_PSEAI_Chen_2020,0,2,0.945054945054945,0.41994744499587827,zero_shot,0.5383720930232558,0.7395348837209302,1.0,10.0,1.0,0.4400977995110024
A4GRB6_PSEAI_Chen_2020,0,3,0.945054945054945,0.4180512331978476,supervised,0.7060439560439561,0.5945054945054945,9.0,9.0,3.0,0.4345679012345679
A4GRB6_PSEAI_Chen_2020,1,1,0.967741935483871,0.2631276212861233,zero_shot,0.2651162790697674,0.7488372093023257,5.0,0.0,5.0,0.4745762711864407
A4GRB6_PSEAI_Chen_2020,1,2,0.945054945054945,0.41376418501141987,zero_shot,0.6499999999999999,0.7255813953488373,1.0,7.0,1.0,0.43031784841075793
A4GRB6_PSEAI_Chen_2020,1,3,0.9565217391304348,0.4372386651005234,zero_shot,0.6263736263736264,0.6384615384615384,3.0,7.0,3.0,0.4246913580246914
A4GRB6_PSEAI_Chen_2020,2,1,1.0,0.07062653635312958,zero_shot,0.4511627906976744,0.8697674418604652,5.0,0.0,5.0,0.48426150121065376
A4GRB6_PSEAI_Chen_2020,2,2,0.967741935483871,0.3162048289528342,zero_shot,0.6441860465116279,0.7279069767441861,1.0,8.0,1.0,0.4400977995110024
A4GRB6_PSEAI_Chen_2020,2,3,0.9565217391304348,0.3771346913555742,zero_shot,0.621978021978022,0.6637362637362637,3.0,8.0,3.0,0.4345679012345679
A4GRB6_PSEAI_Chen_2020,3,1,1.0,0.20947213048280003,zero_shot,0.4744186046511628,0.8418604651162791,5.0,2.0,5.0,0.48426150121065376
A4GRB6_PSEAI_Chen_2020,3,2,0.9565217391304348,0.4072888671231762,zero_shot,0.6395348837209303,0.7441860465116279,1.0,7.0,1.0,0.4400977995110024
A4GRB6_PSEAI_Chen_2020,3,3,0.9565217391304348,0.4702260946213978,supervised,0.6686813186813187,0.6637362637362637,7.0,7.0,3.0,0.4345679012345679
A4GRB6_PSEAI_Chen_2020,4,1,1.0,0.38817567797454927,supervised,0.8139534883720931,0.7674418604651163,1.0,1.0,5.0,0.48426150121065376
A4GRB6_PSEAI_Chen_2020,4,2,1.0,0.3649576721517395,supervised,0.7244186046511627,0.6476744186046511,3.0,3.0,5.0,0.4792176039119804
A4GRB6_PSEAI_Chen_2020,4,3,1.0,0.36630278430865887,supervised,0.8412087912087912,0.7434065934065934,4.0,4.0,5.0,0.454320987654321
A4GRB6_PSEAI_Chen_2020,5,1,0.9894736842105263,0.3765672225809581,zero_shot,0.5906976744186047,0.8372093023255814,5.0,1.0,5.0,0.48426150121065376
A4GRB6_PSEAI_Chen_2020,5,2,0.9787234042553191,0.4366861792511106,zero_shot,0.7011627906976744,0.7302325581395349,1.0,5.0,1.0,0.4400977995110024
A4GRB6_PSEAI_Chen_2020,5,3,0.967741935483871,0.4642506005837749,supervised,0.6456043956043955,0.6472527472527472,6.0,6.0,3.0,0.4345679012345679
A4GRB6_PSEAI_Chen_2020,6,1,0.9894736842105263,0.1883715765110545,zero_shot,0.6046511627906976,0.7441860465116279,5.0,6.0,5.0,0.4745762711864407
A4GRB6_PSEAI_Chen_2020,6,2,0.9787234042553191,0.28292482872632024,zero_shot,0.7046511627906977,0.7255813953488373,1.0,9.0,1.0,0.43031784841075793
A4GRB6_PSEAI_Chen_2020,6,3,0.9787234042553191,0.2628711537899402,supervised,0.7527472527472527,0.5879120879120878,6.0,6.0,3.0,0.4246913580246914
A4GRB6_PSEAI_Chen_2020,7,1,0.9894736842105263,0.3514088482717031,zero_shot,0.5255813953488372,0.6790697674418604,5.0,5.0,5.0,0.4745762711864407
A4GRB6_PSEAI_Chen_2020,7,2,0.9565217391304348,0.3875381146943637,supervised,0.6848837209302326,0.594186046511628,6.0,6.0,1.0,0.43031784841075793
A4GRB6_PSEAI_Chen_2020,7,3,0.945054945054945,0.3791063519337367,supervised,0.8472527472527474,0.6747252747252748,2.0,2.0,0.0,0.37530864197530867
A4GRB6_PSEAI_Chen_2020,8,1,0.9894736842105263,0.28261565404773625,zero_shot,0.627906976744186,0.8325581395348837,5.0,0.0,5.0,0.48426150121065376
A4GRB6_PSEAI_Chen_2020,8,2,0.9787234042553191,0.329784553296128,zero_shot,0.6104651162790697,0.7302325581395349,1.0,7.0,1.0,0.4400977995110024
A4GRB6_PSEAI_Chen_2020,8,3,0.9565217391304348,0.31495523802093506,supervised,0.7324175824175825,0.6439560439560439,6.0,6.0,3.0,0.4345679012345679
A4GRB6_PSEAI_Chen_2020,9,1,1.0,0.1572873897598094,zero_shot,0.5627906976744186,0.7534883720930232,5.0,3.0,5.0,0.48426150121065376
A4GRB6_PSEAI_Chen_2020,9,2,0.9787234042553191,0.3994644562339253,zero_shot,0.5546511627906976,0.7372093023255815,1.0,8.0,1.0,0.4400977995110024
A4GRB6_PSEAI_Chen_2020,9,3,0.9787234042553191,0.39532596752502186,supervised,0.7005494505494506,0.6412087912087912,5.0,5.0,3.0,0.4345679012345679
A4GRB6_PSEAI_Chen_2020,10,1,0.9787234042553191,0.2874538881393707,zero_shot,0.758139534883721,0.8186046511627908,5.0,6.0,5.0,0.4745762711864407
A4GRB6_PSEAI_Chen_2020,10,2,0.9787234042553191,0.4019854490129204,zero_shot,0.6209302325581395,0.7244186046511628,1.0,9.0,1.0,0.43031784841075793
A4GRB6_PSEAI_Chen_2020,10,3,0.967741935483871,0.4232972436085004,supervised,0.6329670329670329,0.6384615384615384,8.0,8.0,3.0,0.4246913580246914
A4GRB6_PSEAI_Chen_2020,11,1,0.9894736842105263,0.3598056142738205,zero_shot,0.6372093023255814,0.7209302325581395,5.0,2.0,5.0,0.4745762711864407
A4GRB6_PSEAI_Chen_2020,11,2,0.967741935483871,0.44108671519628395,zero_shot,0.6,0.7325581395348837,1.0,4.0,1.0,0.43031784841075793
A4GRB6_PSEAI_Chen_2020,11,3,0.9787234042553191,0.49757777631580424,supervised,0.6434065934065933,0.6478021978021977,7.0,7.0,3.0,0.4246913580246914
A4GRB6_PSEAI_Chen_2020,12,1,0.9894736842105263,0.0911848130883108,zero_shot,0.30697674418604654,0.7953488372093023,5.0,3.0,5.0,0.4745762711864407
A4GRB6_PSEAI_Chen_2020,12,2,0.9565217391304348,0.2259219106325325,zero_shot,0.5930232558139535,0.7348837209302326,1.0,8.0,1.0,0.43031784841075793
A4GRB6_PSEAI_Chen_2020,12,3,0.9787234042553191,0.2825725010380376,supervised,0.7016483516483516,0.6439560439560439,7.0,7.0,3.0,0.4246913580246914
A4GRB6_PSEAI_Chen_2020,13,1,1.0,0.3481150054231024,zero_shot,0.6046511627906977,0.7116279069767442,5.0,1.0,5.0,0.48426150121065376
A4GRB6_PSEAI_Chen_2020,13,2,0.9213483146067416,0.44514756405532346,zero_shot,0.5790697674418605,0.7372093023255815,1.0,7.0,1.0,0.4400977995110024
A4GRB6_PSEAI_Chen_2020,13,3,0.967741935483871,0.43776203452006274,supervised,0.6697802197802197,0.6412087912087912,5.0,5.0,3.0,0.4345679012345679
A4GRB6_PSEAI_Chen_2020,14,1,0.9787234042553191,0.3469847157988303,zero_shot,0.6186046511627907,0.6883720930232557,5.0,0.0,5.0,0.48426150121065376
A4GRB6_PSEAI_Chen_2020,14,2,0.9787234042553191,0.3828289777305187,supervised,0.7662790697674419,0.7209302325581395,7.0,7.0,1.0,0.4400977995110024
A4GRB6_PSEAI_Chen_2020,14,3,0.9333333333333333,0.4209427597684504,supervised,0.8741758241758242,0.6862637362637363,2.0,2.0,1.0,0.37530864197530867
A4GRB6_PSEAI_Chen_2020,15,1,0.9894736842105263,0.3586871338101571,supervised,0.8558139534883722,0.7906976744186046,1.0,1.0,5.0,0.48426150121065376
A4GRB6_PSEAI_Chen_2020,15,2,0.9787234042553191,0.366481416264139,zero_shot,0.6697674418604651,0.7523255813953489,5.0,0.0,5.0,0.4792176039119804
A4GRB6_PSEAI_Chen_2020,15,3,0.9565217391304348,0.46810875310069366,supervised,0.65989010989011,0.6587912087912088,9.0,9.0,1.0,0.4345679012345679
A4GRB6_PSEAI_Chen_2020,16,1,0.9894736842105263,0.2683312469892066,zero_shot,0.5534883720930233,0.8697674418604651,5.0,1.0,5.0,0.48426150121065376
A4GRB6_PSEAI_Chen_2020,16,2,0.9894736842105263,0.3993008212328359,zero_shot,0.5709302325581395,0.7302325581395349,1.0,8.0,1.0,0.4400977995110024
A4GRB6_PSEAI_Chen_2020,16,3,0.9787234042553191,0.4165866848156732,supervised,0.7192307692307692,0.6467032967032966,8.0,8.0,3.0,0.4345679012345679
A4GRB6_PSEAI_Chen_2020,17,1,1.0,0.2945521091316234,zero_shot,0.5534883720930233,0.8651162790697674,5.0,0.0,5.0,0.48426150121065376
A4GRB6_PSEAI_Chen_2020,17,2,0.9787234042553191,0.39241569186865244,supervised,0.658139534883721,0.6302325581395349,9.0,9.0,1.0,0.4400977995110024
A4GRB6_PSEAI_Chen_2020,17,3,0.9565217391304348,0.4119342594412384,supervised,0.9087912087912088,0.6758241758241759,0.0,0.0,0.0,0.35555555555555557
A4GRB6_PSEAI_Chen_2020,18,1,0.9894736842105263,0.3775928658473111,zero_shot,0.4790697674418605,0.7395348837209303,5.0,1.0,5.0,0.48426150121065376
A4GRB6_PSEAI_Chen_2020,18,2,0.9787234042553191,0.4527704569935552,supervised,0.7802325581395348,0.7709302325581395,7.0,7.0,1.0,0.4400977995110024
A4GRB6_PSEAI_Chen_2020,18,3,0.967741935483871,0.4292299606832513,supervised,0.867032967032967,0.6818681318681319,2.0,2.0,0.0,0.37530864197530867
A4GRB6_PSEAI_Chen_2020,19,1,1.0,0.2590573826191508,zero_shot,0.5953488372093023,0.8558139534883721,5.0,0.0,5.0,0.4745762711864407
A4GRB6_PSEAI_Chen_2020,19,2,0.9565217391304348,0.4250523372287416,zero_shot,0.6360465116279069,0.7313953488372094,1.0,7.0,1.0,0.43031784841075793
A4GRB6_PSEAI_Chen_2020,19,3,0.967741935483871,0.48441708677029716,supervised,0.6587912087912088,0.5906593406593406,8.0,8.0,3.0,0.4246913580246914
A4GRB6_PSEAI_Chen_2020,20,1,1.0,0.33268130910654803,zero_shot,0.5302325581395348,0.758139534883721,5.0,0.0,5.0,0.4745762711864407
A4GRB6_PSEAI_Chen_2020,20,2,0.967741935483871,0.38996171900901644,zero_shot,0.5988372093023255,0.7046511627906977,1.0,5.0,1.0,0.43031784841075793
A4GRB6_PSEAI_Chen_2020,20,3,0.9894736842105263,0.4508361482038773,supervised,0.5923076923076923,0.578021978021978,4.0,4.0,3.0,0.4246913580246914
A4GRB6_PSEAI_Chen_2020,21,1,0.9894736842105263,0.2979983547112275,zero_shot,0.5906976744186047,0.7767441860465116,5.0,0.0,5.0,0.4745762711864407
A4GRB6_PSEAI_Chen_2020,21,2,0.9894736842105263,0.42074490276324594,zero_shot,0.5941860465116279,0.7267441860465116,1.0,6.0,1.0,0.43031784841075793
A4GRB6_PSEAI_Chen_2020,21,3,0.9894736842105263,0.39912890528386935,supervised,0.6840659340659341,0.5884615384615384,5.0,5.0,3.0,0.4246913580246914
A4GRB6_PSEAI_Chen_2020,22,1,1.0,0.26140796689491524,zero_shot,0.7534883720930232,0.8372093023255814,4.0,0.0,4.0,0.4745762711864407
A4GRB6_PSEAI_Chen_2020,22,2,0.967741935483871,0.3911195878615176,supervised,0.780232558139535,0.736046511627907,7.0,7.0,1.0,0.4400977995110024
A4GRB6_PSEAI_Chen_2020,22,3,0.9565217391304348,0.38864275893267053,supervised,0.8763736263736264,0.6807692307692308,2.0,2.0,0.0,0.37530864197530867
A4GRB6_PSEAI_Chen_2020,23,1,0.9787234042553191,0.21374726326883833,zero_shot,0.42790697674418604,0.8697674418604651,5.0,1.0,5.0,0.48426150121065376
A4GRB6_PSEAI_Chen_2020,23,2,0.9787234042553191,0.3768042961428234,zero_shot,0.6906976744186047,0.7476744186046512,1.0,9.0,1.0,0.4400977995110024
A4GRB6_PSEAI_Chen_2020,23,3,0.9787234042553191,0.372485179861768,supervised,0.7384615384615385,0.6637362637362637,7.0,7.0,3.0,0.4345679012345679
A4GRB6_PSEAI_Chen_2020,24,1,0.9787234042553191,0.4069077022594064,zero_shot,0.7255813953488373,0.9209302325581395,5.0,1.0,5.0,0.4745762711864407
A4GRB6_PSEAI_Chen_2020,24,2,0.9565217391304348,0.4495104239284699,supervised,0.786046511627907,0.7488372093023257,5.0,5.0,1.0,0.43031784841075793
A4GRB6_PSEAI_Chen_2020,24,3,0.9565217391304348,0.3975747132683796,supervised,0.7664835164835165,0.7093406593406593,6.0,6.0,0.0,0.3851851851851852
A4GRB6_PSEAI_Chen_2020,25,1,1.0,0.13168250385610122,zero_shot,0.5674418604651164,0.8465116279069768,5.0,0.0,5.0,0.48426150121065376
A4GRB6_PSEAI_Chen_2020,25,2,0.9787234042553191,0.32879480347277046,supervised,0.7604651162790698,0.7441860465116279,7.0,7.0,1.0,0.4400977995110024
A4GRB6_PSEAI_Chen_2020,25,3,0.9333333333333333,0.269124665712106,supervised,0.8780219780219781,0.6917582417582417,3.0,3.0,1.0,0.37530864197530867
A4GRB6_PSEAI_Chen_2020,26,1,1.0,0.3391744643035422,zero_shot,0.5674418604651164,0.7395348837209302,5.0,1.0,5.0,0.48426150121065376
A4GRB6_PSEAI_Chen_2020,26,2,0.9787234042553191,0.43479981115591704,supervised,0.8058139534883721,0.6906976744186046,7.0,7.0,1.0,0.4400977995110024
A4GRB6_PSEAI_Chen_2020,26,3,0.9787234042553191,0.44057290478419264,supervised,0.8626373626373626,0.6203296703296703,3.0,3.0,0.0,0.37530864197530867
A4GRB6_PSEAI_Chen_2020,27,1,0.9894736842105263,0.3138325375964953,zero_shot,0.41395348837209306,0.7813953488372093,5.0,0.0,5.0,0.48426150121065376
A4GRB6_PSEAI_Chen_2020,27,2,0.9787234042553191,0.43313593692093993,zero_shot,0.5441860465116279,0.708139534883721,1.0,8.0,1.0,0.4400977995110024
A4GRB6_PSEAI_Chen_2020,27,3,0.9787234042553191,0.43288242884703587,zero_shot,0.6076923076923078,0.6379120879120879,3.0,7.0,3.0,0.4345679012345679
A4GRB6_PSEAI_Chen_2020,28,1,1.0,0.4118775586927201,zero_shot,0.46511627906976744,0.8558139534883721,5.0,0.0,5.0,0.48426150121065376
A4GRB6_PSEAI_Chen_2020,28,2,0.967741935483871,0.46452224068413017,supervised,0.7476744186046512,0.7430232558139536,4.0,4.0,1.0,0.4400977995110024
A4GRB6_PSEAI_Chen_2020,28,3,0.967741935483871,0.4287163740096693,supervised,0.7675824175824175,0.739010989010989,5.0,5.0,0.0,0.4049382716049383
A4GRB6_PSEAI_Chen_2020,29,1,1.0,0.21252023788176908,zero_shot,0.4325581395348837,0.7953488372093024,5.0,1.0,5.0,0.48426150121065376
A4GRB6_PSEAI_Chen_2020,29,2,0.9787234042553191,0.32832977933740193,zero_shot,0.5848837209302326,0.6744186046511629,1.0,9.0,1.0,0.4400977995110024
A4GRB6_PSEAI_Chen_2020,29,3,0.9787234042553191,0.34308759740464917,supervised,0.7296703296703297,0.5862637362637362,8.0,8.0,3.0,0.4345679012345679
A4GRB6_PSEAI_Chen_2020,30,1,0.9894736842105263,0.3121539093230095,zero_shot,0.8372093023255813,0.8930232558139535,5.0,2.0,5.0,0.48426150121065376
A4GRB6_PSEAI_Chen_2020,30,2,0.9894736842105263,0.412599035072752,zero_shot,0.7174418604651163,0.7709302325581395,1.0,7.0,1.0,0.4400977995110024
A4GRB6_PSEAI_Chen_2020,30,3,0.9894736842105263,0.386498583022168,supervised,0.7576923076923077,0.6637362637362637,2.0,2.0,3.0,0.4345679012345679
A4GRB6_PSEAI_Chen_2020,31,1,1.0,0.35438547357877725,supervised,0.7255813953488373,0.5302325581395348,1.0,1.0,5.0,0.48426150121065376
A4GRB6_PSEAI_Chen_2020,31,2,0.9894736842105263,0.2958054401518975,supervised,0.6581395348837209,0.6127906976744186,0.0,0.0,5.0,0.4792176039119804
A4GRB6_PSEAI_Chen_2020,31,3,0.9894736842105263,0.3714974448002036,zero_shot,0.6835164835164835,0.7181318681318681,5.0,0.0,5.0,0.4839506172839506
A4GRB6_PSEAI_Chen_2020,32,1,0.9894736842105263,0.31850261581578604,zero_shot,0.7767441860465116,0.8093023255813954,5.0,2.0,5.0,0.48426150121065376
A4GRB6_PSEAI_Chen_2020,32,2,0.9565217391304348,0.4141798756616636,zero_shot,0.708139534883721,0.727906976744186,1.0,9.0,1.0,0.4400977995110024
A4GRB6_PSEAI_Chen_2020,32,3,0.967741935483871,0.3676681033460291,supervised,0.7241758241758242,0.6637362637362637,7.0,7.0,3.0,0.4345679012345679
A4GRB6_PSEAI_Chen_2020,33,1,0.9894736842105263,0.3089677845824817,zero_shot,0.5116279069767442,0.8325581395348838,5.0,2.0,5.0,0.4745762711864407
A4GRB6_PSEAI_Chen_2020,33,2,0.9565217391304348,0.4678925399677981,zero_shot,0.713953488372093,0.7348837209302326,1.0,5.0,1.0,0.43031784841075793
A4GRB6_PSEAI_Chen_2020,33,3,0.9894736842105263,0.4554381792776008,supervised,0.7653846153846153,0.5923076923076923,6.0,6.0,3.0,0.4246913580246914
A4GRB6_PSEAI_Chen_2020,34,1,1.0,0.19487590032439916,zero_shot,0.6093023255813954,0.7441860465116279,5.0,2.0,5.0,0.4745762711864407
A4GRB6_PSEAI_Chen_2020,34,2,0.9787234042553191,0.30708714777085766,zero_shot,0.6034883720930233,0.6174418604651162,1.0,7.0,1.0,0.43031784841075793
A4GRB6_PSEAI_Chen_2020,34,3,0.967741935483871,0.35453739358113506,supervised,0.6406593406593407,0.5741758241758241,5.0,5.0,3.0,0.4246913580246914
A4GRB6_PSEAI_Chen_2020,35,1,1.0,0.27981058623028315,zero_shot,0.23720930232558138,0.7441860465116279,5.0,0.0,5.0,0.48426150121065376
A4GRB6_PSEAI_Chen_2020,35,2,0.9565217391304348,0.480825402113238,zero_shot,0.6697674418604651,0.741860465116279,1.0,9.0,1.0,0.4400977995110024
A4GRB6_PSEAI_Chen_2020,35,3,0.9787234042553191,0.4948918630704935,supervised,0.7379120879120878,0.6637362637362637,7.0,7.0,3.0,0.4345679012345679
A4GRB6_PSEAI_Chen_2020,36,1,0.9894736842105263,0.31315360973455886,zero_shot,0.7023255813953488,0.8046511627906977,5.0,1.0,5.0,0.48426150121065376
A4GRB6_PSEAI_Chen_2020,36,2,0.967741935483871,0.45065103371273457,supervised,0.727906976744186,0.6755813953488372,6.0,6.0,1.0,0.4400977995110024
A4GRB6_PSEAI_Chen_2020,36,3,0.967741935483871,0.45393921859495473,supervised,0.9032967032967033,0.6247252747252747,5.0,5.0,0.0,0.3851851851851852
A4GRB6_PSEAI_Chen_2020,37,1,1.0,0.16834799277681978,zero_shot,0.6046511627906976,0.8139534883720931,5.0,0.0,5.0,0.48426150121065376
A4GRB6_PSEAI_Chen_2020,37,2,0.9787234042553191,0.38703936675384376,zero_shot,0.6313953488372093,0.7232558139534884,1.0,5.0,1.0,0.4400977995110024
A4GRB6_PSEAI_Chen_2020,37,3,0.9894736842105263,0.38791138027867883,zero_shot,0.6164835164835165,0.6434065934065933,3.0,4.0,3.0,0.4345679012345679
A4GRB6_PSEAI_Chen_2020,38,1,0.9787234042553191,0.4088350695131919,zero_shot,0.6186046511627907,0.7627906976744185,5.0,1.0,5.0,0.4745762711864407
A4GRB6_PSEAI_Chen_2020,38,2,0.9894736842105263,0.42680994478657436,supervised,0.6976744186046512,0.686046511627907,4.0,4.0,1.0,0.43031784841075793
A4GRB6_PSEAI_Chen_2020,38,3,0.945054945054945,0.39914838002722497,supervised,0.737912087912088,0.6686813186813187,5.0,5.0,1.0,0.3950617283950617
A4GRB6_PSEAI_Chen_2020,39,1,1.0,0.3359331921781444,zero_shot,0.45116279069767445,0.9069767441860466,5.0,0.0,5.0,0.48426150121065376
A4GRB6_PSEAI_Chen_2020,39,2,0.9333333333333333,0.4236719307379428,zero_shot,0.6511627906976745,0.7441860465116279,1.0,8.0,1.0,0.4400977995110024
A4GRB6_PSEAI_Chen_2020,39,3,0.967741935483871,0.4787568171422056,zero_shot,0.6005494505494505,0.6445054945054944,3.0,7.0,3.0,0.4345679012345679
AMIE_PSEAE_Wrenbeck_2017,0,1,0.9894736842105263,0.1333995178029502,zero_shot,0.41395348837209306,0.7023255813953488,1.0,16.0,1.0,0.458326590063117
AMIE_PSEAE_Wrenbeck_2017,0,2,0.9894736842105263,0.1927542596364023,supervised,0.8406976744186047,0.5290697674418605,16.0,16.0,0.0,0.45408579350839995
AMIE_PSEAE_Wrenbeck_2017,0,3,0.9787234042553191,0.11147561202280364,supervised,0.907142857142857,0.45,2.0,2.0,0.0,0.33141542002301494
AMIE_PSEAE_Wrenbeck_2017,1,1,1.0,0.2745439055495881,supervised,0.6511627906976745,0.6093023255813954,1.0,1.0,1.0,0.47386308464152777
AMIE_PSEAE_Wrenbeck_2017,1,2,1.0,0.28160836710580994,supervised,0.7034883720930233,0.6151162790697675,8.0,8.0,1.0,0.4697439243190344
AMIE_PSEAE_Wrenbeck_2017,1,3,0.9894736842105263,0.2187713658374459,supervised,0.9521978021978021,0.528021978021978,5.0,5.0,1.0,0.41032385336182803
AMIE_PSEAE_Wrenbeck_2017,2,1,1.0,-0.09862078197343191,zero_shot,0.5302325581395348,0.5813953488372093,1.0,0.0,1.0,0.47386308464152777
AMIE_PSEAE_Wrenbeck_2017,2,2,0.9894736842105263,0.09211072547046686,supervised,0.708139534883721,0.5093023255813953,8.0,8.0,0.0,0.4697439243190344
AMIE_PSEAE_Wrenbeck_2017,2,3,0.9333333333333333,0.04846798964537069,supervised,0.8467032967032967,0.4576923076923077,2.0,2.0,0.0,0.41032385336182803
AMIE_PSEAE_Wrenbeck_2017,3,1,0.9787234042553191,0.2960313662164458,supervised,0.7395348837209302,0.6511627906976745,1.0,1.0,1.0,0.47386308464152777
AMIE_PSEAE_Wrenbeck_2017,3,2,1.0,0.23426569553544407,zero_shot,0.5058139534883721,0.563953488372093,1.0,0.0,1.0,0.4697439243190344
AMIE_PSEAE_Wrenbeck_2017,3,3,0.9894736842105263,0.22369579833269168,supervised,0.6467032967032966,0.48131868131868133,10.0,10.0,0.0,0.4655597566989972
AMIE_PSEAE_Wrenbeck_2017,4,1,1.0,0.15070403556244164,zero_shot,0.35813953488372097,0.641860465116279,1.0,0.0,1.0,0.48163133193073315
AMIE_PSEAE_Wrenbeck_2017,4,2,0.9894736842105263,0.15090429901318367,supervised,0.6255813953488373,0.422093023255814,6.0,6.0,0.0,0.47757298972435164
AMIE_PSEAE_Wrenbeck_2017,4,3,0.9894736842105263,0.16374069338249578,supervised,0.7434065934065934,0.4346153846153846,6.0,6.0,0.0,0.43399638336347196
AMIE_PSEAE_Wrenbeck_2017,5,1,1.0,0.12795901102495827,supervised,0.8744186046511628,0.772093023255814,2.0,2.0,1.0,0.48163133193073315
AMIE_PSEAE_Wrenbeck_2017,5,2,0.9894736842105263,0.09495073153310254,zero_shot,0.6697674418604651,0.6825581395348836,1.0,2.0,1.0,0.4697439243190344
AMIE_PSEAE_Wrenbeck_2017,5,3,0.9787234042553191,0.15564308691075507,supervised,0.6989010989010989,0.5994505494505494,6.0,6.0,0.0,0.4655597566989972
AMIE_PSEAE_Wrenbeck_2017,6,1,0.9894736842105263,0.1781531256019752,supervised,0.6930232558139535,0.613953488372093,0.0,0.0,1.0,0.48163133193073315
AMIE_PSEAE_Wrenbeck_2017,6,2,1.0,0.23203101923900352,supervised,0.5732558139534885,0.5616279069767443,1.0,1.0,1.0,0.4854020551296689
AMIE_PSEAE_Wrenbeck_2017,6,3,1.0,0.2306064660381564,supervised,0.7736263736263738,0.643956043956044,13.0,13.0,1.0,0.4813414433667598
AMIE_PSEAE_Wrenbeck_2017,7,1,0.9894736842105263,0.018382277687692374,zero_shot,0.5395348837209302,0.6372093023255815,1.0,0.0,1.0,0.47386308464152777
AMIE_PSEAE_Wrenbeck_2017,7,2,0.9894736842105263,0.10204439380446186,supervised,0.6569767441860465,0.4290697674418605,8.0,8.0,0.0,0.4697439243190344
AMIE_PSEAE_Wrenbeck_2017,7,3,0.9333333333333333,0.14626607068533626,supervised,0.9318681318681319,0.46923076923076923,1.0,1.0,0.0,0.41032385336182803
AMIE_PSEAE_Wrenbeck_2017,8,1,0.967741935483871,0.2612380474526091,supervised,0.6558139534883721,0.6558139534883721,0.0,0.0,1.0,0.48163133193073315
AMIE_PSEAE_Wrenbeck_2017,8,2,1.0,0.24821972325094147,zero_shot,0.49534883720930234,0.7116279069767442,1.0,2.0,1.0,0.4854020551296689
AMIE_PSEAE_Wrenbeck_2017,8,3,0.9787234042553191,0.25153479084584107,supervised,0.6604395604395604,0.6054945054945056,9.0,9.0,0.0,0.4813414433667598
AMIE_PSEAE_Wrenbeck_2017,9,1,0.9894736842105263,0.1669973506116483,zero_shot,0.48372093023255813,0.6093023255813954,1.0,0.0,1.0,0.48163133193073315
AMIE_PSEAE_Wrenbeck_2017,9,2,0.9787234042553191,0.182278077728717,supervised,0.6511627906976745,0.46976744186046515,9.0,9.0,0.0,0.47757298972435164
AMIE_PSEAE_Wrenbeck_2017,9,3,0.9565217391304348,0.1005543957040227,supervised,0.906043956043956,0.4357142857142857,7.0,7.0,0.0,0.41032385336182803
AMIE_PSEAE_Wrenbeck_2017,10,1,1.0,0.23113212038330025,zero_shot,0.3813953488372093,0.8883720930232559,1.0,4.0,1.0,0.47386308464152777
AMIE_PSEAE_Wrenbeck_2017,10,2,1.0,0.20164125144571843,supervised,0.5883720930232558,0.5069767441860465,11.0,11.0,0.0,0.4697439243190344
AMIE_PSEAE_Wrenbeck_2017,10,3,0.9787234042553191,0.10944478607293749,supervised,0.9686813186813187,0.5252747252747253,3.0,3.0,0.0,0.3866513233601841
AMIE_PSEAE_Wrenbeck_2017,11,1,0.9894736842105263,0.17680363477521333,zero_shot,0.6139534883720931,0.7441860465116279,1.0,2.0,1.0,0.48163133193073315
AMIE_PSEAE_Wrenbeck_2017,11,2,0.9894736842105263,0.1775642374175006,supervised,0.8,0.4906976744186047,9.0,9.0,0.0,0.47757298972435164
AMIE_PSEAE_Wrenbeck_2017,11,3,0.9787234042553191,0.15542647978376734,supervised,0.9307692307692308,0.49835164835164836,4.0,4.0,0.0,0.41032385336182803
AMIE_PSEAE_Wrenbeck_2017,12,1,1.0,0.2664303899759134,supervised,0.7348837209302326,0.627906976744186,0.0,0.0,1.0,0.48163133193073315
AMIE_PSEAE_Wrenbeck_2017,12,2,1.0,0.2327331518094079,supervised,0.7441860465116279,0.4476744186046512,1.0,1.0,1.0,0.4854020551296689
AMIE_PSEAE_Wrenbeck_2017,12,3,1.0,0.26138383257294756,supervised,0.8456043956043956,0.6318681318681318,0.0,0.0,1.0,0.4813414433667598
AMIE_PSEAE_Wrenbeck_2017,13,1,1.0,0.19822774891165215,zero_shot,0.5302325581395348,0.8372093023255813,1.0,0.0,1.0,0.48163133193073315
AMIE_PSEAE_Wrenbeck_2017,13,2,0.9787234042553191,0.21628844364123914,supervised,0.7709302325581395,0.6046511627906976,7.0,7.0,0.0,0.47757298972435164
AMIE_PSEAE_Wrenbeck_2017,13,3,0.9787234042553191,0.17260545424810933,supervised,0.9115384615384615,0.439010989010989,6.0,6.0,0.0,0.42610554002959067
AMIE_PSEAE_Wrenbeck_2017,14,1,0.9894736842105263,0.09697157974103465,zero_shot,0.26046511627906976,0.6046511627906977,1.0,2.0,1.0,0.4660948373523224
AMIE_PSEAE_Wrenbeck_2017,14,2,1.0,0.1190009440426379,supervised,0.7,0.42093023255813955,1.0,1.0,0.0,0.4619148589137172
AMIE_PSEAE_Wrenbeck_2017,14,3,0.945054945054945,0.10700728100321723,supervised,0.5692307692307692,0.44835164835164837,9.0,9.0,0.0,0.4576689133651159
AMIE_PSEAE_Wrenbeck_2017,15,1,0.9894736842105263,0.2504692271298486,zero_shot,0.7767441860465116,0.8325581395348838,1.0,0.0,1.0,0.48163133193073315
AMIE_PSEAE_Wrenbeck_2017,15,2,0.9894736842105263,0.17909997895063098,supervised,0.8174418604651162,0.5279069767441861,6.0,6.0,0.0,0.47757298972435164
AMIE_PSEAE_Wrenbeck_2017,15,3,0.9565217391304348,0.19879069798562088,supervised,0.8554945054945055,0.5554945054945055,4.0,4.0,0.0,0.43399638336347196
AMIE_PSEAE_Wrenbeck_2017,16,1,1.0,0.18432248654869277,supervised,0.6511627906976745,0.6604651162790698,2.0,2.0,1.0,0.48163133193073315
AMIE_PSEAE_Wrenbeck_2017,16,2,1.0,0.20255287361982163,supervised,0.6732558139534883,0.6209302325581395,4.0,4.0,1.0,0.4697439243190344
AMIE_PSEAE_Wrenbeck_2017,16,3,0.9894736842105263,0.12175210877510396,supervised,0.8967032967032967,0.5401098901098902,6.0,6.0,1.0,0.44188722669735325
AMIE_PSEAE_Wrenbeck_2017,17,1,0.9894736842105263,0.30936343081427736,zero_shot,0.25581395348837205,0.6930232558139535,1.0,5.0,1.0,0.47386308464152777
AMIE_PSEAE_Wrenbeck_2017,17,2,1.0,0.2539735713738196,supervised,0.7918604651162792,0.4906976744186047,10.0,10.0,0.0,0.4697439243190344
AMIE_PSEAE_Wrenbeck_2017,17,3,0.945054945054945,0.14182577517737474,supervised,0.9,0.46208791208791206,4.0,4.0,0.0,0.39454216669406544
AMIE_PSEAE_Wrenbeck_2017,18,1,1.0,0.24080051515916517,zero_shot,0.4093023255813954,0.7534883720930232,1.0,0.0,1.0,0.48163133193073315
AMIE_PSEAE_Wrenbeck_2017,18,2,1.0,0.21015802908286393,supervised,0.7639534883720931,0.49767441860465117,6.0,6.0,0.0,0.47757298972435164
AMIE_PSEAE_Wrenbeck_2017,18,3,0.9565217391304348,0.20028649069655532,supervised,0.843956043956044,0.5049450549450549,3.0,3.0,0.0,0.43399638336347196
AMIE_PSEAE_Wrenbeck_2017,19,1,0.9894736842105263,0.19725825518046028,zero_shot,0.386046511627907,0.6325581395348837,1.0,1.0,1.0,0.48163133193073315
AMIE_PSEAE_Wrenbeck_2017,19,2,0.9787234042553191,0.17276306440332095,supervised,0.722093023255814,0.42790697674418604,4.0,4.0,0.0,0.47757298972435164
AMIE_PSEAE_Wrenbeck_2017,19,3,0.9787234042553191,0.15599525434589584,supervised,0.7659340659340659,0.42417582417582417,5.0,5.0,0.0,0.4497780700312346
AMIE_PSEAE_Wrenbeck_2017,20,1,1.0,0.18497953271102982,explore,0.2,0.530232558139535,0.0,1.0,1.0,0.48163133193073315
AMIE_PSEAE_Wrenbeck_2017,20,2,0.9894736842105263,0.2360761052021955,zero_shot,0.6011627906976744,0.6825581395348836,1.0,0.0,1.0,0.4854020551296689
AMIE_PSEAE_Wrenbeck_2017,20,3,0.9787234042553191,0.2584961553440392,supervised,0.7450549450549451,0.5994505494505494,8.0,8.0,0.0,0.4813414433667598
AMIE_PSEAE_Wrenbeck_2017,21,1,0.9894736842105263,0.15858854568790515,supervised,0.7116279069767442,0.6651162790697674,0.0,0.0,1.0,0.48163133193073315
AMIE_PSEAE_Wrenbeck_2017,21,2,1.0,0.1902050203909563,zero_shot,0.4674418604651163,0.6825581395348838,1.0,1.0,1.0,0.4854020551296689
AMIE_PSEAE_Wrenbeck_2017,21,3,1.0,0.2088077033963912,zero_shot,0.5796703296703296,0.6582417582417582,0.0,3.0,0.0,0.4813414433667598
AMIE_PSEAE_Wrenbeck_2017,22,1,0.9894736842105263,0.13757044498371826,zero_shot,0.586046511627907,0.6604651162790698,1.0,8.0,1.0,0.47386308464152777
AMIE_PSEAE_Wrenbeck_2017,22,2,0.9787234042553191,0.1500738209977595,supervised,0.8534883720930233,0.5581395348837209,8.0,8.0,0.0,0.4697439243190344
AMIE_PSEAE_Wrenbeck_2017,22,3,0.967741935483871,0.11343991237113317,supervised,0.9478021978021978,0.5098901098901099,2.0,2.0,0.0,0.41032385336182803
AMIE_PSEAE_Wrenbeck_2017,23,1,0.9894736842105263,0.18223949193227235,zero_shot,0.6511627906976745,0.7534883720930233,1.0,9.0,1.0,0.47386308464152777
AMIE_PSEAE_Wrenbeck_2017,23,2,0.9894736842105263,0.236677805576047,supervised,0.8488372093023255,0.6162790697674418,8.0,8.0,0.0,0.4697439243190344
AMIE_PSEAE_Wrenbeck_2017,23,3,0.9565217391304348,0.20852065658533916,supervised,0.951098901098901,0.4373626373626374,1.0,1.0,0.0,0.41032385336182803
AMIE_PSEAE_Wrenbeck_2017,24,1,1.0,0.2407942938343155,zero_shot,0.4279069767441861,0.8093023255813954,1.0,0.0,1.0,0.48163133193073315
AMIE_PSEAE_Wrenbeck_2017,24,2,0.9894736842105263,0.15286913682618347,supervised,0.8534883720930233,0.5534883720930233,8.0,8.0,0.0,0.47757298972435164
AMIE_PSEAE_Wrenbeck_2017,24,3,0.967741935483871,0.14252200583448774,supervised,0.9153846153846154,0.4978021978021978,2.0,2.0,0.0,0.4182146966957094
AMIE_PSEAE_Wrenbeck_2017,25,1,0.9894736842105263,0.14970331167970363,zero_shot,0.4883720930232558,0.7209302325581396,1.0,0.0,1.0,0.48163133193073315
AMIE_PSEAE_Wrenbeck_2017,25,2,1.0,0.14062042067214844,supervised,0.7755813953488373,0.5093023255813953,1.0,1.0,0.0,0.47757298972435164
AMIE_PSEAE_Wrenbeck_2017,25,3,0.9787234042553191,0.10768486978033669,supervised,0.8532967032967034,0.5862637362637362,9.0,9.0,0.0,0.47345060003287853
AMIE_PSEAE_Wrenbeck_2017,26,1,1.0,0.17183267865605162,supervised,0.6837209302325582,0.6930232558139535,0.0,0.0,1.0,0.48163133193073315
AMIE_PSEAE_Wrenbeck_2017,26,2,1.0,0.14497030530357594,zero_shot,0.6290697674418605,0.6441860465116279,1.0,0.0,1.0,0.4854020551296689
AMIE_PSEAE_Wrenbeck_2017,26,3,0.967741935483871,0.22019170542109803,zero_shot,0.5857142857142857,0.6236263736263736,0.0,7.0,0.0,0.4813414433667598
AMIE_PSEAE_Wrenbeck_2017,27,1,1.0,0.11149256314255926,zero_shot,0.5813953488372093,0.6837209302325582,1.0,0.0,1.0,0.48163133193073315
AMIE_PSEAE_Wrenbeck_2017,27,2,1.0,0.17718940130923985,supervised,0.7476744186046511,0.4802325581395349,1.0,1.0,0.0,0.47757298972435164
AMIE_PSEAE_Wrenbeck_2017,27,3,0.9894736842105263,0.15395647444768912,supervised,0.7368131868131869,0.5291208791208791,9.0,9.0,0.0,0.47345060003287853
AMIE_PSEAE_Wrenbeck_2017,28,1,1.0,0.15772435245374114,zero_shot,0.6511627906976745,0.7023255813953488,0.0,9.0,0.0,0.4660948373523224
AMIE_PSEAE_Wrenbeck_2017,28,2,1.0,0.16007147788129214,supervised,0.7441860465116279,0.41860465116279066,4.0,4.0,0.0,0.4697439243190344
AMIE_PSEAE_Wrenbeck_2017,28,3,0.9787234042553191,0.129057161728058,supervised,0.8807692307692307,0.39285714285714285,13.0,13.0,0.0,0.44188722669735325
AMIE_PSEAE_Wrenbeck_2017,29,1,1.0,0.07938394538693133,zero_shot,0.4883720930232558,0.6790697674418604,1.0,0.0,1.0,0.4660948373523224
AMIE_PSEAE_Wrenbeck_2017,29,2,1.0,0.18203972896956297,supervised,0.7127906976744185,0.49767441860465117,9.0,9.0,0.0,0.4619148589137172
AMIE_PSEAE_Wrenbeck_2017,29,3,0.967741935483871,0.13759667963768463,supervised,0.8697802197802197,0.4346153846153846,6.0,6.0,0.0,0.39454216669406544
AMIE_PSEAE_Wrenbeck_2017,30,1,1.0,0.20793888877462294,zero_shot,0.6325581395348838,0.6790697674418604,1.0,0.0,1.0,0.48163133193073315
AMIE_PSEAE_Wrenbeck_2017,30,2,0.9894736842105263,0.20940932107534418,supervised,0.8906976744186046,0.5383720930232558,4.0,4.0,0.0,0.47757298972435164
AMIE_PSEAE_Wrenbeck_2017,30,3,0.9787234042553191,0.21081971522096749,supervised,0.8604395604395604,0.5021978021978022,6.0,6.0,0.0,0.4497780700312346
AMIE_PSEAE_Wrenbeck_2017,31,1,0.9894736842105263,0.19585322935422697,supervised,0.7348837209302326,0.6604651162790698,0.0,0.0,1.0,0.48163133193073315
AMIE_PSEAE_Wrenbeck_2017,31,2,1.0,0.126678207703335,zero_shot,0.6825581395348838,0.8093023255813954,1.0,1.0,1.0,0.4854020551296689
AMIE_PSEAE_Wrenbeck_2017,31,3,0.967741935483871,0.14575509430849334,supervised,0.728021978021978,0.6736263736263737,10.0,10.0,0.0,0.4813414433667598
AMIE_PSEAE_Wrenbeck_2017,32,1,1.0,0.22215054148190286,zero_shot,0.6930232558139535,0.7534883720930232,1.0,2.0,1.0,0.48163133193073315
AMIE_PSEAE_Wrenbeck_2017,32,2,0.9894736842105263,0.2229777744639672,supervised,0.7965116279069768,0.4965116279069767,1.0,1.0,0.0,0.47757298972435164
AMIE_PSEAE_Wrenbeck_2017,32,3,0.9213483146067416,0.2368923572509038,supervised,0.6791208791208792,0.5758241758241758,9.0,9.0,0.0,0.47345060003287853
AMIE_PSEAE_Wrenbeck_2017,33,1,1.0,0.2078592565292375,zero_shot,0.7302325581395349,0.9023255813953489,1.0,4.0,1.0,0.47386308464152777
AMIE_PSEAE_Wrenbeck_2017,33,2,1.0,0.08790929583637605,supervised,0.7895348837209302,0.4744186046511628,11.0,11.0,0.0,0.4697439243190344
AMIE_PSEAE_Wrenbeck_2017,33,3,0.9565217391304348,0.11303584340687406,supervised,0.8763736263736264,0.4148351648351648,3.0,3.0,0.0,0.3866513233601841
AMIE_PSEAE_Wrenbeck_2017,34,1,0.9894736842105263,0.154581940063465,zero_shot,0.6046511627906977,0.6465116279069768,1.0,0.0,1.0,0.48163133193073315
AMIE_PSEAE_Wrenbeck_2017,34,2,0.9894736842105263,0.21223233488090487,supervised,0.7430232558139536,0.6011627906976744,1.0,1.0,0.0,0.47757298972435164
AMIE_PSEAE_Wrenbeck_2017,34,3,0.9894736842105263,0.19033871259620547,supervised,0.7324175824175824,0.6445054945054944,12.0,12.0,0.0,0.47345060003287853
AMIE_PSEAE_Wrenbeck_2017,35,1,1.0,0.210851929163764,zero_shot,0.4232558139534884,0.7627906976744186,1.0,0.0,1.0,0.48163133193073315
AMIE_PSEAE_Wrenbeck_2017,35,2,0.9787234042553191,0.1888436867127844,supervised,0.8069767441860465,0.6000000000000001,3.0,3.0,0.0,0.47757298972435164
AMIE_PSEAE_Wrenbeck_2017,35,3,0.9565217391304348,0.17097464406183402,supervised,0.8686813186813187,0.578021978021978,8.0,8.0,0.0,0.4576689133651159
AMIE_PSEAE_Wrenbeck_2017,36,1,1.0,0.14070878906461387,zero_shot,0.5209302325581395,0.7302325581395349,1.0,2.0,1.0,0.47386308464152777
AMIE_PSEAE_Wrenbeck_2017,36,2,1.0,0.11997079919438984,supervised,0.6848837209302325,0.46744186046511627,9.0,9.0,0.0,0.4697439243190344
AMIE_PSEAE_Wrenbeck_2017,36,3,0.9565217391304348,0.11417088111555711,supervised,0.881868131868132,0.45549450549450554,6.0,6.0,0.0,0.40243301002794674
AMIE_PSEAE_Wrenbeck_2017,37,1,0.9787234042553191,0.28784720275062875,zero_shot,0.3627906976744186,0.8744186046511627,1.0,9.0,1.0,0.47386308464152777
AMIE_PSEAE_Wrenbeck_2017,37,2,0.9787234042553191,0.2712573055761459,supervised,0.7313953488372094,0.5209302325581395,9.0,9.0,0.0,0.4697439243190344
AMIE_PSEAE_Wrenbeck_2017,37,3,0.9565217391304348,0.23218190965060329,supervised,0.8785714285714286,0.4796703296703297,1.0,1.0,0.0,0.40243301002794674
AMIE_PSEAE_Wrenbeck_2017,38,1,1.0,0.24073534259863594,supervised,0.7534883720930233,0.744186046511628,0.0,0.0,1.0,0.48163133193073315
AMIE_PSEAE_Wrenbeck_2017,38,2,0.9894736842105263,0.21147213514170574,zero_shot,0.6313953488372093,0.7604651162790699,1.0,0.0,1.0,0.4854020551296689
AMIE_PSEAE_Wrenbeck_2017,38,3,0.9787234042553191,0.21109634892857876,supervised,0.6906593406593406,0.6741758241758242,9.0,9.0,0.0,0.4813414433667598
AMIE_PSEAE_Wrenbeck_2017,39,1,0.9894736842105263,0.2162242486919433,zero_shot,0.6744186046511629,0.9116279069767441,1.0,0.0,1.0,0.47386308464152777
AMIE_PSEAE_Wrenbeck_2017,39,2,0.9787234042553191,0.21968408368561806,supervised,0.7976744186046512,0.5162790697674419,4.0,4.0,0.0,0.4697439243190344
AMIE_PSEAE_Wrenbeck_2017,39,3,0.9894736842105263,0.19197443644182838,supervised,0.760989010989011,0.560989010989011,7.0,7.0,0.0,0.44188722669735325
B3VI55_LIPST_Klesmith_2015,0,1,0.9894736842105263,0.10224985877876351,zero_shot,0.4,0.8093023255813954,1.0,2.0,1.0,0.4774292272379495
B3VI55_LIPST_Klesmith_2015,0,2,0.9787234042553191,0.3310613082899415,zero_shot,0.5546511627906977,0.6604651162790698,2.0,0.0,2.0,0.47421093148575827
B3VI55_LIPST_Klesmith_2015,0,3,0.9787234042553191,0.3313880070661186,zero_shot,0.5467032967032968,0.6,2.0,0.0,2.0,0.46475600309837334
B3VI55_LIPST_Klesmith_2015,1,1,1.0,0.20958641522404453,zero_shot,0.5488372093023256,0.6837209302325581,1.0,1.0,1.0,0.48355011476664117
B3VI55_LIPST_Klesmith_2015,1,2,0.9894736842105263,0.318941090633532,supervised,0.8058139534883721,0.7593023255813954,0.0,0.0,2.0,0.48036951501154734
B3VI55_LIPST_Klesmith_2015,1,3,0.9787234042553191,0.2989767355858712,supervised,0.7489010989010989,0.7357142857142857,2.0,2.0,2.0,0.4833462432223083
B3VI55_LIPST_Klesmith_2015,2,1,1.0,0.25692303546668366,zero_shot,0.641860465116279,0.8883720930232558,1.0,1.0,1.0,0.4774292272379495
B3VI55_LIPST_Klesmith_2015,2,2,0.9787234042553191,0.3742373814480757,supervised,0.808139534883721,0.7686046511627908,0.0,0.0,2.0,0.47421093148575827
B3VI55_LIPST_Klesmith_2015,2,3,0.9787234042553191,0.3640106933638125,zero_shot,0.7060439560439561,0.7736263736263737,2.0,3.0,2.0,0.47714949651433
B3VI55_LIPST_Klesmith_2015,3,1,0.9894736842105263,0.38279260236468887,supervised,0.8883720930232558,0.8511627906976744,1.0,1.0,1.0,0.48355011476664117
B3VI55_LIPST_Klesmith_2015,3,2,1.0,0.34979594120955804,zero_shot,0.6337209302325582,0.7988372093023256,1.0,3.0,1.0,0.48036951501154734
B3VI55_LIPST_Klesmith_2015,3,3,0.967741935483871,0.37146507664359674,supervised,0.6791208791208792,0.6593406593406593,2.0,2.0,1.0,0.47714949651433
B3VI55_LIPST_Klesmith_2015,4,1,0.9894736842105263,0.25845468488055384,zero_shot,0.8186046511627907,0.9116279069767442,1.0,1.0,1.0,0.48355011476664117
B3VI55_LIPST_Klesmith_2015,4,2,0.967741935483871,0.3471621647643083,supervised,0.791860465116279,0.7174418604651163,1.0,1.0,2.0,0.48036951501154734
B3VI55_LIPST_Klesmith_2015,4,3,1.0,0.3081382747351535,supervised,0.798901098901099,0.5587912087912088,1.0,1.0,2.0,0.47714949651433
B3VI55_LIPST_Klesmith_2015,5,1,1.0,0.21712728200239542,supervised,0.7302325581395349,0.6790697674418604,2.0,2.0,1.0,0.4774292272379495
B3VI55_LIPST_Klesmith_2015,5,2,1.0,0.19772783664982024,zero_shot,0.6755813953488372,0.736046511627907,1.0,1.0,1.0,0.4680523479599692
B3VI55_LIPST_Klesmith_2015,5,3,0.9894736842105263,0.26224205153248836,supervised,0.6543956043956044,0.6532967032967033,0.0,0.0,2.0,0.46475600309837334
B3VI55_LIPST_Klesmith_2015,6,1,1.0,0.2728014088945083,zero_shot,0.6372093023255814,0.8046511627906977,1.0,1.0,1.0,0.48355011476664117
B3VI55_LIPST_Klesmith_2015,6,2,0.967741935483871,0.32961726884910736,supervised,0.7511627906976744,0.6662790697674419,1.0,1.0,2.0,0.48036951501154734
B3VI55_LIPST_Klesmith_2015,6,3,1.0,0.22094267072218163,supervised,0.7384615384615385,0.6598901098901099,0.0,0.0,2.0,0.47714949651433
B3VI55_LIPST_Klesmith_2015,7,1,1.0,0.2013052673975714,supervised,0.7674418604651163,0.7767441860465116,1.0,1.0,1.0,0.4774292272379495
B3VI55_LIPST_Klesmith_2015,7,2,1.0,0.10012672241012872,zero_shot,0.7290697674418605,0.8755813953488372,1.0,0.0,1.0,0.47421093148575827
B3VI55_LIPST_Klesmith_2015,7,3,0.9787234042553191,0.30128957423472996,zero_shot,0.678021978021978,0.7692307692307692,2.0,0.0,2.0,0.47095274980635166
B3VI55_LIPST_Klesmith_2015,8,1,0.9894736842105263,0.39504672376914685,zero_shot,0.7627906976744186,0.9209302325581394,1.0,2.0,1.0,0.48355011476664117
B3VI55_LIPST_Klesmith_2015,8,2,0.9787234042553191,0.42673697000584043,supervised,0.8686046511627907,0.7616279069767442,1.0,1.0,2.0,0.48036951501154734
B3VI55_LIPST_Klesmith_2015,8,3,1.0,0.3580438614569226,supervised,0.7835164835164835,0.7016483516483516,0.0,0.0,2.0,0.47714949651433
B3VI55_LIPST_Klesmith_2015,9,1,1.0,0.27745387943640976,zero_shot,0.6418604651162791,0.8093023255813954,1.0,0.0,1.0,0.4774292272379495
B3VI55_LIPST_Klesmith_2015,9,2,0.9894736842105263,0.32695573601957706,supervised,0.8290697674418605,0.7290697674418605,0.0,0.0,2.0,0.47421093148575827
B3VI55_LIPST_Klesmith_2015,9,3,0.9894736842105263,0.29022544545466994,zero_shot,0.7104395604395605,0.7769230769230769,2.0,1.0,2.0,0.47714949651433
B3VI55_LIPST_Klesmith_2015,10,1,1.0,0.3317064892546073,zero_shot,0.6790697674418604,0.8372093023255814,1.0,0.0,1.0,0.48355011476664117
B3VI55_LIPST_Klesmith_2015,10,2,0.967741935483871,0.3407335628447233,supervised,0.7732558139534883,0.713953488372093,1.0,1.0,2.0,0.48036951501154734
B3VI55_LIPST_Klesmith_2015,10,3,0.967741935483871,0.33255567790529483,supervised,0.6813186813186812,0.656043956043956,0.0,0.0,2.0,0.47714949651433
B3VI55_LIPST_Klesmith_2015,11,1,1.0,0.18126253106427484,zero_shot,0.5162790697674419,0.6372093023255814,1.0,1.0,1.0,0.4774292272379495
B3VI55_LIPST_Klesmith_2015,11,2,0.9894736842105263,0.23814059200080612,supervised,0.6872093023255814,0.6430232558139535,1.0,1.0,2.0,0.47421093148575827
B3VI55_LIPST_Klesmith_2015,11,3,0.9787234042553191,0.16181444041413676,supervised,0.6840659340659341,0.6164835164835165,2.0,2.0,2.0,0.47095274980635166
B3VI55_LIPST_Klesmith_2015,12,1,0.9894736842105263,0.3455720496922898,zero_shot,0.6697674418604651,0.8279069767441861,1.0,2.0,1.0,0.4774292272379495
B3VI55_LIPST_Klesmith_2015,12,2,0.967741935483871,0.3646336280560033,supervised,0.7709302325581395,0.7116279069767442,0.0,0.0,2.0,0.47421093148575827
B3VI55_LIPST_Klesmith_2015,12,3,0.9894736842105263,0.31222779975348997,supervised,0.7417582417582418,0.5884615384615385,6.0,6.0,2.0,0.47714949651433
B3VI55_LIPST_Klesmith_2015,13,1,1.0,0.3229445859728713,zero_shot,0.530232558139535,0.786046511627907,1.0,0.0,1.0,0.48355011476664117
B3VI55_LIPST_Klesmith_2015,13,2,0.9894736842105263,0.39102047553736846,supervised,0.7662790697674419,0.7395348837209302,0.0,0.0,2.0,0.48036951501154734
B3VI55_LIPST_Klesmith_2015,13,3,0.9787234042553191,0.3321977709968747,supervised,0.7587912087912088,0.7313186813186813,2.0,2.0,2.0,0.4833462432223083
B3VI55_LIPST_Klesmith_2015,14,1,1.0,0.3640744253151347,supervised,0.841860465116279,0.8511627906976744,3.0,3.0,1.0,0.48355011476664117
B3VI55_LIPST_Klesmith_2015,14,2,1.0,0.3423344005007309,supervised,0.7186046511627907,0.6744186046511628,1.0,1.0,1.0,0.4680523479599692
B3VI55_LIPST_Klesmith_2015,14,3,0.9894736842105263,0.32638067004181115,supervised,0.7137362637362638,0.6395604395604396,2.0,2.0,1.0,0.46475600309837334
B3VI55_LIPST_Klesmith_2015,15,1,1.0,0.3258142137726008,supervised,0.841860465116279,0.8186046511627907,0.0,0.0,1.0,0.48355011476664117
B3VI55_LIPST_Klesmith_2015,15,2,0.9787234042553191,0.3247440827762065,zero_shot,0.6232558139534884,0.6883720930232557,1.0,2.0,1.0,0.4865280985373364
B3VI55_LIPST_Klesmith_2015,15,3,0.9787234042553191,0.37175625401853457,supervised,0.7000000000000001,0.5631868131868132,2.0,2.0,2.0,0.4833462432223083
B3VI55_LIPST_Klesmith_2015,16,1,1.0,0.34651591381341174,zero_shot,0.6837209302325582,0.855813953488372,1.0,0.0,1.0,0.48355011476664117
B3VI55_LIPST_Klesmith_2015,16,2,0.9894736842105263,0.34227493763576167,supervised,0.858139534883721,0.7593023255813954,1.0,1.0,2.0,0.48036951501154734
B3VI55_LIPST_Klesmith_2015,16,3,1.0,0.30031080946129857,supervised,0.7313186813186814,0.7384615384615385,0.0,0.0,2.0,0.47714949651433
B3VI55_LIPST_Klesmith_2015,17,1,1.0,0.2699744929916078,zero_shot,0.34418604651162793,0.9209302325581395,1.0,2.0,1.0,0.4774292272379495
B3VI55_LIPST_Klesmith_2015,17,2,1.0,0.3252700623936406,supervised,0.7313953488372092,0.727906976744186,2.0,2.0,2.0,0.47421093148575827
B3VI55_LIPST_Klesmith_2015,17,3,0.9787234042553191,0.3072995959465658,supervised,0.6708791208791208,0.621978021978022,3.0,3.0,2.0,0.46475600309837334
B3VI55_LIPST_Klesmith_2015,18,1,0.9894736842105263,0.30340577211593495,supervised,0.7999999999999999,0.6883720930232559,1.0,1.0,1.0,0.48355011476664117
B3VI55_LIPST_Klesmith_2015,18,2,1.0,0.3056350014775743,supervised,0.7151162790697674,0.6406976744186046,1.0,1.0,1.0,0.48036951501154734
B3VI55_LIPST_Klesmith_2015,18,3,1.0,0.3376730991575967,supervised,0.7197802197802198,0.6346153846153846,3.0,3.0,1.0,0.47714949651433
B3VI55_LIPST_Klesmith_2015,19,1,1.0,0.19683629275004277,zero_shot,0.8372093023255813,0.8697674418604651,1.0,0.0,1.0,0.48355011476664117
B3VI55_LIPST_Klesmith_2015,19,2,0.9787234042553191,0.3616665235613241,supervised,0.7976744186046512,0.7488372093023256,0.0,0.0,2.0,0.48036951501154734
B3VI55_LIPST_Klesmith_2015,19,3,0.9894736842105263,0.33132508067170685,supervised,0.7653846153846153,0.7296703296703297,1.0,1.0,2.0,0.4833462432223083
B3VI55_LIPST_Klesmith_2015,20,1,1.0,0.3250859823205375,supervised,0.8558139534883721,0.7441860465116279,0.0,0.0,1.0,0.48355011476664117
B3VI55_LIPST_Klesmith_2015,20,2,1.0,0.2921688604672935,supervised,0.6848837209302325,0.6534883720930232,2.0,2.0,1.0,0.4865280985373364
B3VI55_LIPST_Klesmith_2015,20,3,1.0,0.34436120829062666,supervised,0.7082417582417583,0.6824175824175824,1.0,1.0,1.0,0.47714949651433
B3VI55_LIPST_Klesmith_2015,21,1,1.0,0.27790070755029317,zero_shot,0.586046511627907,0.8511627906976745,1.0,2.0,1.0,0.4774292272379495
B3VI55_LIPST_Klesmith_2015,21,2,0.9894736842105263,0.3499306915942138,supervised,0.8244186046511628,0.7058139534883722,0.0,0.0,2.0,0.47421093148575827
B3VI55_LIPST_Klesmith_2015,21,3,0.9787234042553191,0.2863727591096202,supervised,0.7230769230769231,0.6708791208791209,3.0,3.0,2.0,0.47714949651433
B3VI55_LIPST_Klesmith_2015,22,1,1.0,0.22830574386213645,supervised,0.6883720930232557,0.6697674418604652,1.0,1.0,1.0,0.48355011476664117
B3VI55_LIPST_Klesmith_2015,22,2,1.0,0.17991682402550083,zero_shot,0.4941860465116279,0.6558139534883721,1.0,0.0,1.0,0.48036951501154734
B3VI55_LIPST_Klesmith_2015,22,3,0.9787234042553191,0.3760543813687471,zero_shot,0.6236263736263737,0.6785714285714286,2.0,0.0,2.0,0.47714949651433
B3VI55_LIPST_Klesmith_2015,23,1,1.0,0.2316583449975482,zero_shot,0.758139534883721,0.9488372093023255,1.0,1.0,1.0,0.48355011476664117
B3VI55_LIPST_Klesmith_2015,23,2,0.967741935483871,0.3711279435503238,zero_shot,0.6965116279069767,0.758139534883721,2.0,0.0,2.0,0.48036951501154734
B3VI55_LIPST_Klesmith_2015,23,3,0.9894736842105263,0.3618604672159984,supervised,0.6983516483516483,0.6895604395604396,1.0,1.0,2.0,0.47095274980635166
B3VI55_LIPST_Klesmith_2015,24,1,0.9894736842105263,0.2981913072712374,zero_shot,0.7767441860465116,0.8186046511627907,1.0,2.0,1.0,0.48355011476664117
B3VI55_LIPST_Klesmith_2015,24,2,1.0,0.36019399727585993,supervised,0.7767441860465116,0.7686046511627908,1.0,1.0,2.0,0.48036951501154734
B3VI55_LIPST_Klesmith_2015,24,3,0.9565217391304348,0.32547970111344193,zero_shot,0.7560439560439559,0.7851648351648352,2.0,0.0,2.0,0.47714949651433
B3VI55_LIPST_Klesmith_2015,25,1,1.0,0.3079607278297626,zero_shot,0.6744186046511628,0.8325581395348837,0.0,1.0,0.0,0.47130833970925784
B3VI55_LIPST_Klesmith_2015,25,2,0.9787234042553191,0.3337311670663126,supervised,0.6953488372093023,0.6116279069767442,2.0,2.0,2.0,0.47421093148575827
B3VI55_LIPST_Klesmith_2015,25,3,1.0,0.2758710922452436,supervised,0.6703296703296704,0.6120879120879121,2.0,2.0,2.0,0.46475600309837334
B3VI55_LIPST_Klesmith_2015,26,1,0.9787234042553191,0.14469365628846917,supervised,0.8046511627906977,0.7953488372093025,0.0,0.0,1.0,0.48355011476664117
B3VI55_LIPST_Klesmith_2015,26,2,0.9894736842105263,0.15574213413155402,zero_shot,0.6476744186046511,0.7627906976744185,1.0,2.0,1.0,0.4865280985373364
B3VI55_LIPST_Klesmith_2015,26,3,0.9565217391304348,0.340539707749763,zero_shot,0.762087912087912,0.7906593406593407,2.0,0.0,2.0,0.4833462432223083
B3VI55_LIPST_Klesmith_2015,27,1,0.9894736842105263,0.3239304938416195,zero_shot,0.5906976744186047,0.7209302325581395,1.0,3.0,1.0,0.48355011476664117
B3VI55_LIPST_Klesmith_2015,27,2,0.9787234042553191,0.3527512456791485,supervised,0.758139534883721,0.6453488372093024,2.0,2.0,2.0,0.48036951501154734
B3VI55_LIPST_Klesmith_2015,27,3,0.9894736842105263,0.3026105133130023,supervised,0.7626373626373626,0.6197802197802198,2.0,2.0,2.0,0.47095274980635166
B3VI55_LIPST_Klesmith_2015,28,1,1.0,0.12069257961862738,zero_shot,0.5302325581395348,0.7441860465116279,1.0,2.0,1.0,0.4774292272379495
B3VI55_LIPST_Klesmith_2015,28,2,0.9894736842105263,0.30699689888155246,zero_shot,0.6662790697674419,0.6767441860465117,2.0,3.0,2.0,0.47421093148575827
B3VI55_LIPST_Klesmith_2015,28,3,0.9894736842105263,0.354440047067991,supervised,0.654945054945055,0.6071428571428571,2.0,2.0,2.0,0.46475600309837334
B3VI55_LIPST_Klesmith_2015,29,1,1.0,0.23862388701720125,zero_shot,0.5348837209302326,0.827906976744186,1.0,1.0,1.0,0.48355011476664117
B3VI55_LIPST_Klesmith_2015,29,2,1.0,0.32633738524009437,zero_shot,0.6372093023255815,0.7,2.0,0.0,2.0,0.48036951501154734
B3VI55_LIPST_Klesmith_2015,29,3,0.9894736842105263,0.33638813379670335,supervised,0.595054945054945,0.5620879120879121,1.0,1.0,2.0,0.47095274980635166
B3VI55_LIPST_Klesmith_2015,30,1,1.0,0.2272117197813031,zero_shot,0.6744186046511629,0.8558139534883721,1.0,1.0,1.0,0.48355011476664117
B3VI55_LIPST_Klesmith_2015,30,2,0.9565217391304348,0.3674748245221178,supervised,0.863953488372093,0.7465116279069768,2.0,2.0,2.0,0.48036951501154734
B3VI55_LIPST_Klesmith_2015,30,3,1.0,0.3546468975568626,supervised,0.804945054945055,0.7021978021978021,2.0,2.0,2.0,0.47095274980635166
B3VI55_LIPST_Klesmith_2015,31,1,1.0,0.2862737549244372,zero_shot,0.4790697674418605,0.8651162790697675,1.0,1.0,1.0,0.4774292272379495
B3VI55_LIPST_Klesmith_2015,31,2,1.0,0.40765008771514216,supervised,0.7813953488372093,0.7302325581395348,1.0,1.0,2.0,0.47421093148575827
B3VI55_LIPST_Klesmith_2015,31,3,0.9894736842105263,0.38435632015784615,supervised,0.8263736263736264,0.6197802197802198,0.0,0.0,2.0,0.47095274980635166
B3VI55_LIPST_Klesmith_2015,32,1,0.9894736842105263,0.38007789644861795,zero_shot,0.7767441860465116,0.8604651162790697,1.0,1.0,1.0,0.47130833970925784
B3VI55_LIPST_Klesmith_2015,32,2,0.9894736842105263,0.4098879788832226,supervised,0.7523255813953489,0.6186046511627907,2.0,2.0,2.0,0.4680523479599692
B3VI55_LIPST_Klesmith_2015,32,3,0.9894736842105263,0.35440220224958335,supervised,0.804945054945055,0.6516483516483517,2.0,2.0,2.0,0.458559256390395
B3VI55_LIPST_Klesmith_2015,33,1,1.0,0.21119426448565234,zero_shot,0.4279069767441861,0.8697674418604651,1.0,2.0,1.0,0.48355011476664117
B3VI55_LIPST_Klesmith_2015,33,2,0.9787234042553191,0.3631485190020702,supervised,0.7325581395348837,0.7197674418604652,1.0,1.0,2.0,0.48036951501154734
B3VI55_LIPST_Klesmith_2015,33,3,0.9894736842105263,0.33555524361644,supervised,0.7021978021978021,0.6741758241758242,1.0,1.0,2.0,0.47714949651433
B3VI55_LIPST_Klesmith_2015,34,1,1.0,0.15798119844555164,zero_shot,0.45581395348837217,0.8604651162790699,1.0,2.0,1.0,0.4774292272379495
B3VI55_LIPST_Klesmith_2015,34,2,1.0,0.31300811011580876,supervised,0.8337209302325581,0.7627906976744188,2.0,2.0,2.0,0.47421093148575827
B3VI55_LIPST_Klesmith_2015,34,3,0.9787234042553191,0.2481464634536869,supervised,0.7373626373626374,0.6939560439560439,0.0,0.0,2.0,0.46475600309837334
B3VI55_LIPST_Klesmith_2015,35,1,0.9894736842105263,0.35767785231758087,zero_shot,0.6232558139534884,0.7813953488372093,1.0,1.0,1.0,0.48355011476664117
B3VI55_LIPST_Klesmith_2015,35,2,1.0,0.3989501593355023,supervised,0.7558139534883721,0.6546511627906977,1.0,1.0,2.0,0.48036951501154734
B3VI55_LIPST_Klesmith_2015,35,3,0.9894736842105263,0.34661084660483005,supervised,0.7285714285714286,0.6417582417582417,1.0,1.0,2.0,0.47714949651433
B3VI55_LIPST_Klesmith_2015,36,1,1.0,0.2848750194848102,zero_shot,0.4418604651162791,0.7069767441860465,1.0,0.0,1.0,0.48355011476664117
B3VI55_LIPST_Klesmith_2015,36,2,0.9894736842105263,0.38064164283052243,supervised,0.7476744186046512,0.7534883720930232,1.0,1.0,2.0,0.48036951501154734
B3VI55_LIPST_Klesmith_2015,36,3,1.0,0.3217775157225802,supervised,0.8126373626373626,0.7318681318681319,3.0,3.0,2.0,0.47714949651433
B3VI55_LIPST_Klesmith_2015,37,1,1.0,0.2172147800221486,zero_shot,0.2883720930232558,0.8651162790697675,1.0,4.0,1.0,0.48355011476664117
B3VI55_LIPST_Klesmith_2015,37,2,0.967741935483871,0.36727585145461683,zero_shot,0.7093023255813954,0.7337209302325581,2.0,4.0,2.0,0.48036951501154734
B3VI55_LIPST_Klesmith_2015,37,3,0.9787234042553191,0.3760691380174653,supervised,0.6087912087912087,0.5620879120879121,4.0,4.0,2.0,0.47095274980635166
B3VI55_LIPST_Klesmith_2015,38,1,0.9894736842105263,0.291929942563115,zero_shot,0.5953488372093023,0.8930232558139535,1.0,2.0,1.0,0.48355011476664117
B3VI55_LIPST_Klesmith_2015,38,2,1.0,0.350961040589043,zero_shot,0.7546511627906977,0.7662790697674419,2.0,0.0,2.0,0.48036951501154734
B3VI55_LIPST_Klesmith_2015,38,3,0.9894736842105263,0.3479098489998088,supervised,0.7005494505494505,0.6934065934065934,2.0,2.0,2.0,0.47095274980635166
B3VI55_LIPST_Klesmith_2015,39,1,1.0,0.26174611415398047,zero_shot,0.7627906976744186,0.8790697674418604,1.0,1.0,1.0,0.48355011476664117
B3VI55_LIPST_Klesmith_2015,39,2,0.967741935483871,0.35545696380116376,supervised,0.8313953488372093,0.6767441860465117,1.0,1.0,2.0,0.48036951501154734
B3VI55_LIPST_Klesmith_2015,39,3,0.9894736842105263,0.3155691330870415,supervised,0.7554945054945055,0.6230769230769231,3.0,3.0,2.0,0.47714949651433
BLAT_ECOLX_Firnberg_2014,0,1,1.0,0.2840276242956061,zero_shot,0.3906976744186047,0.7720930232558139,3.0,3.0,3.0,0.48658922914466735
BLAT_ECOLX_Firnberg_2014,0,2,0.967741935483871,0.2810693067638483,zero_shot,0.5372093023255814,0.7767441860465116,0.0,1.0,0.0,0.4608491572434393
BLAT_ECOLX_Firnberg_2014,0,3,0.9565217391304348,0.29811228046096244,zero_shot,0.6027472527472527,0.7851648351648352,1.0,2.0,1.0,0.46561758999784436
BLAT_ECOLX_Firnberg_2014,1,1,0.9894736842105263,0.3349262242353193,zero_shot,0.7906976744186047,0.8930232558139535,3.0,1.0,3.0,0.48658922914466735
BLAT_ECOLX_Firnberg_2014,1,2,0.967741935483871,0.4184216865584538,zero_shot,0.5651162790697675,0.8430232558139534,0.0,1.0,0.0,0.4608491572434393
BLAT_ECOLX_Firnberg_2014,1,3,0.9565217391304348,0.41720318689300034,zero_shot,0.6186813186813187,0.8423076923076922,1.0,2.0,1.0,0.46561758999784436
BLAT_ECOLX_Firnberg_2014,2,1,1.0,0.2281428331591631,zero_shot,0.6372093023255814,0.7813953488372093,3.0,3.0,3.0,0.4764519535374868
BLAT_ECOLX_Firnberg_2014,2,2,1.0,0.2894368692625904,zero_shot,0.55,0.7232558139534884,0.0,3.0,0.0,0.45060806486025173
BLAT_ECOLX_Firnberg_2014,2,3,0.945054945054945,0.31809503231515013,zero_shot,0.5032967032967033,0.7274725274725274,1.0,3.0,1.0,0.45527053244233673
BLAT_ECOLX_Firnberg_2014,3,1,0.9787234042553191,0.20889422144586822,zero_shot,0.4604651162790697,0.7348837209302326,3.0,1.0,3.0,0.4764519535374868
BLAT_ECOLX_Firnberg_2014,3,2,0.967741935483871,0.2401322777792274,zero_shot,0.5662790697674419,0.7627906976744185,0.0,1.0,0.0,0.45060806486025173
BLAT_ECOLX_Firnberg_2014,3,3,0.967741935483871,0.2144201776431227,zero_shot,0.5895604395604396,0.7285714285714286,1.0,2.0,1.0,0.45527053244233673
BLAT_ECOLX_Firnberg_2014,4,1,1.0,0.3438581749984085,zero_shot,0.4046511627906977,1.0,3.0,1.0,3.0,0.48658922914466735
BLAT_ECOLX_Firnberg_2014,4,2,0.945054945054945,0.3747278504683809,zero_shot,0.6511627906976745,0.8430232558139534,0.0,1.0,0.0,0.4608491572434393
BLAT_ECOLX_Firnberg_2014,4,3,0.9565217391304348,0.34730205592707236,zero_shot,0.6521978021978021,0.8423076923076922,1.0,1.0,1.0,0.46561758999784436
BLAT_ECOLX_Firnberg_2014,5,1,0.9894736842105263,0.22686873687051165,zero_shot,0.6837209302325581,0.8511627906976744,3.0,0.0,3.0,0.48658922914466735
BLAT_ECOLX_Firnberg_2014,5,2,0.967741935483871,0.24530490486922915,zero_shot,0.5837209302325581,0.7674418604651162,0.0,2.0,0.0,0.4608491572434393
BLAT_ECOLX_Firnberg_2014,5,3,0.945054945054945,0.2444095069580379,zero_shot,0.6291208791208791,0.7807692307692308,1.0,1.0,1.0,0.46561758999784436
BLAT_ECOLX_Firnberg_2014,6,1,0.9894736842105263,0.3599834204543048,zero_shot,0.6883720930232559,0.9162790697674419,3.0,1.0,3.0,0.48658922914466735
BLAT_ECOLX_Firnberg_2014,6,2,0.9787234042553191,0.36879077607473776,zero_shot,0.6244186046511628,0.791860465116279,0.0,2.0,0.0,0.4608491572434393
BLAT_ECOLX_Firnberg_2014,6,3,0.945054945054945,0.37783364756357407,zero_shot,0.6335164835164835,0.7923076923076923,1.0,1.0,1.0,0.46561758999784436
BLAT_ECOLX_Firnberg_2014,7,1,0.9894736842105263,0.2331190233980676,zero_shot,0.7302325581395349,0.7767441860465116,3.0,0.0,3.0,0.46631467793030623
BLAT_ECOLX_Firnberg_2014,7,2,1.0,0.28832584812218864,zero_shot,0.5546511627906977,0.7348837209302326,0.0,1.0,0.0,0.44036697247706424
BLAT_ECOLX_Firnberg_2014,7,3,0.9787234042553191,0.3130215928174794,zero_shot,0.6010989010989012,0.7329670329670329,1.0,2.0,1.0,0.44492347488682904
BLAT_ECOLX_Firnberg_2014,8,1,0.9894736842105263,0.3560305702624608,zero_shot,0.7488372093023257,0.8093023255813953,3.0,1.0,3.0,0.48658922914466735
BLAT_ECOLX_Firnberg_2014,8,2,0.9787234042553191,0.3492090328818562,zero_shot,0.5337209302325581,0.7802325581395348,0.0,3.0,0.0,0.4608491572434393
BLAT_ECOLX_Firnberg_2014,8,3,0.9213483146067416,0.3609575227287142,zero_shot,0.5983516483516483,0.7868131868131868,1.0,2.0,1.0,0.46561758999784436
BLAT_ECOLX_Firnberg_2014,9,1,1.0,0.28055521790585425,zero_shot,0.5395348837209302,0.6976744186046512,3.0,0.0,3.0,0.48658922914466735
BLAT_ECOLX_Firnberg_2014,9,2,0.9894736842105263,0.37569394910441395,zero_shot,0.6662790697674419,0.8430232558139534,0.0,3.0,0.0,0.4608491572434393
BLAT_ECOLX_Firnberg_2014,9,3,0.967741935483871,0.355352506310035,zero_shot,0.6439560439560439,0.7928571428571428,1.0,2.0,1.0,0.46561758999784436
BLAT_ECOLX_Firnberg_2014,10,1,0.9787234042553191,0.2794054187002376,zero_shot,0.6186046511627907,0.8604651162790697,3.0,2.0,3.0,0.4764519535374868
BLAT_ECOLX_Firnberg_2014,10,2,0.945054945054945,0.2860499783424715,zero_shot,0.6372093023255814,0.7383720930232558,0.0,1.0,0.0,0.45060806486025173
BLAT_ECOLX_Firnberg_2014,10,3,0.9787234042553191,0.31267603905079455,zero_shot,0.5631868131868132,0.7346153846153846,1.0,2.0,1.0,0.45527053244233673
BLAT_ECOLX_Firnberg_2014,11,1,0.9894736842105263,0.3664165832184237,zero_shot,0.43255813953488376,0.8465116279069768,3.0,0.0,3.0,0.48658922914466735
BLAT_ECOLX_Firnberg_2014,11,2,0.9787234042553191,0.4297706633528078,zero_shot,0.5441860465116279,0.8430232558139534,0.0,3.0,0.0,0.4608491572434393
BLAT_ECOLX_Firnberg_2014,11,3,0.9333333333333333,0.46919449803950286,zero_shot,0.6241758241758242,0.8423076923076922,1.0,3.0,1.0,0.46561758999784436
BLAT_ECOLX_Firnberg_2014,12,1,1.0,0.05191618603850868,zero_shot,0.49767441860465117,0.7813953488372093,3.0,2.0,3.0,0.4764519535374868
BLAT_ECOLX_Firnberg_2014,12,2,0.9894736842105263,0.28207103875207856,zero_shot,0.5965116279069768,0.736046511627907,0.0,2.0,0.0,0.45060806486025173
BLAT_ECOLX_Firnberg_2014,12,3,0.9787234042553191,0.31326980773442764,zero_shot,0.5884615384615385,0.7335164835164835,1.0,2.0,1.0,0.45527053244233673
BLAT_ECOLX_Firnberg_2014,13,1,1.0,0.26527276638418834,supervised,0.8046511627906977,0.7906976744186046,0.0,0.0,3.0,0.45617740232312565
BLAT_ECOLX_Firnberg_2014,13,2,1.0,0.2681361489383712,zero_shot,0.5627906976744186,0.722093023255814,3.0,0.0,3.0,0.4608491572434393
BLAT_ECOLX_Firnberg_2014,13,3,0.945054945054945,0.37813203978585935,zero_shot,0.4912087912087912,0.7598901098901099,0.0,2.0,0.0,0.4345764173313214
BLAT_ECOLX_Firnberg_2014,14,1,1.0,0.3385277960552858,zero_shot,0.4744186046511628,0.8837209302325582,3.0,0.0,3.0,0.48658922914466735
BLAT_ECOLX_Firnberg_2014,14,2,0.9787234042553191,0.43603740198315966,zero_shot,0.6069767441860465,0.8430232558139534,0.0,0.0,0.0,0.4608491572434393
BLAT_ECOLX_Firnberg_2014,14,3,0.9333333333333333,0.4323951235226622,zero_shot,0.6593406593406593,0.8423076923076922,1.0,0.0,1.0,0.46561758999784436
BLAT_ECOLX_Firnberg_2014,15,1,1.0,0.39782400775967985,zero_shot,0.5162790697674419,0.9767441860465116,3.0,0.0,3.0,0.46631467793030623
BLAT_ECOLX_Firnberg_2014,15,2,0.967741935483871,0.40540485265877985,zero_shot,0.5290697674418605,0.7546511627906977,0.0,1.0,0.0,0.44036697247706424
BLAT_ECOLX_Firnberg_2014,15,3,0.945054945054945,0.4078942754125568,zero_shot,0.5593406593406594,0.7423076923076923,1.0,2.0,1.0,0.44492347488682904
BLAT_ECOLX_Firnberg_2014,16,1,0.9894736842105263,0.2181569484129131,zero_shot,0.627906976744186,0.8046511627906977,3.0,1.0,3.0,0.4764519535374868
BLAT_ECOLX_Firnberg_2014,16,2,0.9787234042553191,0.272413847312739,zero_shot,0.5674418604651164,0.7662790697674418,0.0,3.0,0.0,0.45060806486025173
BLAT_ECOLX_Firnberg_2014,16,3,0.967741935483871,0.2640139023574109,zero_shot,0.6142857142857143,0.7802197802197802,1.0,3.0,1.0,0.45527053244233673
BLAT_ECOLX_Firnberg_2014,17,1,0.9787234042553191,0.39360993794384386,zero_shot,0.6651162790697674,0.8372093023255813,3.0,0.0,3.0,0.4764519535374868
BLAT_ECOLX_Firnberg_2014,17,2,0.967741935483871,0.41092134847184275,zero_shot,0.6011627906976744,0.7930232558139536,0.0,1.0,0.0,0.45060806486025173
BLAT_ECOLX_Firnberg_2014,17,3,0.967741935483871,0.4058752866473033,zero_shot,0.6395604395604396,0.7928571428571428,1.0,2.0,1.0,0.45527053244233673
BLAT_ECOLX_Firnberg_2014,18,1,0.9894736842105263,0.3630068961757635,zero_shot,0.7023255813953488,0.7441860465116279,3.0,1.0,3.0,0.4764519535374868
BLAT_ECOLX_Firnberg_2014,18,2,0.967741935483871,0.36916881595801415,zero_shot,0.6104651162790697,0.7686046511627906,0.0,3.0,0.0,0.45060806486025173
BLAT_ECOLX_Firnberg_2014,18,3,0.967741935483871,0.3567487309233898,zero_shot,0.6626373626373627,0.7813186813186813,1.0,2.0,1.0,0.45527053244233673
BLAT_ECOLX_Firnberg_2014,19,1,1.0,0.3197041829361665,zero_shot,0.5720930232558139,0.7116279069767442,3.0,0.0,3.0,0.48658922914466735
BLAT_ECOLX_Firnberg_2014,19,2,0.945054945054945,0.36274419963773996,zero_shot,0.5337209302325582,0.7813953488372092,0.0,3.0,0.0,0.4608491572434393
BLAT_ECOLX_Firnberg_2014,19,3,0.9565217391304348,0.3511145146188156,zero_shot,0.6065934065934065,0.7873626373626373,1.0,1.0,1.0,0.46561758999784436
BLAT_ECOLX_Firnberg_2014,20,1,0.9894736842105263,0.27097821306651937,zero_shot,0.5581395348837209,0.9069767441860466,3.0,1.0,3.0,0.4764519535374868
BLAT_ECOLX_Firnberg_2014,20,2,0.967741935483871,0.31315911864219786,zero_shot,0.5395348837209302,0.7430232558139536,0.0,1.0,0.0,0.45060806486025173
BLAT_ECOLX_Firnberg_2014,20,3,0.9565217391304348,0.33314485811897243,zero_shot,0.6214285714285714,0.7857142857142857,1.0,2.0,1.0,0.45527053244233673
BLAT_ECOLX_Firnberg_2014,21,1,1.0,0.2133387619966401,zero_shot,0.413953488372093,0.8186046511627907,3.0,0.0,3.0,0.4764519535374868
BLAT_ECOLX_Firnberg_2014,21,2,0.967741935483871,0.3342975437959214,zero_shot,0.522093023255814,0.7290697674418605,0.0,2.0,0.0,0.45060806486025173
BLAT_ECOLX_Firnberg_2014,21,3,0.967741935483871,0.3023098065250704,zero_shot,0.5428571428571428,0.7186813186813186,1.0,2.0,1.0,0.45527053244233673
BLAT_ECOLX_Firnberg_2014,22,1,0.9787234042553191,0.281132866478185,zero_shot,0.6186046511627907,0.9302325581395349,3.0,0.0,3.0,0.48658922914466735
BLAT_ECOLX_Firnberg_2014,22,2,0.9787234042553191,0.3610284635448352,zero_shot,0.5383720930232558,0.7837209302325581,0.0,3.0,0.0,0.4608491572434393
BLAT_ECOLX_Firnberg_2014,22,3,0.9565217391304348,0.35985938452945787,zero_shot,0.5884615384615384,0.7884615384615384,1.0,3.0,1.0,0.46561758999784436
BLAT_ECOLX_Firnberg_2014,23,1,1.0,0.3385008198697449,zero_shot,0.5069767441860465,0.6883720930232559,3.0,0.0,3.0,0.4764519535374868
BLAT_ECOLX_Firnberg_2014,23,2,0.967741935483871,0.31352768025495414,zero_shot,0.5534883720930233,0.7348837209302326,0.0,3.0,0.0,0.45060806486025173
BLAT_ECOLX_Firnberg_2014,23,3,0.967741935483871,0.26810001128241345,zero_shot,0.5631868131868132,0.7329670329670329,1.0,4.0,1.0,0.45527053244233673
BLAT_ECOLX_Firnberg_2014,24,1,0.9787234042553191,0.4130072586010553,zero_shot,0.7209302325581395,0.8093023255813953,3.0,1.0,3.0,0.48658922914466735
BLAT_ECOLX_Firnberg_2014,24,2,0.9565217391304348,0.3835763620457958,zero_shot,0.5872093023255814,0.8430232558139534,0.0,3.0,0.0,0.4608491572434393
BLAT_ECOLX_Firnberg_2014,24,3,0.945054945054945,0.3818645734503766,zero_shot,0.6346153846153846,0.8423076923076922,1.0,3.0,1.0,0.46561758999784436
BLAT_ECOLX_Firnberg_2014,25,1,1.0,0.44345967454176266,zero_shot,0.8511627906976744,0.9348837209302325,3.0,0.0,3.0,0.4764519535374868
BLAT_ECOLX_Firnberg_2014,25,2,0.9333333333333333,0.4798774434632506,zero_shot,0.6104651162790697,0.7953488372093024,0.0,2.0,0.0,0.45060806486025173
BLAT_ECOLX_Firnberg_2014,25,3,0.896551724137931,0.4919915370838546,zero_shot,0.6016483516483517,0.7939560439560439,0.0,2.0,0.0,0.45527053244233673
BLAT_ECOLX_Firnberg_2014,26,1,0.9894736842105263,0.37435112751654137,supervised,0.8930232558139534,0.8465116279069768,0.0,0.0,3.0,0.48658922914466735
BLAT_ECOLX_Firnberg_2014,26,2,0.9894736842105263,0.3342663767940698,supervised,0.7744186046511627,0.7732558139534884,1.0,1.0,3.0,0.4915724343930019
BLAT_ECOLX_Firnberg_2014,26,3,1.0,0.3010532457927807,zero_shot,0.7401098901098901,0.8357142857142856,3.0,4.0,3.0,0.4863117051088597
BLAT_ECOLX_Firnberg_2014,27,1,1.0,0.34869855279984197,zero_shot,0.4372093023255814,0.7348837209302326,3.0,0.0,3.0,0.48658922914466735
BLAT_ECOLX_Firnberg_2014,27,2,0.945054945054945,0.3324353342879963,zero_shot,0.5674418604651162,0.8430232558139534,0.0,1.0,0.0,0.4608491572434393
BLAT_ECOLX_Firnberg_2014,27,3,0.945054945054945,0.3441778211909518,zero_shot,0.643956043956044,0.8423076923076922,1.0,1.0,1.0,0.46561758999784436
BLAT_ECOLX_Firnberg_2014,28,1,1.0,0.2006929450078773,zero_shot,0.6,0.8604651162790697,3.0,0.0,3.0,0.48658922914466735
BLAT_ECOLX_Firnberg_2014,28,2,0.9333333333333333,0.30393559501010065,zero_shot,0.563953488372093,0.8430232558139534,0.0,2.0,0.0,0.4608491572434393
BLAT_ECOLX_Firnberg_2014,28,3,0.896551724137931,0.364460141772371,zero_shot,0.6296703296703297,0.8423076923076922,1.0,2.0,1.0,0.46561758999784436
BLAT_ECOLX_Firnberg_2014,29,1,0.9565217391304348,0.4240824507234069,zero_shot,0.5767441860465117,0.8046511627906976,3.0,2.0,3.0,0.48658922914466735
BLAT_ECOLX_Firnberg_2014,29,2,0.9565217391304348,0.3750193037566086,zero_shot,0.6441860465116279,0.8430232558139534,0.0,2.0,0.0,0.4608491572434393
BLAT_ECOLX_Firnberg_2014,29,3,0.9333333333333333,0.38334366805571685,zero_shot,0.6368131868131868,0.8423076923076922,1.0,2.0,1.0,0.46561758999784436
BLAT_ECOLX_Firnberg_2014,30,1,0.9894736842105263,0.3101550541827966,zero_shot,0.6372093023255814,0.9348837209302326,3.0,2.0,3.0,0.4764519535374868
BLAT_ECOLX_Firnberg_2014,30,2,0.9894736842105263,0.33720684154034813,zero_shot,0.6011627906976744,0.7441860465116279,0.0,3.0,0.0,0.45060806486025173
BLAT_ECOLX_Firnberg_2014,30,3,0.9787234042553191,0.3351089721195578,zero_shot,0.5923076923076923,0.7373626373626373,1.0,4.0,1.0,0.45527053244233673
BLAT_ECOLX_Firnberg_2014,31,1,0.9787234042553191,0.33766694734866115,zero_shot,0.7441860465116279,0.9348837209302325,3.0,4.0,3.0,0.48658922914466735
BLAT_ECOLX_Firnberg_2014,31,2,0.967741935483871,0.40414848638853773,zero_shot,0.5918604651162791,0.8430232558139534,0.0,3.0,0.0,0.4608491572434393
BLAT_ECOLX_Firnberg_2014,31,3,0.9894736842105263,0.4039144161383456,zero_shot,0.6351648351648351,0.8423076923076922,1.0,3.0,1.0,0.46561758999784436
BLAT_ECOLX_Firnberg_2014,32,1,1.0,0.2751688726766296,zero_shot,0.4325581395348838,0.8,3.0,1.0,3.0,0.48658922914466735
BLAT_ECOLX_Firnberg_2014,32,2,0.9787234042553191,0.2995042851552849,zero_shot,0.43837209302325586,0.7755813953488371,0.0,1.0,0.0,0.4608491572434393
BLAT_ECOLX_Firnberg_2014,32,3,0.967741935483871,0.278576644715769,zero_shot,0.5499999999999999,0.7846153846153846,1.0,1.0,1.0,0.46561758999784436
BLAT_ECOLX_Firnberg_2014,33,1,1.0,0.19216958692184966,zero_shot,0.35348837209302325,0.8744186046511627,3.0,0.0,3.0,0.48658922914466735
BLAT_ECOLX_Firnberg_2014,33,2,0.967741935483871,0.2935375969378676,zero_shot,0.6046511627906976,0.8430232558139534,0.0,2.0,0.0,0.4608491572434393
BLAT_ECOLX_Firnberg_2014,33,3,0.9213483146067416,0.30284970572038283,zero_shot,0.6620879120879121,0.8423076923076922,1.0,2.0,1.0,0.46561758999784436
BLAT_ECOLX_Firnberg_2014,34,1,0.9894736842105263,0.3560890268694913,zero_shot,0.8279069767441861,0.9302325581395349,3.0,0.0,3.0,0.48658922914466735
BLAT_ECOLX_Firnberg_2014,34,2,0.9894736842105263,0.35979879541048404,zero_shot,0.5790697674418605,0.7930232558139536,0.0,3.0,0.0,0.4608491572434393
BLAT_ECOLX_Firnberg_2014,34,3,0.9333333333333333,0.34749060200227333,zero_shot,0.6318681318681318,0.7928571428571428,1.0,3.0,1.0,0.46561758999784436
BLAT_ECOLX_Firnberg_2014,35,1,0.9894736842105263,0.29727034090806564,zero_shot,0.5488372093023255,0.8604651162790697,3.0,1.0,3.0,0.46631467793030623
BLAT_ECOLX_Firnberg_2014,35,2,0.9787234042553191,0.2822731951603701,zero_shot,0.5546511627906977,0.7302325581395348,0.0,0.0,0.0,0.44036697247706424
BLAT_ECOLX_Firnberg_2014,35,3,0.9213483146067416,0.3345779463110569,zero_shot,0.5428571428571428,0.7307692307692307,1.0,1.0,1.0,0.44492347488682904
BLAT_ECOLX_Firnberg_2014,36,1,0.9894736842105263,0.17870638222487378,zero_shot,0.4837209302325582,0.7813953488372093,3.0,1.0,3.0,0.48658922914466735
BLAT_ECOLX_Firnberg_2014,36,2,0.967741935483871,0.3369249630899628,zero_shot,0.5162790697674419,0.7767441860465116,0.0,2.0,0.0,0.4608491572434393
BLAT_ECOLX_Firnberg_2014,36,3,0.9787234042553191,0.3029445483141296,zero_shot,0.5626373626373626,0.7851648351648352,1.0,1.0,1.0,0.46561758999784436
BLAT_ECOLX_Firnberg_2014,37,1,0.9894736842105263,0.34058681491216347,zero_shot,0.586046511627907,0.8372093023255814,3.0,1.0,3.0,0.48658922914466735
BLAT_ECOLX_Firnberg_2014,37,2,0.967741935483871,0.44311220358312386,zero_shot,0.541860465116279,0.8430232558139534,0.0,2.0,0.0,0.4608491572434393
BLAT_ECOLX_Firnberg_2014,37,3,0.9333333333333333,0.4491599612413903,zero_shot,0.6186813186813187,0.8423076923076922,1.0,2.0,1.0,0.46561758999784436
BLAT_ECOLX_Firnberg_2014,38,1,1.0,0.23804639877950337,zero_shot,0.41860465116279066,0.9302325581395349,3.0,0.0,3.0,0.48658922914466735
BLAT_ECOLX_Firnberg_2014,38,2,1.0,0.33142214231691103,zero_shot,0.577906976744186,0.7883720930232557,0.0,0.0,0.0,0.4608491572434393
BLAT_ECOLX_Firnberg_2014,38,3,0.9787234042553191,0.33994203780356025,zero_shot,0.5895604395604396,0.7412087912087912,1.0,1.0,1.0,0.46561758999784436
BLAT_ECOLX_Firnberg_2014,39,1,1.0,0.16317045021984827,zero_shot,0.8697674418604651,0.9209302325581395,3.0,3.0,3.0,0.4764519535374868
BLAT_ECOLX_Firnberg_2014,39,2,0.967741935483871,0.32397917854032837,zero_shot,0.6441860465116279,0.7872093023255814,0.0,2.0,0.0,0.45060806486025173
BLAT_ECOLX_Firnberg_2014,39,3,0.945054945054945,0.30809802494968563,zero_shot,0.682967032967033,0.7901098901098901,1.0,1.0,1.0,0.45527053244233673
CALM1_HUMAN_Weile_2017,0,1,0.9894736842105263,0.10321118883957107,explore,0.4511627906976744,0.4976744186046511,1.0,0.0,0.0,0.4623229461756374
CALM1_HUMAN_Weile_2017,0,2,0.9787234042553191,0.16056256178243067,explore,0.42093023255813955,0.5313953488372093,1.0,0.0,0.0,0.44729178800232966
CALM1_HUMAN_Weile_2017,0,3,0.9894736842105263,0.18224689312574646,explore,0.42912087912087915,0.5456043956043957,0.0,0.0,0.0,0.4313960455362493
CALM1_HUMAN_Weile_2017,1,1,0.9787234042553191,0.08127029511868902,explore,0.5348837209302326,0.5255813953488372,1.0,4.0,0.0,0.48951841359773374
CALM1_HUMAN_Weile_2017,1,2,0.9787234042553191,0.12347214415937377,supervised,0.5802325581395349,0.5267441860465116,3.0,3.0,0.0,0.4752475247524752
CALM1_HUMAN_Weile_2017,1,3,0.967741935483871,0.0765256750095031,explore,0.5043956043956044,0.4412087912087912,2.0,2.0,0.0,0.402636309167166
CALM1_HUMAN_Weile_2017,2,1,1.0,0.10141108564928987,zero_shot,0.44651162790697674,0.6139534883720931,0.0,0.0,0.0,0.48951841359773374
CALM1_HUMAN_Weile_2017,2,2,1.0,0.18282689392295687,supervised,0.6313953488372093,0.4058139534883721,1.0,1.0,0.0,0.5032032615026208
CALM1_HUMAN_Weile_2017,2,3,0.9787234042553191,0.1270597289398625,explore,0.4241758241758241,0.38406593406593403,1.0,0.0,0.0,0.4889155182744158
CALM1_HUMAN_Weile_2017,3,1,0.967741935483871,0.3073249983206728,explore,0.2558139534883721,0.5348837209302326,0.0,0.0,0.0,0.48951841359773374
CALM1_HUMAN_Weile_2017,3,2,0.9565217391304348,0.3291849459501571,explore,0.29767441860465116,0.5348837209302326,1.0,0.0,0.0,0.5032032615026208
CALM1_HUMAN_Weile_2017,3,3,0.9565217391304348,0.2968463614833766,explore,0.3571428571428571,0.4725274725274725,0.0,0.0,0.0,0.4889155182744158
CALM1_HUMAN_Weile_2017,4,1,0.967741935483871,0.44913071997759735,zero_shot,0.5534883720930233,0.6511627906976745,0.0,0.0,0.0,0.4623229461756374
CALM1_HUMAN_Weile_2017,4,2,0.967741935483871,0.4602602827478357,explore,0.4744186046511628,0.4813953488372093,2.0,0.0,0.0,0.4752475247524752
CALM1_HUMAN_Weile_2017,4,3,0.9894736842105263,0.3694252783156663,explore,0.3159340659340659,0.4582417582417582,1.0,0.0,0.0,0.4313960455362493
CALM1_HUMAN_Weile_2017,5,1,0.9333333333333333,0.3434819383304515,supervised,0.7069767441860465,0.42790697674418604,0.0,0.0,0.0,0.48951841359773374
CALM1_HUMAN_Weile_2017,5,2,0.9090909090909091,0.3585356877788361,supervised,0.6139534883720931,0.5313953488372094,0.0,0.0,0.0,0.5032032615026208
CALM1_HUMAN_Weile_2017,5,3,0.9894736842105263,0.3957780689208861,supervised,0.5736263736263736,0.5005494505494505,1.0,1.0,0.0,0.5176752546434991
CALM1_HUMAN_Weile_2017,6,1,0.9565217391304348,0.12113314020316326,zero_shot,0.4976744186046511,0.5953488372093023,0.0,0.0,0.0,0.48951841359773374
CALM1_HUMAN_Weile_2017,6,2,0.9787234042553191,0.22785052301978498,explore,0.33372093023255817,0.48720930232558135,1.0,0.0,0.0,0.5032032615026208
CALM1_HUMAN_Weile_2017,6,3,1.0,0.11838096917687653,explore,0.36318681318681323,0.4208791208791209,0.0,1.0,0.0,0.4889155182744158
CALM1_HUMAN_Weile_2017,7,1,0.9894736842105263,0.1320835209935221,explore,0.5395348837209302,0.5441860465116279,1.0,0.0,0.0,0.48951841359773374
CALM1_HUMAN_Weile_2017,7,2,0.9787234042553191,0.17686849325865675,explore,0.4720930232558139,0.522093023255814,3.0,0.0,0.0,0.4752475247524752
CALM1_HUMAN_Weile_2017,7,3,0.945054945054945,0.2735188947235419,zero_shot,0.48846153846153845,0.5664835164835165,0.0,0.0,0.0,0.402636309167166
CALM1_HUMAN_Weile_2017,8,1,0.967741935483871,0.15210709175509304,zero_shot,0.558139534883721,0.6186046511627907,0.0,1.0,0.0,0.4623229461756374
CALM1_HUMAN_Weile_2017,8,2,0.9565217391304348,0.20154580521983378,supervised,0.6011627906976744,0.4709302325581395,0.0,0.0,0.0,0.4752475247524752
CALM1_HUMAN_Weile_2017,8,3,0.9787234042553191,0.2820460208169011,zero_shot,0.5313186813186812,0.5543956043956044,0.0,1.0,0.0,0.4889155182744158
CALM1_HUMAN_Weile_2017,9,1,0.9787234042553191,0.22245505840865215,zero_shot,0.4046511627906977,0.5953488372093023,0.0,0.0,0.0,0.48951841359773374
CALM1_HUMAN_Weile_2017,9,2,0.9894736842105263,0.31694244199652327,explore,0.5104651162790699,0.40697674418604657,1.0,0.0,0.0,0.5032032615026208
CALM1_HUMAN_Weile_2017,9,3,0.9894736842105263,0.39610026286887207,explore,0.5076923076923077,0.5164835164835164,1.0,0.0,0.0,0.4889155182744158
CALM1_HUMAN_Weile_2017,10,1,0.9894736842105263,0.17183072316438083,supervised,0.5953488372093023,0.4558139534883721,1.0,1.0,0.0,0.4351274787535411
CALM1_HUMAN_Weile_2017,10,2,1.0,0.05112216144145523,explore,0.41511627906976745,0.46395348837209305,0.0,0.0,0.0,0.41933605125218404
CALM1_HUMAN_Weile_2017,10,3,0.945054945054945,0.21881621828725095,explore,0.35934065934065934,0.4456043956043956,0.0,0.0,0.0,0.4313960455362493
CALM1_HUMAN_Weile_2017,11,1,0.967741935483871,0.32703086873324066,explore,0.2744186046511628,0.31162790697674425,1.0,0.0,0.0,0.48951841359773374
CALM1_HUMAN_Weile_2017,11,2,0.9787234042553191,0.224151723608046,explore,0.4,0.39069767441860465,0.0,1.0,0.0,0.4752475247524752
CALM1_HUMAN_Weile_2017,11,3,0.967741935483871,0.37661137376382653,explore,0.5208791208791209,0.4175824175824176,0.0,0.0,0.0,0.4889155182744158
CALM1_HUMAN_Weile_2017,12,1,0.9787234042553191,0.22633170245168802,supervised,0.572093023255814,0.5534883720930233,0.0,0.0,0.0,0.4351274787535411
CALM1_HUMAN_Weile_2017,12,2,0.9894736842105263,-0.0258025793852127,explore,0.4790697674418605,0.5034883720930232,0.0,1.0,0.0,0.44729178800232966
CALM1_HUMAN_Weile_2017,12,3,0.9894736842105263,0.21631083944806714,zero_shot,0.4576923076923077,0.5626373626373626,0.0,0.0,0.0,0.4601557819053325
CALM1_HUMAN_Weile_2017,13,1,0.9565217391304348,0.39116493008085373,zero_shot,0.5581395348837209,0.6465116279069767,0.0,0.0,0.0,0.48951841359773374
CALM1_HUMAN_Weile_2017,13,2,0.945054945054945,0.3815886730305746,supervised,0.5930232558139534,0.3883720930232558,0.0,0.0,0.0,0.5032032615026208
CALM1_HUMAN_Weile_2017,13,3,0.967741935483871,0.31794139001067223,explore,0.5181318681318681,0.38571428571428573,0.0,0.0,0.0,0.5176752546434991
CALM1_HUMAN_Weile_2017,14,1,0.967741935483871,0.3636048201637271,zero_shot,0.5116279069767442,0.5767441860465117,0.0,0.0,0.0,0.48951841359773374
CALM1_HUMAN_Weile_2017,14,2,1.0,0.36463062322612155,explore,0.5488372093023256,0.4686046511627907,0.0,0.0,0.0,0.5032032615026208
CALM1_HUMAN_Weile_2017,14,3,0.9894736842105263,0.2339944156687008,explore,0.39725274725274723,0.40604395604395604,1.0,1.0,0.0,0.5176752546434991
CALM1_HUMAN_Weile_2017,15,1,0.967741935483871,0.32429206361384916,explore,0.386046511627907,0.3953488372093023,0.0,0.0,0.0,0.48951841359773374
CALM1_HUMAN_Weile_2017,15,2,0.9090909090909091,0.39928564634177055,explore,0.4325581395348837,0.5441860465116279,2.0,0.0,0.0,0.5032032615026208
CALM1_HUMAN_Weile_2017,15,3,0.9333333333333333,0.3138858596516567,zero_shot,0.48021978021978023,0.5730769230769232,0.0,0.0,0.0,0.4601557819053325
CALM1_HUMAN_Weile_2017,16,1,0.9565217391304348,0.4518756156001102,zero_shot,0.6511627906976745,0.7069767441860465,0.0,0.0,0.0,0.48951841359773374
CALM1_HUMAN_Weile_2017,16,2,0.967741935483871,0.38719961702896866,supervised,0.6441860465116279,0.48953488372093024,0.0,0.0,0.0,0.5032032615026208
CALM1_HUMAN_Weile_2017,16,3,0.9894736842105263,0.26680079219098696,supervised,0.582967032967033,0.4879120879120879,0.0,0.0,0.0,0.5176752546434991
CALM1_HUMAN_Weile_2017,17,1,1.0,0.16734453117617862,explore,0.4790697674418605,0.2372093023255814,0.0,0.0,0.0,0.48951841359773374
CALM1_HUMAN_Weile_2017,17,2,0.945054945054945,0.46716846952607755,explore,0.46744186046511627,0.363953488372093,1.0,0.0,0.0,0.5032032615026208
CALM1_HUMAN_Weile_2017,17,3,0.945054945054945,0.40763068717860257,explore,0.43846153846153846,0.39670329670329674,2.0,0.0,0.0,0.4889155182744158
CALM1_HUMAN_Weile_2017,18,1,0.9787234042553191,0.25049316314436815,supervised,0.6744186046511629,0.5627906976744186,0.0,0.0,0.0,0.4351274787535411
CALM1_HUMAN_Weile_2017,18,2,1.0,0.19249192153384437,zero_shot,0.5534883720930233,0.586046511627907,0.0,0.0,0.0,0.44729178800232966
CALM1_HUMAN_Weile_2017,18,3,0.945054945054945,0.30975471048625897,supervised,0.5785714285714286,0.5032967032967033,0.0,0.0,0.0,0.4601557819053325
CALM1_HUMAN_Weile_2017,19,1,0.9565217391304348,0.08670460375021159,explore,0.2604651162790698,0.4604651162790697,0.0,0.0,0.0,0.48951841359773374
CALM1_HUMAN_Weile_2017,19,2,0.9565217391304348,0.21148427014337623,zero_shot,0.41511627906976745,0.5534883720930233,0.0,0.0,0.0,0.5032032615026208
CALM1_HUMAN_Weile_2017,19,3,1.0,0.143736197784135,explore,0.5021978021978022,0.5021978021978022,0.0,0.0,0.0,0.5176752546434991
CALM1_HUMAN_Weile_2017,20,1,0.9565217391304348,0.2851285662302382,supervised,0.627906976744186,0.572093023255814,1.0,1.0,0.0,0.48951841359773374
CALM1_HUMAN_Weile_2017,20,2,0.945054945054945,0.3145084772567457,zero_shot,0.5302325581395348,0.5930232558139535,0.0,0.0,0.0,0.4752475247524752
CALM1_HUMAN_Weile_2017,20,3,0.967741935483871,0.3389323005005662,explore,0.532967032967033,0.5164835164835164,1.0,0.0,0.0,0.4889155182744158
CALM1_HUMAN_Weile_2017,21,1,0.9894736842105263,0.2253029543420311,supervised,0.6604651162790699,0.4186046511627907,0.0,0.0,0.0,0.48951841359773374
CALM1_HUMAN_Weile_2017,21,2,1.0,0.04093716863634184,supervised,0.5965116279069768,0.491860465116279,1.0,1.0,0.0,0.5032032615026208
CALM1_HUMAN_Weile_2017,21,3,0.9894736842105263,-0.005108960393997372,explore,0.4681318681318681,0.42252747252747247,0.0,2.0,0.0,0.4889155182744158
CALM1_HUMAN_Weile_2017,22,1,0.967741935483871,0.10101230483823569,explore,0.4883720930232558,0.45116279069767445,0.0,0.0,0.0,0.48951841359773374
CALM1_HUMAN_Weile_2017,22,2,0.9565217391304348,0.12898616983647485,explore,0.44302325581395346,0.4906976744186046,1.0,0.0,0.0,0.5032032615026208
CALM1_HUMAN_Weile_2017,22,3,0.945054945054945,0.2017074305613118,explore,0.41098901098901097,0.4604395604395604,1.0,0.0,0.0,0.4889155182744158
CALM1_HUMAN_Weile_2017,23,1,0.945054945054945,0.3027901198841374,supervised,0.7627906976744185,0.31162790697674425,1.0,1.0,0.0,0.4623229461756374
CALM1_HUMAN_Weile_2017,23,2,0.9787234042553191,0.16675092387313356,explore,0.5174418604651163,0.3883720930232558,0.0,1.0,0.0,0.44729178800232966
CALM1_HUMAN_Weile_2017,23,3,0.967741935483871,0.2682471581697811,explore,0.5285714285714286,0.3324175824175824,0.0,0.0,0.0,0.4601557819053325
CALM1_HUMAN_Weile_2017,24,1,0.945054945054945,0.3667967060672815,supervised,0.5627906976744186,0.39534883720930236,0.0,0.0,0.0,0.48951841359773374
CALM1_HUMAN_Weile_2017,24,2,1.0,0.1882620760656109,supervised,0.5720930232558139,0.5069767441860464,0.0,0.0,0.0,0.5032032615026208
CALM1_HUMAN_Weile_2017,24,3,0.9565217391304348,0.3399438969262603,supervised,0.5521978021978022,0.5494505494505495,1.0,1.0,0.0,0.5176752546434991
CALM1_HUMAN_Weile_2017,25,1,0.9894736842105263,0.28397587176028755,zero_shot,0.5720930232558139,0.5906976744186047,0.0,0.0,0.0,0.4623229461756374
CALM1_HUMAN_Weile_2017,25,2,0.9894736842105263,0.25100640687249504,supervised,0.6651162790697674,0.4767441860465116,1.0,1.0,0.0,0.4752475247524752
CALM1_HUMAN_Weile_2017,25,3,1.0,0.28741011111388143,explore,0.5137362637362637,0.45219780219780215,0.0,0.0,0.0,0.4601557819053325
CALM1_HUMAN_Weile_2017,26,1,0.945054945054945,0.1953512061443508,explore,0.49767441860465117,0.33488372093023255,0.0,0.0,0.0,0.48951841359773374
CALM1_HUMAN_Weile_2017,26,2,0.9333333333333333,0.285330870312638,supervised,0.6197674418604651,0.38372093023255816,0.0,0.0,0.0,0.5032032615026208
CALM1_HUMAN_Weile_2017,26,3,0.9894736842105263,0.22536950627084743,explore,0.5423076923076923,0.4846153846153846,1.0,0.0,0.0,0.5176752546434991
CALM1_HUMAN_Weile_2017,27,1,0.945054945054945,0.3371186668068654,zero_shot,0.3767441860465116,0.5627906976744186,0.0,0.0,0.0,0.48951841359773374
CALM1_HUMAN_Weile_2017,27,2,0.967741935483871,0.2553735931402915,explore,0.508139534883721,0.4848837209302326,3.0,0.0,0.0,0.5032032615026208
CALM1_HUMAN_Weile_2017,27,3,0.9894736842105263,0.2530153240774482,explore,0.4829670329670329,0.4186813186813187,0.0,0.0,0.0,0.4313960455362493
CALM1_HUMAN_Weile_2017,28,1,0.967741935483871,0.16808614070472513,supervised,0.6837209302325582,0.46511627906976744,0.0,0.0,0.0,0.48951841359773374
CALM1_HUMAN_Weile_2017,28,2,0.9565217391304348,0.21804178189638698,supervised,0.5546511627906977,0.3906976744186047,0.0,0.0,0.0,0.5032032615026208
CALM1_HUMAN_Weile_2017,28,3,0.967741935483871,0.2593515509162457,explore,0.4989010989010989,0.4456043956043957,1.0,0.0,0.0,0.5176752546434991
CALM1_HUMAN_Weile_2017,29,1,0.9894736842105263,0.3698396623955549,zero_shot,0.372093023255814,0.6418604651162791,0.0,0.0,0.0,0.48951841359773374
CALM1_HUMAN_Weile_2017,29,2,0.9565217391304348,0.3204916459511275,supervised,0.5627906976744186,0.49883720930232556,0.0,0.0,0.0,0.5032032615026208
CALM1_HUMAN_Weile_2017,29,3,0.9787234042553191,0.1488367586458227,supervised,0.6835164835164835,0.4538461538461538,0.0,0.0,0.0,0.5176752546434991
CALM1_HUMAN_Weile_2017,30,1,0.9333333333333333,0.2475723815120086,supervised,0.6418604651162791,0.44651162790697674,1.0,1.0,0.0,0.4623229461756374
CALM1_HUMAN_Weile_2017,30,2,0.9787234042553191,0.16328001480400847,explore,0.5383720930232558,0.5430232558139535,1.0,0.0,0.0,0.44729178800232966
CALM1_HUMAN_Weile_2017,30,3,0.967741935483871,0.1133561179072135,explore,0.5126373626373626,0.4461538461538462,0.0,1.0,0.0,0.4313960455362493
CALM1_HUMAN_Weile_2017,31,1,0.9787234042553191,0.21327866740053197,explore,0.4418604651162791,0.19534883720930232,0.0,0.0,0.0,0.4351274787535411
CALM1_HUMAN_Weile_2017,31,2,0.9787234042553191,0.18710724474451815,explore,0.4534883720930233,0.3081395348837209,0.0,0.0,0.0,0.44729178800232966
CALM1_HUMAN_Weile_2017,31,3,0.9565217391304348,0.22253679615522487,explore,0.4620879120879121,0.3730769230769231,1.0,0.0,0.0,0.4601557819053325
CALM1_HUMAN_Weile_2017,32,1,0.945054945054945,0.18540469133162657,zero_shot,0.6511627906976745,0.7488372093023257,0.0,1.0,0.0,0.48951841359773374
CALM1_HUMAN_Weile_2017,32,2,1.0,0.24239014082076576,zero_shot,0.608139534883721,0.6441860465116279,0.0,0.0,0.0,0.5032032615026208
CALM1_HUMAN_Weile_2017,32,3,0.9565217391304348,0.20185316571927445,supervised,0.6181318681318682,0.5269230769230769,0.0,0.0,1.0,0.5176752546434991
CALM1_HUMAN_Weile_2017,33,1,0.9565217391304348,0.4390620214798081,explore,0.2837209302325582,0.5116279069767442,0.0,0.0,0.0,0.48951841359773374
CALM1_HUMAN_Weile_2017,33,2,0.9333333333333333,0.27658209466359845,zero_shot,0.5779069767441861,0.6523255813953488,0.0,0.0,0.0,0.5032032615026208
CALM1_HUMAN_Weile_2017,33,3,0.9787234042553191,0.282908958208551,explore,0.4593406593406594,0.5412087912087912,0.0,0.0,0.0,0.5176752546434991
CALM1_HUMAN_Weile_2017,34,1,0.967741935483871,0.3538520466612415,supervised,0.7534883720930232,0.6558139534883721,0.0,0.0,0.0,0.48951841359773374
CALM1_HUMAN_Weile_2017,34,2,0.967741935483871,0.3537942887592981,supervised,0.6453488372093024,0.622093023255814,0.0,0.0,0.0,0.5032032615026208
CALM1_HUMAN_Weile_2017,34,3,1.0,0.2342457704614003,supervised,0.6857142857142857,0.5137362637362637,0.0,0.0,0.0,0.5176752546434991
CALM1_HUMAN_Weile_2017,35,1,0.9894736842105263,0.34679918872822263,zero_shot,0.5069767441860465,0.5906976744186047,0.0,1.0,0.0,0.48951841359773374
CALM1_HUMAN_Weile_2017,35,2,1.0,0.29082331334432276,supervised,0.5662790697674418,0.48953488372093024,0.0,0.0,0.0,0.5032032615026208
CALM1_HUMAN_Weile_2017,35,3,0.9787234042553191,0.14176413445154168,supervised,0.5967032967032968,0.5071428571428571,1.0,1.0,0.0,0.5176752546434991
CALM1_HUMAN_Weile_2017,36,1,0.9565217391304348,0.08749120960281909,explore,0.33488372093023255,0.4744186046511628,1.0,0.0,0.0,0.48951841359773374
CALM1_HUMAN_Weile_2017,36,2,0.967741935483871,0.15018821305927557,explore,0.45232558139534884,0.5441860465116279,0.0,1.0,0.0,0.4752475247524752
CALM1_HUMAN_Weile_2017,36,3,0.967741935483871,0.17462574770900471,explore,0.478021978021978,0.5192307692307693,0.0,1.0,0.0,0.4889155182744158
CALM1_HUMAN_Weile_2017,37,1,0.9894736842105263,0.08658749742184935,supervised,0.5767441860465117,0.27906976744186046,1.0,1.0,0.0,0.4623229461756374
CALM1_HUMAN_Weile_2017,37,2,1.0,-0.018049839805353515,explore,0.4488372093023256,0.37209302325581395,0.0,0.0,0.0,0.44729178800232966
CALM1_HUMAN_Weile_2017,37,3,0.9894736842105263,0.1889192518187384,explore,0.34725274725274724,0.3516483516483516,2.0,0.0,0.0,0.4601557819053325
CALM1_HUMAN_Weile_2017,38,1,1.0,0.05561735952216743,explore,0.4976744186046512,0.4697674418604651,1.0,0.0,0.0,0.48951841359773374
CALM1_HUMAN_Weile_2017,38,2,0.945054945054945,0.09512782374289584,explore,0.2651162790697674,0.5313953488372094,1.0,1.0,0.0,0.4752475247524752
CALM1_HUMAN_Weile_2017,38,3,0.9787234042553191,0.1770725542045069,explore,0.3357142857142857,0.4565934065934065,1.0,0.0,0.0,0.4601557819053325
CALM1_HUMAN_Weile_2017,39,1,1.0,0.11866496800636624,explore,0.43255813953488376,0.3302325581395349,0.0,0.0,0.0,0.48951841359773374
CALM1_HUMAN_Weile_2017,39,2,0.9894736842105263,0.11607078043624873,explore,0.3790697674418605,0.3825581395348837,0.0,0.0,0.0,0.5032032615026208
CALM1_HUMAN_Weile_2017,39,3,0.9787234042553191,0.3137142676220215,explore,0.32197802197802194,0.4516483516483516,0.0,0.0,0.0,0.5176752546434991
DYR_ECOLI_Thompson_plusLon_2019,0,1,1.0,0.1628790735701964,zero_shot,0.5116279069767442,0.6697674418604652,0.0,0.0,0.0,0.4976241900647948
DYR_ECOLI_Thompson_plusLon_2019,0,2,0.9565217391304348,0.30528507944206923,zero_shot,0.4790697674418605,0.658139534883721,1.0,0.0,1.0,0.5081605646228495
DYR_ECOLI_Thompson_plusLon_2019,0,3,0.967741935483871,0.32900359457421724,explore,0.48351648351648346,0.5274725274725275,0.0,1.0,2.0,0.4975214060387562
DYR_ECOLI_Thompson_plusLon_2019,1,1,1.0,0.19501350278374682,zero_shot,0.5906976744186047,0.6232558139534884,0.0,2.0,0.0,0.4976241900647948
DYR_ECOLI_Thompson_plusLon_2019,1,2,0.945054945054945,0.16399337295767893,supervised,0.6395348837209303,0.463953488372093,3.0,3.0,1.0,0.5081605646228495
DYR_ECOLI_Thompson_plusLon_2019,1,3,0.967741935483871,0.13701326687117624,explore,0.5412087912087912,0.41813186813186815,1.0,1.0,1.0,0.45425867507886436
DYR_ECOLI_Thompson_plusLon_2019,2,1,1.0,0.07474645605727111,zero_shot,0.46046511627906983,0.8093023255813954,0.0,1.0,0.0,0.4976241900647948
DYR_ECOLI_Thompson_plusLon_2019,2,2,0.9565217391304348,0.16062493686054943,supervised,0.5744186046511628,0.5104651162790699,0.0,0.0,1.0,0.5081605646228495
DYR_ECOLI_Thompson_plusLon_2019,2,3,0.9333333333333333,0.2794679823586054,zero_shot,0.5307692307692308,0.5791208791208791,1.0,0.0,1.0,0.5191527715187021
DYR_ECOLI_Thompson_plusLon_2019,3,1,0.9894736842105263,0.19179066930772273,zero_shot,0.6046511627906976,0.7023255813953488,0.0,1.0,0.0,0.45615550755939527
DYR_ECOLI_Thompson_plusLon_2019,3,2,0.9894736842105263,0.23825453301362948,zero_shot,0.4872093023255814,0.6011627906976744,1.0,0.0,1.0,0.4658138509042788
DYR_ECOLI_Thompson_plusLon_2019,3,3,0.967741935483871,0.25847104660529513,supervised,0.5659340659340659,0.4846153846153846,1.0,1.0,2.0,0.45425867507886436
DYR_ECOLI_Thompson_plusLon_2019,4,1,0.9787234042553191,0.25071464029825513,zero_shot,0.5116279069767442,0.5906976744186048,0.0,0.0,0.0,0.4976241900647948
DYR_ECOLI_Thompson_plusLon_2019,4,2,0.9090909090909091,0.26054366025271924,zero_shot,0.5593023255813954,0.6476744186046512,1.0,1.0,1.0,0.5081605646228495
DYR_ECOLI_Thompson_plusLon_2019,4,3,0.945054945054945,0.26430431070068533,supervised,0.5818681318681319,0.5285714285714286,2.0,2.0,2.0,0.4975214060387562
DYR_ECOLI_Thompson_plusLon_2019,5,1,1.0,0.1789001555823195,explore,0.4790697674418605,0.5441860465116279,1.0,2.0,0.0,0.45615550755939527
DYR_ECOLI_Thompson_plusLon_2019,5,2,0.9894736842105263,0.18841280131339702,supervised,0.6174418604651162,0.5209302325581395,3.0,3.0,0.0,0.4446404940449934
DYR_ECOLI_Thompson_plusLon_2019,5,3,0.9894736842105263,0.2404070237699901,supervised,0.5571428571428572,0.5565934065934066,1.0,1.0,0.0,0.38936457863902657
DYR_ECOLI_Thompson_plusLon_2019,6,1,0.967741935483871,0.20727601428839257,zero_shot,0.6930232558139535,0.7209302325581395,0.0,0.0,0.0,0.4976241900647948
DYR_ECOLI_Thompson_plusLon_2019,6,2,0.896551724137931,0.24720469234866863,zero_shot,0.5930232558139535,0.6837209302325582,1.0,0.0,1.0,0.5081605646228495
DYR_ECOLI_Thompson_plusLon_2019,6,3,0.945054945054945,0.24014746052712305,supervised,0.6093406593406594,0.49615384615384617,1.0,1.0,2.0,0.4975214060387562
DYR_ECOLI_Thompson_plusLon_2019,7,1,0.9787234042553191,0.101796028485303,supervised,0.6,0.5674418604651164,3.0,3.0,0.0,0.4976241900647948
DYR_ECOLI_Thompson_plusLon_2019,7,2,0.9894736842105263,0.19992816090495552,supervised,0.6593023255813953,0.5604651162790698,2.0,2.0,0.0,0.4446404940449934
DYR_ECOLI_Thompson_plusLon_2019,7,3,0.9894736842105263,0.2214561788664171,zero_shot,0.5774725274725275,0.5967032967032967,0.0,1.0,0.0,0.4109959441189725
DYR_ECOLI_Thompson_plusLon_2019,8,1,0.9894736842105263,0.22433694833317946,zero_shot,0.5581395348837209,0.8046511627906977,0.0,2.0,0.0,0.4976241900647948
DYR_ECOLI_Thompson_plusLon_2019,8,2,0.967741935483871,0.3053754236015345,zero_shot,0.4546511627906977,0.5674418604651162,1.0,0.0,1.0,0.5081605646228495
DYR_ECOLI_Thompson_plusLon_2019,8,3,0.967741935483871,0.2482165314649716,explore,0.5164835164835165,0.5483516483516484,1.0,0.0,2.0,0.4975214060387562
DYR_ECOLI_Thompson_plusLon_2019,9,1,0.9894736842105263,0.3115067125709054,supervised,0.7395348837209302,0.5348837209302326,0.0,0.0,0.0,0.4976241900647948
DYR_ECOLI_Thompson_plusLon_2019,9,2,0.9894736842105263,0.2402002963980596,supervised,0.7953488372093023,0.34418604651162793,1.0,1.0,0.0,0.5081605646228495
DYR_ECOLI_Thompson_plusLon_2019,9,3,0.9787234042553191,0.2533204941488097,supervised,0.7587912087912088,0.3675824175824176,1.0,1.0,0.0,0.4975214060387562
DYR_ECOLI_Thompson_plusLon_2019,10,1,1.0,0.15140956614787482,zero_shot,0.3627906976744186,0.6883720930232559,0.0,0.0,0.0,0.4976241900647948
DYR_ECOLI_Thompson_plusLon_2019,10,2,0.945054945054945,0.16454966335970295,zero_shot,0.5604651162790698,0.5802325581395349,1.0,0.0,1.0,0.5081605646228495
DYR_ECOLI_Thompson_plusLon_2019,10,3,0.967741935483871,0.21554457396044158,explore,0.4796703296703297,0.532967032967033,0.0,1.0,2.0,0.4975214060387562
DYR_ECOLI_Thompson_plusLon_2019,11,1,0.9894736842105263,0.08783374624216922,zero_shot,0.3813953488372093,0.6232558139534884,0.0,0.0,0.0,0.476889848812095
DYR_ECOLI_Thompson_plusLon_2019,11,2,0.9213483146067416,0.11882378113585175,explore,0.4348837209302326,0.3790697674418605,1.0,0.0,1.0,0.4869872077635642
DYR_ECOLI_Thompson_plusLon_2019,11,3,0.9333333333333333,0.17982391474552833,explore,0.5362637362637361,0.41593406593406596,0.0,0.0,1.0,0.4758900405588103
DYR_ECOLI_Thompson_plusLon_2019,12,1,1.0,0.09357819675769681,zero_shot,0.44651162790697674,0.6976744186046512,0.0,1.0,0.0,0.4976241900647948
DYR_ECOLI_Thompson_plusLon_2019,12,2,0.9333333333333333,0.14531244790891457,explore,0.5279069767441861,0.4744186046511628,0.0,0.0,1.0,0.5081605646228495
DYR_ECOLI_Thompson_plusLon_2019,12,3,0.9333333333333333,0.29344081393677135,supervised,0.6038461538461538,0.5412087912087912,1.0,1.0,1.0,0.5191527715187021
DYR_ECOLI_Thompson_plusLon_2019,13,1,0.9894736842105263,0.32527764713956275,explore,0.3906976744186047,0.4744186046511628,1.0,0.0,0.0,0.4976241900647948
DYR_ECOLI_Thompson_plusLon_2019,13,2,1.0,0.3330257357309189,zero_shot,0.4476744186046512,0.5686046511627907,0.0,0.0,0.0,0.4869872077635642
DYR_ECOLI_Thompson_plusLon_2019,13,3,0.9333333333333333,0.36031848723627846,explore,0.4829670329670329,0.4565934065934065,0.0,0.0,1.0,0.4975214060387562
DYR_ECOLI_Thompson_plusLon_2019,14,1,1.0,0.2634659597944321,explore,0.46976744186046515,0.4558139534883721,0.0,1.0,0.0,0.476889848812095
DYR_ECOLI_Thompson_plusLon_2019,14,2,0.9894736842105263,0.31450796784024815,zero_shot,0.641860465116279,0.6546511627906977,0.0,1.0,0.0,0.4869872077635642
DYR_ECOLI_Thompson_plusLon_2019,14,3,0.9213483146067416,0.2833372098941881,supervised,0.6269230769230769,0.5846153846153845,0.0,0.0,1.0,0.4975214060387562
DYR_ECOLI_Thompson_plusLon_2019,15,1,1.0,0.22069406721430218,supervised,0.6139534883720931,0.5581395348837209,1.0,1.0,0.0,0.4976241900647948
DYR_ECOLI_Thompson_plusLon_2019,15,2,0.9894736842105263,0.18230983569934495,supervised,0.7593023255813954,0.6686046511627907,0.0,0.0,0.0,0.4869872077635642
DYR_ECOLI_Thompson_plusLon_2019,15,3,0.9894736842105263,0.22549991767936908,supervised,0.6620879120879121,0.6016483516483517,0.0,0.0,0.0,0.4975214060387562
DYR_ECOLI_Thompson_plusLon_2019,16,1,1.0,0.06436356013926967,supervised,0.5534883720930233,0.45581395348837206,0.0,0.0,0.0,0.4976241900647948
DYR_ECOLI_Thompson_plusLon_2019,16,2,0.9894736842105263,0.14135519677729333,explore,0.4627906976744186,0.46976744186046515,1.0,0.0,0.0,0.5081605646228495
DYR_ECOLI_Thompson_plusLon_2019,16,3,0.967741935483871,0.2527656145564208,explore,0.4818681318681319,0.4351648351648352,0.0,0.0,0.0,0.4975214060387562
DYR_ECOLI_Thompson_plusLon_2019,17,1,0.9894736842105263,0.13283295730636047,zero_shot,0.5488372093023256,0.6372093023255814,0.0,0.0,0.0,0.4976241900647948
DYR_ECOLI_Thompson_plusLon_2019,17,2,0.8837209302325582,0.31019514567834133,zero_shot,0.5616279069767441,0.5825581395348838,1.0,0.0,1.0,0.5081605646228495
DYR_ECOLI_Thompson_plusLon_2019,17,3,0.945054945054945,0.3168115179492748,supervised,0.5532967032967032,0.49065934065934064,2.0,2.0,2.0,0.4975214060387562
DYR_ECOLI_Thompson_plusLon_2019,18,1,0.9894736842105263,0.25781146104348823,zero_shot,0.32558139534883723,0.5627906976744187,0.0,1.0,0.0,0.4976241900647948
DYR_ECOLI_Thompson_plusLon_2019,18,2,0.9333333333333333,0.27067459011535616,zero_shot,0.5116279069767442,0.5534883720930233,1.0,0.0,1.0,0.5081605646228495
DYR_ECOLI_Thompson_plusLon_2019,18,3,0.9565217391304348,0.29596438018774224,explore,0.5335164835164835,0.5362637362637362,0.0,1.0,2.0,0.4975214060387562
DYR_ECOLI_Thompson_plusLon_2019,19,1,1.0,0.20424920320955237,supervised,0.6790697674418604,0.6651162790697674,1.0,1.0,0.0,0.4976241900647948
DYR_ECOLI_Thompson_plusLon_2019,19,2,1.0,0.12507605271134797,supervised,0.866279069767442,0.713953488372093,2.0,2.0,0.0,0.4869872077635642
DYR_ECOLI_Thompson_plusLon_2019,19,3,0.9894736842105263,0.11465159782944079,supervised,0.7879120879120879,0.7758241758241758,1.0,1.0,0.0,0.45425867507886436
DYR_ECOLI_Thompson_plusLon_2019,20,1,1.0,0.06543019967116806,supervised,0.7116279069767442,0.6697674418604651,1.0,1.0,0.0,0.45615550755939527
DYR_ECOLI_Thompson_plusLon_2019,20,2,0.967741935483871,0.2410319534923421,zero_shot,0.7465116279069768,0.758139534883721,0.0,1.0,0.0,0.4446404940449934
DYR_ECOLI_Thompson_plusLon_2019,20,3,0.945054945054945,0.2766177364170732,supervised,0.6175824175824176,0.5450549450549451,1.0,1.0,0.0,0.45425867507886436
DYR_ECOLI_Thompson_plusLon_2019,21,1,1.0,0.03622484803396923,supervised,0.7348837209302326,0.7395348837209302,0.0,0.0,0.0,0.4976241900647948
DYR_ECOLI_Thompson_plusLon_2019,21,2,0.9894736842105263,0.25873732256177073,supervised,0.7197674418604652,0.677906976744186,0.0,0.0,0.0,0.5081605646228495
DYR_ECOLI_Thompson_plusLon_2019,21,3,1.0,0.2941462544067806,supervised,0.7565934065934066,0.6901098901098901,1.0,1.0,0.0,0.5191527715187021
DYR_ECOLI_Thompson_plusLon_2019,22,1,1.0,0.12885378401443584,zero_shot,0.46511627906976744,0.7348837209302326,0.0,1.0,0.0,0.4976241900647948
DYR_ECOLI_Thompson_plusLon_2019,22,2,0.9213483146067416,0.20095575170872834,supervised,0.5581395348837209,0.48604651162790696,0.0,0.0,1.0,0.5081605646228495
DYR_ECOLI_Thompson_plusLon_2019,22,3,0.9565217391304348,0.2631861082204918,explore,0.5208791208791208,0.4857142857142857,0.0,2.0,1.0,0.5191527715187021
DYR_ECOLI_Thompson_plusLon_2019,23,1,0.9787234042553191,0.15003191045635844,supervised,0.7302325581395349,0.6418604651162791,0.0,0.0,0.0,0.476889848812095
DYR_ECOLI_Thompson_plusLon_2019,23,2,0.9787234042553191,0.26937994108363994,zero_shot,0.6127906976744186,0.6255813953488372,0.0,0.0,0.0,0.4869872077635642
DYR_ECOLI_Thompson_plusLon_2019,23,3,0.967741935483871,0.29928026155584725,explore,0.46373626373626375,0.5049450549450549,0.0,0.0,1.0,0.4975214060387562
DYR_ECOLI_Thompson_plusLon_2019,24,1,0.9894736842105263,0.21330572385043153,zero_shot,0.4418604651162791,0.7674418604651162,0.0,0.0,0.0,0.476889848812095
DYR_ECOLI_Thompson_plusLon_2019,24,2,0.9090909090909091,0.2312307405905774,zero_shot,0.4813953488372093,0.6,1.0,0.0,1.0,0.4869872077635642
DYR_ECOLI_Thompson_plusLon_2019,24,3,0.945054945054945,0.2630030728375751,zero_shot,0.49615384615384617,0.5505494505494506,1.0,2.0,1.0,0.4758900405588103
DYR_ECOLI_Thompson_plusLon_2019,25,1,0.9894736842105263,0.2281871803383201,zero_shot,0.5581395348837209,0.6186046511627907,0.0,0.0,0.0,0.4976241900647948
DYR_ECOLI_Thompson_plusLon_2019,25,2,0.945054945054945,0.200306599980477,supervised,0.5883720930232559,0.5732558139534883,0.0,0.0,1.0,0.5081605646228495
DYR_ECOLI_Thompson_plusLon_2019,25,3,0.9787234042553191,0.2376250958109357,supervised,0.6230769230769231,0.4824175824175824,0.0,0.0,1.0,0.5191527715187021
DYR_ECOLI_Thompson_plusLon_2019,26,1,0.9894736842105263,0.3205941607294872,zero_shot,0.4418604651162791,0.758139534883721,0.0,0.0,0.0,0.4976241900647948
DYR_ECOLI_Thompson_plusLon_2019,26,2,0.9333333333333333,0.28294652754247096,zero_shot,0.4767441860465116,0.5558139534883721,1.0,1.0,1.0,0.5081605646228495
DYR_ECOLI_Thompson_plusLon_2019,26,3,0.9787234042553191,0.3077905691111589,explore,0.4917582417582418,0.4642857142857143,1.0,3.0,2.0,0.4975214060387562
DYR_ECOLI_Thompson_plusLon_2019,27,1,0.9787234042553191,0.1906497818233335,zero_shot,0.6976744186046512,0.7860465116279071,0.0,0.0,0.0,0.4976241900647948
DYR_ECOLI_Thompson_plusLon_2019,27,2,0.9333333333333333,0.2236530471287498,supervised,0.6488372093023256,0.5127906976744185,0.0,0.0,1.0,0.5081605646228495
DYR_ECOLI_Thompson_plusLon_2019,27,3,0.9565217391304348,0.14659996478576906,supervised,0.5785714285714285,0.521978021978022,0.0,0.0,1.0,0.5191527715187021
DYR_ECOLI_Thompson_plusLon_2019,28,1,0.9894736842105263,0.2874507093239916,zero_shot,0.5348837209302326,0.6372093023255814,0.0,0.0,0.0,0.476889848812095
DYR_ECOLI_Thompson_plusLon_2019,28,2,0.9787234042553191,0.27718791225221173,zero_shot,0.536046511627907,0.7244186046511628,1.0,0.0,1.0,0.4869872077635642
DYR_ECOLI_Thompson_plusLon_2019,28,3,0.967741935483871,0.25372246791094827,explore,0.5456043956043956,0.5423076923076923,0.0,1.0,2.0,0.4758900405588103
DYR_ECOLI_Thompson_plusLon_2019,29,1,1.0,0.2766826296190691,zero_shot,0.5023255813953489,0.786046511627907,0.0,0.0,0.0,0.4976241900647948
DYR_ECOLI_Thompson_plusLon_2019,29,2,0.9213483146067416,0.2736220362533507,zero_shot,0.4918604651162791,0.5627906976744186,1.0,0.0,1.0,0.5081605646228495
DYR_ECOLI_Thompson_plusLon_2019,29,3,0.945054945054945,0.3121696654819555,supervised,0.5862637362637364,0.42747252747252745,1.0,1.0,2.0,0.4975214060387562
DYR_ECOLI_Thompson_plusLon_2019,30,1,0.9894736842105263,0.1650146078747874,zero_shot,0.4790697674418605,0.813953488372093,0.0,0.0,0.0,0.4976241900647948
DYR_ECOLI_Thompson_plusLon_2019,30,2,0.9213483146067416,0.3148927921175298,explore,0.46046511627906983,0.5290697674418605,0.0,0.0,1.0,0.5081605646228495
DYR_ECOLI_Thompson_plusLon_2019,30,3,0.967741935483871,0.32845067087557595,zero_shot,0.5005494505494505,0.6362637362637362,1.0,1.0,1.0,0.5191527715187021
DYR_ECOLI_Thompson_plusLon_2019,31,1,0.9894736842105263,0.3143172015301101,zero_shot,0.5534883720930233,0.5767441860465117,0.0,2.0,0.0,0.476889848812095
DYR_ECOLI_Thompson_plusLon_2019,31,2,0.9787234042553191,0.3210248908172377,explore,0.5406976744186047,0.5104651162790698,0.0,2.0,1.0,0.4869872077635642
DYR_ECOLI_Thompson_plusLon_2019,31,3,0.9894736842105263,0.3551691981210316,supervised,0.6153846153846154,0.5021978021978022,1.0,1.0,1.0,0.4975214060387562
DYR_ECOLI_Thompson_plusLon_2019,32,1,0.9894736842105263,0.29763410266762924,supervised,0.7162790697674419,0.7069767441860465,0.0,0.0,0.0,0.4976241900647948
DYR_ECOLI_Thompson_plusLon_2019,32,2,1.0,0.15902721927721755,supervised,0.6151162790697674,0.5953488372093023,0.0,0.0,0.0,0.5081605646228495
DYR_ECOLI_Thompson_plusLon_2019,32,3,1.0,0.17466953852051598,supervised,0.8131868131868132,0.510989010989011,1.0,1.0,0.0,0.5191527715187021
DYR_ECOLI_Thompson_plusLon_2019,33,1,0.9894736842105263,0.16052453796590818,zero_shot,0.5348837209302326,0.7488372093023256,0.0,3.0,0.0,0.476889848812095
DYR_ECOLI_Thompson_plusLon_2019,33,2,0.945054945054945,0.2173725743901957,supervised,0.6069767441860465,0.5534883720930233,2.0,2.0,1.0,0.4869872077635642
DYR_ECOLI_Thompson_plusLon_2019,33,3,0.9787234042553191,0.17925177796306188,supervised,0.6686813186813186,0.4818681318681319,0.0,0.0,1.0,0.45425867507886436
DYR_ECOLI_Thompson_plusLon_2019,34,1,1.0,0.15010507115382432,zero_shot,0.18139534883720929,0.6372093023255814,0.0,2.0,0.0,0.4976241900647948
DYR_ECOLI_Thompson_plusLon_2019,34,2,0.9213483146067416,0.2019082481932873,zero_shot,0.4790697674418605,0.7337209302325581,1.0,0.0,1.0,0.5081605646228495
DYR_ECOLI_Thompson_plusLon_2019,34,3,0.945054945054945,0.28111311766586755,explore,0.5087912087912088,0.5467032967032968,1.0,2.0,2.0,0.4975214060387562
DYR_ECOLI_Thompson_plusLon_2019,35,1,0.9894736842105263,0.16108806616813143,explore,0.4651162790697675,0.3209302325581395,0.0,1.0,0.0,0.476889848812095
DYR_ECOLI_Thompson_plusLon_2019,35,2,1.0,0.18979416424395082,explore,0.42674418604651165,0.4988372093023256,1.0,0.0,0.0,0.4869872077635642
DYR_ECOLI_Thompson_plusLon_2019,35,3,1.0,0.2336059940358752,supervised,0.6664835164835164,0.5851648351648352,1.0,1.0,0.0,0.4758900405588103
DYR_ECOLI_Thompson_plusLon_2019,36,1,1.0,0.08905559147575103,zero_shot,0.47441860465116276,0.5953488372093023,0.0,2.0,0.0,0.45615550755939527
DYR_ECOLI_Thompson_plusLon_2019,36,2,0.9565217391304348,0.18142254433309127,explore,0.5034883720930233,0.4313953488372093,0.0,2.0,1.0,0.4658138509042788
DYR_ECOLI_Thompson_plusLon_2019,36,3,0.967741935483871,0.2918276374329023,supervised,0.5752747252747253,0.5423076923076923,2.0,2.0,1.0,0.4758900405588103
DYR_ECOLI_Thompson_plusLon_2019,37,1,0.9787234042553191,0.07739435253585177,zero_shot,0.5906976744186047,0.7441860465116279,0.0,1.0,0.0,0.4976241900647948
DYR_ECOLI_Thompson_plusLon_2019,37,2,0.9565217391304348,0.1957467425678722,supervised,0.5558139534883721,0.5523255813953488,1.0,1.0,1.0,0.5081605646228495
DYR_ECOLI_Thompson_plusLon_2019,37,3,0.9894736842105263,0.22231371270152808,supervised,0.5807692307692307,0.5043956043956044,0.0,0.0,1.0,0.4975214060387562
DYR_ECOLI_Thompson_plusLon_2019,38,1,0.9787234042553191,0.2588319353653412,explore,0.42790697674418604,0.4511627906976744,0.0,2.0,0.0,0.476889848812095
DYR_ECOLI_Thompson_plusLon_2019,38,2,0.9894736842105263,0.2378354273228012,zero_shot,0.42790697674418604,0.5604651162790698,0.0,1.0,0.0,0.4869872077635642
DYR_ECOLI_Thompson_plusLon_2019,38,3,0.9213483146067416,0.22984691311485822,zero_shot,0.3923076923076923,0.5868131868131867,1.0,0.0,1.0,0.4975214060387562
DYR_ECOLI_Thompson_plusLon_2019,39,1,1.0,0.206604720612292,zero_shot,0.5488372093023256,0.6139534883720931,0.0,2.0,0.0,0.4976241900647948
DYR_ECOLI_Thompson_plusLon_2019,39,2,0.945054945054945,0.17333082353499019,supervised,0.5883720930232559,0.4476744186046512,0.0,0.0,1.0,0.5081605646228495
DYR_ECOLI_Thompson_plusLon_2019,39,3,0.967741935483871,0.2782960052338805,supervised,0.5840659340659341,0.43241758241758244,1.0,1.0,1.0,0.5191527715187021
ESTA_BACSU_Nutschel_2020,0,1,0.967741935483871,0.1258037631066739,supervised,0.6976744186046511,0.6837209302325582,4.0,4.0,2.0,0.4745762711864407
ESTA_BACSU_Nutschel_2020,0,2,0.9787234042553191,0.10694025063625133,supervised,0.913953488372093,0.8488372093023255,8.0,8.0,1.0,0.3930635838150289
ESTA_BACSU_Nutschel_2020,0,3,0.9565217391304348,0.1645756909886168,zero_shot,0.8587912087912087,0.8752747252747253,0.0,1.0,0.0,0.21301775147928995
ESTA_BACSU_Nutschel_2020,1,1,0.9787234042553191,0.13515908455072909,zero_shot,0.5302325581395348,0.7395348837209302,2.0,3.0,2.0,0.4745762711864407
ESTA_BACSU_Nutschel_2020,1,2,0.9565217391304348,0.1759168980165398,supervised,0.7197674418604652,0.6662790697674419,8.0,8.0,1.0,0.4393063583815029
ESTA_BACSU_Nutschel_2020,1,3,0.967741935483871,0.07119674315612486,supervised,0.9087912087912087,0.5758241758241758,2.0,2.0,1.0,0.2603550295857988
ESTA_BACSU_Nutschel_2020,2,1,0.9894736842105263,0.1788236736153151,zero_shot,0.5069767441860464,0.7023255813953488,2.0,3.0,2.0,0.4745762711864407
ESTA_BACSU_Nutschel_2020,2,2,0.9787234042553191,0.11453077612606556,supervised,0.7872093023255814,0.6290697674418605,9.0,9.0,1.0,0.4393063583815029
ESTA_BACSU_Nutschel_2020,2,3,0.9565217391304348,0.08502923732738381,supervised,0.8752747252747253,0.5714285714285714,1.0,1.0,1.0,0.23668639053254437
ESTA_BACSU_Nutschel_2020,3,1,1.0,0.1275471778439862,zero_shot,0.7023255813953488,0.8465116279069768,2.0,1.0,2.0,0.4745762711864407
ESTA_BACSU_Nutschel_2020,3,2,0.967741935483871,0.1275045025568364,supervised,0.8058139534883721,0.636046511627907,9.0,9.0,1.0,0.4393063583815029
ESTA_BACSU_Nutschel_2020,3,3,0.9787234042553191,0.13455082537817803,supervised,0.904945054945055,0.5967032967032967,2.0,2.0,1.0,0.23668639053254437
ESTA_BACSU_Nutschel_2020,4,1,0.9894736842105263,0.2682078367534798,zero_shot,0.48837209302325585,0.6883720930232559,2.0,10.0,2.0,0.4971751412429379
ESTA_BACSU_Nutschel_2020,4,2,0.9894736842105263,0.2150815549058585,supervised,0.7837209302325582,0.6197674418604651,9.0,9.0,1.0,0.4624277456647399
ESTA_BACSU_Nutschel_2020,4,3,0.9213483146067416,0.22006527113452984,supervised,0.9274725274725274,0.6329670329670329,2.0,2.0,1.0,0.2603550295857988
ESTA_BACSU_Nutschel_2020,5,1,1.0,0.09789836332392232,supervised,0.8,0.44651162790697674,0.0,0.0,2.0,0.4745762711864407
ESTA_BACSU_Nutschel_2020,5,2,0.9565217391304348,0.13723999657037414,supervised,0.8232558139534885,0.6127906976744186,0.0,0.0,2.0,0.48554913294797686
ESTA_BACSU_Nutschel_2020,5,3,1.0,0.16921704861052342,supervised,0.7,0.6543956043956044,0.0,0.0,2.0,0.4970414201183432
ESTA_BACSU_Nutschel_2020,6,1,0.9894736842105263,0.11126136420022459,zero_shot,0.5069767441860464,0.6930232558139535,2.0,6.0,2.0,0.4971751412429379
ESTA_BACSU_Nutschel_2020,6,2,0.967741935483871,0.1471366124358205,supervised,0.8174418604651162,0.6116279069767442,8.0,8.0,1.0,0.4624277456647399
ESTA_BACSU_Nutschel_2020,6,3,0.967741935483871,0.1581646306360638,supervised,0.9148351648351648,0.5769230769230769,1.0,1.0,1.0,0.28402366863905326
ESTA_BACSU_Nutschel_2020,7,1,0.9894736842105263,-0.004005933303875755,zero_shot,0.5674418604651164,0.7348837209302327,2.0,0.0,2.0,0.4971751412429379
ESTA_BACSU_Nutschel_2020,7,2,1.0,-0.032039148355001885,supervised,0.7953488372093023,0.6023255813953489,8.0,8.0,1.0,0.4624277456647399
ESTA_BACSU_Nutschel_2020,7,3,0.9565217391304348,0.08117149026580404,supervised,0.9214285714285715,0.615934065934066,0.0,0.0,1.0,0.28402366863905326
ESTA_BACSU_Nutschel_2020,8,1,0.9894736842105263,0.11875572170545406,zero_shot,0.6558139534883721,0.6837209302325582,2.0,1.0,2.0,0.4971751412429379
ESTA_BACSU_Nutschel_2020,8,2,0.9787234042553191,0.09548284084398817,supervised,0.7755813953488373,0.6337209302325582,7.0,7.0,1.0,0.4624277456647399
ESTA_BACSU_Nutschel_2020,8,3,0.945054945054945,0.1359364308414659,supervised,0.8846153846153847,0.6032967032967034,3.0,3.0,0.0,0.3076923076923077
ESTA_BACSU_Nutschel_2020,9,1,1.0,0.04259116872403475,supervised,0.6186046511627906,0.586046511627907,2.0,2.0,2.0,0.4519774011299435
ESTA_BACSU_Nutschel_2020,9,2,0.9333333333333333,0.08486603044192004,supervised,0.7348837209302326,0.5627906976744186,4.0,4.0,2.0,0.4161849710982659
ESTA_BACSU_Nutschel_2020,9,3,0.967741935483871,0.05999081029605243,supervised,0.8065934065934066,0.6686813186813187,0.0,0.0,1.0,0.33136094674556216
ESTA_BACSU_Nutschel_2020,10,1,0.9894736842105263,0.16870365619149388,zero_shot,0.5209302325581395,0.7906976744186047,2.0,3.0,2.0,0.4971751412429379
ESTA_BACSU_Nutschel_2020,10,2,0.945054945054945,0.22875000916053048,supervised,0.9093023255813953,0.6244186046511628,11.0,11.0,1.0,0.4624277456647399
ESTA_BACSU_Nutschel_2020,10,3,0.9894736842105263,0.18426132828625172,supervised,0.9170329670329671,0.6005494505494506,0.0,0.0,1.0,0.21301775147928995
ESTA_BACSU_Nutschel_2020,11,1,1.0,0.034865225825696095,supervised,0.5813953488372093,0.4930232558139535,1.0,1.0,2.0,0.4971751412429379
ESTA_BACSU_Nutschel_2020,11,2,0.9894736842105263,0.12272930841362865,supervised,0.5732558139534885,0.5511627906976744,3.0,3.0,2.0,0.48554913294797686
ESTA_BACSU_Nutschel_2020,11,3,0.9787234042553191,0.14918458848205965,supervised,0.7554945054945055,0.6197802197802198,2.0,2.0,2.0,0.4260355029585799
ESTA_BACSU_Nutschel_2020,12,1,0.9213483146067416,0.14491156456805915,zero_shot,0.3488372093023256,0.6372093023255814,2.0,3.0,2.0,0.4971751412429379
ESTA_BACSU_Nutschel_2020,12,2,0.9565217391304348,0.11544798782195237,supervised,0.7953488372093023,0.6313953488372093,9.0,9.0,1.0,0.4624277456647399
ESTA_BACSU_Nutschel_2020,12,3,0.9894736842105263,0.06427639500072412,supervised,0.9098901098901099,0.5747252747252747,1.0,1.0,1.0,0.2603550295857988
ESTA_BACSU_Nutschel_2020,13,1,0.9894736842105263,0.01113067687762094,zero_shot,0.6837209302325582,0.8372093023255813,1.0,5.0,1.0,0.4745762711864407
ESTA_BACSU_Nutschel_2020,13,2,0.9787234042553191,0.04688192155481569,supervised,0.9104651162790698,0.641860465116279,8.0,8.0,1.0,0.4624277456647399
ESTA_BACSU_Nutschel_2020,13,3,0.967741935483871,0.09024595343527315,supervised,0.871978021978022,0.567032967032967,3.0,3.0,1.0,0.28402366863905326
ESTA_BACSU_Nutschel_2020,14,1,0.9787234042553191,0.06552697356418653,zero_shot,0.627906976744186,0.6511627906976744,2.0,4.0,2.0,0.4519774011299435
ESTA_BACSU_Nutschel_2020,14,2,0.9787234042553191,0.11174586634429087,supervised,0.9523255813953488,0.641860465116279,7.0,7.0,1.0,0.4161849710982659
ESTA_BACSU_Nutschel_2020,14,3,0.9213483146067416,0.1266106945330198,supervised,0.9,0.5945054945054945,1.0,1.0,1.0,0.2603550295857988
ESTA_BACSU_Nutschel_2020,15,1,1.0,-0.0627968446775497,zero_shot,0.4465116279069768,0.6558139534883721,2.0,0.0,2.0,0.4971751412429379
ESTA_BACSU_Nutschel_2020,15,2,0.9565217391304348,0.09343447932492892,supervised,0.7523255813953489,0.6697674418604651,9.0,9.0,1.0,0.4624277456647399
ESTA_BACSU_Nutschel_2020,15,3,0.967741935483871,0.12755188725200217,supervised,0.9076923076923077,0.6065934065934067,1.0,1.0,1.0,0.2603550295857988
ESTA_BACSU_Nutschel_2020,16,1,0.9787234042553191,0.2352490802712179,zero_shot,0.786046511627907,0.8372093023255814,2.0,2.0,2.0,0.4971751412429379
ESTA_BACSU_Nutschel_2020,16,2,0.9565217391304348,0.2086640573623823,supervised,0.805813953488372,0.6593023255813953,9.0,9.0,1.0,0.4624277456647399
ESTA_BACSU_Nutschel_2020,16,3,0.9787234042553191,0.20553704035436218,supervised,0.9071428571428571,0.578021978021978,1.0,1.0,1.0,0.2603550295857988
ESTA_BACSU_Nutschel_2020,17,1,0.9787234042553191,-0.015848241470107383,zero_shot,0.6930232558139535,0.7581395348837211,2.0,2.0,2.0,0.4971751412429379
ESTA_BACSU_Nutschel_2020,17,2,0.967741935483871,0.018488399482148463,supervised,0.8197674418604652,0.6209302325581395,9.0,9.0,1.0,0.4624277456647399
ESTA_BACSU_Nutschel_2020,17,3,0.9565217391304348,0.0504150277377766,supervised,0.8527472527472527,0.5527472527472527,1.0,1.0,0.0,0.2603550295857988
ESTA_BACSU_Nutschel_2020,18,1,1.0,0.03278015135610735,explore,0.5348837209302326,0.5348837209302326,0.0,0.0,2.0,0.4971751412429379
ESTA_BACSU_Nutschel_2020,18,2,1.0,0.11073989386240735,zero_shot,0.46976744186046515,0.6662790697674419,2.0,1.0,2.0,0.5086705202312138
ESTA_BACSU_Nutschel_2020,18,3,0.967741935483871,0.17914720163687145,supervised,0.7346153846153846,0.6763736263736264,11.0,11.0,1.0,0.47337278106508873
ESTA_BACSU_Nutschel_2020,19,1,0.9894736842105263,0.15266835354127,zero_shot,0.48837209302325585,0.7209302325581395,2.0,3.0,2.0,0.4971751412429379
ESTA_BACSU_Nutschel_2020,19,2,0.9787234042553191,0.09933934840545455,supervised,0.930232558139535,0.6034883720930233,9.0,9.0,1.0,0.4624277456647399
ESTA_BACSU_Nutschel_2020,19,3,0.945054945054945,0.10789341541390686,supervised,0.9043956043956045,0.581868131868132,2.0,2.0,1.0,0.2603550295857988
ESTA_BACSU_Nutschel_2020,20,1,0.9787234042553191,0.1399690988432881,zero_shot,0.4604651162790698,0.786046511627907,2.0,6.0,2.0,0.4745762711864407
ESTA_BACSU_Nutschel_2020,20,2,0.9565217391304348,0.1548174906865568,supervised,0.8360465116279069,0.6267441860465116,9.0,9.0,1.0,0.4393063583815029
ESTA_BACSU_Nutschel_2020,20,3,1.0,0.09889455926136863,supervised,0.8538461538461538,0.5945054945054945,2.0,2.0,1.0,0.23668639053254437
ESTA_BACSU_Nutschel_2020,21,1,0.9894736842105263,0.13900485799965553,supervised,0.6186046511627907,0.6093023255813953,7.0,7.0,2.0,0.4971751412429379
ESTA_BACSU_Nutschel_2020,21,2,0.9565217391304348,0.20078577300741499,supervised,0.9418604651162791,0.8093023255813954,6.0,6.0,2.0,0.3468208092485549
ESTA_BACSU_Nutschel_2020,21,3,0.967741935483871,0.01870936160502975,supervised,0.8917582417582417,0.8263736263736264,1.0,1.0,0.0,0.21301775147928995
ESTA_BACSU_Nutschel_2020,22,1,1.0,0.05585452620384948,zero_shot,0.35348837209302325,0.827906976744186,2.0,2.0,2.0,0.4745762711864407
ESTA_BACSU_Nutschel_2020,22,2,0.9565217391304348,0.10994583094029868,supervised,0.8093023255813953,0.6360465116279069,6.0,6.0,1.0,0.4393063583815029
ESTA_BACSU_Nutschel_2020,22,3,0.945054945054945,0.1758629439097904,supervised,0.8813186813186813,0.5961538461538461,3.0,3.0,1.0,0.3076923076923077
ESTA_BACSU_Nutschel_2020,23,1,0.9787234042553191,0.11549948655797238,zero_shot,0.7348837209302326,0.7534883720930232,2.0,0.0,2.0,0.4971751412429379
ESTA_BACSU_Nutschel_2020,23,2,0.967741935483871,0.15325719623065745,supervised,0.7709302325581395,0.6418604651162791,9.0,9.0,1.0,0.4624277456647399
ESTA_BACSU_Nutschel_2020,23,3,0.967741935483871,0.07676732416771494,supervised,0.9137362637362637,0.6373626373626373,0.0,0.0,1.0,0.2603550295857988
ESTA_BACSU_Nutschel_2020,24,1,0.967741935483871,0.16762231338303055,zero_shot,0.5116279069767442,0.772093023255814,2.0,5.0,2.0,0.4745762711864407
ESTA_BACSU_Nutschel_2020,24,2,0.9565217391304348,0.20502120341817895,supervised,0.8825581395348837,0.6406976744186047,9.0,9.0,1.0,0.4393063583815029
ESTA_BACSU_Nutschel_2020,24,3,0.9787234042553191,0.24460738592101017,supervised,0.8824175824175825,0.5796703296703297,2.0,2.0,1.0,0.23668639053254437
ESTA_BACSU_Nutschel_2020,25,1,0.967741935483871,0.0990288170634784,zero_shot,0.5209302325581395,0.6744186046511628,2.0,8.0,2.0,0.4519774011299435
ESTA_BACSU_Nutschel_2020,25,2,0.967741935483871,0.12251773128582831,supervised,0.9651162790697675,0.6418604651162791,8.0,8.0,1.0,0.4161849710982659
ESTA_BACSU_Nutschel_2020,25,3,0.9787234042553191,0.14542563386177604,supervised,0.9175824175824177,0.6148351648351649,1.0,1.0,1.0,0.23668639053254437
ESTA_BACSU_Nutschel_2020,26,1,1.0,0.1626069487520819,explore,0.24186046511627912,0.49767441860465117,0.0,4.0,2.0,0.4971751412429379
ESTA_BACSU_Nutschel_2020,26,2,0.9787234042553191,0.10986724457188365,zero_shot,0.5465116279069768,0.5674418604651164,2.0,3.0,2.0,0.5086705202312138
ESTA_BACSU_Nutschel_2020,26,3,0.945054945054945,0.1388451999085018,supervised,0.7791208791208791,0.6664835164835164,9.0,9.0,1.0,0.47337278106508873
ESTA_BACSU_Nutschel_2020,27,1,1.0,-0.023885744959255023,supervised,0.6744186046511628,0.4744186046511628,0.0,0.0,2.0,0.4519774011299435
ESTA_BACSU_Nutschel_2020,27,2,0.9894736842105263,0.11972562833504785,zero_shot,0.5255813953488372,0.6372093023255814,2.0,1.0,2.0,0.4624277456647399
ESTA_BACSU_Nutschel_2020,27,3,0.967741935483871,0.1907277639641094,supervised,0.7725274725274726,0.6587912087912089,9.0,9.0,1.0,0.4260355029585799
ESTA_BACSU_Nutschel_2020,28,1,0.9787234042553191,0.19867293681845472,zero_shot,0.5767441860465117,0.627906976744186,1.0,4.0,1.0,0.4745762711864407
ESTA_BACSU_Nutschel_2020,28,2,0.967741935483871,0.16785627776840556,supervised,0.8488372093023255,0.5930232558139534,9.0,9.0,1.0,0.4624277456647399
ESTA_BACSU_Nutschel_2020,28,3,0.945054945054945,0.11196092106409684,supervised,0.926923076923077,0.5719780219780219,1.0,1.0,1.0,0.2603550295857988
ESTA_BACSU_Nutschel_2020,29,1,0.9894736842105263,0.12565869502601953,zero_shot,0.4046511627906977,0.6139534883720931,2.0,1.0,2.0,0.4745762711864407
ESTA_BACSU_Nutschel_2020,29,2,0.9333333333333333,0.14971071097488522,supervised,0.8197674418604651,0.6046511627906976,7.0,7.0,1.0,0.4393063583815029
ESTA_BACSU_Nutschel_2020,29,3,0.9787234042553191,0.054426174566548635,supervised,0.9131868131868132,0.539010989010989,4.0,4.0,1.0,0.28402366863905326
ESTA_BACSU_Nutschel_2020,30,1,1.0,-0.051188607622187104,explore,0.5209302325581395,0.5488372093023256,1.0,0.0,2.0,0.4971751412429379
ESTA_BACSU_Nutschel_2020,30,2,0.9894736842105263,0.09781899612301392,zero_shot,0.6174418604651163,0.65,1.0,5.0,1.0,0.48554913294797686
ESTA_BACSU_Nutschel_2020,30,3,0.9565217391304348,0.15571708572197387,supervised,0.7736263736263737,0.6252747252747253,9.0,9.0,1.0,0.47337278106508873
ESTA_BACSU_Nutschel_2020,31,1,0.9787234042553191,0.12959015444495386,explore,0.3906976744186047,0.5069767441860464,3.0,1.0,2.0,0.4745762711864407
ESTA_BACSU_Nutschel_2020,31,2,0.967741935483871,0.16803739802118453,supervised,0.6290697674418604,0.6162790697674418,3.0,3.0,2.0,0.4161849710982659
ESTA_BACSU_Nutschel_2020,31,3,1.0,0.07470918339894765,supervised,0.8950549450549451,0.6164835164835165,4.0,4.0,2.0,0.35502958579881655
ESTA_BACSU_Nutschel_2020,32,1,0.945054945054945,0.189859855336915,supervised,0.6744186046511628,0.5813953488372093,5.0,5.0,2.0,0.4971751412429379
ESTA_BACSU_Nutschel_2020,32,2,0.967741935483871,0.09517481365040173,supervised,0.9395348837209303,0.6813953488372093,5.0,5.0,1.0,0.3930635838150289
ESTA_BACSU_Nutschel_2020,32,3,0.967741935483871,0.14268734207008438,supervised,0.9120879120879121,0.6659340659340659,4.0,4.0,1.0,0.28402366863905326
ESTA_BACSU_Nutschel_2020,33,1,1.0,0.14749440041276476,explore,0.530232558139535,0.4372093023255814,0.0,0.0,2.0,0.4971751412429379
ESTA_BACSU_Nutschel_2020,33,2,0.9894736842105263,0.18739760482282597,supervised,0.608139534883721,0.42674418604651165,2.0,2.0,2.0,0.5086705202312138
ESTA_BACSU_Nutschel_2020,33,3,0.967741935483871,0.2561082633007383,supervised,0.7648351648351648,0.6576923076923077,5.0,5.0,2.0,0.47337278106508873
ESTA_BACSU_Nutschel_2020,34,1,0.9894736842105263,0.18005752232155345,zero_shot,0.5069767441860465,0.586046511627907,2.0,2.0,2.0,0.4519774011299435
ESTA_BACSU_Nutschel_2020,34,2,0.945054945054945,0.20890182642379485,supervised,0.8209302325581397,0.5802325581395349,9.0,9.0,1.0,0.4161849710982659
ESTA_BACSU_Nutschel_2020,34,3,0.967741935483871,0.09520727284794721,supervised,0.856043956043956,0.5884615384615385,0.0,0.0,0.0,0.21301775147928995
ESTA_BACSU_Nutschel_2020,35,1,1.0,0.17010832722874916,zero_shot,0.5953488372093024,0.8790697674418604,2.0,1.0,2.0,0.4971751412429379
ESTA_BACSU_Nutschel_2020,35,2,0.967741935483871,0.17308451884024315,supervised,0.8313953488372094,0.6546511627906977,7.0,7.0,1.0,0.4624277456647399
ESTA_BACSU_Nutschel_2020,35,3,0.967741935483871,0.22165388719193385,supervised,0.8692307692307693,0.6516483516483517,5.0,5.0,1.0,0.3076923076923077
ESTA_BACSU_Nutschel_2020,36,1,0.967741935483871,0.16482470131109228,zero_shot,0.40930232558139534,0.8186046511627907,2.0,1.0,2.0,0.4519774011299435
ESTA_BACSU_Nutschel_2020,36,2,0.9565217391304348,0.1534393640419462,supervised,0.8127906976744187,0.6430232558139535,9.0,9.0,0.0,0.4161849710982659
ESTA_BACSU_Nutschel_2020,36,3,0.945054945054945,0.18702234042619764,supervised,0.8043956043956044,0.5862637362637362,3.0,3.0,0.0,0.21301775147928995
ESTA_BACSU_Nutschel_2020,37,1,0.9894736842105263,0.03974620449091631,supervised,0.7069767441860465,0.6790697674418604,0.0,0.0,2.0,0.4971751412429379
ESTA_BACSU_Nutschel_2020,37,2,0.9894736842105263,-0.051306448035840606,supervised,0.6825581395348836,0.4779069767441861,0.0,0.0,2.0,0.5086705202312138
ESTA_BACSU_Nutschel_2020,37,3,0.967741935483871,0.09853101137668202,supervised,0.6824175824175823,0.5989010989010989,0.0,0.0,2.0,0.5207100591715976
ESTA_BACSU_Nutschel_2020,38,1,0.9787234042553191,0.07337660990665526,explore,0.42790697674418604,0.3302325581395349,0.0,1.0,2.0,0.4971751412429379
ESTA_BACSU_Nutschel_2020,38,2,1.0,0.2007892974875585,explore,0.5372093023255814,0.4395348837209302,0.0,1.0,2.0,0.5086705202312138
ESTA_BACSU_Nutschel_2020,38,3,0.9894736842105263,0.17362603115689235,supervised,0.6626373626373626,0.5802197802197803,2.0,2.0,2.0,0.5207100591715976
ESTA_BACSU_Nutschel_2020,39,1,0.967741935483871,0.1948212702401214,zero_shot,0.5488372093023256,0.7488372093023257,2.0,6.0,2.0,0.4745762711864407
ESTA_BACSU_Nutschel_2020,39,2,0.945054945054945,0.1862386490373169,supervised,0.8930232558139536,0.6686046511627907,10.0,10.0,1.0,0.4393063583815029
ESTA_BACSU_Nutschel_2020,39,3,0.9787234042553191,0.09328724451429525,supervised,0.9131868131868132,0.5961538461538461,0.0,0.0,1.0,0.21301775147928995
KKA2_KLEPN_Melnikov_2014,0,1,1.0,0.10207726315711811,zero_shot,0.4279069767441861,0.7069767441860465,0.0,2.0,0.0,0.48859934853420195
KKA2_KLEPN_Melnikov_2014,0,2,0.9787234042553191,0.25409417311517796,zero_shot,0.4918604651162791,0.7406976744186047,1.0,1.0,1.0,0.4934210526315789
KKA2_KLEPN_Melnikov_2014,0,3,0.9787234042553191,0.23356671651135463,zero_shot,0.6725274725274726,0.7049450549450549,1.0,1.0,1.0,0.4883720930232558
KKA2_KLEPN_Melnikov_2014,1,1,1.0,0.17176905697979217,zero_shot,0.3534883720930233,0.6651162790697674,0.0,0.0,0.0,0.4788273615635179
KKA2_KLEPN_Melnikov_2014,1,2,0.9787234042553191,0.20848010302684009,zero_shot,0.4883720930232558,0.6511627906976745,1.0,1.0,1.0,0.48355263157894735
KKA2_KLEPN_Melnikov_2014,1,3,0.967741935483871,0.2775006452191465,supervised,0.6598901098901098,0.6076923076923076,1.0,1.0,1.0,0.47840531561461797
KKA2_KLEPN_Melnikov_2014,2,1,1.0,0.03166194119153769,zero_shot,0.758139534883721,0.7813953488372093,0.0,2.0,0.0,0.48859934853420195
KKA2_KLEPN_Melnikov_2014,2,2,0.967741935483871,0.2022443947787448,zero_shot,0.5755813953488372,0.6755813953488372,1.0,3.0,1.0,0.4934210526315789
KKA2_KLEPN_Melnikov_2014,2,3,0.9787234042553191,0.2589461392543095,supervised,0.6994505494505495,0.6192307692307693,2.0,2.0,1.0,0.4883720930232558
KKA2_KLEPN_Melnikov_2014,3,1,0.9787234042553191,0.367020550904244,zero_shot,0.44651162790697674,0.8093023255813954,0.0,1.0,0.0,0.46905537459283386
KKA2_KLEPN_Melnikov_2014,3,2,0.9894736842105263,0.3345349536750628,zero_shot,0.5151162790697674,0.6069767441860465,1.0,1.0,1.0,0.47368421052631576
KKA2_KLEPN_Melnikov_2014,3,3,0.967741935483871,0.34441699771419554,supervised,0.6302197802197802,0.5851648351648352,0.0,0.0,1.0,0.4684385382059801
KKA2_KLEPN_Melnikov_2014,4,1,1.0,0.17543723372912895,zero_shot,0.5348837209302326,0.7069767441860466,0.0,0.0,0.0,0.4788273615635179
KKA2_KLEPN_Melnikov_2014,4,2,0.967741935483871,0.2575115793916495,zero_shot,0.5546511627906976,0.6383720930232558,1.0,2.0,1.0,0.48355263157894735
KKA2_KLEPN_Melnikov_2014,4,3,0.967741935483871,0.2651139760268446,supervised,0.6983516483516483,0.6637362637362638,1.0,1.0,1.0,0.47840531561461797
KKA2_KLEPN_Melnikov_2014,5,1,1.0,0.11701834111241817,zero_shot,0.6558139534883721,0.7069767441860466,0.0,0.0,0.0,0.46905537459283386
KKA2_KLEPN_Melnikov_2014,5,2,0.9787234042553191,0.29342126625428744,zero_shot,0.3034883720930232,0.6430232558139535,1.0,1.0,1.0,0.47368421052631576
KKA2_KLEPN_Melnikov_2014,5,3,0.9787234042553191,0.29928558554217516,supervised,0.6291208791208791,0.6038461538461538,1.0,1.0,1.0,0.4684385382059801
KKA2_KLEPN_Melnikov_2014,6,1,1.0,0.11992490302004635,supervised,0.6139534883720931,0.6093023255813954,0.0,0.0,0.0,0.46905537459283386
KKA2_KLEPN_Melnikov_2014,6,2,1.0,0.14770402132960042,supervised,0.6360465116279069,0.5325581395348837,1.0,1.0,0.0,0.47368421052631576
KKA2_KLEPN_Melnikov_2014,6,3,1.0,0.22161752797533332,supervised,0.6274725274725275,0.5401098901098902,1.0,1.0,0.0,0.4684385382059801
KKA2_KLEPN_Melnikov_2014,7,1,1.0,0.11045229180627056,zero_shot,0.4046511627906977,0.7162790697674419,0.0,1.0,0.0,0.4788273615635179
KKA2_KLEPN_Melnikov_2014,7,2,0.9787234042553191,0.25376550060572023,zero_shot,0.4662790697674419,0.663953488372093,1.0,1.0,1.0,0.48355263157894735
KKA2_KLEPN_Melnikov_2014,7,3,0.9565217391304348,0.3058492992528645,supervised,0.6813186813186813,0.6137362637362638,0.0,0.0,1.0,0.47840531561461797
KKA2_KLEPN_Melnikov_2014,8,1,1.0,0.2308769416175,supervised,0.7534883720930232,0.6790697674418604,2.0,2.0,0.0,0.4788273615635179
KKA2_KLEPN_Melnikov_2014,8,2,1.0,0.1845435260035698,supervised,0.686046511627907,0.513953488372093,3.0,3.0,0.0,0.46381578947368424
KKA2_KLEPN_Melnikov_2014,8,3,0.9787234042553191,0.08331573611138601,supervised,0.7236263736263737,0.5478021978021979,3.0,3.0,0.0,0.43853820598006643
KKA2_KLEPN_Melnikov_2014,9,1,1.0,0.32913325580727987,zero_shot,0.5953488372093023,0.8325581395348838,0.0,0.0,0.0,0.48859934853420195
KKA2_KLEPN_Melnikov_2014,9,2,0.9565217391304348,0.366539648923078,zero_shot,0.5406976744186047,0.7011627906976744,1.0,1.0,1.0,0.4934210526315789
KKA2_KLEPN_Melnikov_2014,9,3,0.945054945054945,0.38519248680230556,supervised,0.7087912087912087,0.6675824175824177,1.0,1.0,1.0,0.4883720930232558
KKA2_KLEPN_Melnikov_2014,10,1,0.9894736842105263,0.1950711476313609,zero_shot,0.4418604651162791,0.6790697674418604,0.0,0.0,0.0,0.48859934853420195
KKA2_KLEPN_Melnikov_2014,10,2,0.9787234042553191,0.20500647965813532,zero_shot,0.5162790697674419,0.6627906976744187,1.0,1.0,1.0,0.4934210526315789
KKA2_KLEPN_Melnikov_2014,10,3,0.9787234042553191,0.20507013613665998,supervised,0.6967032967032967,0.6494505494505495,0.0,0.0,1.0,0.4883720930232558
KKA2_KLEPN_Melnikov_2014,11,1,1.0,0.21702061757976535,zero_shot,0.4,0.6604651162790698,0.0,0.0,0.0,0.48859934853420195
KKA2_KLEPN_Melnikov_2014,11,2,0.945054945054945,0.29656452429619357,zero_shot,0.6302325581395349,0.6755813953488372,1.0,2.0,1.0,0.4934210526315789
KKA2_KLEPN_Melnikov_2014,11,3,0.967741935483871,0.2731461377266587,supervised,0.7142857142857143,0.6554945054945055,1.0,1.0,1.0,0.4883720930232558
KKA2_KLEPN_Melnikov_2014,12,1,0.9894736842105263,0.1339686457096587,zero_shot,0.6790697674418605,0.7441860465116279,0.0,0.0,0.0,0.48859934853420195
KKA2_KLEPN_Melnikov_2014,12,2,0.967741935483871,0.246318372163232,zero_shot,0.5720930232558139,0.6895348837209303,1.0,2.0,1.0,0.4934210526315789
KKA2_KLEPN_Melnikov_2014,12,3,0.9787234042553191,0.2893260183463782,supervised,0.7087912087912087,0.6620879120879121,1.0,1.0,1.0,0.4883720930232558
KKA2_KLEPN_Melnikov_2014,13,1,0.9894736842105263,0.17329915281837882,zero_shot,0.38139534883720927,0.8325581395348838,0.0,1.0,0.0,0.48859934853420195
KKA2_KLEPN_Melnikov_2014,13,2,0.9787234042553191,0.3229539251059655,zero_shot,0.5430232558139535,0.7406976744186047,1.0,2.0,1.0,0.4934210526315789
KKA2_KLEPN_Melnikov_2014,13,3,0.9565217391304348,0.3568346811029444,supervised,0.7032967032967034,0.7049450549450549,1.0,1.0,1.0,0.4883720930232558
KKA2_KLEPN_Melnikov_2014,14,1,0.9894736842105263,0.27455079398114585,zero_shot,0.5674418604651164,0.8232558139534883,0.0,0.0,0.0,0.48859934853420195
KKA2_KLEPN_Melnikov_2014,14,2,0.9565217391304348,0.32519866452119345,zero_shot,0.463953488372093,0.6895348837209303,1.0,2.0,1.0,0.4934210526315789
KKA2_KLEPN_Melnikov_2014,14,3,0.9787234042553191,0.34577664430018695,supervised,0.7,0.6620879120879121,1.0,1.0,1.0,0.4883720930232558
KKA2_KLEPN_Melnikov_2014,15,1,1.0,0.19205950530848973,supervised,0.6511627906976745,0.5720930232558139,1.0,1.0,0.0,0.48859934853420195
KKA2_KLEPN_Melnikov_2014,15,2,1.0,0.16205171445957306,supervised,0.5930232558139535,0.5558139534883721,2.0,2.0,0.0,0.48355263157894735
KKA2_KLEPN_Melnikov_2014,15,3,1.0,0.0791356259384839,supervised,0.7137362637362638,0.6093406593406594,2.0,2.0,0.0,0.4684385382059801
KKA2_KLEPN_Melnikov_2014,16,1,1.0,0.18178760120682325,zero_shot,0.7441860465116279,0.8093023255813954,0.0,1.0,0.0,0.46905537459283386
KKA2_KLEPN_Melnikov_2014,16,2,0.9894736842105263,0.2495183854061618,zero_shot,0.5755813953488372,0.6209302325581396,1.0,0.0,1.0,0.47368421052631576
KKA2_KLEPN_Melnikov_2014,16,3,1.0,0.21737784595080833,supervised,0.6692307692307693,0.5917582417582418,0.0,0.0,1.0,0.4684385382059801
KKA2_KLEPN_Melnikov_2014,17,1,1.0,0.053141504693404513,explore,0.46511627906976744,0.4604651162790698,0.0,1.0,0.0,0.4788273615635179
KKA2_KLEPN_Melnikov_2014,17,2,1.0,0.21862022215209323,zero_shot,0.541860465116279,0.672093023255814,0.0,1.0,0.0,0.48355263157894735
KKA2_KLEPN_Melnikov_2014,17,3,0.9565217391304348,0.29192826957634666,zero_shot,0.6692307692307692,0.7615384615384615,1.0,2.0,1.0,0.4883720930232558
KKA2_KLEPN_Melnikov_2014,18,1,0.9787234042553191,0.21509865168400577,supervised,0.758139534883721,0.7395348837209302,1.0,1.0,0.0,0.46905537459283386
KKA2_KLEPN_Melnikov_2014,18,2,0.9894736842105263,0.19558162530876066,supervised,0.7069767441860465,0.6895348837209303,1.0,1.0,0.0,0.46381578947368424
KKA2_KLEPN_Melnikov_2014,18,3,1.0,0.1242147392689022,supervised,0.7373626373626373,0.6406593406593406,0.0,0.0,0.0,0.4584717607973422
KKA2_KLEPN_Melnikov_2014,19,1,1.0,0.251819633588948,zero_shot,0.4744186046511628,0.6837209302325581,0.0,0.0,0.0,0.48859934853420195
KKA2_KLEPN_Melnikov_2014,19,2,0.9565217391304348,0.3071232295024318,zero_shot,0.4790697674418605,0.7406976744186047,1.0,2.0,1.0,0.4934210526315789
KKA2_KLEPN_Melnikov_2014,19,3,0.967741935483871,0.323124278394897,zero_shot,0.6445054945054944,0.7049450549450549,1.0,1.0,1.0,0.4883720930232558
KKA2_KLEPN_Melnikov_2014,20,1,0.9565217391304348,0.15999043496714263,zero_shot,0.5116279069767442,0.7441860465116279,0.0,2.0,0.0,0.4788273615635179
KKA2_KLEPN_Melnikov_2014,20,2,0.9787234042553191,0.22983585526685366,zero_shot,0.49534883720930234,0.6534883720930232,1.0,1.0,1.0,0.48355263157894735
KKA2_KLEPN_Melnikov_2014,20,3,0.945054945054945,0.24590980941564936,supervised,0.6642857142857144,0.6087912087912087,0.0,0.0,1.0,0.47840531561461797
KKA2_KLEPN_Melnikov_2014,21,1,0.9894736842105263,0.25708318365766386,zero_shot,0.5906976744186047,0.8465116279069768,0.0,1.0,0.0,0.48859934853420195
KKA2_KLEPN_Melnikov_2014,21,2,0.9787234042553191,0.2895560703757524,zero_shot,0.5569767441860465,0.6965116279069767,1.0,1.0,1.0,0.4934210526315789
KKA2_KLEPN_Melnikov_2014,21,3,0.9787234042553191,0.32069690392081035,supervised,0.6835164835164834,0.6653846153846155,0.0,0.0,1.0,0.4883720930232558
KKA2_KLEPN_Melnikov_2014,22,1,1.0,0.09760171144831677,zero_shot,0.6000000000000001,0.7209302325581395,0.0,1.0,0.0,0.4788273615635179
KKA2_KLEPN_Melnikov_2014,22,2,0.967741935483871,0.2700512903177855,zero_shot,0.5883720930232559,0.6151162790697675,1.0,3.0,1.0,0.48355263157894735
KKA2_KLEPN_Melnikov_2014,22,3,0.967741935483871,0.30268653637005993,supervised,0.6664835164835164,0.589010989010989,1.0,1.0,1.0,0.47840531561461797
KKA2_KLEPN_Melnikov_2014,23,1,1.0,-0.04226628950822239,zero_shot,0.5395348837209302,0.6186046511627907,0.0,1.0,0.0,0.48859934853420195
KKA2_KLEPN_Melnikov_2014,23,2,0.9787234042553191,0.1976903255531047,zero_shot,0.39186046511627903,0.7406976744186047,1.0,1.0,1.0,0.4934210526315789
KKA2_KLEPN_Melnikov_2014,23,3,0.9787234042553191,0.2708254777875665,zero_shot,0.6082417582417582,0.7049450549450549,1.0,0.0,1.0,0.4883720930232558
KKA2_KLEPN_Melnikov_2014,24,1,1.0,0.27671242566373677,zero_shot,0.2837209302325582,0.6558139534883721,0.0,0.0,0.0,0.4788273615635179
KKA2_KLEPN_Melnikov_2014,24,2,0.9894736842105263,0.3173254754379218,zero_shot,0.3569767441860465,0.6034883720930233,1.0,1.0,1.0,0.48355263157894735
KKA2_KLEPN_Melnikov_2014,24,3,0.9787234042553191,0.32456658754938794,zero_shot,0.5467032967032968,0.5835164835164836,1.0,0.0,1.0,0.47840531561461797
KKA2_KLEPN_Melnikov_2014,25,1,1.0,0.20035030263177572,zero_shot,0.6046511627906976,0.8651162790697675,0.0,0.0,0.0,0.48859934853420195
KKA2_KLEPN_Melnikov_2014,25,2,0.967741935483871,0.28769186171496053,zero_shot,0.4860465116279071,0.6976744186046512,1.0,2.0,1.0,0.4934210526315789
KKA2_KLEPN_Melnikov_2014,25,3,0.9787234042553191,0.3117520032428463,zero_shot,0.6527472527472528,0.665934065934066,1.0,0.0,1.0,0.4883720930232558
KKA2_KLEPN_Melnikov_2014,26,1,0.9894736842105263,0.22354198967517455,zero_shot,0.4651162790697675,0.6976744186046512,0.0,2.0,0.0,0.48859934853420195
KKA2_KLEPN_Melnikov_2014,26,2,0.945054945054945,0.2135686167343879,zero_shot,0.4232558139534884,0.6441860465116279,1.0,4.0,1.0,0.4934210526315789
KKA2_KLEPN_Melnikov_2014,26,3,0.945054945054945,0.2343607323892428,supervised,0.660989010989011,0.6637362637362638,2.0,2.0,1.0,0.4883720930232558
KKA2_KLEPN_Melnikov_2014,27,1,1.0,0.22217054950271597,zero_shot,0.5953488372093023,0.6465116279069767,0.0,0.0,0.0,0.4788273615635179
KKA2_KLEPN_Melnikov_2014,27,2,0.9894736842105263,0.2958382549579408,zero_shot,0.47325581395348837,0.6360465116279069,1.0,2.0,1.0,0.48355263157894735
KKA2_KLEPN_Melnikov_2014,27,3,0.9894736842105263,0.3014590483938819,supervised,0.6516483516483516,0.6505494505494506,0.0,0.0,1.0,0.47840531561461797
KKA2_KLEPN_Melnikov_2014,28,1,0.9787234042553191,0.0643797744321859,zero_shot,0.5302325581395348,0.7813953488372092,0.0,0.0,0.0,0.46905537459283386
KKA2_KLEPN_Melnikov_2014,28,2,0.9894736842105263,0.18928060279621722,zero_shot,0.5697674418604651,0.5930232558139534,1.0,1.0,1.0,0.47368421052631576
KKA2_KLEPN_Melnikov_2014,28,3,0.9894736842105263,0.2134083291015522,supervised,0.6296703296703297,0.5774725274725274,0.0,0.0,1.0,0.4684385382059801
KKA2_KLEPN_Melnikov_2014,29,1,1.0,0.14278342392626528,zero_shot,0.5767441860465117,0.613953488372093,0.0,3.0,0.0,0.4788273615635179
KKA2_KLEPN_Melnikov_2014,29,2,0.9565217391304348,0.29676590842657224,zero_shot,0.5116279069767442,0.6604651162790698,1.0,2.0,1.0,0.48355263157894735
KKA2_KLEPN_Melnikov_2014,29,3,0.9787234042553191,0.29182763513305493,supervised,0.7010989010989012,0.6120879120879121,1.0,1.0,1.0,0.47840531561461797
KKA2_KLEPN_Melnikov_2014,30,1,1.0,0.21324533915621177,zero_shot,0.3674418604651163,0.7813953488372093,0.0,0.0,0.0,0.48859934853420195
KKA2_KLEPN_Melnikov_2014,30,2,0.9894736842105263,0.3191299996401233,zero_shot,0.3593023255813953,0.5976744186046512,1.0,2.0,1.0,0.4934210526315789
KKA2_KLEPN_Melnikov_2014,30,3,0.9565217391304348,0.3362693776724784,zero_shot,0.5291208791208791,0.5659340659340659,1.0,0.0,1.0,0.4883720930232558
KKA2_KLEPN_Melnikov_2014,31,1,0.9787234042553191,0.1438024593251178,zero_shot,0.4418604651162791,0.7534883720930233,0.0,2.0,0.0,0.4788273615635179
KKA2_KLEPN_Melnikov_2014,31,2,0.9787234042553191,0.19991482823273024,zero_shot,0.555813953488372,0.6534883720930232,1.0,1.0,1.0,0.48355263157894735
KKA2_KLEPN_Melnikov_2014,31,3,0.9894736842105263,0.24735374945438685,supervised,0.7313186813186814,0.6087912087912088,0.0,0.0,1.0,0.47840531561461797
KKA2_KLEPN_Melnikov_2014,32,1,0.967741935483871,0.15430751353575534,zero_shot,0.4,0.7209302325581395,0.0,1.0,0.0,0.4788273615635179
KKA2_KLEPN_Melnikov_2014,32,2,0.9787234042553191,0.15892694900288334,zero_shot,0.5034883720930232,0.6906976744186046,1.0,1.0,1.0,0.48355263157894735
KKA2_KLEPN_Melnikov_2014,32,3,0.967741935483871,0.23809925984005106,supervised,0.695054945054945,0.6626373626373627,1.0,1.0,1.0,0.47840531561461797
KKA2_KLEPN_Melnikov_2014,33,1,1.0,0.1588066194868736,supervised,0.6883720930232557,0.4883720930232558,1.0,1.0,0.0,0.48859934853420195
KKA2_KLEPN_Melnikov_2014,33,2,0.9894736842105263,0.28835696417497075,zero_shot,0.7116279069767442,0.7534883720930232,0.0,3.0,0.0,0.48355263157894735
KKA2_KLEPN_Melnikov_2014,33,3,0.945054945054945,0.3390116635658185,zero_shot,0.5587912087912087,0.7093406593406594,1.0,2.0,1.0,0.4883720930232558
KKA2_KLEPN_Melnikov_2014,34,1,1.0,0.15074015287839135,zero_shot,0.5488372093023255,0.7488372093023256,0.0,0.0,0.0,0.4788273615635179
KKA2_KLEPN_Melnikov_2014,34,2,0.967741935483871,0.24581221773794368,zero_shot,0.4058139534883721,0.6430232558139535,1.0,2.0,1.0,0.48355263157894735
KKA2_KLEPN_Melnikov_2014,34,3,0.967741935483871,0.26096475357561877,supervised,0.6543956043956043,0.6038461538461538,1.0,1.0,1.0,0.47840531561461797
KKA2_KLEPN_Melnikov_2014,35,1,1.0,0.049786017321390985,zero_shot,0.3488372093023256,0.5581395348837209,0.0,1.0,0.0,0.48859934853420195
KKA2_KLEPN_Melnikov_2014,35,2,0.967741935483871,0.2014159105762803,zero_shot,0.3709302325581395,0.6313953488372093,1.0,1.0,1.0,0.4934210526315789
KKA2_KLEPN_Melnikov_2014,35,3,0.967741935483871,0.2340728826096724,supervised,0.6175824175824176,0.5983516483516483,0.0,0.0,1.0,0.4883720930232558
KKA2_KLEPN_Melnikov_2014,36,1,1.0,0.1673674599153412,supervised,0.6093023255813954,0.6093023255813954,1.0,1.0,0.0,0.48859934853420195
KKA2_KLEPN_Melnikov_2014,36,2,0.9787234042553191,0.1268302471179494,supervised,0.7337209302325581,0.7220930232558139,2.0,2.0,0.0,0.48355263157894735
KKA2_KLEPN_Melnikov_2014,36,3,0.9787234042553191,0.035748339230672464,supervised,0.8137362637362637,0.7318681318681318,2.0,2.0,0.0,0.4684385382059801
KKA2_KLEPN_Melnikov_2014,37,1,1.0,0.11934137157328578,zero_shot,0.5674418604651162,0.8093023255813954,0.0,2.0,0.0,0.48859934853420195
KKA2_KLEPN_Melnikov_2014,37,2,0.967741935483871,0.21804523901557918,zero_shot,0.5790697674418605,0.6569767441860466,1.0,3.0,1.0,0.4934210526315789
KKA2_KLEPN_Melnikov_2014,37,3,0.967741935483871,0.25725000710579554,supervised,0.6956043956043956,0.6104395604395605,1.0,1.0,1.0,0.4883720930232558
KKA2_KLEPN_Melnikov_2014,38,1,0.9894736842105263,0.06031556027563816,zero_shot,0.1767441860465116,0.7627906976744185,0.0,1.0,0.0,0.48859934853420195
KKA2_KLEPN_Melnikov_2014,38,2,0.9333333333333333,0.3073050178203523,zero_shot,0.5837209302325581,0.6116279069767442,1.0,2.0,1.0,0.4934210526315789
KKA2_KLEPN_Melnikov_2014,38,3,0.9787234042553191,0.32905869424957146,supervised,0.6631868131868132,0.5873626373626374,0.0,0.0,1.0,0.4883720930232558
KKA2_KLEPN_Melnikov_2014,39,1,1.0,0.23010208680149638,supervised,0.7162790697674418,0.7069767441860465,0.0,0.0,0.0,0.4788273615635179
KKA2_KLEPN_Melnikov_2014,39,2,1.0,-0.06026006983179891,supervised,0.7011627906976745,0.40581395348837207,1.0,1.0,0.0,0.48355263157894735
KKA2_KLEPN_Melnikov_2014,39,3,1.0,0.10477323592327721,supervised,0.6807692307692308,0.5406593406593406,2.0,2.0,0.0,0.47840531561461797
NUD15_HUMAN_Suiter_2020,0,1,1.0,0.1779116328554227,zero_shot,0.5395348837209303,0.6976744186046512,0.0,1.0,0.0,0.463519313304721
NUD15_HUMAN_Suiter_2020,0,2,0.967741935483871,0.2610113549700738,supervised,0.6104651162790697,0.5604651162790698,1.0,1.0,1.0,0.47161572052401746
NUD15_HUMAN_Suiter_2020,0,3,0.9333333333333333,0.23669250520627547,supervised,0.5961538461538461,0.47857142857142854,2.0,2.0,1.0,0.4622222222222222
NUD15_HUMAN_Suiter_2020,1,1,1.0,0.2758790754948375,zero_shot,0.5906976744186047,0.7255813953488373,0.0,1.0,0.0,0.48068669527896996
NUD15_HUMAN_Suiter_2020,1,2,0.967741935483871,0.2770728233185795,zero_shot,0.5395348837209302,0.727906976744186,1.0,1.0,1.0,0.4890829694323144
NUD15_HUMAN_Suiter_2020,1,3,0.967741935483871,0.2577268195249641,zero_shot,0.5725274725274725,0.6967032967032967,1.0,2.0,1.0,0.48
NUD15_HUMAN_Suiter_2020,2,1,1.0,0.25997984828796405,zero_shot,0.5116279069767442,0.8930232558139535,0.0,1.0,0.0,0.48068669527896996
NUD15_HUMAN_Suiter_2020,2,2,0.9333333333333333,0.3276570677694449,zero_shot,0.5883720930232558,0.7151162790697675,1.0,1.0,1.0,0.4890829694323144
NUD15_HUMAN_Suiter_2020,2,3,0.9894736842105263,0.2774253496543668,zero_shot,0.5598901098901099,0.6554945054945056,1.0,2.0,1.0,0.48
NUD15_HUMAN_Suiter_2020,3,1,1.0,0.26840840487874446,zero_shot,0.40930232558139534,0.7488372093023254,0.0,3.0,0.0,0.463519313304721
NUD15_HUMAN_Suiter_2020,3,2,1.0,0.3107347551018193,supervised,0.6325581395348837,0.5732558139534885,1.0,1.0,1.0,0.47161572052401746
NUD15_HUMAN_Suiter_2020,3,3,0.9333333333333333,0.3415967006019518,supervised,0.6417582417582417,0.5357142857142857,2.0,2.0,1.0,0.4622222222222222
NUD15_HUMAN_Suiter_2020,4,1,0.9787234042553191,0.12678300809514859,zero_shot,0.6837209302325582,0.7441860465116279,0.0,1.0,0.0,0.48068669527896996
NUD15_HUMAN_Suiter_2020,4,2,0.9090909090909091,0.1783516744682091,zero_shot,0.5325581395348837,0.7058139534883721,1.0,1.0,1.0,0.4890829694323144
NUD15_HUMAN_Suiter_2020,4,3,0.945054945054945,0.17781718269019886,zero_shot,0.49835164835164836,0.6862637362637363,1.0,1.0,1.0,0.48
NUD15_HUMAN_Suiter_2020,5,1,1.0,0.32441027534597955,zero_shot,0.613953488372093,0.7116279069767442,0.0,2.0,0.0,0.463519313304721
NUD15_HUMAN_Suiter_2020,5,2,0.967741935483871,0.296470673053687,supervised,0.622093023255814,0.563953488372093,2.0,2.0,1.0,0.47161572052401746
NUD15_HUMAN_Suiter_2020,5,3,0.9090909090909091,0.30124978407287717,supervised,0.6587912087912089,0.5,2.0,2.0,1.0,0.4444444444444444
NUD15_HUMAN_Suiter_2020,6,1,0.967741935483871,0.12409148509303532,zero_shot,0.5674418604651164,0.7162790697674418,0.0,2.0,0.0,0.463519313304721
NUD15_HUMAN_Suiter_2020,6,2,0.945054945054945,0.18267049799429286,zero_shot,0.5290697674418605,0.7127906976744186,1.0,1.0,1.0,0.47161572052401746
NUD15_HUMAN_Suiter_2020,6,3,0.967741935483871,0.18084982927524482,zero_shot,0.46373626373626375,0.6543956043956044,1.0,0.0,1.0,0.4622222222222222
NUD15_HUMAN_Suiter_2020,7,1,1.0,0.2282735933437569,zero_shot,0.20930232558139536,0.8186046511627907,0.0,0.0,0.0,0.48068669527896996
NUD15_HUMAN_Suiter_2020,7,2,0.9333333333333333,0.20140140452269129,zero_shot,0.5476744186046512,0.6267441860465116,1.0,1.0,1.0,0.4890829694323144
NUD15_HUMAN_Suiter_2020,7,3,0.9894736842105263,0.1955497671484178,supervised,0.6208791208791209,0.5516483516483517,2.0,2.0,1.0,0.48
NUD15_HUMAN_Suiter_2020,8,1,1.0,0.23970217824049098,zero_shot,0.5162790697674419,0.841860465116279,0.0,1.0,0.0,0.48068669527896996
NUD15_HUMAN_Suiter_2020,8,2,0.967741935483871,0.22493547339682354,zero_shot,0.5709302325581396,0.7116279069767442,1.0,1.0,1.0,0.4890829694323144
NUD15_HUMAN_Suiter_2020,8,3,0.9565217391304348,0.19207613805829063,zero_shot,0.5192307692307692,0.689010989010989,1.0,2.0,1.0,0.48
NUD15_HUMAN_Suiter_2020,9,1,0.9787234042553191,0.11601561922699176,zero_shot,0.3674418604651163,0.7302325581395348,0.0,0.0,0.0,0.44635193133047213
NUD15_HUMAN_Suiter_2020,9,2,0.9787234042553191,0.0798470338542466,supervised,0.6209302325581395,0.5104651162790698,3.0,3.0,1.0,0.45414847161572053
NUD15_HUMAN_Suiter_2020,9,3,0.9565217391304348,0.15189512841027653,supervised,0.7032967032967032,0.5164835164835164,0.0,0.0,1.0,0.4088888888888889
NUD15_HUMAN_Suiter_2020,10,1,0.9894736842105263,0.20883790015336887,supervised,0.7953488372093024,0.5069767441860465,0.0,0.0,0.0,0.48068669527896996
NUD15_HUMAN_Suiter_2020,10,2,0.945054945054945,0.20145535633245898,supervised,0.7255813953488373,0.5244186046511627,1.0,1.0,0.0,0.4890829694323144
NUD15_HUMAN_Suiter_2020,10,3,0.9894736842105263,0.30516760415684285,supervised,0.7313186813186812,0.6016483516483516,0.0,0.0,1.0,0.48
NUD15_HUMAN_Suiter_2020,11,1,1.0,0.18669185235254734,explore,0.5395348837209303,0.42790697674418604,0.0,0.0,0.0,0.48068669527896996
NUD15_HUMAN_Suiter_2020,11,2,0.9894736842105263,0.25275722001500617,zero_shot,0.627906976744186,0.6767441860465115,0.0,0.0,0.0,0.4890829694323144
NUD15_HUMAN_Suiter_2020,11,3,0.945054945054945,0.2993729868937005,supervised,0.6593406593406593,0.634065934065934,0.0,0.0,1.0,0.49777777777777776
NUD15_HUMAN_Suiter_2020,12,1,1.0,0.034155986132147126,zero_shot,0.5069767441860464,0.7720930232558141,0.0,1.0,0.0,0.463519313304721
NUD15_HUMAN_Suiter_2020,12,2,0.9787234042553191,0.1269653645586233,zero_shot,0.6627906976744187,0.6965116279069767,1.0,2.0,1.0,0.47161572052401746
NUD15_HUMAN_Suiter_2020,12,3,0.9894736842105263,0.1268656165413753,zero_shot,0.6351648351648352,0.6818681318681319,1.0,3.0,1.0,0.4622222222222222
NUD15_HUMAN_Suiter_2020,13,1,0.9894736842105263,0.24611405833615302,zero_shot,0.41860465116279066,0.7627906976744185,0.0,0.0,0.0,0.463519313304721
NUD15_HUMAN_Suiter_2020,13,2,0.9213483146067416,0.30533830630751757,zero_shot,0.55,0.6825581395348838,1.0,0.0,1.0,0.47161572052401746
NUD15_HUMAN_Suiter_2020,13,3,0.9565217391304348,0.307879212710241,zero_shot,0.5554945054945055,0.6401098901098902,1.0,1.0,1.0,0.4622222222222222
NUD15_HUMAN_Suiter_2020,14,1,0.9894736842105263,0.18295752094353096,supervised,0.813953488372093,0.46976744186046515,1.0,1.0,0.0,0.48068669527896996
NUD15_HUMAN_Suiter_2020,14,2,1.0,0.1871517377129051,supervised,0.8325581395348838,0.6744186046511628,0.0,0.0,0.0,0.47161572052401746
NUD15_HUMAN_Suiter_2020,14,3,0.9894736842105263,0.15388829326880488,supervised,0.8543956043956045,0.6428571428571429,0.0,0.0,0.0,0.48
NUD15_HUMAN_Suiter_2020,15,1,0.9894736842105263,0.15410434566441863,supervised,0.7953488372093023,0.5302325581395348,2.0,2.0,0.0,0.44635193133047213
NUD15_HUMAN_Suiter_2020,15,2,0.9894736842105263,0.12406656776915417,zero_shot,0.7,0.7430232558139535,0.0,1.0,0.0,0.4192139737991266
NUD15_HUMAN_Suiter_2020,15,3,0.9213483146067416,0.1748978715305141,supervised,0.6824175824175824,0.5335164835164835,0.0,0.0,1.0,0.4266666666666667
NUD15_HUMAN_Suiter_2020,16,1,1.0,0.15316669455163798,zero_shot,0.6093023255813954,0.7069767441860465,0.0,1.0,0.0,0.463519313304721
NUD15_HUMAN_Suiter_2020,16,2,0.9894736842105263,0.2555832370749423,supervised,0.7325581395348837,0.5627906976744186,2.0,2.0,1.0,0.47161572052401746
NUD15_HUMAN_Suiter_2020,16,3,0.9213483146067416,0.25876107998352543,supervised,0.717032967032967,0.5197802197802197,1.0,1.0,1.0,0.4444444444444444
NUD15_HUMAN_Suiter_2020,17,1,0.9894736842105263,0.2829898053204663,zero_shot,0.5069767441860464,0.9069767441860466,0.0,1.0,0.0,0.44635193133047213
NUD15_HUMAN_Suiter_2020,17,2,0.945054945054945,0.31240893739715675,zero_shot,0.5523255813953488,0.6627906976744187,1.0,2.0,1.0,0.45414847161572053
NUD15_HUMAN_Suiter_2020,17,3,0.9894736842105263,0.3001472775370849,zero_shot,0.6016483516483517,0.6131868131868132,1.0,3.0,1.0,0.4444444444444444
NUD15_HUMAN_Suiter_2020,18,1,0.9894736842105263,0.21399504506894507,supervised,0.9209302325581394,0.6604651162790698,0.0,0.0,0.0,0.48068669527896996
NUD15_HUMAN_Suiter_2020,18,2,1.0,0.14050746939963335,supervised,0.8069767441860466,0.6186046511627907,0.0,0.0,0.0,0.4890829694323144
NUD15_HUMAN_Suiter_2020,18,3,1.0,0.11648243672842533,supervised,0.7093406593406594,0.6412087912087912,0.0,0.0,0.0,0.49777777777777776
NUD15_HUMAN_Suiter_2020,19,1,1.0,0.286495107633689,zero_shot,0.6093023255813954,0.7767441860465116,0.0,1.0,0.0,0.48068669527896996
NUD15_HUMAN_Suiter_2020,19,2,0.945054945054945,0.3006242859972309,zero_shot,0.6395348837209303,0.680232558139535,1.0,0.0,1.0,0.4890829694323144
NUD15_HUMAN_Suiter_2020,19,3,0.9894736842105263,0.26610602766760155,zero_shot,0.5802197802197802,0.6478021978021977,1.0,1.0,1.0,0.48
NUD15_HUMAN_Suiter_2020,20,1,1.0,0.11559841037395781,zero_shot,0.49767441860465117,0.8232558139534883,0.0,0.0,0.0,0.463519313304721
NUD15_HUMAN_Suiter_2020,20,2,0.9894736842105263,0.2392257714699223,zero_shot,0.6313953488372093,0.6709302325581394,1.0,0.0,1.0,0.47161572052401746
NUD15_HUMAN_Suiter_2020,20,3,0.9787234042553191,0.22703474221433195,supervised,0.628021978021978,0.5967032967032967,0.0,0.0,1.0,0.4622222222222222
NUD15_HUMAN_Suiter_2020,21,1,0.967741935483871,0.000963345275740428,zero_shot,0.6930232558139535,0.7627906976744185,0.0,0.0,0.0,0.463519313304721
NUD15_HUMAN_Suiter_2020,21,2,0.9787234042553191,0.1287699348621987,zero_shot,0.6709302325581395,0.686046511627907,1.0,2.0,1.0,0.47161572052401746
NUD15_HUMAN_Suiter_2020,21,3,0.9894736842105263,0.12646450232311163,zero_shot,0.6005494505494505,0.6505494505494505,1.0,2.0,1.0,0.4622222222222222
NUD15_HUMAN_Suiter_2020,22,1,1.0,0.250095048283755,zero_shot,0.32093023255813957,0.627906976744186,0.0,2.0,0.0,0.44635193133047213
NUD15_HUMAN_Suiter_2020,22,2,0.9894736842105263,0.2640218768393797,zero_shot,0.5325581395348837,0.6116279069767442,1.0,1.0,1.0,0.45414847161572053
NUD15_HUMAN_Suiter_2020,22,3,0.9787234042553191,0.22548345553464466,zero_shot,0.5159340659340659,0.589010989010989,1.0,2.0,1.0,0.4444444444444444
NUD15_HUMAN_Suiter_2020,23,1,1.0,0.15256853295569078,zero_shot,0.4418604651162791,0.758139534883721,0.0,0.0,0.0,0.463519313304721
NUD15_HUMAN_Suiter_2020,23,2,0.9787234042553191,0.2061756196697425,zero_shot,0.5267441860465116,0.727906976744186,1.0,1.0,1.0,0.47161572052401746
NUD15_HUMAN_Suiter_2020,23,3,0.967741935483871,0.15747624052710157,zero_shot,0.5807692307692308,0.6967032967032967,1.0,1.0,1.0,0.4622222222222222
NUD15_HUMAN_Suiter_2020,24,1,1.0,0.27209763037692714,zero_shot,0.6093023255813954,0.655813953488372,0.0,0.0,0.0,0.48068669527896996
NUD15_HUMAN_Suiter_2020,24,2,0.9565217391304348,0.3149275398871881,zero_shot,0.5976744186046512,0.7837209302325582,1.0,1.0,1.0,0.4890829694323144
NUD15_HUMAN_Suiter_2020,24,3,0.9787234042553191,0.3301023146011493,zero_shot,0.5467032967032968,0.7494505494505495,1.0,2.0,1.0,0.48
NUD15_HUMAN_Suiter_2020,25,1,0.9894736842105263,0.10206913809859819,supervised,0.7302325581395349,0.5302325581395348,0.0,0.0,0.0,0.48068669527896996
NUD15_HUMAN_Suiter_2020,25,2,1.0,0.10379773101468524,supervised,0.672093023255814,0.608139534883721,1.0,1.0,0.0,0.4890829694323144
NUD15_HUMAN_Suiter_2020,25,3,0.9894736842105263,0.14119422059641926,supervised,0.6296703296703297,0.639010989010989,0.0,0.0,0.0,0.48
NUD15_HUMAN_Suiter_2020,26,1,1.0,0.04149085863812553,zero_shot,0.558139534883721,0.7348837209302326,0.0,1.0,0.0,0.463519313304721
NUD15_HUMAN_Suiter_2020,26,2,0.9333333333333333,0.08307425073601778,zero_shot,0.5034883720930232,0.6267441860465116,1.0,0.0,1.0,0.47161572052401746
NUD15_HUMAN_Suiter_2020,26,3,0.9787234042553191,0.15852032910951036,zero_shot,0.5554945054945055,0.5961538461538461,1.0,0.0,1.0,0.4622222222222222
NUD15_HUMAN_Suiter_2020,27,1,0.9787234042553191,0.15963426670167724,zero_shot,0.46976744186046515,0.6790697674418604,0.0,1.0,0.0,0.463519313304721
NUD15_HUMAN_Suiter_2020,27,2,0.967741935483871,0.19948604583190016,zero_shot,0.6732558139534883,0.6872093023255814,1.0,1.0,1.0,0.47161572052401746
NUD15_HUMAN_Suiter_2020,27,3,0.9565217391304348,0.17813167579658917,zero_shot,0.628021978021978,0.6774725274725275,1.0,0.0,1.0,0.4622222222222222
NUD15_HUMAN_Suiter_2020,28,1,0.967741935483871,-0.03291771110821938,zero_shot,0.43255813953488376,0.6697674418604651,0.0,0.0,0.0,0.48068669527896996
NUD15_HUMAN_Suiter_2020,28,2,1.0,0.1108272451610488,zero_shot,0.5476744186046512,0.6965116279069767,1.0,1.0,1.0,0.4890829694323144
NUD15_HUMAN_Suiter_2020,28,3,1.0,0.07982114299360575,zero_shot,0.5637362637362637,0.6818681318681319,1.0,1.0,1.0,0.48
NUD15_HUMAN_Suiter_2020,29,1,1.0,0.13768653794790195,zero_shot,0.49302325581395345,0.6837209302325581,0.0,1.0,0.0,0.48068669527896996
NUD15_HUMAN_Suiter_2020,29,2,0.945054945054945,0.22597128039275735,zero_shot,0.4534883720930232,0.7895348837209302,1.0,0.0,1.0,0.4890829694323144
NUD15_HUMAN_Suiter_2020,29,3,0.945054945054945,0.20451008748880026,zero_shot,0.4510989010989011,0.6983516483516483,1.0,1.0,1.0,0.48
NUD15_HUMAN_Suiter_2020,30,1,0.9894736842105263,0.18624478028245892,zero_shot,0.45581395348837206,0.6604651162790698,0.0,4.0,0.0,0.48068669527896996
NUD15_HUMAN_Suiter_2020,30,2,0.9787234042553191,0.25426553512354694,zero_shot,0.5744186046511628,0.713953488372093,1.0,5.0,1.0,0.4890829694323144
NUD15_HUMAN_Suiter_2020,30,3,0.9894736842105263,0.24016656279424364,zero_shot,0.6192307692307693,0.6901098901098901,1.0,4.0,1.0,0.48
NUD15_HUMAN_Suiter_2020,31,1,1.0,0.16142250739318417,supervised,0.627906976744186,0.5953488372093023,1.0,1.0,0.0,0.4291845493562232
NUD15_HUMAN_Suiter_2020,31,2,0.9894736842105263,0.19289974359974732,zero_shot,0.6418604651162791,0.6709302325581395,0.0,1.0,0.0,0.4192139737991266
NUD15_HUMAN_Suiter_2020,31,3,0.945054945054945,0.1809727747404727,supervised,0.5527472527472528,0.5296703296703297,2.0,2.0,1.0,0.4266666666666667
NUD15_HUMAN_Suiter_2020,32,1,1.0,0.20902341238920547,zero_shot,0.33488372093023255,0.7209302325581396,0.0,0.0,0.0,0.48068669527896996
NUD15_HUMAN_Suiter_2020,32,2,0.9333333333333333,0.19023515280687797,zero_shot,0.5813953488372093,0.6767441860465117,1.0,1.0,1.0,0.4890829694323144
NUD15_HUMAN_Suiter_2020,32,3,0.9565217391304348,0.22910236958443103,supervised,0.6478021978021977,0.6461538461538461,3.0,3.0,1.0,0.48
NUD15_HUMAN_Suiter_2020,33,1,0.9787234042553191,0.28897079085630234,zero_shot,0.19999999999999998,0.7302325581395348,0.0,1.0,0.0,0.48068669527896996
NUD15_HUMAN_Suiter_2020,33,2,0.9333333333333333,0.293468730122247,zero_shot,0.6569767441860466,0.7720930232558141,1.0,1.0,1.0,0.4890829694323144
NUD15_HUMAN_Suiter_2020,33,3,0.9565217391304348,0.25307817945058725,zero_shot,0.6335164835164835,0.743956043956044,1.0,2.0,1.0,0.48
NUD15_HUMAN_Suiter_2020,34,1,1.0,0.17236529140314907,zero_shot,0.40930232558139534,0.6511627906976745,0.0,0.0,0.0,0.463519313304721
NUD15_HUMAN_Suiter_2020,34,2,0.9213483146067416,0.2627990230854374,explore,0.5244186046511627,0.4744186046511628,0.0,0.0,1.0,0.47161572052401746
NUD15_HUMAN_Suiter_2020,34,3,0.967741935483871,0.3762559948499046,supervised,0.6758241758241759,0.5961538461538461,1.0,1.0,1.0,0.48
NUD15_HUMAN_Suiter_2020,35,1,0.967741935483871,0.10376483291649247,supervised,0.7488372093023256,0.7348837209302326,1.0,1.0,0.0,0.463519313304721
NUD15_HUMAN_Suiter_2020,35,2,0.9894736842105263,0.14763673254309875,supervised,0.7755813953488372,0.7418604651162791,5.0,5.0,0.0,0.45414847161572053
NUD15_HUMAN_Suiter_2020,35,3,1.0,0.16897107769081837,zero_shot,0.6065934065934067,0.6351648351648351,0.0,3.0,0.0,0.37333333333333335
NUD15_HUMAN_Suiter_2020,36,1,1.0,0.20788983415769324,zero_shot,0.30697674418604654,0.6697674418604651,0.0,2.0,0.0,0.463519313304721
NUD15_HUMAN_Suiter_2020,36,2,0.967741935483871,0.25750520609716093,zero_shot,0.5627906976744186,0.7209302325581396,1.0,2.0,1.0,0.47161572052401746
NUD15_HUMAN_Suiter_2020,36,3,0.9894736842105263,0.22393857192854638,zero_shot,0.6010989010989011,0.6934065934065934,1.0,3.0,1.0,0.4622222222222222
NUD15_HUMAN_Suiter_2020,37,1,0.9894736842105263,0.22052167834016873,zero_shot,0.5162790697674419,0.6604651162790698,0.0,1.0,0.0,0.48068669527896996
NUD15_HUMAN_Suiter_2020,37,2,0.967741935483871,0.23029767340782423,zero_shot,0.622093023255814,0.7790697674418605,1.0,0.0,1.0,0.4890829694323144
NUD15_HUMAN_Suiter_2020,37,3,0.9787234042553191,0.24362259850220913,zero_shot,0.5082417582417583,0.6571428571428573,1.0,1.0,1.0,0.48
NUD15_HUMAN_Suiter_2020,38,1,0.9894736842105263,0.20408900123296042,zero_shot,0.5488372093023256,0.6790697674418604,0.0,3.0,0.0,0.48068669527896996
NUD15_HUMAN_Suiter_2020,38,2,0.967741935483871,0.3149002855174147,zero_shot,0.5197674418604651,0.6825581395348836,1.0,0.0,1.0,0.4890829694323144
NUD15_HUMAN_Suiter_2020,38,3,0.9787234042553191,0.2928323688610313,zero_shot,0.4549450549450549,0.6401098901098902,1.0,2.0,1.0,0.48
NUD15_HUMAN_Suiter_2020,39,1,1.0,0.14751208527545234,supervised,0.6976744186046512,0.7023255813953488,1.0,1.0,0.0,0.48068669527896996
NUD15_HUMAN_Suiter_2020,39,2,1.0,0.19709165917076235,supervised,0.7639534883720931,0.6709302325581395,0.0,0.0,0.0,0.47161572052401746
NUD15_HUMAN_Suiter_2020,39,3,0.967741935483871,0.20305364587310704,supervised,0.8516483516483516,0.7203296703296702,0.0,0.0,0.0,0.48
RASH_HUMAN_Bandaru_2017,0,1,0.9894736842105263,0.3502939867046277,zero_shot,0.4046511627906977,0.5627906976744186,1.0,0.0,1.0,0.4510693454309786
RASH_HUMAN_Bandaru_2017,0,2,0.967741935483871,0.4304048280052285,explore,0.4116279069767442,0.5046511627906977,1.0,1.0,0.0,0.4423963133640553
RASH_HUMAN_Bandaru_2017,0,3,0.945054945054945,0.4538139339913303,supervised,0.6093406593406593,0.48901098901098905,1.0,1.0,0.0,0.4334448160535117
RASH_HUMAN_Bandaru_2017,1,1,0.967741935483871,0.23724479361774428,explore,0.3906976744186047,0.37209302325581395,0.0,2.0,1.0,0.48217757615035645
RASH_HUMAN_Bandaru_2017,1,2,1.0,0.32013673860711106,supervised,0.5709302325581396,0.4872093023255814,1.0,1.0,1.0,0.4897959183673469
RASH_HUMAN_Bandaru_2017,1,3,0.9894736842105263,0.3189942747510983,supervised,0.7956043956043956,0.5774725274725274,1.0,1.0,1.0,0.4816053511705686
RASH_HUMAN_Bandaru_2017,2,1,0.9894736842105263,0.3218924848154784,zero_shot,0.37209302325581395,0.6046511627906976,1.0,0.0,1.0,0.4666234607906675
RASH_HUMAN_Bandaru_2017,2,2,0.9333333333333333,0.3280535494762889,explore,0.45581395348837206,0.472093023255814,0.0,1.0,0.0,0.45819618169848586
RASH_HUMAN_Bandaru_2017,2,3,0.945054945054945,0.4633156592670078,explore,0.5373626373626373,0.5285714285714286,0.0,2.0,0.0,0.46555183946488293
RASH_HUMAN_Bandaru_2017,3,1,0.967741935483871,0.360997385841059,supervised,0.7209302325581395,0.5441860465116279,1.0,1.0,1.0,0.48217757615035645
RASH_HUMAN_Bandaru_2017,3,2,0.9894736842105263,0.30674913328129977,supervised,0.7430232558139535,0.39069767441860465,0.0,0.0,1.0,0.4739960500329164
RASH_HUMAN_Bandaru_2017,3,3,0.9565217391304348,0.3573879694399412,supervised,0.7934065934065935,0.36428571428571427,0.0,0.0,1.0,0.4816053511705686
RASH_HUMAN_Bandaru_2017,4,1,0.9894736842105263,0.33458646876944975,supervised,0.5953488372093023,0.5674418604651164,2.0,2.0,1.0,0.4666234607906675
RASH_HUMAN_Bandaru_2017,4,2,1.0,0.28188808016155475,supervised,0.7965116279069767,0.5162790697674419,2.0,2.0,1.0,0.4423963133640553
RASH_HUMAN_Bandaru_2017,4,3,0.9787234042553191,0.22296832736841615,supervised,0.8016483516483517,0.21978021978021978,1.0,1.0,1.0,0.41739130434782606
RASH_HUMAN_Bandaru_2017,5,1,0.9787234042553191,0.34064646397306453,supervised,0.7023255813953488,0.4604651162790698,0.0,0.0,1.0,0.48217757615035645
RASH_HUMAN_Bandaru_2017,5,2,0.9894736842105263,0.31314051145991,supervised,0.786046511627907,0.5034883720930232,1.0,1.0,1.0,0.4897959183673469
RASH_HUMAN_Bandaru_2017,5,3,1.0,0.2498283091263774,supervised,0.7357142857142858,0.5115384615384615,1.0,1.0,1.0,0.4816053511705686
RASH_HUMAN_Bandaru_2017,6,1,0.9894736842105263,0.23061410221598952,explore,0.42325581395348844,0.5023255813953489,0.0,1.0,1.0,0.48217757615035645
RASH_HUMAN_Bandaru_2017,6,2,1.0,0.3838739332908299,zero_shot,0.555813953488372,0.5720930232558139,1.0,1.0,1.0,0.4897959183673469
RASH_HUMAN_Bandaru_2017,6,3,0.9787234042553191,0.4325670487569924,supervised,0.5538461538461539,0.495054945054945,1.0,1.0,0.0,0.4816053511705686
RASH_HUMAN_Bandaru_2017,7,1,1.0,0.2855113569765228,zero_shot,0.5813953488372092,0.6883720930232557,1.0,0.0,1.0,0.48217757615035645
RASH_HUMAN_Bandaru_2017,7,2,0.967741935483871,0.28142977211425174,explore,0.5430232558139534,0.42906976744186043,1.0,0.0,0.0,0.4739960500329164
RASH_HUMAN_Bandaru_2017,7,3,0.9787234042553191,0.3602221042622309,supervised,0.6521978021978022,0.4901098901098901,1.0,1.0,0.0,0.46555183946488293
RASH_HUMAN_Bandaru_2017,8,1,0.9787234042553191,0.36523161556572437,zero_shot,0.6046511627906976,0.6465116279069768,1.0,0.0,1.0,0.48217757615035645
RASH_HUMAN_Bandaru_2017,8,2,0.967741935483871,0.2902418484111309,supervised,0.6616279069767441,0.5209302325581395,2.0,2.0,0.0,0.4739960500329164
RASH_HUMAN_Bandaru_2017,8,3,0.9213483146067416,0.20368606221996213,supervised,0.7818681318681319,0.44560439560439563,1.0,1.0,0.0,0.44949832775919735
RASH_HUMAN_Bandaru_2017,9,1,0.967741935483871,0.3908141011427715,supervised,0.7302325581395349,0.5069767441860465,0.0,0.0,1.0,0.48217757615035645
RASH_HUMAN_Bandaru_2017,9,2,0.9333333333333333,0.2839115728336541,supervised,0.7534883720930233,0.3988372093023256,1.0,1.0,1.0,0.4897959183673469
RASH_HUMAN_Bandaru_2017,9,3,1.0,0.3015120057379675,supervised,0.8087912087912088,0.38406593406593403,1.0,1.0,1.0,0.4816053511705686
RASH_HUMAN_Bandaru_2017,10,1,0.9787234042553191,0.30606864953137175,supervised,0.6883720930232557,0.5674418604651162,3.0,3.0,1.0,0.48217757615035645
RASH_HUMAN_Bandaru_2017,10,2,0.9894736842105263,0.0685205021220439,supervised,0.5732558139534883,0.413953488372093,0.0,0.0,1.0,0.4423963133640553
RASH_HUMAN_Bandaru_2017,10,3,0.9894736842105263,0.11294860741329173,explore,0.5461538461538462,0.43076923076923074,0.0,1.0,1.0,0.44949832775919735
RASH_HUMAN_Bandaru_2017,11,1,0.967741935483871,0.3178014979625143,explore,0.5069767441860465,0.4232558139534884,0.0,1.0,1.0,0.48217757615035645
RASH_HUMAN_Bandaru_2017,11,2,0.967741935483871,0.42005575106028686,supervised,0.6313953488372093,0.436046511627907,0.0,0.0,1.0,0.4897959183673469
RASH_HUMAN_Bandaru_2017,11,3,1.0,0.336361333324329,supervised,0.7082417582417582,0.554945054945055,0.0,0.0,1.0,0.49765886287625416
RASH_HUMAN_Bandaru_2017,12,1,0.9894736842105263,0.28808914008924225,zero_shot,0.8883720930232558,0.9162790697674419,1.0,0.0,1.0,0.48217757615035645
RASH_HUMAN_Bandaru_2017,12,2,0.945054945054945,0.3208316838960238,supervised,0.6848837209302325,0.5895348837209302,2.0,2.0,0.0,0.4739960500329164
RASH_HUMAN_Bandaru_2017,12,3,0.9090909090909091,0.3706845714371275,supervised,0.7131868131868133,0.5071428571428571,0.0,0.0,0.0,0.44949832775919735
RASH_HUMAN_Bandaru_2017,13,1,0.9787234042553191,0.39006531120052584,supervised,0.7348837209302326,0.6139534883720931,0.0,0.0,1.0,0.48217757615035645
RASH_HUMAN_Bandaru_2017,13,2,1.0,0.3001276813374351,supervised,0.8372093023255813,0.3372093023255814,1.0,1.0,1.0,0.4897959183673469
RASH_HUMAN_Bandaru_2017,13,3,1.0,0.2996214788817336,supervised,0.7593406593406593,0.3346153846153846,0.0,0.0,1.0,0.4816053511705686
RASH_HUMAN_Bandaru_2017,14,1,0.967741935483871,0.23055448719270297,supervised,0.5767441860465117,0.4093023255813954,1.0,1.0,1.0,0.4666234607906675
RASH_HUMAN_Bandaru_2017,14,2,0.9787234042553191,0.14638316406255353,supervised,0.7267441860465117,0.622093023255814,1.0,1.0,1.0,0.45819618169848586
RASH_HUMAN_Bandaru_2017,14,3,0.967741935483871,0.4190743281845678,supervised,0.7065934065934065,0.6252747252747253,0.0,0.0,0.0,0.44949832775919735
RASH_HUMAN_Bandaru_2017,15,1,0.9894736842105263,0.3010218754807732,zero_shot,0.558139534883721,0.6744186046511629,1.0,0.0,1.0,0.48217757615035645
RASH_HUMAN_Bandaru_2017,15,2,0.9565217391304348,0.4456092860232315,supervised,0.6034883720930233,0.4604651162790698,1.0,1.0,0.0,0.4739960500329164
RASH_HUMAN_Bandaru_2017,15,3,0.9894736842105263,0.414043272533915,supervised,0.7434065934065934,0.35714285714285715,3.0,3.0,0.0,0.46555183946488293
RASH_HUMAN_Bandaru_2017,16,1,0.9787234042553191,0.40710161108309306,supervised,0.7674418604651163,0.6976744186046511,1.0,1.0,1.0,0.48217757615035645
RASH_HUMAN_Bandaru_2017,16,2,0.9787234042553191,0.22300243267942593,supervised,0.7255813953488371,0.5441860465116279,1.0,1.0,1.0,0.4739960500329164
RASH_HUMAN_Bandaru_2017,16,3,0.9787234042553191,0.2707650889857997,supervised,0.6532967032967033,0.5175824175824176,2.0,2.0,1.0,0.46555183946488293
RASH_HUMAN_Bandaru_2017,17,1,0.9565217391304348,0.33392997573960537,supervised,0.7674418604651162,0.758139534883721,3.0,3.0,1.0,0.48217757615035645
RASH_HUMAN_Bandaru_2017,17,2,1.0,0.3292924528020142,supervised,0.8313953488372093,0.5569767441860465,2.0,2.0,1.0,0.4423963133640553
RASH_HUMAN_Bandaru_2017,17,3,0.9894736842105263,0.466854826607298,supervised,0.6917582417582417,0.47197802197802197,0.0,0.0,1.0,0.41739130434782606
RASH_HUMAN_Bandaru_2017,18,1,0.9894736842105263,0.4033418262662399,supervised,0.8837209302325582,0.6000000000000001,1.0,1.0,1.0,0.48217757615035645
RASH_HUMAN_Bandaru_2017,18,2,0.9894736842105263,0.34898385618580985,supervised,0.8406976744186048,0.5232558139534884,0.0,0.0,1.0,0.4739960500329164
RASH_HUMAN_Bandaru_2017,18,3,0.9787234042553191,0.28971048139724953,supervised,0.8384615384615384,0.4120879120879121,0.0,0.0,1.0,0.4816053511705686
RASH_HUMAN_Bandaru_2017,19,1,0.9894736842105263,0.4020565301378316,zero_shot,0.5767441860465116,0.786046511627907,1.0,0.0,1.0,0.48217757615035645
RASH_HUMAN_Bandaru_2017,19,2,0.945054945054945,0.3726020771090927,supervised,0.6848837209302326,0.5558139534883721,2.0,2.0,0.0,0.4739960500329164
RASH_HUMAN_Bandaru_2017,19,3,0.945054945054945,0.267520317874319,supervised,0.7681318681318682,0.523076923076923,1.0,1.0,0.0,0.44949832775919735
RASH_HUMAN_Bandaru_2017,20,1,1.0,0.14214625207594098,supervised,0.7302325581395349,0.5348837209302325,3.0,3.0,1.0,0.48217757615035645
RASH_HUMAN_Bandaru_2017,20,2,1.0,0.3282512322589512,supervised,0.5872093023255813,0.46744186046511627,2.0,2.0,1.0,0.4423963133640553
RASH_HUMAN_Bandaru_2017,20,3,1.0,0.30336509889636143,supervised,0.634065934065934,0.46648351648351644,2.0,2.0,1.0,0.41739130434782606
RASH_HUMAN_Bandaru_2017,21,1,0.967741935483871,0.33086340957908955,zero_shot,0.4465116279069768,0.5813953488372093,1.0,0.0,1.0,0.48217757615035645
RASH_HUMAN_Bandaru_2017,21,2,0.945054945054945,0.40023201359885785,explore,0.4720930232558139,0.45581395348837206,0.0,1.0,0.0,0.4739960500329164
RASH_HUMAN_Bandaru_2017,21,3,0.9333333333333333,0.3439028815538855,explore,0.3994505494505495,0.4450549450549451,1.0,1.0,0.0,0.4816053511705686
RASH_HUMAN_Bandaru_2017,22,1,0.9894736842105263,0.4046231903416777,supervised,0.6744186046511628,0.6325581395348837,2.0,2.0,1.0,0.48217757615035645
RASH_HUMAN_Bandaru_2017,22,2,0.967741935483871,0.2964215869625273,supervised,0.6151162790697675,0.5046511627906977,1.0,1.0,1.0,0.45819618169848586
RASH_HUMAN_Bandaru_2017,22,3,0.9565217391304348,0.32466913970259376,supervised,0.75989010989011,0.5510989010989011,3.0,3.0,0.0,0.44949832775919735
RASH_HUMAN_Bandaru_2017,23,1,0.9894736842105263,0.4004041810472016,zero_shot,0.6000000000000001,0.6139534883720931,1.0,1.0,1.0,0.48217757615035645
RASH_HUMAN_Bandaru_2017,23,2,0.9090909090909091,0.3717826894884484,supervised,0.727906976744186,0.6209302325581396,1.0,1.0,0.0,0.4739960500329164
RASH_HUMAN_Bandaru_2017,23,3,0.9090909090909091,0.4129612619140138,supervised,0.8038461538461538,0.554945054945055,0.0,0.0,0.0,0.46555183946488293
RASH_HUMAN_Bandaru_2017,24,1,0.9894736842105263,0.3756440796210978,explore,0.4046511627906977,0.49767441860465117,0.0,1.0,1.0,0.48217757615035645
RASH_HUMAN_Bandaru_2017,24,2,0.9787234042553191,0.37415085807612664,supervised,0.6651162790697674,0.5174418604651163,2.0,2.0,1.0,0.4897959183673469
RASH_HUMAN_Bandaru_2017,24,3,0.9787234042553191,0.26453521734490787,supervised,0.7664835164835165,0.5576923076923077,0.0,0.0,1.0,0.46555183946488293
RASH_HUMAN_Bandaru_2017,25,1,0.9894736842105263,0.3543655130759831,supervised,0.7162790697674419,0.6744186046511629,0.0,0.0,1.0,0.48217757615035645
RASH_HUMAN_Bandaru_2017,25,2,0.9894736842105263,0.27953254997446236,supervised,0.6616279069767441,0.5325581395348837,5.0,5.0,1.0,0.4897959183673469
RASH_HUMAN_Bandaru_2017,25,3,1.0,0.26981019182725796,supervised,0.8538461538461539,0.34175824175824177,0.0,0.0,1.0,0.41739130434782606
RASH_HUMAN_Bandaru_2017,26,1,1.0,0.346802569848066,supervised,0.6511627906976744,0.5488372093023256,0.0,0.0,1.0,0.4666234607906675
RASH_HUMAN_Bandaru_2017,26,2,0.9894736842105263,0.270206314888618,supervised,0.727906976744186,0.5662790697674418,1.0,1.0,1.0,0.4739960500329164
RASH_HUMAN_Bandaru_2017,26,3,1.0,0.24938950361101347,supervised,0.7648351648351648,0.5423076923076923,0.0,0.0,1.0,0.46555183946488293
RASH_HUMAN_Bandaru_2017,27,1,0.9894736842105263,0.3614430100565581,zero_shot,0.5953488372093023,0.6744186046511629,1.0,0.0,1.0,0.48217757615035645
RASH_HUMAN_Bandaru_2017,27,2,0.945054945054945,0.25674292287149436,supervised,0.6011627906976744,0.5151162790697674,2.0,2.0,0.0,0.4739960500329164
RASH_HUMAN_Bandaru_2017,27,3,1.0,0.2232348073372556,supervised,0.7554945054945056,0.42857142857142855,0.0,0.0,0.0,0.44949832775919735
RASH_HUMAN_Bandaru_2017,28,1,1.0,0.3056440817816702,supervised,0.7441860465116279,0.5953488372093023,1.0,1.0,1.0,0.48217757615035645
RASH_HUMAN_Bandaru_2017,28,2,0.967741935483871,0.3335565677802571,supervised,0.7162790697674418,0.5139534883720931,0.0,0.0,1.0,0.4739960500329164
RASH_HUMAN_Bandaru_2017,28,3,0.9894736842105263,0.3781026357873741,supervised,0.6351648351648351,0.36538461538461536,0.0,0.0,1.0,0.4816053511705686
RASH_HUMAN_Bandaru_2017,29,1,0.9894736842105263,0.2785920225068184,zero_shot,0.572093023255814,0.5953488372093023,1.0,1.0,1.0,0.48217757615035645
RASH_HUMAN_Bandaru_2017,29,2,0.9565217391304348,0.3251763035667996,supervised,0.6546511627906977,0.422093023255814,1.0,1.0,0.0,0.4739960500329164
RASH_HUMAN_Bandaru_2017,29,3,0.967741935483871,0.30244579744671035,supervised,0.7489010989010989,0.4313186813186813,2.0,2.0,0.0,0.46555183946488293
RASH_HUMAN_Bandaru_2017,30,1,0.9565217391304348,0.36948633059986014,explore,0.34883720930232553,0.516279069767442,2.0,1.0,1.0,0.48217757615035645
RASH_HUMAN_Bandaru_2017,30,2,0.9565217391304348,0.44211385409138626,zero_shot,0.5744186046511628,0.5906976744186047,1.0,0.0,1.0,0.45819618169848586
RASH_HUMAN_Bandaru_2017,30,3,0.945054945054945,0.41817190520000264,explore,0.5021978021978022,0.5065934065934066,1.0,0.0,0.0,0.44949832775919735
RASH_HUMAN_Bandaru_2017,31,1,0.9787234042553191,0.36920271250455616,supervised,0.6930232558139535,0.5209302325581395,2.0,2.0,1.0,0.48217757615035645
RASH_HUMAN_Bandaru_2017,31,2,0.9787234042553191,0.2563543635327996,supervised,0.8848837209302325,0.5430232558139535,1.0,1.0,1.0,0.45819618169848586
RASH_HUMAN_Bandaru_2017,31,3,1.0,0.2296380908443591,supervised,0.8225274725274726,0.42967032967032964,1.0,1.0,1.0,0.44949832775919735
RASH_HUMAN_Bandaru_2017,32,1,0.9894736842105263,0.41395826524890567,explore,0.5441860465116278,0.5162790697674419,0.0,2.0,1.0,0.4666234607906675
RASH_HUMAN_Bandaru_2017,32,2,1.0,0.2902655750862313,supervised,0.6534883720930232,0.48372093023255813,3.0,3.0,1.0,0.4739960500329164
RASH_HUMAN_Bandaru_2017,32,3,1.0,0.33723092835092344,supervised,0.8868131868131868,0.46373626373626375,2.0,2.0,1.0,0.4334448160535117
RASH_HUMAN_Bandaru_2017,33,1,0.9894736842105263,0.2724363127465557,supervised,0.5674418604651164,0.4418604651162791,4.0,4.0,1.0,0.4666234607906675
RASH_HUMAN_Bandaru_2017,33,2,0.9565217391304348,0.2354127098045614,supervised,0.8872093023255814,0.27906976744186046,2.0,2.0,1.0,0.4107965766951942
RASH_HUMAN_Bandaru_2017,33,3,1.0,0.20371031143303064,supervised,0.7983516483516483,0.3736263736263736,1.0,1.0,0.0,0.38528428093645484
RASH_HUMAN_Bandaru_2017,34,1,0.9787234042553191,0.30874961189020356,explore,0.4790697674418605,0.3674418604651163,1.0,1.0,1.0,0.48217757615035645
RASH_HUMAN_Bandaru_2017,34,2,0.9787234042553191,0.4147759635757937,zero_shot,0.5848837209302327,0.5953488372093023,1.0,1.0,1.0,0.4739960500329164
RASH_HUMAN_Bandaru_2017,34,3,0.945054945054945,0.44004127116628766,supervised,0.6302197802197802,0.5543956043956044,2.0,2.0,0.0,0.46555183946488293
RASH_HUMAN_Bandaru_2017,35,1,0.967741935483871,0.4245369075100712,zero_shot,0.5023255813953489,0.586046511627907,1.0,1.0,1.0,0.48217757615035645
RASH_HUMAN_Bandaru_2017,35,2,0.945054945054945,0.4298574279819663,supervised,0.6581395348837209,0.5441860465116279,2.0,2.0,0.0,0.4739960500329164
RASH_HUMAN_Bandaru_2017,35,3,0.9565217391304348,0.40597333398706315,supervised,0.6824175824175824,0.48956043956043954,0.0,0.0,0.0,0.44949832775919735
RASH_HUMAN_Bandaru_2017,36,1,0.9787234042553191,0.3577814837077167,supervised,0.627906976744186,0.5069767441860465,0.0,0.0,1.0,0.4666234607906675
RASH_HUMAN_Bandaru_2017,36,2,0.9787234042553191,0.33991132058167106,supervised,0.7465116279069768,0.4186046511627907,1.0,1.0,1.0,0.4739960500329164
RASH_HUMAN_Bandaru_2017,36,3,1.0,0.31206683586481776,supervised,0.5631868131868132,0.4285714285714286,0.0,0.0,1.0,0.46555183946488293
RASH_HUMAN_Bandaru_2017,37,1,1.0,0.14073720971176368,supervised,0.772093023255814,0.6372093023255814,1.0,1.0,1.0,0.4510693454309786
RASH_HUMAN_Bandaru_2017,37,2,1.0,0.11623220352973736,supervised,0.5872093023255814,0.45581395348837217,0.0,0.0,1.0,0.4423963133640553
RASH_HUMAN_Bandaru_2017,37,3,0.9787234042553191,0.08859465464737366,supervised,0.6994505494505494,0.42912087912087915,2.0,2.0,1.0,0.44949832775919735
RASH_HUMAN_Bandaru_2017,38,1,1.0,0.29714999243769485,explore,0.13488372093023257,0.4232558139534884,0.0,0.0,1.0,0.48217757615035645
RASH_HUMAN_Bandaru_2017,38,2,1.0,0.1392785572869226,supervised,0.5534883720930233,0.5465116279069767,0.0,0.0,1.0,0.4897959183673469
RASH_HUMAN_Bandaru_2017,38,3,1.0,0.267032491329937,supervised,0.5505494505494505,0.389010989010989,1.0,1.0,1.0,0.49765886287625416
RASH_HUMAN_Bandaru_2017,39,1,0.9787234042553191,0.4243396438665671,zero_shot,0.42790697674418604,0.758139534883721,1.0,0.0,1.0,0.48217757615035645
RASH_HUMAN_Bandaru_2017,39,2,0.896551724137931,0.4507292028392237,explore,0.4662790697674418,0.536046511627907,1.0,4.0,0.0,0.4739960500329164
RASH_HUMAN_Bandaru_2017,39,3,0.8705882352941177,0.5327946477683534,supervised,0.6340659340659341,0.5719780219780219,2.0,2.0,0.0,0.46555183946488293
TPK1_HUMAN_Weile_2017,0,1,0.9894736842105263,0.22832381613686875,zero_shot,0.33488372093023255,0.7627906976744186,0.0,0.0,0.0,0.4749441429939355
TPK1_HUMAN_Weile_2017,0,2,1.0,0.2578627393709074,explore,0.42790697674418604,0.5383720930232558,0.0,0.0,0.0,0.48233387358184765
TPK1_HUMAN_Weile_2017,0,3,0.967741935483871,0.34413106135114224,zero_shot,0.40054945054945057,0.5708791208791208,0.0,0.0,0.0,0.48995719459993414
TPK1_HUMAN_Weile_2017,1,1,0.9787234042553191,0.1751673054222191,zero_shot,0.35813953488372097,0.5906976744186047,0.0,0.0,0.0,0.4902649218001915
TPK1_HUMAN_Weile_2017,1,2,0.9787234042553191,0.3519184847533984,zero_shot,0.5593023255813954,0.6581395348837209,0.0,0.0,0.0,0.4978930307941653
TPK1_HUMAN_Weile_2017,1,3,0.9333333333333333,0.3313683334540018,zero_shot,0.5428571428571428,0.5978021978021978,0.0,0.0,0.0,0.5057622653934805
TPK1_HUMAN_Weile_2017,2,1,1.0,0.29290806267441677,zero_shot,0.3209302325581395,0.772093023255814,0.0,0.0,0.0,0.4902649218001915
TPK1_HUMAN_Weile_2017,2,2,0.967741935483871,0.36463267603607896,zero_shot,0.5604651162790698,0.6174418604651163,0.0,1.0,0.0,0.4978930307941653
TPK1_HUMAN_Weile_2017,2,3,0.945054945054945,0.3377859973960278,zero_shot,0.5747252747252747,0.5994505494505494,0.0,0.0,0.0,0.5057622653934805
TPK1_HUMAN_Weile_2017,3,1,0.9894736842105263,0.3042085942875897,zero_shot,0.3767441860465116,0.5906976744186047,0.0,2.0,0.0,0.4902649218001915
TPK1_HUMAN_Weile_2017,3,2,0.9565217391304348,0.29374100163,explore,0.4953488372093024,0.5069767441860464,0.0,0.0,0.0,0.4978930307941653
TPK1_HUMAN_Weile_2017,3,3,0.967741935483871,0.324330354797551,supervised,0.5862637362637363,0.5620879120879121,0.0,0.0,0.0,0.5057622653934805
TPK1_HUMAN_Weile_2017,4,1,0.9894736842105263,0.22930348880302906,supervised,0.7906976744186047,0.48837209302325585,0.0,0.0,0.0,0.4902649218001915
TPK1_HUMAN_Weile_2017,4,2,1.0,0.1207097107089025,zero_shot,0.4430232558139535,0.6348837209302326,0.0,0.0,0.0,0.4978930307941653
TPK1_HUMAN_Weile_2017,4,3,0.967741935483871,0.21076332830563096,explore,0.43956043956043955,0.545054945054945,0.0,0.0,0.0,0.5057622653934805
TPK1_HUMAN_Weile_2017,5,1,0.967741935483871,0.2860763802503231,zero_shot,0.413953488372093,0.6744186046511628,0.0,1.0,0.0,0.4902649218001915
TPK1_HUMAN_Weile_2017,5,2,0.967741935483871,0.2963214627927315,supervised,0.6476744186046511,0.6197674418604651,1.0,1.0,0.0,0.4978930307941653
TPK1_HUMAN_Weile_2017,5,3,0.9894736842105263,0.22277491431428634,explore,0.532967032967033,0.5032967032967033,0.0,2.0,0.0,0.48995719459993414
TPK1_HUMAN_Weile_2017,6,1,0.967741935483871,0.19244931645881852,zero_shot,0.48837209302325585,0.7534883720930232,0.0,0.0,0.0,0.4902649218001915
TPK1_HUMAN_Weile_2017,6,2,0.9894736842105263,0.2718109521038085,explore,0.5325581395348837,0.4988372093023256,0.0,0.0,0.0,0.4978930307941653
TPK1_HUMAN_Weile_2017,6,3,0.9787234042553191,0.2972320961193701,supervised,0.6857142857142857,0.5142857142857142,0.0,0.0,0.0,0.5057622653934805
TPK1_HUMAN_Weile_2017,7,1,1.0,0.35835551169811725,zero_shot,0.5534883720930233,0.8186046511627907,0.0,0.0,0.0,0.4902649218001915
TPK1_HUMAN_Weile_2017,7,2,0.945054945054945,0.4097926158091543,zero_shot,0.6046511627906976,0.6755813953488372,0.0,0.0,0.0,0.4978930307941653
TPK1_HUMAN_Weile_2017,7,3,0.945054945054945,0.3878551353520381,zero_shot,0.5192307692307692,0.6021978021978022,0.0,0.0,0.0,0.5057622653934805
TPK1_HUMAN_Weile_2017,8,1,0.967741935483871,0.356405513326318,zero_shot,0.6046511627906977,0.6325581395348837,0.0,2.0,0.0,0.4749441429939355
TPK1_HUMAN_Weile_2017,8,2,1.0,0.3249247841666734,supervised,0.5686046511627907,0.5174418604651163,3.0,3.0,0.0,0.48233387358184765
TPK1_HUMAN_Weile_2017,8,3,0.9565217391304348,0.358032809033821,explore,0.5054945054945055,0.5131868131868131,0.0,1.0,0.0,0.44254198221929536
TPK1_HUMAN_Weile_2017,9,1,1.0,0.2866938209324773,zero_shot,0.6325581395348837,0.7953488372093024,0.0,0.0,0.0,0.4902649218001915
TPK1_HUMAN_Weile_2017,9,2,1.0,0.28164270540682496,supervised,0.7162790697674418,0.5848837209302326,0.0,0.0,0.0,0.4978930307941653
TPK1_HUMAN_Weile_2017,9,3,0.9894736842105263,0.3371749168090376,zero_shot,0.6000000000000001,0.6126373626373627,0.0,0.0,0.0,0.5057622653934805
TPK1_HUMAN_Weile_2017,10,1,0.9894736842105263,0.18907960582289876,explore,0.37209302325581395,0.45581395348837206,0.0,1.0,0.0,0.4902649218001915
TPK1_HUMAN_Weile_2017,10,2,0.9894736842105263,0.2946991810361722,zero_shot,0.4616279069767442,0.5930232558139535,0.0,1.0,0.0,0.4978930307941653
TPK1_HUMAN_Weile_2017,10,3,1.0,0.3168184094737893,zero_shot,0.532967032967033,0.5648351648351649,0.0,1.0,0.0,0.5057622653934805
TPK1_HUMAN_Weile_2017,11,1,1.0,0.24240557977452823,zero_shot,0.413953488372093,0.6930232558139535,0.0,2.0,0.0,0.4749441429939355
TPK1_HUMAN_Weile_2017,11,2,0.945054945054945,0.24917156567711446,explore,0.4627906976744186,0.44999999999999996,2.0,1.0,0.0,0.48233387358184765
TPK1_HUMAN_Weile_2017,11,3,0.9565217391304348,0.20082312813768896,supervised,0.5604395604395604,0.512087912087912,2.0,2.0,0.0,0.4583470530128416
TPK1_HUMAN_Weile_2017,12,1,0.967741935483871,0.3913914596994401,zero_shot,0.6744186046511628,0.6930232558139535,0.0,0.0,0.0,0.4902649218001915
TPK1_HUMAN_Weile_2017,12,2,0.967741935483871,0.4350432942217969,zero_shot,0.6290697674418605,0.7348837209302326,0.0,1.0,0.0,0.4978930307941653
TPK1_HUMAN_Weile_2017,12,3,0.9213483146067416,0.3786310192394415,supervised,0.6318681318681318,0.6175824175824176,0.0,0.0,0.0,0.5057622653934805
TPK1_HUMAN_Weile_2017,13,1,0.9894736842105263,0.15460087092580385,zero_shot,0.4186046511627908,0.6558139534883721,0.0,3.0,0.0,0.4749441429939355
TPK1_HUMAN_Weile_2017,13,2,0.9894736842105263,0.27750042834563704,supervised,0.5906976744186047,0.5232558139534884,4.0,4.0,0.0,0.48233387358184765
TPK1_HUMAN_Weile_2017,13,3,0.9787234042553191,0.3133430796389544,supervised,0.7368131868131869,0.5428571428571428,0.0,0.0,0.0,0.4267369114257491
TPK1_HUMAN_Weile_2017,14,1,1.0,0.0463092000002406,explore,0.5023255813953489,0.5162790697674419,1.0,0.0,0.0,0.4902649218001915
TPK1_HUMAN_Weile_2017,14,2,1.0,0.1892884911107309,explore,0.3186046511627907,0.5151162790697674,1.0,1.0,0.0,0.48233387358184765
TPK1_HUMAN_Weile_2017,14,3,1.0,0.2467018137637724,zero_shot,0.41813186813186815,0.5813186813186814,0.0,3.0,0.0,0.4741521238063879
TPK1_HUMAN_Weile_2017,15,1,1.0,0.0695336383702576,supervised,0.7023255813953488,0.5302325581395348,0.0,0.0,0.0,0.4902649218001915
TPK1_HUMAN_Weile_2017,15,2,0.967741935483871,0.20007712641699293,zero_shot,0.3267441860465117,0.6209302325581395,0.0,1.0,0.0,0.4978930307941653
TPK1_HUMAN_Weile_2017,15,3,0.967741935483871,0.20662659078587475,explore,0.4412087912087912,0.5368131868131868,0.0,2.0,0.0,0.5057622653934805
TPK1_HUMAN_Weile_2017,16,1,0.9894736842105263,0.09103079646501272,zero_shot,0.08837209302325583,0.5906976744186047,0.0,2.0,0.0,0.4902649218001915
TPK1_HUMAN_Weile_2017,16,2,0.9787234042553191,0.1614824425618651,explore,0.2744186046511628,0.5069767441860465,1.0,3.0,0.0,0.4978930307941653
TPK1_HUMAN_Weile_2017,16,3,0.967741935483871,0.2476917541281841,explore,0.4054945054945055,0.5467032967032966,0.0,1.0,0.0,0.48995719459993414
TPK1_HUMAN_Weile_2017,17,1,0.9894736842105263,0.21763921281839077,explore,0.25116279069767444,0.4744186046511628,1.0,0.0,0.0,0.4902649218001915
TPK1_HUMAN_Weile_2017,17,2,1.0,0.22523774128047783,zero_shot,0.3918604651162791,0.6000000000000001,0.0,0.0,0.0,0.48233387358184765
TPK1_HUMAN_Weile_2017,17,3,0.9787234042553191,0.2818032200751799,explore,0.4840659340659341,0.5472527472527473,1.0,0.0,0.0,0.48995719459993414
TPK1_HUMAN_Weile_2017,18,1,0.967741935483871,0.3888871378433145,zero_shot,0.6976744186046512,0.7395348837209302,0.0,0.0,0.0,0.4902649218001915
TPK1_HUMAN_Weile_2017,18,2,0.967741935483871,0.36889831706991494,supervised,0.6709302325581395,0.6069767441860465,0.0,0.0,0.0,0.4978930307941653
TPK1_HUMAN_Weile_2017,18,3,0.945054945054945,0.31615996593108353,supervised,0.6653846153846154,0.5835164835164836,0.0,0.0,0.0,0.5057622653934805
TPK1_HUMAN_Weile_2017,19,1,0.9894736842105263,0.3226183906482385,supervised,0.8046511627906976,0.613953488372093,0.0,0.0,0.0,0.4749441429939355
TPK1_HUMAN_Weile_2017,19,2,0.9787234042553191,0.09524847854785921,supervised,0.5767441860465116,0.5058139534883721,1.0,1.0,0.0,0.48233387358184765
TPK1_HUMAN_Weile_2017,19,3,0.9894736842105263,0.28436566583538836,explore,0.5417582417582418,0.5467032967032966,0.0,2.0,0.0,0.4741521238063879
TPK1_HUMAN_Weile_2017,20,1,1.0,0.12816943605756068,supervised,0.6697674418604651,0.42790697674418604,0.0,0.0,0.0,0.4749441429939355
TPK1_HUMAN_Weile_2017,20,2,1.0,0.014132482749266961,explore,0.4802325581395349,0.44883720930232557,0.0,1.0,0.0,0.48233387358184765
TPK1_HUMAN_Weile_2017,20,3,1.0,0.02003440279955058,explore,0.4197802197802198,0.3961538461538461,0.0,2.0,0.0,0.48995719459993414
TPK1_HUMAN_Weile_2017,21,1,0.9787234042553191,0.06771762691441392,explore,0.413953488372093,0.4418604651162791,0.0,1.0,0.0,0.4902649218001915
TPK1_HUMAN_Weile_2017,21,2,0.9894736842105263,0.2474060594609191,explore,0.5081395348837209,0.5186046511627908,1.0,0.0,0.0,0.4978930307941653
TPK1_HUMAN_Weile_2017,21,3,1.0,0.31295201993743477,explore,0.46923076923076923,0.4895604395604395,0.0,1.0,0.0,0.48995719459993414
TPK1_HUMAN_Weile_2017,22,1,0.9787234042553191,0.1797623052735698,zero_shot,0.32558139534883723,0.7348837209302326,0.0,3.0,0.0,0.4749441429939355
TPK1_HUMAN_Weile_2017,22,2,1.0,0.24211497219545264,zero_shot,0.536046511627907,0.613953488372093,0.0,3.0,0.0,0.48233387358184765
TPK1_HUMAN_Weile_2017,22,3,0.945054945054945,0.21893102894940272,zero_shot,0.517032967032967,0.6010989010989011,0.0,3.0,0.0,0.48995719459993414
TPK1_HUMAN_Weile_2017,23,1,1.0,0.19908140904961477,zero_shot,0.5627906976744186,0.7534883720930232,0.0,2.0,0.0,0.4902649218001915
TPK1_HUMAN_Weile_2017,23,2,0.9894736842105263,0.28219087593935754,supervised,0.758139534883721,0.6395348837209303,2.0,2.0,0.0,0.4978930307941653
TPK1_HUMAN_Weile_2017,23,3,0.967741935483871,0.28389128947109543,supervised,0.6879120879120879,0.5412087912087913,1.0,1.0,0.0,0.4741521238063879
TPK1_HUMAN_Weile_2017,24,1,0.9787234042553191,0.2990315803433535,zero_shot,0.39534883720930236,0.7488372093023257,0.0,1.0,0.0,0.4902649218001915
TPK1_HUMAN_Weile_2017,24,2,0.9894736842105263,0.2602696359001915,zero_shot,0.5093023255813953,0.6174418604651163,0.0,3.0,0.0,0.4978930307941653
TPK1_HUMAN_Weile_2017,24,3,0.9213483146067416,0.2415708331405293,zero_shot,0.5560439560439561,0.606043956043956,0.0,0.0,0.0,0.5057622653934805
TPK1_HUMAN_Weile_2017,25,1,0.9894736842105263,0.08424645162634863,supervised,0.8279069767441861,0.5534883720930233,2.0,2.0,0.0,0.44430258538142353
TPK1_HUMAN_Weile_2017,25,2,0.9787234042553191,0.16667438748253827,supervised,0.7058139534883721,0.6046511627906976,0.0,0.0,0.0,0.420097244732577
TPK1_HUMAN_Weile_2017,25,3,0.9787234042553191,0.13263391894163767,supervised,0.5543956043956044,0.5593406593406594,0.0,0.0,0.0,0.4267369114257491
TPK1_HUMAN_Weile_2017,26,1,1.0,0.2811144229298619,supervised,0.7953488372093023,0.627906976744186,1.0,1.0,0.0,0.4902649218001915
TPK1_HUMAN_Weile_2017,26,2,1.0,0.09446857619851957,supervised,0.6395348837209303,0.5813953488372093,1.0,1.0,0.0,0.48233387358184765
TPK1_HUMAN_Weile_2017,26,3,0.9787234042553191,0.3546836598732719,supervised,0.6818681318681319,0.548901098901099,1.0,1.0,0.0,0.4741521238063879
TPK1_HUMAN_Weile_2017,27,1,1.0,0.21954817256685127,supervised,0.6325581395348837,0.5162790697674419,0.0,0.0,0.0,0.4902649218001915
TPK1_HUMAN_Weile_2017,27,2,1.0,0.1563832808579952,supervised,0.7058139534883722,0.6058139534883721,4.0,4.0,0.0,0.4978930307941653
TPK1_HUMAN_Weile_2017,27,3,0.9894736842105263,0.1305491382466634,supervised,0.6928571428571428,0.49340659340659343,0.0,0.0,0.0,0.44254198221929536
TPK1_HUMAN_Weile_2017,28,1,0.9894736842105263,0.12249157101622996,supervised,0.6093023255813954,0.5302325581395348,0.0,0.0,0.0,0.4749441429939355
TPK1_HUMAN_Weile_2017,28,2,0.9894736842105263,0.10614835052132429,zero_shot,0.4953488372093023,0.5930232558139534,0.0,0.0,0.0,0.48233387358184765
TPK1_HUMAN_Weile_2017,28,3,0.9787234042553191,0.1604780091230085,zero_shot,0.46263736263736266,0.5604395604395604,0.0,1.0,0.0,0.48995719459993414
TPK1_HUMAN_Weile_2017,29,1,0.9565217391304348,0.23162712423584195,zero_shot,0.46511627906976744,0.786046511627907,0.0,0.0,0.0,0.4902649218001915
TPK1_HUMAN_Weile_2017,29,2,0.945054945054945,0.3092141331546307,zero_shot,0.6267441860465117,0.6767441860465117,0.0,0.0,0.0,0.4978930307941653
TPK1_HUMAN_Weile_2017,29,3,0.9333333333333333,0.30398650643228875,zero_shot,0.47967032967032963,0.6027472527472527,0.0,0.0,0.0,0.5057622653934805
TPK1_HUMAN_Weile_2017,30,1,0.9894736842105263,0.19314325416479086,explore,0.386046511627907,0.49767441860465117,0.0,1.0,0.0,0.4902649218001915
TPK1_HUMAN_Weile_2017,30,2,0.9894736842105263,0.2673989352994633,zero_shot,0.536046511627907,0.663953488372093,0.0,3.0,0.0,0.4978930307941653
TPK1_HUMAN_Weile_2017,30,3,0.9787234042553191,0.2742127733530674,supervised,0.6604395604395604,0.628021978021978,2.0,2.0,0.0,0.5057622653934805
TPK1_HUMAN_Weile_2017,31,1,0.9894736842105263,0.02670010554742502,zero_shot,0.3953488372093023,0.7348837209302326,0.0,1.0,0.0,0.4902649218001915
TPK1_HUMAN_Weile_2017,31,2,0.9787234042553191,0.2286188492607799,zero_shot,0.47674418604651164,0.5732558139534883,0.0,1.0,0.0,0.4978930307941653
TPK1_HUMAN_Weile_2017,31,3,0.9333333333333333,0.20965987582654877,zero_shot,0.5214285714285714,0.5593406593406594,0.0,1.0,0.0,0.5057622653934805
TPK1_HUMAN_Weile_2017,32,1,0.9894736842105263,0.21792100822106586,supervised,0.7209302325581396,0.5162790697674419,0.0,0.0,0.0,0.4749441429939355
TPK1_HUMAN_Weile_2017,32,2,0.9565217391304348,0.17063747428110418,supervised,0.6383720930232558,0.4837209302325582,0.0,0.0,0.0,0.48233387358184765
TPK1_HUMAN_Weile_2017,32,3,1.0,0.14638693663676447,supervised,0.6082417582417582,0.5675824175824176,0.0,0.0,0.0,0.48995719459993414
TPK1_HUMAN_Weile_2017,33,1,1.0,0.11236784936173336,zero_shot,0.413953488372093,0.5674418604651164,0.0,1.0,0.0,0.4749441429939355
TPK1_HUMAN_Weile_2017,33,2,0.9894736842105263,0.21735440237540646,explore,0.4930232558139535,0.5011627906976744,1.0,1.0,0.0,0.48233387358184765
TPK1_HUMAN_Weile_2017,33,3,1.0,0.3585869799770749,explore,0.512087912087912,0.5126373626373627,2.0,1.0,0.0,0.4741521238063879
TPK1_HUMAN_Weile_2017,34,1,0.9894736842105263,0.3072735453772428,zero_shot,0.4232558139534884,0.6511627906976745,0.0,2.0,0.0,0.4902649218001915
TPK1_HUMAN_Weile_2017,34,2,0.9787234042553191,0.32320763806688446,explore,0.522093023255814,0.522093023255814,0.0,1.0,0.0,0.4978930307941653
TPK1_HUMAN_Weile_2017,34,3,0.9565217391304348,0.28699858431266984,supervised,0.5802197802197803,0.5164835164835164,1.0,1.0,0.0,0.5057622653934805
TPK1_HUMAN_Weile_2017,35,1,0.9787234042553191,0.38160366474074686,zero_shot,0.2186046511627907,0.5953488372093023,0.0,0.0,0.0,0.4902649218001915
TPK1_HUMAN_Weile_2017,35,2,0.945054945054945,0.34469629092473736,zero_shot,0.5209302325581395,0.6151162790697675,0.0,0.0,0.0,0.4978930307941653
TPK1_HUMAN_Weile_2017,35,3,0.9333333333333333,0.3111864417428767,zero_shot,0.49120879120879124,0.5923076923076923,0.0,0.0,0.0,0.5057622653934805
TPK1_HUMAN_Weile_2017,36,1,0.967741935483871,0.2593719209756996,supervised,0.6046511627906976,0.6139534883720931,2.0,2.0,0.0,0.4902649218001915
TPK1_HUMAN_Weile_2017,36,2,0.9894736842105263,0.11140740337179034,explore,0.5488372093023256,0.5325581395348837,0.0,1.0,0.0,0.46677471636953
TPK1_HUMAN_Weile_2017,36,3,1.0,0.15270502692768897,zero_shot,0.5747252747252747,0.5934065934065934,0.0,0.0,0.0,0.4741521238063879
TPK1_HUMAN_Weile_2017,37,1,0.9894736842105263,0.15326181869952374,zero_shot,0.3023255813953488,0.5767441860465117,0.0,1.0,0.0,0.4902649218001915
TPK1_HUMAN_Weile_2017,37,2,0.9787234042553191,0.29101863386400467,zero_shot,0.4465116279069767,0.5546511627906977,0.0,0.0,0.0,0.4978930307941653
TPK1_HUMAN_Weile_2017,37,3,0.9333333333333333,0.29808395559080003,zero_shot,0.5142857142857142,0.5818681318681318,0.0,0.0,0.0,0.5057622653934805
TPK1_HUMAN_Weile_2017,38,1,0.9565217391304348,0.2603570356209091,explore,0.44651162790697674,0.5348837209302326,1.0,0.0,0.0,0.4749441429939355
TPK1_HUMAN_Weile_2017,38,2,0.9894736842105263,0.27540734458243726,supervised,0.6372093023255814,0.5534883720930233,2.0,2.0,0.0,0.46677471636953
TPK1_HUMAN_Weile_2017,38,3,0.967741935483871,0.24501642182050914,supervised,0.5543956043956044,0.44725274725274716,1.0,1.0,0.0,0.44254198221929536
TPK1_HUMAN_Weile_2017,39,1,0.9565217391304348,0.24828341040865462,supervised,0.8,0.6651162790697674,1.0,1.0,0.0,0.4902649218001915
TPK1_HUMAN_Weile_2017,39,2,0.9787234042553191,0.03837143362497043,supervised,0.6697674418604651,0.6046511627906976,0.0,0.0,0.0,0.48233387358184765
TPK1_HUMAN_Weile_2017,39,3,0.967741935483871,0.17999716381270872,supervised,0.6499999999999999,0.5791208791208791,0.0,0.0,0.0,0.48995719459993414
TPMT_HUMAN_Matreyek_2018,0,1,0.9894736842105263,0.23489248070261529,zero_shot,0.32093023255813957,0.6930232558139535,2.0,2.0,2.0,0.4666666666666667
TPMT_HUMAN_Matreyek_2018,0,2,0.9894736842105263,0.31938213060162307,explore,0.5372093023255814,0.5162790697674419,1.0,1.0,1.0,0.44594594594594594
TPMT_HUMAN_Matreyek_2018,0,3,0.9894736842105263,0.2894778095762996,explore,0.5093406593406593,0.5318681318681319,0.0,1.0,1.0,0.4383561643835616
TPMT_HUMAN_Matreyek_2018,1,1,0.9894736842105263,0.29328405157664533,zero_shot,0.6744186046511629,0.7023255813953488,2.0,1.0,2.0,0.48
TPMT_HUMAN_Matreyek_2018,1,2,1.0,0.2766839906578758,zero_shot,0.5488372093023255,0.6186046511627907,1.0,1.0,1.0,0.4594594594594595
TPMT_HUMAN_Matreyek_2018,1,3,0.967741935483871,0.309387272479775,zero_shot,0.5247252747252747,0.5945054945054945,0.0,1.0,0.0,0.4520547945205479
TPMT_HUMAN_Matreyek_2018,2,1,0.9894736842105263,0.3422536408775336,zero_shot,0.558139534883721,0.6837209302325581,1.0,1.0,1.0,0.4666666666666667
TPMT_HUMAN_Matreyek_2018,2,2,0.9894736842105263,0.34894795208548746,supervised,0.594186046511628,0.5151162790697674,0.0,0.0,1.0,0.4594594594594595
TPMT_HUMAN_Matreyek_2018,2,3,0.967741935483871,0.25976845062402193,supervised,0.5543956043956044,0.5428571428571429,1.0,1.0,1.0,0.4657534246575342
TPMT_HUMAN_Matreyek_2018,3,1,1.0,0.23817754817531164,zero_shot,0.5534883720930233,0.7162790697674418,2.0,0.0,2.0,0.4666666666666667
TPMT_HUMAN_Matreyek_2018,3,2,0.967741935483871,0.2501090578272121,explore,0.45813953488372094,0.522093023255814,2.0,0.0,1.0,0.44594594594594594
TPMT_HUMAN_Matreyek_2018,3,3,0.9894736842105263,0.33615652919411343,zero_shot,0.5313186813186813,0.6620879120879121,1.0,0.0,1.0,0.4246575342465753
TPMT_HUMAN_Matreyek_2018,4,1,1.0,0.2826503441631691,supervised,0.7674418604651163,0.7302325581395349,0.0,0.0,2.0,0.48
TPMT_HUMAN_Matreyek_2018,4,2,1.0,0.3573581307113678,zero_shot,0.5686046511627907,0.6848837209302325,2.0,0.0,2.0,0.4864864864864865
TPMT_HUMAN_Matreyek_2018,4,3,0.9787234042553191,0.39879897667674763,zero_shot,0.5373626373626373,0.5697802197802198,1.0,0.0,1.0,0.4657534246575342
TPMT_HUMAN_Matreyek_2018,5,1,1.0,0.1694352839667285,zero_shot,0.5441860465116279,0.5581395348837209,2.0,0.0,2.0,0.48
TPMT_HUMAN_Matreyek_2018,5,2,0.9894736842105263,0.2776192783398683,zero_shot,0.5325581395348838,0.563953488372093,1.0,0.0,1.0,0.4594594594594595
TPMT_HUMAN_Matreyek_2018,5,3,0.967741935483871,0.3146845706709008,zero_shot,0.5230769230769231,0.6021978021978023,0.0,0.0,0.0,0.4520547945205479
TPMT_HUMAN_Matreyek_2018,6,1,0.9894736842105263,0.23004595686490717,supervised,0.8093023255813954,0.7813953488372092,2.0,2.0,2.0,0.48
TPMT_HUMAN_Matreyek_2018,6,2,1.0,0.09051818169954517,zero_shot,0.5825581395348838,0.7802325581395348,2.0,1.0,2.0,0.4594594594594595
TPMT_HUMAN_Matreyek_2018,6,3,0.9787234042553191,0.2209748548952648,zero_shot,0.44890109890109886,0.6192307692307693,1.0,0.0,1.0,0.4383561643835616
TPMT_HUMAN_Matreyek_2018,7,1,0.9894736842105263,0.29840277615642785,zero_shot,0.49767441860465117,0.6325581395348838,2.0,0.0,2.0,0.4666666666666667
TPMT_HUMAN_Matreyek_2018,7,2,0.9787234042553191,0.29173612634632723,supervised,0.5616279069767443,0.5023255813953489,1.0,1.0,1.0,0.44594594594594594
TPMT_HUMAN_Matreyek_2018,7,3,0.945054945054945,0.28708013966562174,supervised,0.628021978021978,0.5604395604395604,1.0,1.0,1.0,0.4383561643835616
TPMT_HUMAN_Matreyek_2018,8,1,1.0,0.15504680373718088,zero_shot,0.6790697674418605,0.7116279069767442,2.0,1.0,2.0,0.4533333333333333
TPMT_HUMAN_Matreyek_2018,8,2,0.9787234042553191,0.2478837282197477,supervised,0.5848837209302327,0.5732558139534883,0.0,0.0,1.0,0.43243243243243246
TPMT_HUMAN_Matreyek_2018,8,3,0.9894736842105263,0.18664592441041386,zero_shot,0.5532967032967032,0.5752747252747253,1.0,1.0,1.0,0.4383561643835616
TPMT_HUMAN_Matreyek_2018,9,1,1.0,0.37542646024206927,zero_shot,0.33953488372093027,0.6372093023255814,2.0,0.0,2.0,0.48
TPMT_HUMAN_Matreyek_2018,9,2,0.9894736842105263,0.3677432488010805,explore,0.5290697674418605,0.5244186046511627,1.0,1.0,1.0,0.4594594594594595
TPMT_HUMAN_Matreyek_2018,9,3,1.0,0.40423752397046475,supervised,0.5851648351648351,0.5879120879120879,0.0,0.0,1.0,0.4520547945205479
TPMT_HUMAN_Matreyek_2018,10,1,0.9894736842105263,0.17324491453200702,zero_shot,0.6511627906976745,0.8465116279069768,1.0,0.0,1.0,0.4666666666666667
TPMT_HUMAN_Matreyek_2018,10,2,0.9894736842105263,0.2531890451498012,zero_shot,0.5186046511627906,0.6558139534883721,1.0,0.0,1.0,0.4594594594594595
TPMT_HUMAN_Matreyek_2018,10,3,0.967741935483871,0.2772230219660132,zero_shot,0.5192307692307692,0.5681318681318681,0.0,1.0,0.0,0.4520547945205479
TPMT_HUMAN_Matreyek_2018,11,1,0.9894736842105263,0.30927413743194937,supervised,0.5581395348837209,0.5069767441860464,0.0,0.0,2.0,0.4666666666666667
TPMT_HUMAN_Matreyek_2018,11,2,0.9894736842105263,0.24519492409304705,explore,0.3593023255813953,0.5162790697674419,0.0,1.0,2.0,0.47297297297297297
TPMT_HUMAN_Matreyek_2018,11,3,0.9787234042553191,0.33113589994254417,explore,0.4697802197802198,0.5208791208791209,0.0,0.0,2.0,0.4794520547945205
TPMT_HUMAN_Matreyek_2018,12,1,1.0,0.2574045007613155,zero_shot,0.5023255813953489,0.613953488372093,2.0,0.0,2.0,0.48
TPMT_HUMAN_Matreyek_2018,12,2,0.9894736842105263,0.2350079304343546,explore,0.5186046511627908,0.5069767441860464,1.0,0.0,1.0,0.4594594594594595
TPMT_HUMAN_Matreyek_2018,12,3,0.9894736842105263,0.3233417887227616,zero_shot,0.48736263736263735,0.5560439560439561,1.0,0.0,1.0,0.4520547945205479
TPMT_HUMAN_Matreyek_2018,13,1,1.0,0.2982899443225411,zero_shot,0.5116279069767442,0.7209302325581395,2.0,2.0,2.0,0.4533333333333333
TPMT_HUMAN_Matreyek_2018,13,2,0.9894736842105263,0.27380408385968774,explore,0.5337209302325582,0.5232558139534884,0.0,0.0,1.0,0.43243243243243246
TPMT_HUMAN_Matreyek_2018,13,3,1.0,0.36556136830526703,supervised,0.567032967032967,0.5417582417582417,0.0,0.0,1.0,0.4383561643835616
TPMT_HUMAN_Matreyek_2018,14,1,0.9787234042553191,0.19522671488908314,explore,0.3813953488372094,0.5441860465116279,1.0,3.0,2.0,0.48
TPMT_HUMAN_Matreyek_2018,14,2,0.9894736842105263,0.2850787965324937,supervised,0.7046511627906977,0.6406976744186047,3.0,3.0,1.0,0.47297297297297297
TPMT_HUMAN_Matreyek_2018,14,3,0.967741935483871,0.30301869838261325,supervised,0.7296703296703296,0.6862637362637363,0.0,0.0,1.0,0.4383561643835616
TPMT_HUMAN_Matreyek_2018,15,1,0.9894736842105263,0.22971274723203816,zero_shot,0.45116279069767445,0.5534883720930233,2.0,1.0,2.0,0.4666666666666667
TPMT_HUMAN_Matreyek_2018,15,2,1.0,0.2586349202187666,explore,0.4488372093023257,0.5348837209302326,0.0,0.0,1.0,0.44594594594594594
TPMT_HUMAN_Matreyek_2018,15,3,1.0,0.3385350353075186,zero_shot,0.5065934065934066,0.621978021978022,1.0,0.0,1.0,0.4520547945205479
TPMT_HUMAN_Matreyek_2018,16,1,1.0,0.248003137542209,zero_shot,0.2651162790697674,0.5813953488372093,2.0,2.0,2.0,0.4666666666666667
TPMT_HUMAN_Matreyek_2018,16,2,0.9894736842105263,0.2290251525826376,explore,0.40348837209302324,0.48837209302325585,0.0,1.0,1.0,0.44594594594594594
TPMT_HUMAN_Matreyek_2018,16,3,0.9565217391304348,0.3410088394278038,zero_shot,0.4675824175824176,0.5769230769230769,1.0,1.0,1.0,0.4520547945205479
TPMT_HUMAN_Matreyek_2018,17,1,1.0,0.30385779969114457,zero_shot,0.4232558139534884,0.813953488372093,2.0,0.0,2.0,0.4666666666666667
TPMT_HUMAN_Matreyek_2018,17,2,1.0,0.2953865022629771,zero_shot,0.5581395348837208,0.6348837209302326,1.0,1.0,1.0,0.44594594594594594
TPMT_HUMAN_Matreyek_2018,17,3,0.967741935483871,0.31082748739267074,zero_shot,0.5725274725274725,0.5994505494505494,0.0,0.0,0.0,0.4383561643835616
TPMT_HUMAN_Matreyek_2018,18,1,0.9894736842105263,0.2744825776359394,zero_shot,0.6000000000000001,0.8930232558139535,2.0,2.0,2.0,0.4666666666666667
TPMT_HUMAN_Matreyek_2018,18,2,1.0,0.2348243480654305,zero_shot,0.5139534883720931,0.5662790697674418,1.0,2.0,1.0,0.44594594594594594
TPMT_HUMAN_Matreyek_2018,18,3,0.967741935483871,0.2841755630991256,zero_shot,0.5076923076923077,0.5961538461538461,0.0,1.0,0.0,0.4383561643835616
TPMT_HUMAN_Matreyek_2018,19,1,0.9894736842105263,0.32925992414415944,zero_shot,0.5069767441860465,0.8465116279069768,2.0,0.0,2.0,0.48
TPMT_HUMAN_Matreyek_2018,19,2,0.9787234042553191,0.365268053776265,supervised,0.5779069767441861,0.5546511627906977,0.0,0.0,1.0,0.4594594594594595
TPMT_HUMAN_Matreyek_2018,19,3,0.9333333333333333,0.3822956378318519,zero_shot,0.5302197802197802,0.5818681318681318,1.0,1.0,1.0,0.4657534246575342
TPMT_HUMAN_Matreyek_2018,20,1,1.0,0.33384614631883847,zero_shot,0.4651162790697675,0.5767441860465117,2.0,0.0,2.0,0.48
TPMT_HUMAN_Matreyek_2018,20,2,1.0,0.36456642224445573,explore,0.49418604651162784,0.4872093023255814,1.0,0.0,1.0,0.4594594594594595
TPMT_HUMAN_Matreyek_2018,20,3,1.0,0.3422658048936801,supervised,0.7054945054945055,0.5373626373626373,1.0,1.0,1.0,0.4520547945205479
TPMT_HUMAN_Matreyek_2018,21,1,0.9894736842105263,0.3445960191722434,zero_shot,0.39534883720930236,0.7348837209302326,2.0,2.0,2.0,0.48
TPMT_HUMAN_Matreyek_2018,21,2,0.9894736842105263,0.3337878872511344,zero_shot,0.46046511627906983,0.5848837209302326,1.0,0.0,1.0,0.4594594594594595
TPMT_HUMAN_Matreyek_2018,21,3,0.9787234042553191,0.33656424135241997,zero_shot,0.5054945054945055,0.5620879120879121,0.0,1.0,0.0,0.4520547945205479
TPMT_HUMAN_Matreyek_2018,22,1,0.9787234042553191,0.3447867079636081,supervised,0.8744186046511628,0.7441860465116279,0.0,0.0,2.0,0.48
TPMT_HUMAN_Matreyek_2018,22,2,1.0,0.30172162817970677,supervised,0.6988372093023256,0.6616279069767442,0.0,0.0,2.0,0.4864864864864865
TPMT_HUMAN_Matreyek_2018,22,3,1.0,0.3548880926479276,supervised,0.7098901098901099,0.6087912087912088,0.0,0.0,2.0,0.4931506849315068
TPMT_HUMAN_Matreyek_2018,23,1,0.9894736842105263,0.25091043901675547,zero_shot,0.5953488372093023,0.8837209302325582,2.0,2.0,2.0,0.4533333333333333
TPMT_HUMAN_Matreyek_2018,23,2,0.9894736842105263,0.31719793450803624,supervised,0.6,0.5744186046511628,0.0,0.0,1.0,0.43243243243243246
TPMT_HUMAN_Matreyek_2018,23,3,0.967741935483871,0.3949550383937492,zero_shot,0.5368131868131868,0.5879120879120879,1.0,2.0,1.0,0.4383561643835616
TPMT_HUMAN_Matreyek_2018,24,1,0.9894736842105263,0.3018274675041071,zero_shot,0.33488372093023255,0.7395348837209303,2.0,0.0,2.0,0.4666666666666667
TPMT_HUMAN_Matreyek_2018,24,2,1.0,0.24429612354049102,explore,0.45232558139534884,0.527906976744186,1.0,0.0,1.0,0.44594594594594594
TPMT_HUMAN_Matreyek_2018,24,3,1.0,0.3357860517972233,zero_shot,0.5258241758241758,0.6631868131868132,1.0,1.0,1.0,0.4383561643835616
TPMT_HUMAN_Matreyek_2018,25,1,1.0,0.20841862217899962,zero_shot,0.6139534883720931,0.7069767441860465,2.0,1.0,2.0,0.48
TPMT_HUMAN_Matreyek_2018,25,2,0.9894736842105263,0.248573173962765,explore,0.5313953488372093,0.5197674418604652,0.0,1.0,1.0,0.4594594594594595
TPMT_HUMAN_Matreyek_2018,25,3,1.0,0.3540083624226665,supervised,0.593956043956044,0.5906593406593407,1.0,1.0,1.0,0.4657534246575342
TPMT_HUMAN_Matreyek_2018,26,1,0.9787234042553191,0.0039005400493252397,zero_shot,0.31627906976744186,0.8232558139534883,2.0,1.0,2.0,0.48
TPMT_HUMAN_Matreyek_2018,26,2,1.0,0.17835358979174903,explore,0.4662790697674418,0.5488372093023255,1.0,1.0,1.0,0.4594594594594595
TPMT_HUMAN_Matreyek_2018,26,3,1.0,0.2869948502084839,zero_shot,0.6060439560439561,0.6406593406593406,1.0,2.0,1.0,0.4520547945205479
TPMT_HUMAN_Matreyek_2018,27,1,1.0,0.3442543084683867,zero_shot,0.5906976744186048,0.7441860465116279,2.0,0.0,2.0,0.48
TPMT_HUMAN_Matreyek_2018,27,2,1.0,0.3347101131058583,zero_shot,0.5255813953488372,0.6034883720930233,1.0,0.0,1.0,0.4594594594594595
TPMT_HUMAN_Matreyek_2018,27,3,0.967741935483871,0.3453248095254069,supervised,0.5967032967032968,0.5928571428571429,0.0,0.0,0.0,0.4520547945205479
TPMT_HUMAN_Matreyek_2018,28,1,0.9894736842105263,0.281653717962639,zero_shot,0.6093023255813954,0.7395348837209303,2.0,0.0,2.0,0.4666666666666667
TPMT_HUMAN_Matreyek_2018,28,2,0.9894736842105263,0.3075656004123568,supervised,0.5686046511627907,0.5279069767441861,0.0,0.0,1.0,0.44594594594594594
TPMT_HUMAN_Matreyek_2018,28,3,0.9333333333333333,0.3489737110700373,zero_shot,0.5214285714285715,0.567032967032967,1.0,1.0,1.0,0.4520547945205479
TPMT_HUMAN_Matreyek_2018,29,1,1.0,0.34519483966680925,zero_shot,0.530232558139535,0.6744186046511628,2.0,0.0,2.0,0.48
TPMT_HUMAN_Matreyek_2018,29,2,1.0,0.3415256633110054,zero_shot,0.3674418604651163,0.5662790697674419,1.0,1.0,1.0,0.4594594594594595
TPMT_HUMAN_Matreyek_2018,29,3,0.967741935483871,0.33018101074425343,zero_shot,0.5208791208791209,0.5840659340659341,0.0,1.0,0.0,0.4520547945205479
TPMT_HUMAN_Matreyek_2018,30,1,1.0,0.3753935296176895,zero_shot,0.28837209302325584,0.7395348837209302,2.0,1.0,2.0,0.48
TPMT_HUMAN_Matreyek_2018,30,2,0.9894736842105263,0.3557609994840703,zero_shot,0.4709302325581396,0.563953488372093,1.0,0.0,1.0,0.4594594594594595
TPMT_HUMAN_Matreyek_2018,30,3,0.9787234042553191,0.35088720382667904,zero_shot,0.5082417582417582,0.5681318681318681,0.0,0.0,0.0,0.4520547945205479
TPMT_HUMAN_Matreyek_2018,31,1,0.9894736842105263,0.16777168290971858,zero_shot,0.48837209302325585,0.7674418604651163,2.0,2.0,2.0,0.48
TPMT_HUMAN_Matreyek_2018,31,2,0.9894736842105263,0.2863005492582049,supervised,0.6662790697674419,0.65,1.0,1.0,1.0,0.4594594594594595
TPMT_HUMAN_Matreyek_2018,31,3,0.9894736842105263,0.2485341818018664,supervised,0.637912087912088,0.589010989010989,1.0,1.0,1.0,0.4520547945205479
TPMT_HUMAN_Matreyek_2018,32,1,1.0,0.1919032861808639,zero_shot,0.558139534883721,0.8418604651162791,2.0,0.0,2.0,0.4666666666666667
TPMT_HUMAN_Matreyek_2018,32,2,0.9894736842105263,0.2681114399922648,supervised,0.6325581395348837,0.6093023255813954,0.0,0.0,1.0,0.44594594594594594
TPMT_HUMAN_Matreyek_2018,32,3,0.9213483146067416,0.2904725529645005,zero_shot,0.5824175824175823,0.6252747252747253,1.0,1.0,1.0,0.4520547945205479
TPMT_HUMAN_Matreyek_2018,33,1,0.9787234042553191,0.28625727948916746,zero_shot,0.4418604651162791,0.5813953488372092,2.0,0.0,2.0,0.4666666666666667
TPMT_HUMAN_Matreyek_2018,33,2,0.9787234042553191,0.20694273457046794,explore,0.5290697674418605,0.4883720930232558,0.0,1.0,1.0,0.44594594594594594
TPMT_HUMAN_Matreyek_2018,33,3,0.9787234042553191,0.3407475908071766,zero_shot,0.5445054945054945,0.5642857142857143,1.0,1.0,1.0,0.4520547945205479
TPMT_HUMAN_Matreyek_2018,34,1,1.0,0.1923754563600723,zero_shot,0.7627906976744186,0.7813953488372093,2.0,0.0,2.0,0.48
TPMT_HUMAN_Matreyek_2018,34,2,0.9894736842105263,0.25496067025761787,supervised,0.5988372093023255,0.5395348837209302,0.0,0.0,1.0,0.4594594594594595
TPMT_HUMAN_Matreyek_2018,34,3,0.9213483146067416,0.2879371811347407,zero_shot,0.5115384615384616,0.5631868131868132,1.0,2.0,1.0,0.4657534246575342
TPMT_HUMAN_Matreyek_2018,35,1,0.9894736842105263,0.13259242933904983,zero_shot,0.5488372093023256,0.7720930232558139,2.0,0.0,2.0,0.4666666666666667
TPMT_HUMAN_Matreyek_2018,35,2,0.9787234042553191,0.17480482706356762,explore,0.508139534883721,0.536046511627907,1.0,1.0,0.0,0.44594594594594594
TPMT_HUMAN_Matreyek_2018,35,3,0.9787234042553191,0.3062335381624288,zero_shot,0.5582417582417583,0.6170329670329671,0.0,1.0,0.0,0.4383561643835616
TPMT_HUMAN_Matreyek_2018,36,1,0.9894736842105263,0.35226380435392146,zero_shot,0.5767441860465117,0.641860465116279,2.0,2.0,2.0,0.48
TPMT_HUMAN_Matreyek_2018,36,2,0.9894736842105263,0.37283317010064787,supervised,0.5732558139534885,0.5255813953488372,2.0,2.0,1.0,0.4594594594594595
TPMT_HUMAN_Matreyek_2018,36,3,0.9787234042553191,0.37374081983175916,zero_shot,0.5192307692307692,0.6049450549450549,1.0,1.0,1.0,0.4383561643835616
TPMT_HUMAN_Matreyek_2018,37,1,0.9894736842105263,0.29018670718524436,zero_shot,0.5441860465116279,0.5953488372093023,2.0,1.0,2.0,0.4666666666666667
TPMT_HUMAN_Matreyek_2018,37,2,0.9787234042553191,0.25831818387960476,supervised,0.5604651162790697,0.49186046511627907,0.0,0.0,1.0,0.44594594594594594
TPMT_HUMAN_Matreyek_2018,37,3,0.9565217391304348,0.2970324895876474,supervised,0.6175824175824176,0.5401098901098901,3.0,3.0,1.0,0.4520547945205479
TPMT_HUMAN_Matreyek_2018,38,1,0.9787234042553191,0.2651114219316264,zero_shot,0.5534883720930233,0.7209302325581395,2.0,3.0,2.0,0.48
TPMT_HUMAN_Matreyek_2018,38,2,0.9787234042553191,0.2697271755995615,zero_shot,0.513953488372093,0.5906976744186047,1.0,0.0,1.0,0.4594594594594595
TPMT_HUMAN_Matreyek_2018,38,3,0.9787234042553191,0.33415414265611926,zero_shot,0.567032967032967,0.5945054945054945,0.0,0.0,0.0,0.4520547945205479
TPMT_HUMAN_Matreyek_2018,39,1,1.0,0.3105937316913584,zero_shot,0.4697674418604651,0.6976744186046512,2.0,0.0,2.0,0.48
TPMT_HUMAN_Matreyek_2018,39,2,0.9894736842105263,0.29911620413685386,supervised,0.5651162790697675,0.536046511627907,0.0,0.0,1.0,0.4594594594594595
TPMT_HUMAN_Matreyek_2018,39,3,0.9894736842105263,0.2980500041226973,zero_shot,0.4340659340659341,0.6203296703296703,1.0,3.0,1.0,0.4657534246575342
UBC9_HUMAN_Weile_2017,0,1,1.0,0.0916153046662043,zero_shot,0.4465116279069768,0.6837209302325582,1.0,0.0,1.0,0.4962226640159046
UBC9_HUMAN_Weile_2017,0,2,0.9787234042553191,0.16126731064476577,supervised,0.6453488372093024,0.5906976744186045,1.0,1.0,0.0,0.4864207539521686
UBC9_HUMAN_Weile_2017,0,3,0.9787234042553191,0.3701786404522029,supervised,0.704945054945055,0.6543956043956044,0.0,0.0,0.0,0.47622984704423316
UBC9_HUMAN_Weile_2017,1,1,0.9894736842105263,0.28104124373057077,zero_shot,0.386046511627907,0.6883720930232557,1.0,0.0,1.0,0.4962226640159046
UBC9_HUMAN_Weile_2017,1,2,0.9565217391304348,0.27394504092624633,supervised,0.7534883720930232,0.6011627906976744,2.0,2.0,0.0,0.4864207539521686
UBC9_HUMAN_Weile_2017,1,3,0.9894736842105263,0.4154341639407313,supervised,0.7758241758241758,0.6587912087912088,0.0,0.0,0.0,0.45638693675072345
UBC9_HUMAN_Weile_2017,2,1,0.9894736842105263,0.36328931213473026,zero_shot,0.5767441860465117,0.6325581395348837,1.0,0.0,1.0,0.47713717693836977
UBC9_HUMAN_Weile_2017,2,2,0.9787234042553191,0.4017715562128601,supervised,0.6441860465116279,0.5732558139534885,2.0,2.0,0.0,0.46696392379408186
UBC9_HUMAN_Weile_2017,2,3,0.9787234042553191,0.4021158899649873,supervised,0.6642857142857143,0.489010989010989,0.0,0.0,0.0,0.43654402645721374
UBC9_HUMAN_Weile_2017,3,1,1.0,0.28111248811032497,explore,0.4372093023255814,0.4046511627906977,1.0,5.0,1.0,0.47713717693836977
UBC9_HUMAN_Weile_2017,3,2,0.9894736842105263,0.3208708166038967,supervised,0.7290697674418605,0.6604651162790698,5.0,5.0,1.0,0.46696392379408186
UBC9_HUMAN_Weile_2017,3,3,0.9565217391304348,0.3156949376164079,supervised,0.8241758241758241,0.6774725274725275,0.0,0.0,1.0,0.37701529557668456
UBC9_HUMAN_Weile_2017,4,1,0.967741935483871,0.24720732987904978,zero_shot,0.5023255813953489,0.5813953488372092,1.0,1.0,1.0,0.47713717693836977
UBC9_HUMAN_Weile_2017,4,2,0.9565217391304348,0.33621918078648644,supervised,0.6313953488372093,0.5872093023255813,2.0,2.0,0.0,0.46696392379408186
UBC9_HUMAN_Weile_2017,4,3,0.9894736842105263,0.2724506998021905,supervised,0.6736263736263737,0.4598901098901099,0.0,0.0,0.0,0.43654402645721374
UBC9_HUMAN_Weile_2017,5,1,0.967741935483871,0.3399110718857888,zero_shot,0.24186046511627907,0.9534883720930232,1.0,0.0,1.0,0.4962226640159046
UBC9_HUMAN_Weile_2017,5,2,0.9787234042553191,0.3263615747416405,supervised,0.7965116279069768,0.6465116279069767,2.0,2.0,0.0,0.4864207539521686
UBC9_HUMAN_Weile_2017,5,3,0.9565217391304348,0.34146244908409584,zero_shot,0.6472527472527473,0.6582417582417582,0.0,0.0,0.0,0.45638693675072345
UBC9_HUMAN_Weile_2017,6,1,1.0,0.294249774327939,zero_shot,0.6976744186046512,0.7209302325581395,1.0,1.0,1.0,0.4962226640159046
UBC9_HUMAN_Weile_2017,6,2,0.9333333333333333,0.313294071805778,supervised,0.7174418604651163,0.6348837209302325,1.0,1.0,0.0,0.4864207539521686
UBC9_HUMAN_Weile_2017,6,3,0.9787234042553191,0.2949963424758987,supervised,0.7703296703296704,0.5813186813186813,3.0,3.0,0.0,0.47622984704423316
UBC9_HUMAN_Weile_2017,7,1,0.9894736842105263,0.19132204744432837,zero_shot,0.5441860465116279,0.6790697674418604,1.0,6.0,1.0,0.47713717693836977
UBC9_HUMAN_Weile_2017,7,2,1.0,0.24473935840274005,supervised,0.6848837209302325,0.55,6.0,6.0,0.0,0.46696392379408186
UBC9_HUMAN_Weile_2017,7,3,0.9787234042553191,0.44274339301634297,supervised,0.7373626373626374,0.573076923076923,2.0,2.0,0.0,0.35717238528317485
UBC9_HUMAN_Weile_2017,8,1,1.0,0.42391489544901795,zero_shot,0.6325581395348838,0.8186046511627907,1.0,1.0,1.0,0.4962226640159046
UBC9_HUMAN_Weile_2017,8,2,0.9565217391304348,0.43988006383931855,supervised,0.6313953488372093,0.6,1.0,1.0,0.0,0.4864207539521686
UBC9_HUMAN_Weile_2017,8,3,0.9894736842105263,0.3541489458547984,supervised,0.7230769230769231,0.5758241758241758,0.0,0.0,0.0,0.47622984704423316
UBC9_HUMAN_Weile_2017,9,1,1.0,0.25415891500924415,zero_shot,0.41860465116279066,0.6325581395348837,1.0,2.0,1.0,0.4962226640159046
UBC9_HUMAN_Weile_2017,9,2,0.967741935483871,0.36373697413165945,supervised,0.694186046511628,0.6000000000000001,2.0,2.0,0.0,0.4864207539521686
UBC9_HUMAN_Weile_2017,9,3,0.967741935483871,0.36817919582125136,supervised,0.6329670329670329,0.6071428571428572,0.0,0.0,0.0,0.45638693675072345
UBC9_HUMAN_Weile_2017,10,1,0.9894736842105263,0.40919287586084746,zero_shot,0.46046511627906983,0.6000000000000001,1.0,0.0,1.0,0.4962226640159046
UBC9_HUMAN_Weile_2017,10,2,0.9565217391304348,0.416696100000048,supervised,0.7802325581395348,0.6430232558139535,2.0,2.0,0.0,0.4864207539521686
UBC9_HUMAN_Weile_2017,10,3,0.967741935483871,0.45257352673757956,supervised,0.6917582417582417,0.6203296703296703,0.0,0.0,0.0,0.45638693675072345
UBC9_HUMAN_Weile_2017,11,1,0.9894736842105263,-0.018949564222287104,zero_shot,0.4651162790697675,0.6837209302325582,1.0,1.0,1.0,0.458051689860835
UBC9_HUMAN_Weile_2017,11,2,0.9787234042553191,0.22043733759542974,supervised,0.6337209302325582,0.5313953488372093,3.0,3.0,0.0,0.4475070936359951
UBC9_HUMAN_Weile_2017,11,3,0.9894736842105263,0.24706849676334816,supervised,0.6851648351648352,0.495054945054945,0.0,0.0,0.0,0.39685820587019427
UBC9_HUMAN_Weile_2017,12,1,1.0,0.2884797322892325,zero_shot,0.4651162790697675,0.6790697674418604,1.0,2.0,1.0,0.4962226640159046
UBC9_HUMAN_Weile_2017,12,2,0.9565217391304348,0.3576845708970767,supervised,0.6988372093023256,0.5569767441860465,4.0,4.0,0.0,0.4864207539521686
UBC9_HUMAN_Weile_2017,12,3,0.967741935483871,0.3399680930573383,supervised,0.6763736263736264,0.5049450549450549,0.0,0.0,0.0,0.41670111616370403
UBC9_HUMAN_Weile_2017,13,1,0.9894736842105263,0.31605592096966756,zero_shot,0.5813953488372093,0.6837209302325582,1.0,0.0,1.0,0.4962226640159046
UBC9_HUMAN_Weile_2017,13,2,0.967741935483871,0.28577833809173303,supervised,0.7604651162790698,0.6011627906976744,2.0,2.0,0.0,0.4864207539521686
UBC9_HUMAN_Weile_2017,13,3,0.9565217391304348,0.41168371702842516,supervised,0.6956043956043956,0.5912087912087912,0.0,0.0,0.0,0.45638693675072345
UBC9_HUMAN_Weile_2017,14,1,0.9787234042553191,0.32573148414505165,zero_shot,0.4790697674418605,0.6790697674418605,1.0,1.0,1.0,0.4962226640159046
UBC9_HUMAN_Weile_2017,14,2,0.9894736842105263,0.34052491372103616,supervised,0.75,0.5953488372093024,1.0,1.0,0.0,0.4864207539521686
UBC9_HUMAN_Weile_2017,14,3,0.945054945054945,0.3779874256022657,supervised,0.7291208791208792,0.6252747252747253,0.0,0.0,0.0,0.47622984704423316
UBC9_HUMAN_Weile_2017,15,1,1.0,0.13558562667966292,zero_shot,0.6372093023255814,0.7581395348837209,1.0,0.0,1.0,0.4962226640159046
UBC9_HUMAN_Weile_2017,15,2,0.9565217391304348,0.334813309364734,supervised,0.6511627906976745,0.5872093023255814,1.0,1.0,0.0,0.4864207539521686
UBC9_HUMAN_Weile_2017,15,3,0.9894736842105263,0.34918600730782406,supervised,0.7549450549450549,0.6302197802197802,0.0,0.0,0.0,0.47622984704423316
UBC9_HUMAN_Weile_2017,16,1,0.967741935483871,0.2323126372251396,zero_shot,0.4,0.7813953488372093,1.0,0.0,1.0,0.47713717693836977
UBC9_HUMAN_Weile_2017,16,2,0.9787234042553191,0.23917581383227818,supervised,0.6965116279069767,0.6127906976744186,1.0,1.0,0.0,0.46696392379408186
UBC9_HUMAN_Weile_2017,16,3,0.967741935483871,0.40860863094190264,zero_shot,0.610989010989011,0.660989010989011,0.0,1.0,0.0,0.45638693675072345
UBC9_HUMAN_Weile_2017,17,1,1.0,0.2550050978987377,zero_shot,0.6744186046511629,0.7209302325581395,1.0,1.0,1.0,0.4962226640159046
UBC9_HUMAN_Weile_2017,17,2,0.967741935483871,0.2797089168846067,supervised,0.6895348837209303,0.5895348837209302,2.0,2.0,0.0,0.4864207539521686
UBC9_HUMAN_Weile_2017,17,3,0.967741935483871,0.3553777594605697,supervised,0.7307692307692307,0.6274725274725275,3.0,3.0,0.0,0.45638693675072345
UBC9_HUMAN_Weile_2017,18,1,1.0,0.04752404097484684,zero_shot,0.6046511627906976,0.7162790697674418,1.0,0.0,1.0,0.4962226640159046
UBC9_HUMAN_Weile_2017,18,2,0.9787234042553191,0.162334383820368,supervised,0.7895348837209302,0.6232558139534883,2.0,2.0,0.0,0.4864207539521686
UBC9_HUMAN_Weile_2017,18,3,0.9894736842105263,0.25091688642706395,zero_shot,0.5862637362637363,0.6527472527472528,0.0,1.0,0.0,0.45638693675072345
UBC9_HUMAN_Weile_2017,19,1,1.0,0.3449916322636227,supervised,0.7534883720930232,0.5209302325581395,2.0,2.0,1.0,0.4962226640159046
UBC9_HUMAN_Weile_2017,19,2,1.0,0.19797886233446615,supervised,0.7313953488372092,0.5244186046511627,4.0,4.0,1.0,0.46696392379408186
UBC9_HUMAN_Weile_2017,19,3,1.0,0.27327500614341915,supervised,0.7604395604395604,0.5582417582417583,0.0,0.0,1.0,0.39685820587019427
UBC9_HUMAN_Weile_2017,20,1,0.9787234042553191,0.23119482841566227,zero_shot,0.4232558139534884,0.772093023255814,1.0,3.0,1.0,0.4962226640159046
UBC9_HUMAN_Weile_2017,20,2,0.9565217391304348,0.25226397349363694,supervised,0.7197674418604652,0.5988372093023255,3.0,3.0,0.0,0.4864207539521686
UBC9_HUMAN_Weile_2017,20,3,1.0,0.3114691139607809,supervised,0.689010989010989,0.5587912087912088,1.0,1.0,0.0,0.43654402645721374
UBC9_HUMAN_Weile_2017,21,1,1.0,0.1203808195352225,supervised,0.8697674418604651,0.6790697674418605,1.0,1.0,1.0,0.4962226640159046
UBC9_HUMAN_Weile_2017,21,2,0.9787234042553191,0.19104533072034835,supervised,0.883720930232558,0.622093023255814,0.0,0.0,1.0,0.4864207539521686
UBC9_HUMAN_Weile_2017,21,3,1.0,0.22444548711166656,supervised,0.881868131868132,0.660989010989011,0.0,0.0,1.0,0.49607275733774286
UBC9_HUMAN_Weile_2017,22,1,0.9894736842105263,0.11218950986945796,explore,0.3674418604651163,0.5488372093023256,0.0,3.0,1.0,0.458051689860835
UBC9_HUMAN_Weile_2017,22,2,0.9894736842105263,0.14099106880329354,zero_shot,0.48720930232558146,0.7058139534883721,1.0,1.0,1.0,0.46696392379408186
UBC9_HUMAN_Weile_2017,22,3,0.967741935483871,0.2667873637529356,supervised,0.6928571428571428,0.6593406593406593,2.0,2.0,0.0,0.45638693675072345
UBC9_HUMAN_Weile_2017,23,1,0.9894736842105263,0.28996489013790566,zero_shot,0.6418604651162791,0.6558139534883721,1.0,1.0,1.0,0.4962226640159046
UBC9_HUMAN_Weile_2017,23,2,0.9565217391304348,0.395968327113779,supervised,0.772093023255814,0.5802325581395349,2.0,2.0,0.0,0.4864207539521686
UBC9_HUMAN_Weile_2017,23,3,0.9333333333333333,0.44020658760653736,supervised,0.6818681318681319,0.5137362637362637,0.0,0.0,0.0,0.45638693675072345
UBC9_HUMAN_Weile_2017,24,1,0.9787234042553191,0.35946061642600596,zero_shot,0.8046511627906977,0.8232558139534885,1.0,2.0,1.0,0.4962226640159046
UBC9_HUMAN_Weile_2017,24,2,0.9787234042553191,0.3371530733514198,supervised,0.8709302325581395,0.6069767441860465,2.0,2.0,0.0,0.4864207539521686
UBC9_HUMAN_Weile_2017,24,3,0.967741935483871,0.3663788539868728,supervised,0.8087912087912088,0.5357142857142857,0.0,0.0,0.0,0.45638693675072345
UBC9_HUMAN_Weile_2017,25,1,0.9894736842105263,0.18077275423702632,zero_shot,0.5348837209302326,0.5767441860465117,1.0,1.0,1.0,0.4962226640159046
UBC9_HUMAN_Weile_2017,25,2,0.9894736842105263,0.3352290338243185,supervised,0.5662790697674418,0.5453488372093023,2.0,2.0,0.0,0.4864207539521686
UBC9_HUMAN_Weile_2017,25,3,0.9894736842105263,0.4570595445448272,supervised,0.7197802197802198,0.5967032967032967,0.0,0.0,0.0,0.45638693675072345
UBC9_HUMAN_Weile_2017,26,1,1.0,0.28101829844161713,supervised,0.6604651162790698,0.6,1.0,1.0,1.0,0.4962226640159046
UBC9_HUMAN_Weile_2017,26,2,0.9894736842105263,0.24191263692136886,supervised,0.8325581395348838,0.49069767441860457,6.0,6.0,1.0,0.4864207539521686
UBC9_HUMAN_Weile_2017,26,3,0.967741935483871,0.27539936169313034,supervised,0.7939560439560439,0.5807692307692307,0.0,0.0,1.0,0.37701529557668456
UBC9_HUMAN_Weile_2017,27,1,0.9894736842105263,0.37820224111065043,zero_shot,0.6744186046511628,0.7348837209302326,1.0,2.0,1.0,0.4962226640159046
UBC9_HUMAN_Weile_2017,27,2,0.945054945054945,0.35504144053310865,supervised,0.8418604651162791,0.5895348837209302,2.0,2.0,0.0,0.4864207539521686
UBC9_HUMAN_Weile_2017,27,3,0.945054945054945,0.38154282691525154,supervised,0.6697802197802198,0.6065934065934067,0.0,0.0,0.0,0.45638693675072345
UBC9_HUMAN_Weile_2017,28,1,0.9787234042553191,0.26416970218814934,supervised,0.6744186046511627,0.586046511627907,1.0,1.0,1.0,0.4962226640159046
UBC9_HUMAN_Weile_2017,28,2,1.0,0.23350166459002122,supervised,0.636046511627907,0.5593023255813954,2.0,2.0,1.0,0.4864207539521686
UBC9_HUMAN_Weile_2017,28,3,1.0,0.21598707647850246,supervised,0.8461538461538461,0.5137362637362637,1.0,1.0,1.0,0.45638693675072345
UBC9_HUMAN_Weile_2017,29,1,0.9894736842105263,0.224189187447099,supervised,0.6883720930232559,0.6046511627906976,1.0,1.0,1.0,0.4962226640159046
UBC9_HUMAN_Weile_2017,29,2,0.945054945054945,0.22688753208231643,supervised,0.6465116279069767,0.5720930232558139,4.0,4.0,1.0,0.4864207539521686
UBC9_HUMAN_Weile_2017,29,3,1.0,0.21966190427276075,supervised,0.6763736263736264,0.5631868131868132,1.0,1.0,0.0,0.41670111616370403
UBC9_HUMAN_Weile_2017,30,1,1.0,0.24070563742673776,zero_shot,0.4418604651162791,0.5860465116279071,1.0,1.0,1.0,0.47713717693836977
UBC9_HUMAN_Weile_2017,30,2,0.9565217391304348,0.2371702402599295,supervised,0.6627906976744186,0.5813953488372092,3.0,3.0,0.0,0.46696392379408186
UBC9_HUMAN_Weile_2017,30,3,0.9787234042553191,0.3076216648740654,supervised,0.6807692307692308,0.5164835164835165,0.0,0.0,0.0,0.41670111616370403
UBC9_HUMAN_Weile_2017,31,1,1.0,0.2617475808234236,explore,0.5255813953488372,0.5302325581395348,1.0,0.0,1.0,0.4962226640159046
UBC9_HUMAN_Weile_2017,31,2,0.9894736842105263,0.2430744751519605,supervised,0.6790697674418604,0.5988372093023255,1.0,1.0,1.0,0.4864207539521686
UBC9_HUMAN_Weile_2017,31,3,1.0,0.22724709247235048,supervised,0.8412087912087912,0.42637362637362636,5.0,5.0,1.0,0.47622984704423316
UBC9_HUMAN_Weile_2017,32,1,0.9787234042553191,0.10424150244220494,zero_shot,0.46511627906976744,0.7395348837209301,1.0,0.0,1.0,0.47713717693836977
UBC9_HUMAN_Weile_2017,32,2,0.967741935483871,0.3254739901177602,supervised,0.7709302325581395,0.6,1.0,1.0,0.0,0.46696392379408186
UBC9_HUMAN_Weile_2017,32,3,0.967741935483871,0.44139561050227466,supervised,0.6802197802197802,0.612087912087912,0.0,0.0,0.0,0.45638693675072345
UBC9_HUMAN_Weile_2017,33,1,1.0,0.3252413136808482,supervised,0.7767441860465116,0.5581395348837209,0.0,0.0,1.0,0.4962226640159046
UBC9_HUMAN_Weile_2017,33,2,0.9894736842105263,0.39472841953417676,supervised,0.6325581395348837,0.5651162790697675,0.0,0.0,1.0,0.5058775841102554
UBC9_HUMAN_Weile_2017,33,3,0.9894736842105263,0.3706141766740892,supervised,0.7368131868131869,0.4802197802197803,1.0,1.0,1.0,0.5159156676312526
UBC9_HUMAN_Weile_2017,34,1,0.9894736842105263,0.1464517389227281,zero_shot,0.5302325581395348,0.7255813953488371,1.0,0.0,1.0,0.4962226640159046
UBC9_HUMAN_Weile_2017,34,2,0.9787234042553191,0.31095971876780454,supervised,0.7488372093023256,0.6023255813953489,2.0,2.0,0.0,0.4864207539521686
UBC9_HUMAN_Weile_2017,34,3,0.9787234042553191,0.40379432475704213,supervised,0.7016483516483517,0.5983516483516483,0.0,0.0,0.0,0.45638693675072345
UBC9_HUMAN_Weile_2017,35,1,1.0,0.34924719333893295,zero_shot,0.4790697674418605,0.5581395348837209,1.0,0.0,1.0,0.47713717693836977
UBC9_HUMAN_Weile_2017,35,2,0.967741935483871,0.3737944403300957,supervised,0.5837209302325581,0.5372093023255814,1.0,1.0,0.0,0.46696392379408186
UBC9_HUMAN_Weile_2017,35,3,0.9333333333333333,0.3804528779563668,supervised,0.7076923076923076,0.6082417582417582,1.0,1.0,0.0,0.45638693675072345
UBC9_HUMAN_Weile_2017,36,1,1.0,0.26352124155674206,explore,0.3302325581395349,0.41395348837209306,0.0,0.0,1.0,0.47713717693836977
UBC9_HUMAN_Weile_2017,36,2,1.0,0.34771848544928524,explore,0.5476744186046512,0.49534883720930234,0.0,0.0,1.0,0.4864207539521686
UBC9_HUMAN_Weile_2017,36,3,1.0,0.3803666584569441,supervised,0.610989010989011,0.5313186813186812,2.0,2.0,1.0,0.49607275733774286
UBC9_HUMAN_Weile_2017,37,1,1.0,0.25184847713037833,supervised,0.7488372093023256,0.6093023255813954,0.0,0.0,1.0,0.4962226640159046
UBC9_HUMAN_Weile_2017,37,2,0.9787234042553191,0.18018550087094887,supervised,0.763953488372093,0.5337209302325581,2.0,2.0,1.0,0.5058775841102554
UBC9_HUMAN_Weile_2017,37,3,0.9894736842105263,0.1604283620857964,supervised,0.760989010989011,0.5236263736263737,2.0,2.0,1.0,0.47622984704423316
UBC9_HUMAN_Weile_2017,38,1,0.967741935483871,0.1601217540948793,zero_shot,0.37209302325581395,0.6744186046511628,1.0,0.0,1.0,0.4962226640159046
UBC9_HUMAN_Weile_2017,38,2,0.9894736842105263,0.18903142728520617,supervised,0.6406976744186046,0.5965116279069766,2.0,2.0,0.0,0.4864207539521686
UBC9_HUMAN_Weile_2017,38,3,0.967741935483871,0.3706042625289217,supervised,0.6642857142857144,0.6362637362637362,1.0,1.0,0.0,0.45638693675072345
UBC9_HUMAN_Weile_2017,39,1,0.9565217391304348,0.25152941868604195,supervised,0.772093023255814,0.7674418604651162,0.0,0.0,1.0,0.4962226640159046
UBC9_HUMAN_Weile_2017,39,2,1.0,0.23803218572318963,zero_shot,0.536046511627907,0.6209302325581395,1.0,0.0,1.0,0.5058775841102554
UBC9_HUMAN_Weile_2017,39,3,0.9787234042553191,0.32610939297166613,supervised,0.7346153846153847,0.6313186813186813,2.0,2.0,0.0,0.49607275733774286
