assay,n_obs,seed,ridge,esm
A4GRB6_PSEAI_Chen_2020,24,0,0.5180722891566265,4.518072289156627
A4GRB6_PSEAI_Chen_2020,24,1,0.527710843373494,4.527710843373494
A4GRB6_PSEAI_Chen_2020,24,2,0.5180722891566265,4.518072289156627
A4GRB6_PSEAI_Chen_2020,24,3,-0.4819277108433735,4.518072289156627
A4GRB6_PSEAI_Chen_2020,24,4,0.5180722891566265,4.518072289156627
A4GRB6_PSEAI_Chen_2020,24,5,-0.472289156626506,4.527710843373494
A4GRB6_PSEAI_Chen_2020,24,6,-0.472289156626506,4.527710843373494
A4GRB6_PSEAI_Chen_2020,24,7,0.5180722891566265,4.518072289156627
A4GRB6_PSEAI_Chen_2020,24,8,-0.4819277108433735,4.518072289156627
A4GRB6_PSEAI_Chen_2020,24,9,-0.4819277108433735,4.518072289156627
A4GRB6_PSEAI_Chen_2020,24,10,0.5180722891566265,4.518072289156627
A4GRB6_PSEAI_Chen_2020,24,11,2.527710843373494,4.527710843373494
A4GRB6_PSEAI_Chen_2020,24,12,0.5180722891566265,4.518072289156627
A4GRB6_PSEAI_Chen_2020,24,13,1.5180722891566265,4.518072289156627
A4GRB6_PSEAI_Chen_2020,24,14,0.5180722891566265,4.518072289156627
A4GRB6_PSEAI_Chen_2020,24,15,-0.472289156626506,3.527710843373494
A4GRB6_PSEAI_Chen_2020,24,16,-0.4819277108433735,4.518072289156627
A4GRB6_PSEAI_Chen_2020,24,17,0.5180722891566265,4.518072289156627
A4GRB6_PSEAI_Chen_2020,24,18,-0.4819277108433735,4.518072289156627
A4GRB6_PSEAI_Chen_2020,24,19,-0.4819277108433735,4.518072289156627
A4GRB6_PSEAI_Chen_2020,24,20,-0.472289156626506,4.527710843373494
A4GRB6_PSEAI_Chen_2020,24,21,-0.4819277108433735,4.518072289156627
A4GRB6_PSEAI_Chen_2020,24,22,-0.4819277108433735,4.518072289156627
A4GRB6_PSEAI_Chen_2020,24,23,0.5180722891566265,4.518072289156627
A4GRB6_PSEAI_Chen_2020,24,24,-0.4819277108433735,4.518072289156627
A4GRB6_PSEAI_Chen_2020,24,25,-0.472289156626506,3.527710843373494
A4GRB6_PSEAI_Chen_2020,24,26,-0.4819277108433735,4.518072289156627
A4GRB6_PSEAI_Chen_2020,24,27,2.5180722891566267,4.518072289156627
A4GRB6_PSEAI_Chen_2020,24,28,0.5180722891566265,4.518072289156627
A4GRB6_PSEAI_Chen_2020,24,29,0.5180722891566265,4.518072289156627
A4GRB6_PSEAI_Chen_2020,24,30,-0.4819277108433735,4.518072289156627
A4GRB6_PSEAI_Chen_2020,24,31,2.527710843373494,4.527710843373494
A4GRB6_PSEAI_Chen_2020,24,32,-0.4819277108433735,4.518072289156627
A4GRB6_PSEAI_Chen_2020,24,33,-0.4819277108433735,4.518072289156627
A4GRB6_PSEAI_Chen_2020,24,34,-0.4819277108433735,4.518072289156627
A4GRB6_PSEAI_Chen_2020,24,35,-0.4819277108433735,4.518072289156627
A4GRB6_PSEAI_Chen_2020,24,36,0.527710843373494,4.527710843373494
A4GRB6_PSEAI_Chen_2020,24,37,-0.4819277108433735,4.518072289156627
A4GRB6_PSEAI_Chen_2020,24,38,1.527710843373494,4.527710843373494
A4GRB6_PSEAI_Chen_2020,24,39,-0.4819277108433735,4.518072289156627
A4GRB6_PSEAI_Chen_2020,48,0,1.5157384987893463,4.5157384987893465
A4GRB6_PSEAI_Chen_2020,48,1,-0.4745762711864407,4.52542372881356
A4GRB6_PSEAI_Chen_2020,48,2,-0.48426150121065376,4.5157384987893465
A4GRB6_PSEAI_Chen_2020,48,3,1.5157384987893463,4.5157384987893465
A4GRB6_PSEAI_Chen_2020,48,4,0.5157384987893463,4.5157384987893465
A4GRB6_PSEAI_Chen_2020,48,5,0.5157384987893463,4.5157384987893465
A4GRB6_PSEAI_Chen_2020,48,6,5.52542372881356,4.52542372881356
A4GRB6_PSEAI_Chen_2020,48,7,4.52542372881356,4.52542372881356
A4GRB6_PSEAI_Chen_2020,48,8,-0.48426150121065376,4.5157384987893465
A4GRB6_PSEAI_Chen_2020,48,9,2.515738498789346,4.5157384987893465
A4GRB6_PSEAI_Chen_2020,48,10,5.52542372881356,4.52542372881356
A4GRB6_PSEAI_Chen_2020,48,11,1.5254237288135593,4.52542372881356
A4GRB6_PSEAI_Chen_2020,48,12,2.5254237288135593,4.52542372881356
A4GRB6_PSEAI_Chen_2020,48,13,0.5157384987893463,4.5157384987893465
A4GRB6_PSEAI_Chen_2020,48,14,-0.48426150121065376,4.5157384987893465
A4GRB6_PSEAI_Chen_2020,48,15,0.5157384987893463,4.5157384987893465
A4GRB6_PSEAI_Chen_2020,48,16,0.5157384987893463,4.5157384987893465
A4GRB6_PSEAI_Chen_2020,48,17,-0.48426150121065376,4.5157384987893465
A4GRB6_PSEAI_Chen_2020,48,18,0.5157384987893463,4.5157384987893465
A4GRB6_PSEAI_Chen_2020,48,19,-0.4745762711864407,4.52542372881356
A4GRB6_PSEAI_Chen_2020,48,20,-0.4745762711864407,4.52542372881356
A4GRB6_PSEAI_Chen_2020,48,21,-0.4745762711864407,4.52542372881356
A4GRB6_PSEAI_Chen_2020,48,22,-0.4745762711864407,3.5254237288135593
A4GRB6_PSEAI_Chen_2020,48,23,0.5157384987893463,4.5157384987893465
A4GRB6_PSEAI_Chen_2020,48,24,0.5254237288135593,4.52542372881356
A4GRB6_PSEAI_Chen_2020,48,25,-0.48426150121065376,4.5157384987893465
A4GRB6_PSEAI_Chen_2020,48,26,0.5157384987893463,4.5157384987893465
A4GRB6_PSEAI_Chen_2020,48,27,-0.48426150121065376,4.5157384987893465
A4GRB6_PSEAI_Chen_2020,48,28,-0.48426150121065376,4.5157384987893465
A4GRB6_PSEAI_Chen_2020,48,29,0.5157384987893463,4.5157384987893465
A4GRB6_PSEAI_Chen_2020,48,30,1.5157384987893463,4.5157384987893465
A4GRB6_PSEAI_Chen_2020,48,31,0.5157384987893463,4.5157384987893465
A4GRB6_PSEAI_Chen_2020,48,32,1.5157384987893463,4.5157384987893465
A4GRB6_PSEAI_Chen_2020,48,33,1.5254237288135593,4.52542372881356
A4GRB6_PSEAI_Chen_2020,48,34,1.5254237288135593,4.52542372881356
A4GRB6_PSEAI_Chen_2020,48,35,-0.48426150121065376,4.5157384987893465
A4GRB6_PSEAI_Chen_2020,48,36,0.5157384987893463,4.5157384987893465
A4GRB6_PSEAI_Chen_2020,48,37,-0.48426150121065376,4.5157384987893465
A4GRB6_PSEAI_Chen_2020,48,38,0.5254237288135593,4.52542372881356
A4GRB6_PSEAI_Chen_2020,48,39,-0.48426150121065376,4.5157384987893465
A4GRB6_PSEAI_Chen_2020,96,0,-0.4792176039119804,4.52078239608802
A4GRB6_PSEAI_Chen_2020,96,1,0.5305623471882641,4.530562347188264
A4GRB6_PSEAI_Chen_2020,96,2,0.5305623471882641,4.530562347188264
A4GRB6_PSEAI_Chen_2020,96,3,3.5403422982885084,4.540342298288508
A4GRB6_PSEAI_Chen_2020,96,4,3.52078239608802,4.52078239608802
A4GRB6_PSEAI_Chen_2020,96,5,-0.4889975550122249,4.511002444987775
A4GRB6_PSEAI_Chen_2020,96,6,11.550122249388753,4.550122249388753
A4GRB6_PSEAI_Chen_2020,96,7,-0.4792176039119804,4.52078239608802
A4GRB6_PSEAI_Chen_2020,96,8,-0.4889975550122249,4.511002444987775
A4GRB6_PSEAI_Chen_2020,96,9,-0.4792176039119804,4.52078239608802
A4GRB6_PSEAI_Chen_2020,96,10,0.5305623471882641,4.530562347188264
A4GRB6_PSEAI_Chen_2020,96,11,1.511002444987775,4.511002444987775
A4GRB6_PSEAI_Chen_2020,96,12,4.540342298288508,4.540342298288508
A4GRB6_PSEAI_Chen_2020,96,13,1.5305623471882641,4.530562347188264
A4GRB6_PSEAI_Chen_2020,96,14,10.530562347188264,4.530562347188264
A4GRB6_PSEAI_Chen_2020,96,15,4.52078239608802,3.52078239608802
A4GRB6_PSEAI_Chen_2020,96,16,-0.4792176039119804,4.52078239608802
A4GRB6_PSEAI_Chen_2020,96,17,-0.4889975550122249,4.511002444987775
A4GRB6_PSEAI_Chen_2020,96,18,-0.4792176039119804,4.52078239608802
A4GRB6_PSEAI_Chen_2020,96,19,8.52078239608802,4.52078239608802
A4GRB6_PSEAI_Chen_2020,96,20,0.5207823960880196,3.52078239608802
A4GRB6_PSEAI_Chen_2020,96,21,0.511002444987775,4.511002444987775
A4GRB6_PSEAI_Chen_2020,96,22,6.530562347188264,4.530562347188264
A4GRB6_PSEAI_Chen_2020,96,23,1.511002444987775,4.511002444987775
A4GRB6_PSEAI_Chen_2020,96,24,2.530562347188264,4.530562347188264
A4GRB6_PSEAI_Chen_2020,96,25,1.511002444987775,4.511002444987775
A4GRB6_PSEAI_Chen_2020,96,26,0.511002444987775,4.511002444987775
A4GRB6_PSEAI_Chen_2020,96,27,1.5207823960880196,4.52078239608802
A4GRB6_PSEAI_Chen_2020,96,28,-0.4792176039119804,4.52078239608802
A4GRB6_PSEAI_Chen_2020,96,29,5.530562347188264,4.530562347188264
A4GRB6_PSEAI_Chen_2020,96,30,0.5207823960880196,4.52078239608802
A4GRB6_PSEAI_Chen_2020,96,31,1.5207823960880196,3.52078239608802
A4GRB6_PSEAI_Chen_2020,96,32,-0.4889975550122249,4.511002444987775
A4GRB6_PSEAI_Chen_2020,96,33,0.5207823960880196,4.52078239608802
A4GRB6_PSEAI_Chen_2020,96,34,-0.4792176039119804,4.52078239608802
A4GRB6_PSEAI_Chen_2020,96,35,-0.4792176039119804,4.52078239608802
A4GRB6_PSEAI_Chen_2020,96,36,1.5305623471882641,4.530562347188264
A4GRB6_PSEAI_Chen_2020,96,37,0.511002444987775,4.511002444987775
A4GRB6_PSEAI_Chen_2020,96,38,12.530562347188264,4.530562347188264
A4GRB6_PSEAI_Chen_2020,96,39,8.530562347188264,4.530562347188264
A4GRB6_PSEAI_Chen_2020,192,0,-0.49875311720698257,4.501246882793017
A4GRB6_PSEAI_Chen_2020,192,1,1.5211970074812968,4.521197007481296
A4GRB6_PSEAI_Chen_2020,192,2,-0.49875311720698257,4.501246882793017
A4GRB6_PSEAI_Chen_2020,192,3,1.5012468827930174,4.501246882793017
A4GRB6_PSEAI_Chen_2020,192,4,-0.49875311720698257,4.501246882793017
A4GRB6_PSEAI_Chen_2020,192,5,0.5112219451371571,4.511221945137157
A4GRB6_PSEAI_Chen_2020,192,6,-0.49875311720698257,4.501246882793017
A4GRB6_PSEAI_Chen_2020,192,7,-0.47880299251870323,4.521197007481296
A4GRB6_PSEAI_Chen_2020,192,8,3.521197007481297,4.521197007481296
A4GRB6_PSEAI_Chen_2020,192,9,1.5311720698254363,4.531172069825437
A4GRB6_PSEAI_Chen_2020,192,10,4.521197007481296,3.521197007481297
A4GRB6_PSEAI_Chen_2020,192,11,1.5311720698254363,3.5311720698254363
A4GRB6_PSEAI_Chen_2020,192,12,-0.4688279301745636,4.531172069825437
A4GRB6_PSEAI_Chen_2020,192,13,5.521197007481296,4.521197007481296
A4GRB6_PSEAI_Chen_2020,192,14,7.561097256857855,3.561097256857855
A4GRB6_PSEAI_Chen_2020,192,15,2.511221945137157,4.511221945137157
A4GRB6_PSEAI_Chen_2020,192,16,-0.48877805486284287,4.511221945137157
A4GRB6_PSEAI_Chen_2020,192,17,-0.47880299251870323,4.521197007481296
A4GRB6_PSEAI_Chen_2020,192,18,5.531172069825437,4.531172069825437
A4GRB6_PSEAI_Chen_2020,192,19,3.521197007481297,3.521197007481297
A4GRB6_PSEAI_Chen_2020,192,20,4.521197007481296,4.521197007481296
A4GRB6_PSEAI_Chen_2020,192,21,-0.48877805486284287,4.511221945137157
A4GRB6_PSEAI_Chen_2020,192,22,4.531172069825437,4.531172069825437
A4GRB6_PSEAI_Chen_2020,192,23,5.541147132169576,3.541147132169576
A4GRB6_PSEAI_Chen_2020,192,24,0.5112219451371571,4.511221945137157
A4GRB6_PSEAI_Chen_2020,192,25,0.5211970074812968,4.521197007481296
A4GRB6_PSEAI_Chen_2020,192,26,0.5211970074812968,4.521197007481296
A4GRB6_PSEAI_Chen_2020,192,27,2.511221945137157,4.511221945137157
A4GRB6_PSEAI_Chen_2020,192,28,-0.48877805486284287,4.511221945137157
A4GRB6_PSEAI_Chen_2020,192,29,5.521197007481296,4.521197007481296
A4GRB6_PSEAI_Chen_2020,192,30,3.511221945137157,4.511221945137157
A4GRB6_PSEAI_Chen_2020,192,31,7.521197007481296,4.521197007481296
A4GRB6_PSEAI_Chen_2020,192,32,-0.48877805486284287,4.511221945137157
A4GRB6_PSEAI_Chen_2020,192,33,-0.49875311720698257,4.501246882793017
A4GRB6_PSEAI_Chen_2020,192,34,0.5211970074812968,3.521197007481297
A4GRB6_PSEAI_Chen_2020,192,35,3.511221945137157,3.511221945137157
A4GRB6_PSEAI_Chen_2020,192,36,4.541147132169576,3.541147132169576
A4GRB6_PSEAI_Chen_2020,192,37,-0.47880299251870323,4.521197007481296
A4GRB6_PSEAI_Chen_2020,192,38,-0.49875311720698257,4.501246882793017
A4GRB6_PSEAI_Chen_2020,192,39,7.541147132169576,3.541147132169576
A4GRB6_PSEAI_Chen_2020,384,0,0.5012987012987014,4.501298701298701
A4GRB6_PSEAI_Chen_2020,384,1,3.522077922077922,4.522077922077922
A4GRB6_PSEAI_Chen_2020,384,2,9.522077922077923,3.522077922077922
A4GRB6_PSEAI_Chen_2020,384,3,4.511688311688312,3.5116883116883115
A4GRB6_PSEAI_Chen_2020,384,4,1.4805194805194806,4.48051948051948
A4GRB6_PSEAI_Chen_2020,384,5,9.542857142857143,3.5428571428571427
A4GRB6_PSEAI_Chen_2020,384,6,2.522077922077922,3.522077922077922
A4GRB6_PSEAI_Chen_2020,384,7,2.5428571428571427,4.542857142857143
A4GRB6_PSEAI_Chen_2020,384,8,6.542857142857143,4.542857142857143
A4GRB6_PSEAI_Chen_2020,384,9,0.48051948051948057,4.48051948051948
A4GRB6_PSEAI_Chen_2020,384,10,8.532467532467532,3.5324675324675323
A4GRB6_PSEAI_Chen_2020,384,11,8.522077922077923,4.522077922077922
A4GRB6_PSEAI_Chen_2020,384,12,12.522077922077923,4.522077922077922
A4GRB6_PSEAI_Chen_2020,384,13,0.5116883116883117,4.511688311688312
A4GRB6_PSEAI_Chen_2020,384,14,6.542857142857143,3.5428571428571427
A4GRB6_PSEAI_Chen_2020,384,15,6.522077922077922,3.522077922077922
A4GRB6_PSEAI_Chen_2020,384,16,3.553246753246753,3.553246753246753
A4GRB6_PSEAI_Chen_2020,384,17,1.5324675324675325,3.5324675324675323
A4GRB6_PSEAI_Chen_2020,384,18,10.522077922077923,3.522077922077922
A4GRB6_PSEAI_Chen_2020,384,19,-0.4987012987012987,4.501298701298701
A4GRB6_PSEAI_Chen_2020,384,20,8.563636363636364,4.5636363636363635
A4GRB6_PSEAI_Chen_2020,384,21,8.542857142857143,3.5428571428571427
A4GRB6_PSEAI_Chen_2020,384,22,3.5116883116883115,4.511688311688312
A4GRB6_PSEAI_Chen_2020,384,23,11.501298701298701,4.501298701298701
A4GRB6_PSEAI_Chen_2020,384,24,6.5532467532467535,3.553246753246753
A4GRB6_PSEAI_Chen_2020,384,25,2.522077922077922,4.522077922077922
A4GRB6_PSEAI_Chen_2020,384,26,9.49090909090909,4.490909090909091
A4GRB6_PSEAI_Chen_2020,384,27,11.522077922077923,3.522077922077922
A4GRB6_PSEAI_Chen_2020,384,28,9.532467532467532,3.5324675324675323
A4GRB6_PSEAI_Chen_2020,384,29,-0.4779220779220779,3.522077922077922
A4GRB6_PSEAI_Chen_2020,384,30,5.542857142857143,2.5428571428571427
A4GRB6_PSEAI_Chen_2020,384,31,1.5116883116883117,4.511688311688312
A4GRB6_PSEAI_Chen_2020,384,32,13.542857142857143,2.5428571428571427
A4GRB6_PSEAI_Chen_2020,384,33,-0.4675324675324675,4.532467532467533
A4GRB6_PSEAI_Chen_2020,384,34,8.511688311688312,4.511688311688312
A4GRB6_PSEAI_Chen_2020,384,35,4.522077922077922,3.522077922077922
A4GRB6_PSEAI_Chen_2020,384,36,-0.509090909090909,4.490909090909091
A4GRB6_PSEAI_Chen_2020,384,37,13.553246753246754,4.5532467532467535
A4GRB6_PSEAI_Chen_2020,384,38,4.532467532467533,3.5324675324675323
A4GRB6_PSEAI_Chen_2020,384,39,4.490909090909091,4.490909090909091
AACC1_PSEAI_Dandage_2018,24,0,0.5137872819358469,0.5137872819358469
AACC1_PSEAI_Dandage_2018,24,1,0.5407990996060776,0.5407990996060776
AACC1_PSEAI_Dandage_2018,24,2,0.5137872819358469,0.5137872819358469
AACC1_PSEAI_Dandage_2018,24,3,0.5137872819358469,0.5137872819358469
AACC1_PSEAI_Dandage_2018,24,4,-0.48621271806415306,0.5137872819358469
AACC1_PSEAI_Dandage_2018,24,5,0.5137872819358469,0.5137872819358469
AACC1_PSEAI_Dandage_2018,24,6,1.5137872819358469,0.5137872819358469
AACC1_PSEAI_Dandage_2018,24,7,0.5407990996060776,-0.45920090039392236
AACC1_PSEAI_Dandage_2018,24,8,0.5137872819358469,0.5137872819358469
AACC1_PSEAI_Dandage_2018,24,9,-0.48621271806415306,0.5137872819358469
AACC1_PSEAI_Dandage_2018,24,10,0.5137872819358469,0.5137872819358469
AACC1_PSEAI_Dandage_2018,24,11,-0.48621271806415306,0.5137872819358469
AACC1_PSEAI_Dandage_2018,24,12,-0.45920090039392236,0.5407990996060776
AACC1_PSEAI_Dandage_2018,24,13,-0.48621271806415306,0.5137872819358469
AACC1_PSEAI_Dandage_2018,24,14,-0.4321890827236916,0.5678109172763084
AACC1_PSEAI_Dandage_2018,24,15,-0.48621271806415306,0.5137872819358469
AACC1_PSEAI_Dandage_2018,24,16,2.513787281935847,0.5137872819358469
AACC1_PSEAI_Dandage_2018,24,17,0.5137872819358469,0.5137872819358469
AACC1_PSEAI_Dandage_2018,24,18,0.5137872819358469,0.5137872819358469
AACC1_PSEAI_Dandage_2018,24,19,1.5137872819358469,0.5137872819358469
AACC1_PSEAI_Dandage_2018,24,20,1.5407990996060776,0.5407990996060776
AACC1_PSEAI_Dandage_2018,24,21,0.5137872819358469,0.5137872819358469
AACC1_PSEAI_Dandage_2018,24,22,-0.48621271806415306,0.5137872819358469
AACC1_PSEAI_Dandage_2018,24,23,-0.48621271806415306,0.5137872819358469
AACC1_PSEAI_Dandage_2018,24,24,-0.48621271806415306,0.5137872819358469
AACC1_PSEAI_Dandage_2018,24,25,0.5407990996060776,0.5407990996060776
AACC1_PSEAI_Dandage_2018,24,26,-0.48621271806415306,0.5137872819358469
AACC1_PSEAI_Dandage_2018,24,27,3.513787281935847,0.5137872819358469
AACC1_PSEAI_Dandage_2018,24,28,1.5137872819358469,0.5137872819358469
AACC1_PSEAI_Dandage_2018,24,29,-0.45920090039392236,0.5407990996060776
AACC1_PSEAI_Dandage_2018,24,30,0.5137872819358469,0.5137872819358469
AACC1_PSEAI_Dandage_2018,24,31,0.5137872819358469,0.5137872819358469
AACC1_PSEAI_Dandage_2018,24,32,0.5137872819358469,0.5137872819358469
AACC1_PSEAI_Dandage_2018,24,33,2.513787281935847,0.5137872819358469
AACC1_PSEAI_Dandage_2018,24,34,0.5137872819358469,0.5137872819358469
AACC1_PSEAI_Dandage_2018,24,35,-0.48621271806415306,0.5137872819358469
AACC1_PSEAI_Dandage_2018,24,36,-0.45920090039392236,0.5407990996060776
AACC1_PSEAI_Dandage_2018,24,37,0.5407990996060776,0.5407990996060776
AACC1_PSEAI_Dandage_2018,24,38,-0.48621271806415306,0.5137872819358469
AACC1_PSEAI_Dandage_2018,24,39,-0.48621271806415306,0.5137872819358469
AACC1_PSEAI_Dandage_2018,48,0,-0.4654877353108956,0.5345122646891044
AACC1_PSEAI_Dandage_2018,48,1,1.507130633200228,0.5071306332002281
AACC1_PSEAI_Dandage_2018,48,2,-0.4654877353108956,0.5345122646891044
AACC1_PSEAI_Dandage_2018,48,3,-0.4654877353108956,0.5345122646891044
AACC1_PSEAI_Dandage_2018,48,4,1.507130633200228,0.5071306332002281
AACC1_PSEAI_Dandage_2018,48,5,-0.4654877353108956,0.5345122646891044
AACC1_PSEAI_Dandage_2018,48,6,0.5071306332002281,0.5071306332002281
AACC1_PSEAI_Dandage_2018,48,7,0.5071306332002281,0.5071306332002281
AACC1_PSEAI_Dandage_2018,48,8,3.5345122646891043,0.5345122646891044
AACC1_PSEAI_Dandage_2018,48,9,1.5345122646891043,0.5345122646891044
AACC1_PSEAI_Dandage_2018,48,10,0.5071306332002281,0.5071306332002281
AACC1_PSEAI_Dandage_2018,48,11,0.5071306332002281,0.5071306332002281
AACC1_PSEAI_Dandage_2018,48,12,-0.49286936679977184,0.5071306332002281
AACC1_PSEAI_Dandage_2018,48,13,-0.4654877353108956,0.5345122646891044
AACC1_PSEAI_Dandage_2018,48,14,0.5071306332002281,0.5071306332002281
AACC1_PSEAI_Dandage_2018,48,15,-0.4654877353108956,0.5345122646891044
AACC1_PSEAI_Dandage_2018,48,16,0.5071306332002281,0.5071306332002281
AACC1_PSEAI_Dandage_2018,48,17,1.5345122646891043,0.5345122646891044
AACC1_PSEAI_Dandage_2018,48,18,0.5345122646891044,0.5345122646891044
AACC1_PSEAI_Dandage_2018,48,19,-0.49286936679977184,0.5071306332002281
AACC1_PSEAI_Dandage_2018,48,20,-0.49286936679977184,0.5071306332002281
AACC1_PSEAI_Dandage_2018,48,21,-0.49286936679977184,0.5071306332002281
AACC1_PSEAI_Dandage_2018,48,22,1.507130633200228,0.5071306332002281
AACC1_PSEAI_Dandage_2018,48,23,-0.49286936679977184,0.5071306332002281
AACC1_PSEAI_Dandage_2018,48,24,1.507130633200228,0.5071306332002281
AACC1_PSEAI_Dandage_2018,48,25,0.5071306332002281,0.5071306332002281
AACC1_PSEAI_Dandage_2018,48,26,0.5071306332002281,0.5071306332002281
AACC1_PSEAI_Dandage_2018,48,27,0.5345122646891044,-0.4654877353108956
AACC1_PSEAI_Dandage_2018,48,28,0.5345122646891044,0.5345122646891044
AACC1_PSEAI_Dandage_2018,48,29,1.507130633200228,0.5071306332002281
AACC1_PSEAI_Dandage_2018,48,30,1.507130633200228,0.5071306332002281
AACC1_PSEAI_Dandage_2018,48,31,0.5618938961779806,0.5618938961779806
AACC1_PSEAI_Dandage_2018,48,32,0.5071306332002281,0.5071306332002281
AACC1_PSEAI_Dandage_2018,48,33,1.5345122646891043,0.5345122646891044
AACC1_PSEAI_Dandage_2018,48,34,1.5618938961779807,0.5618938961779806
AACC1_PSEAI_Dandage_2018,48,35,0.5071306332002281,0.5071306332002281
AACC1_PSEAI_Dandage_2018,48,36,0.5071306332002281,0.5071306332002281
AACC1_PSEAI_Dandage_2018,48,37,1.507130633200228,0.5071306332002281
AACC1_PSEAI_Dandage_2018,48,38,0.5071306332002281,0.5071306332002281
AACC1_PSEAI_Dandage_2018,48,39,2.5071306332002283,0.5071306332002281
AACC1_PSEAI_Dandage_2018,96,0,1.5214076246334312,0.5214076246334312
AACC1_PSEAI_Dandage_2018,96,1,0.5214076246334312,0.5214076246334312
AACC1_PSEAI_Dandage_2018,96,2,-0.5067448680351906,0.4932551319648094
AACC1_PSEAI_Dandage_2018,96,3,0.4932551319648094,0.4932551319648094
AACC1_PSEAI_Dandage_2018,96,4,0.5495601173020528,0.5495601173020528
AACC1_PSEAI_Dandage_2018,96,5,0.5214076246334312,0.5214076246334312
AACC1_PSEAI_Dandage_2018,96,6,0.5214076246334312,-0.4785923753665689
AACC1_PSEAI_Dandage_2018,96,7,0.5214076246334312,0.5214076246334312
AACC1_PSEAI_Dandage_2018,96,8,2.521407624633431,0.5214076246334312
AACC1_PSEAI_Dandage_2018,96,9,1.5214076246334312,0.5214076246334312
AACC1_PSEAI_Dandage_2018,96,10,-0.4785923753665689,0.5214076246334312
AACC1_PSEAI_Dandage_2018,96,11,-0.4222873900293255,0.5777126099706744
AACC1_PSEAI_Dandage_2018,96,12,-0.5067448680351906,0.4932551319648094
AACC1_PSEAI_Dandage_2018,96,13,-0.5067448680351906,0.4932551319648094
AACC1_PSEAI_Dandage_2018,96,14,-0.4785923753665689,0.5214076246334312
AACC1_PSEAI_Dandage_2018,96,15,-0.4504398826979472,0.5495601173020528
AACC1_PSEAI_Dandage_2018,96,16,0.5214076246334312,0.5214076246334312
AACC1_PSEAI_Dandage_2018,96,17,-0.4504398826979472,0.5495601173020528
AACC1_PSEAI_Dandage_2018,96,18,-0.4785923753665689,-0.4785923753665689
AACC1_PSEAI_Dandage_2018,96,19,0.4932551319648094,0.4932551319648094
AACC1_PSEAI_Dandage_2018,96,20,1.5214076246334312,1.5214076246334312
AACC1_PSEAI_Dandage_2018,96,21,0.5214076246334312,0.5214076246334312
AACC1_PSEAI_Dandage_2018,96,22,1.5214076246334312,0.5214076246334312
AACC1_PSEAI_Dandage_2018,96,23,0.5214076246334312,1.5214076246334312
AACC1_PSEAI_Dandage_2018,96,24,-0.4504398826979472,0.5495601173020528
AACC1_PSEAI_Dandage_2018,96,25,1.5214076246334312,0.5214076246334312
AACC1_PSEAI_Dandage_2018,96,26,-0.4504398826979472,0.5495601173020528
AACC1_PSEAI_Dandage_2018,96,27,2.4932551319648093,0.4932551319648094
AACC1_PSEAI_Dandage_2018,96,28,1.5214076246334312,0.5214076246334312
AACC1_PSEAI_Dandage_2018,96,29,1.5495601173020528,0.5495601173020528
AACC1_PSEAI_Dandage_2018,96,30,0.5214076246334312,-0.4785923753665689
AACC1_PSEAI_Dandage_2018,96,31,-0.4222873900293255,0.5777126099706744
AACC1_PSEAI_Dandage_2018,96,32,0.5214076246334312,-0.4785923753665689
AACC1_PSEAI_Dandage_2018,96,33,0.5495601173020528,0.5495601173020528
AACC1_PSEAI_Dandage_2018,96,34,0.5495601173020528,0.5495601173020528
AACC1_PSEAI_Dandage_2018,96,35,0.4932551319648094,0.4932551319648094
AACC1_PSEAI_Dandage_2018,96,36,1.5214076246334312,0.5214076246334312
AACC1_PSEAI_Dandage_2018,96,37,-0.5067448680351906,0.4932551319648094
AACC1_PSEAI_Dandage_2018,96,38,1.5214076246334312,0.5214076246334312
AACC1_PSEAI_Dandage_2018,96,39,1.4932551319648093,0.4932551319648094
AACC1_PSEAI_Dandage_2018,192,0,0.49285270354257305,0.49285270354257305
AACC1_PSEAI_Dandage_2018,192,1,1.5525170913610937,0.5525170913610938
AACC1_PSEAI_Dandage_2018,192,2,0.5525170913610938,1.5525170913610937
AACC1_PSEAI_Dandage_2018,192,3,-0.47731510254816656,0.5226848974518334
AACC1_PSEAI_Dandage_2018,192,4,0.5525170913610938,0.5525170913610938
AACC1_PSEAI_Dandage_2018,192,5,1.5226848974518334,0.5226848974518334
AACC1_PSEAI_Dandage_2018,192,6,-0.44748290863890616,0.5525170913610938
AACC1_PSEAI_Dandage_2018,192,7,2.5823492852703542,-0.41765071472964577
AACC1_PSEAI_Dandage_2018,192,8,-0.5369794903666874,0.46302050963331265
AACC1_PSEAI_Dandage_2018,192,9,1.4928527035425732,0.49285270354257305
AACC1_PSEAI_Dandage_2018,192,10,0.5226848974518334,0.5226848974518334
AACC1_PSEAI_Dandage_2018,192,11,1.5823492852703542,0.5823492852703542
AACC1_PSEAI_Dandage_2018,192,12,0.5226848974518334,0.5226848974518334
AACC1_PSEAI_Dandage_2018,192,13,1.4928527035425732,0.49285270354257305
AACC1_PSEAI_Dandage_2018,192,14,0.49285270354257305,1.4928527035425732
AACC1_PSEAI_Dandage_2018,192,15,1.5226848974518334,0.5226848974518334
AACC1_PSEAI_Dandage_2018,192,16,0.5226848974518334,0.5226848974518334
AACC1_PSEAI_Dandage_2018,192,17,0.5226848974518334,1.5226848974518334
AACC1_PSEAI_Dandage_2018,192,18,0.49285270354257305,0.49285270354257305
AACC1_PSEAI_Dandage_2018,192,19,-0.3878185208203853,-0.3878185208203853
AACC1_PSEAI_Dandage_2018,192,20,1.5226848974518334,0.5226848974518334
AACC1_PSEAI_Dandage_2018,192,21,-0.44748290863890616,0.5525170913610938
AACC1_PSEAI_Dandage_2018,192,22,2.4630205096333126,0.46302050963331265
AACC1_PSEAI_Dandage_2018,192,23,3.492852703542573,1.4928527035425732
AACC1_PSEAI_Dandage_2018,192,24,0.49285270354257305,-0.507147296457427
AACC1_PSEAI_Dandage_2018,192,25,0.5525170913610938,0.5525170913610938
AACC1_PSEAI_Dandage_2018,192,26,0.5226848974518334,0.5226848974518334
AACC1_PSEAI_Dandage_2018,192,27,2.6121814791796147,0.6121814791796147
AACC1_PSEAI_Dandage_2018,192,28,0.6121814791796147,-0.3878185208203853
AACC1_PSEAI_Dandage_2018,192,29,1.5226848974518334,-0.47731510254816656
AACC1_PSEAI_Dandage_2018,192,30,3.5226848974518337,0.5226848974518334
AACC1_PSEAI_Dandage_2018,192,31,0.46302050963331265,0.46302050963331265
AACC1_PSEAI_Dandage_2018,192,32,-0.507147296457427,0.49285270354257305
AACC1_PSEAI_Dandage_2018,192,33,0.46302050963331265,0.46302050963331265
AACC1_PSEAI_Dandage_2018,192,34,2.5226848974518337,0.5226848974518334
AACC1_PSEAI_Dandage_2018,192,35,1.5226848974518334,1.5226848974518334
AACC1_PSEAI_Dandage_2018,192,36,2.5226848974518337,1.5226848974518334
AACC1_PSEAI_Dandage_2018,192,37,1.4928527035425732,0.49285270354257305
AACC1_PSEAI_Dandage_2018,192,38,1.4928527035425732,0.49285270354257305
AACC1_PSEAI_Dandage_2018,192,39,1.5525170913610937,0.5525170913610938
AACC1_PSEAI_Dandage_2018,384,0,0.5935074100211715,1.5935074100211715
AACC1_PSEAI_Dandage_2018,384,1,1.5257586450247,2.5257586450247
AACC1_PSEAI_Dandage_2018,384,2,0.5596330275229358,0.5596330275229358
AACC1_PSEAI_Dandage_2018,384,3,1.5257586450247,1.5257586450247
AACC1_PSEAI_Dandage_2018,384,4,-0.44036697247706424,1.5596330275229358
AACC1_PSEAI_Dandage_2018,384,5,0.5596330275229358,0.5596330275229358
AACC1_PSEAI_Dandage_2018,384,6,2.424135497529993,2.424135497529993
AACC1_PSEAI_Dandage_2018,384,7,0.4580098800282286,1.4580098800282286
AACC1_PSEAI_Dandage_2018,384,8,1.5257586450247,1.5257586450247
AACC1_PSEAI_Dandage_2018,384,9,0.6612561750176429,0.6612561750176429
AACC1_PSEAI_Dandage_2018,384,10,1.5257586450247,2.5257586450247
AACC1_PSEAI_Dandage_2018,384,11,0.5257586450247,1.5257586450247
AACC1_PSEAI_Dandage_2018,384,12,1.4918842625264643,2.4918842625264643
AACC1_PSEAI_Dandage_2018,384,13,1.5257586450247,1.5257586450247
AACC1_PSEAI_Dandage_2018,384,14,0.5596330275229358,1.5596330275229358
AACC1_PSEAI_Dandage_2018,384,15,1.4918842625264643,0.49188426252646433
AACC1_PSEAI_Dandage_2018,384,16,0.5935074100211715,0.5935074100211715
AACC1_PSEAI_Dandage_2018,384,17,0.49188426252646433,2.4918842625264643
AACC1_PSEAI_Dandage_2018,384,18,-0.5081157374735357,1.4918842625264643
AACC1_PSEAI_Dandage_2018,384,19,1.4580098800282286,0.4580098800282286
AACC1_PSEAI_Dandage_2018,384,20,0.5596330275229358,1.5596330275229358
AACC1_PSEAI_Dandage_2018,384,21,0.5257586450247,0.5257586450247
AACC1_PSEAI_Dandage_2018,384,22,2.4918842625264643,2.4918842625264643
AACC1_PSEAI_Dandage_2018,384,23,0.5257586450247,1.5257586450247
AACC1_PSEAI_Dandage_2018,384,24,0.5257586450247,1.5257586450247
AACC1_PSEAI_Dandage_2018,384,25,-0.5081157374735357,2.4918842625264643
AACC1_PSEAI_Dandage_2018,384,26,2.4580098800282286,2.4580098800282286
AACC1_PSEAI_Dandage_2018,384,27,1.5935074100211715,1.5935074100211715
AACC1_PSEAI_Dandage_2018,384,28,0.5257586450247,2.5257586450247
AACC1_PSEAI_Dandage_2018,384,29,-0.3726182074805928,0.6273817925194072
AACC1_PSEAI_Dandage_2018,384,30,1.4580098800282286,2.4580098800282286
AACC1_PSEAI_Dandage_2018,384,31,1.4580098800282286,1.4580098800282286
AACC1_PSEAI_Dandage_2018,384,32,1.424135497529993,1.424135497529993
AACC1_PSEAI_Dandage_2018,384,33,1.5596330275229358,1.5596330275229358
AACC1_PSEAI_Dandage_2018,384,34,1.4580098800282286,1.4580098800282286
AACC1_PSEAI_Dandage_2018,384,35,-0.3726182074805928,0.6273817925194072
AACC1_PSEAI_Dandage_2018,384,36,-0.5758645024700071,2.424135497529993
AACC1_PSEAI_Dandage_2018,384,37,0.4241354975299929,1.424135497529993
AACC1_PSEAI_Dandage_2018,384,38,2.4580098800282286,1.4580098800282286
AACC1_PSEAI_Dandage_2018,384,39,5.458009880028229,0.4580098800282286
ADRB2_HUMAN_Jones_2020,24,0,0.5185185185185186,-0.48148148148148145
ADRB2_HUMAN_Jones_2020,24,1,-0.48148148148148145,-0.48148148148148145
ADRB2_HUMAN_Jones_2020,24,2,-0.48148148148148145,-0.48148148148148145
ADRB2_HUMAN_Jones_2020,24,3,-0.48148148148148145,-0.48148148148148145
ADRB2_HUMAN_Jones_2020,24,4,-0.48148148148148145,-0.48148148148148145
ADRB2_HUMAN_Jones_2020,24,5,-0.48148148148148145,-0.48148148148148145
ADRB2_HUMAN_Jones_2020,24,6,0.5185185185185186,-0.48148148148148145
ADRB2_HUMAN_Jones_2020,24,7,-0.48148148148148145,-0.48148148148148145
ADRB2_HUMAN_Jones_2020,24,8,1.5246913580246915,-0.47530864197530864
ADRB2_HUMAN_Jones_2020,24,9,-0.48148148148148145,-0.48148148148148145
ADRB2_HUMAN_Jones_2020,24,10,-0.48148148148148145,-0.48148148148148145
ADRB2_HUMAN_Jones_2020,24,11,-0.48148148148148145,-0.48148148148148145
ADRB2_HUMAN_Jones_2020,24,12,0.5246913580246914,-0.47530864197530864
ADRB2_HUMAN_Jones_2020,24,13,-0.48148148148148145,-0.48148148148148145
ADRB2_HUMAN_Jones_2020,24,14,-0.48148148148148145,-0.48148148148148145
ADRB2_HUMAN_Jones_2020,24,15,0.5185185185185186,-0.48148148148148145
ADRB2_HUMAN_Jones_2020,24,16,0.5185185185185186,-0.48148148148148145
ADRB2_HUMAN_Jones_2020,24,17,1.5308641975308643,-0.4691358024691358
ADRB2_HUMAN_Jones_2020,24,18,-0.48148148148148145,-0.48148148148148145
ADRB2_HUMAN_Jones_2020,24,19,0.5185185185185186,-0.48148148148148145
ADRB2_HUMAN_Jones_2020,24,20,-0.48148148148148145,-0.48148148148148145
ADRB2_HUMAN_Jones_2020,24,21,0.5246913580246914,-0.47530864197530864
ADRB2_HUMAN_Jones_2020,24,22,2.5185185185185186,-0.48148148148148145
ADRB2_HUMAN_Jones_2020,24,23,0.5185185185185186,-0.48148148148148145
ADRB2_HUMAN_Jones_2020,24,24,1.5185185185185186,-0.48148148148148145
ADRB2_HUMAN_Jones_2020,24,25,1.5246913580246915,-0.47530864197530864
ADRB2_HUMAN_Jones_2020,24,26,1.5185185185185186,-0.48148148148148145
ADRB2_HUMAN_Jones_2020,24,27,0.5246913580246914,-0.47530864197530864
ADRB2_HUMAN_Jones_2020,24,28,0.5185185185185186,-0.48148148148148145
ADRB2_HUMAN_Jones_2020,24,29,0.5246913580246914,-0.47530864197530864
ADRB2_HUMAN_Jones_2020,24,30,0.5185185185185186,-0.48148148148148145
ADRB2_HUMAN_Jones_2020,24,31,-0.48148148148148145,-0.48148148148148145
ADRB2_HUMAN_Jones_2020,24,32,-0.48148148148148145,-0.48148148148148145
ADRB2_HUMAN_Jones_2020,24,33,1.5246913580246915,-0.47530864197530864
ADRB2_HUMAN_Jones_2020,24,34,-0.48148148148148145,-0.48148148148148145
ADRB2_HUMAN_Jones_2020,24,35,-0.48148148148148145,-0.48148148148148145
ADRB2_HUMAN_Jones_2020,24,36,-0.48148148148148145,-0.48148148148148145
ADRB2_HUMAN_Jones_2020,24,37,0.5246913580246914,-0.47530864197530864
ADRB2_HUMAN_Jones_2020,24,38,-0.48148148148148145,-0.48148148148148145
ADRB2_HUMAN_Jones_2020,24,39,0.5185185185185186,-0.48148148148148145
ADRB2_HUMAN_Jones_2020,48,0,1.5232198142414861,-0.47678018575851394
ADRB2_HUMAN_Jones_2020,48,1,-0.48297213622291024,-0.48297213622291024
ADRB2_HUMAN_Jones_2020,48,2,-0.48297213622291024,-0.48297213622291024
ADRB2_HUMAN_Jones_2020,48,3,-0.48297213622291024,-0.48297213622291024
ADRB2_HUMAN_Jones_2020,48,4,-0.47678018575851394,-0.47678018575851394
ADRB2_HUMAN_Jones_2020,48,5,0.5170278637770898,-0.48297213622291024
ADRB2_HUMAN_Jones_2020,48,6,-0.48297213622291024,-0.48297213622291024
ADRB2_HUMAN_Jones_2020,48,7,0.5170278637770898,-0.48297213622291024
ADRB2_HUMAN_Jones_2020,48,8,-0.47678018575851394,-0.47678018575851394
ADRB2_HUMAN_Jones_2020,48,9,-0.47678018575851394,-0.47678018575851394
ADRB2_HUMAN_Jones_2020,48,10,1.5170278637770898,-0.48297213622291024
ADRB2_HUMAN_Jones_2020,48,11,0.5170278637770898,-0.48297213622291024
ADRB2_HUMAN_Jones_2020,48,12,0.5232198142414861,-0.47678018575851394
ADRB2_HUMAN_Jones_2020,48,13,0.5232198142414861,-0.47678018575851394
ADRB2_HUMAN_Jones_2020,48,14,1.5170278637770898,-0.48297213622291024
ADRB2_HUMAN_Jones_2020,48,15,-0.48297213622291024,-0.48297213622291024
ADRB2_HUMAN_Jones_2020,48,16,-0.48297213622291024,-0.48297213622291024
ADRB2_HUMAN_Jones_2020,48,17,0.5170278637770898,-0.48297213622291024
ADRB2_HUMAN_Jones_2020,48,18,0.5232198142414861,-0.47678018575851394
ADRB2_HUMAN_Jones_2020,48,19,-0.47678018575851394,-0.47678018575851394
ADRB2_HUMAN_Jones_2020,48,20,0.5170278637770898,-0.48297213622291024
ADRB2_HUMAN_Jones_2020,48,21,3.5170278637770895,-0.48297213622291024
ADRB2_HUMAN_Jones_2020,48,22,-0.47058823529411764,-0.47058823529411764
ADRB2_HUMAN_Jones_2020,48,23,-0.48297213622291024,-0.48297213622291024
ADRB2_HUMAN_Jones_2020,48,24,0.5232198142414861,-0.47678018575851394
ADRB2_HUMAN_Jones_2020,48,25,0.5170278637770898,-0.48297213622291024
ADRB2_HUMAN_Jones_2020,48,26,-0.47058823529411764,-0.47058823529411764
ADRB2_HUMAN_Jones_2020,48,27,1.5170278637770898,-0.48297213622291024
ADRB2_HUMAN_Jones_2020,48,28,1.5294117647058822,-0.47058823529411764
ADRB2_HUMAN_Jones_2020,48,29,-0.48297213622291024,-0.48297213622291024
ADRB2_HUMAN_Jones_2020,48,30,0.5170278637770898,-0.48297213622291024
ADRB2_HUMAN_Jones_2020,48,31,0.5170278637770898,-0.48297213622291024
ADRB2_HUMAN_Jones_2020,48,32,-0.47678018575851394,-0.47678018575851394
ADRB2_HUMAN_Jones_2020,48,33,-0.47058823529411764,-0.47058823529411764
ADRB2_HUMAN_Jones_2020,48,34,0.5232198142414861,-0.47678018575851394
ADRB2_HUMAN_Jones_2020,48,35,0.5170278637770898,-0.48297213622291024
ADRB2_HUMAN_Jones_2020,48,36,0.5232198142414861,-0.47678018575851394
ADRB2_HUMAN_Jones_2020,48,37,-0.47678018575851394,-0.47678018575851394
ADRB2_HUMAN_Jones_2020,48,38,1.5170278637770898,-0.48297213622291024
ADRB2_HUMAN_Jones_2020,48,39,1.5232198142414861,-0.47678018575851394
ADRB2_HUMAN_Jones_2020,96,0,0.5202492211838006,-0.4797507788161994
ADRB2_HUMAN_Jones_2020,96,1,-0.48598130841121495,-0.48598130841121495
ADRB2_HUMAN_Jones_2020,96,2,1.514018691588785,-0.48598130841121495
ADRB2_HUMAN_Jones_2020,96,3,-0.4797507788161994,-0.4797507788161994
ADRB2_HUMAN_Jones_2020,96,4,1.5202492211838006,-0.4797507788161994
ADRB2_HUMAN_Jones_2020,96,5,1.514018691588785,-0.48598130841121495
ADRB2_HUMAN_Jones_2020,96,6,0.5202492211838006,-0.4797507788161994
ADRB2_HUMAN_Jones_2020,96,7,-0.48598130841121495,-0.48598130841121495
ADRB2_HUMAN_Jones_2020,96,8,-0.48598130841121495,-0.48598130841121495
ADRB2_HUMAN_Jones_2020,96,9,0.5264797507788161,-0.4735202492211838
ADRB2_HUMAN_Jones_2020,96,10,0.5264797507788161,-0.4735202492211838
ADRB2_HUMAN_Jones_2020,96,11,0.5264797507788161,-0.4735202492211838
ADRB2_HUMAN_Jones_2020,96,12,0.5202492211838006,-0.4797507788161994
ADRB2_HUMAN_Jones_2020,96,13,0.5202492211838006,-0.4797507788161994
ADRB2_HUMAN_Jones_2020,96,14,0.5264797507788161,-0.4735202492211838
ADRB2_HUMAN_Jones_2020,96,15,0.5202492211838006,-0.4797507788161994
ADRB2_HUMAN_Jones_2020,96,16,-0.48598130841121495,-0.48598130841121495
ADRB2_HUMAN_Jones_2020,96,17,-0.48598130841121495,-0.48598130841121495
ADRB2_HUMAN_Jones_2020,96,18,-0.4797507788161994,-0.4797507788161994
ADRB2_HUMAN_Jones_2020,96,19,-0.4797507788161994,-0.4797507788161994
ADRB2_HUMAN_Jones_2020,96,20,2.520249221183801,-0.4797507788161994
ADRB2_HUMAN_Jones_2020,96,21,0.5202492211838006,-0.4797507788161994
ADRB2_HUMAN_Jones_2020,96,22,-0.48598130841121495,-0.48598130841121495
ADRB2_HUMAN_Jones_2020,96,23,1.514018691588785,-0.48598130841121495
ADRB2_HUMAN_Jones_2020,96,24,-0.48598130841121495,-0.48598130841121495
ADRB2_HUMAN_Jones_2020,96,25,0.5264797507788161,-0.4735202492211838
ADRB2_HUMAN_Jones_2020,96,26,-0.4797507788161994,-0.4797507788161994
ADRB2_HUMAN_Jones_2020,96,27,0.5202492211838006,-0.4797507788161994
ADRB2_HUMAN_Jones_2020,96,28,-0.4797507788161994,-0.4797507788161994
ADRB2_HUMAN_Jones_2020,96,29,0.5202492211838006,-0.4797507788161994
ADRB2_HUMAN_Jones_2020,96,30,0.514018691588785,-0.48598130841121495
ADRB2_HUMAN_Jones_2020,96,31,1.514018691588785,-0.48598130841121495
ADRB2_HUMAN_Jones_2020,96,32,1.5264797507788161,-0.4735202492211838
ADRB2_HUMAN_Jones_2020,96,33,1.5202492211838006,-0.4797507788161994
ADRB2_HUMAN_Jones_2020,96,34,1.5202492211838006,-0.4797507788161994
ADRB2_HUMAN_Jones_2020,96,35,0.5202492211838006,-0.4797507788161994
ADRB2_HUMAN_Jones_2020,96,36,1.514018691588785,-0.48598130841121495
ADRB2_HUMAN_Jones_2020,96,37,0.514018691588785,-0.48598130841121495
ADRB2_HUMAN_Jones_2020,96,38,0.5202492211838006,-0.4797507788161994
ADRB2_HUMAN_Jones_2020,96,39,1.5202492211838006,-0.4797507788161994
ADRB2_HUMAN_Jones_2020,192,0,0.5141955835962145,-0.48580441640378547
ADRB2_HUMAN_Jones_2020,192,1,-0.47318611987381703,-0.47318611987381703
ADRB2_HUMAN_Jones_2020,192,2,-0.47318611987381703,-0.47318611987381703
ADRB2_HUMAN_Jones_2020,192,3,-0.4921135646687697,-0.4921135646687697
ADRB2_HUMAN_Jones_2020,192,4,0.5205047318611987,-0.4794952681388013
ADRB2_HUMAN_Jones_2020,192,5,0.526813880126183,-0.47318611987381703
ADRB2_HUMAN_Jones_2020,192,6,1.5331230283911672,-0.4668769716088328
ADRB2_HUMAN_Jones_2020,192,7,-0.4668769716088328,-0.4668769716088328
ADRB2_HUMAN_Jones_2020,192,8,1.5141955835962144,-0.48580441640378547
ADRB2_HUMAN_Jones_2020,192,9,-0.48580441640378547,-0.48580441640378547
ADRB2_HUMAN_Jones_2020,192,10,1.526813880126183,-0.47318611987381703
ADRB2_HUMAN_Jones_2020,192,11,1.5205047318611986,-0.4794952681388013
ADRB2_HUMAN_Jones_2020,192,12,-0.48580441640378547,-0.48580441640378547
ADRB2_HUMAN_Jones_2020,192,13,0.5205047318611987,-0.4794952681388013
ADRB2_HUMAN_Jones_2020,192,14,0.5205047318611987,-0.4794952681388013
ADRB2_HUMAN_Jones_2020,192,15,3.5205047318611986,-0.4794952681388013
ADRB2_HUMAN_Jones_2020,192,16,1.5205047318611986,-0.4794952681388013
ADRB2_HUMAN_Jones_2020,192,17,1.526813880126183,-0.47318611987381703
ADRB2_HUMAN_Jones_2020,192,18,0.5078864353312302,-0.4921135646687697
ADRB2_HUMAN_Jones_2020,192,19,0.5394321766561514,-0.4605678233438486
ADRB2_HUMAN_Jones_2020,192,20,1.5205047318611986,-0.4794952681388013
ADRB2_HUMAN_Jones_2020,192,21,0.5078864353312302,-0.4921135646687697
ADRB2_HUMAN_Jones_2020,192,22,4.520504731861199,-0.4794952681388013
ADRB2_HUMAN_Jones_2020,192,23,1.5331230283911672,-0.4668769716088328
ADRB2_HUMAN_Jones_2020,192,24,-0.47318611987381703,-0.47318611987381703
ADRB2_HUMAN_Jones_2020,192,25,1.5141955835962144,-0.48580441640378547
ADRB2_HUMAN_Jones_2020,192,26,0.5394321766561514,-0.4605678233438486
ADRB2_HUMAN_Jones_2020,192,27,4.526813880126183,-0.47318611987381703
ADRB2_HUMAN_Jones_2020,192,28,1.5331230283911672,-0.4668769716088328
ADRB2_HUMAN_Jones_2020,192,29,2.526813880126183,-0.47318611987381703
ADRB2_HUMAN_Jones_2020,192,30,0.5141955835962145,-0.48580441640378547
ADRB2_HUMAN_Jones_2020,192,31,-0.4921135646687697,-0.4921135646687697
ADRB2_HUMAN_Jones_2020,192,32,1.5141955835962144,-0.48580441640378547
ADRB2_HUMAN_Jones_2020,192,33,-0.48580441640378547,-0.48580441640378547
ADRB2_HUMAN_Jones_2020,192,34,1.5078864353312302,-0.4921135646687697
ADRB2_HUMAN_Jones_2020,192,35,0.5078864353312302,-0.4921135646687697
ADRB2_HUMAN_Jones_2020,192,36,0.526813880126183,-0.47318611987381703
ADRB2_HUMAN_Jones_2020,192,37,0.526813880126183,-0.47318611987381703
ADRB2_HUMAN_Jones_2020,192,38,1.5141955835962144,-0.48580441640378547
ADRB2_HUMAN_Jones_2020,192,39,-0.4794952681388013,-0.4794952681388013
ADRB2_HUMAN_Jones_2020,384,0,1.5210355987055015,-0.47896440129449835
ADRB2_HUMAN_Jones_2020,384,1,3.5145631067961167,-0.4854368932038835
ADRB2_HUMAN_Jones_2020,384,2,0.5210355987055016,-0.47896440129449835
ADRB2_HUMAN_Jones_2020,384,3,0.5080906148867315,-0.4919093851132686
ADRB2_HUMAN_Jones_2020,384,4,0.5210355987055016,-0.47896440129449835
ADRB2_HUMAN_Jones_2020,384,5,1.5339805825242718,-0.46601941747572817
ADRB2_HUMAN_Jones_2020,384,6,1.5339805825242718,-0.46601941747572817
ADRB2_HUMAN_Jones_2020,384,7,1.5275080906148868,-0.47249190938511326
ADRB2_HUMAN_Jones_2020,384,8,0.5016181229773462,-0.49838187702265374
ADRB2_HUMAN_Jones_2020,384,9,1.5016181229773462,-0.49838187702265374
ADRB2_HUMAN_Jones_2020,384,10,0.5275080906148868,-0.47249190938511326
ADRB2_HUMAN_Jones_2020,384,11,1.5080906148867315,-0.4919093851132686
ADRB2_HUMAN_Jones_2020,384,12,0.5275080906148868,-0.47249190938511326
ADRB2_HUMAN_Jones_2020,384,13,1.5404530744336569,-0.459546925566343
ADRB2_HUMAN_Jones_2020,384,14,1.5080906148867315,-0.4919093851132686
ADRB2_HUMAN_Jones_2020,384,15,1.5469255663430421,-0.45307443365695793
ADRB2_HUMAN_Jones_2020,384,16,-0.4854368932038835,-0.4854368932038835
ADRB2_HUMAN_Jones_2020,384,17,1.5210355987055015,-0.47896440129449835
ADRB2_HUMAN_Jones_2020,384,18,1.5339805825242718,-0.46601941747572817
ADRB2_HUMAN_Jones_2020,384,19,0.5210355987055016,-0.47896440129449835
ADRB2_HUMAN_Jones_2020,384,20,0.5080906148867315,-0.4919093851132686
ADRB2_HUMAN_Jones_2020,384,21,3.533980582524272,-0.46601941747572817
ADRB2_HUMAN_Jones_2020,384,22,-0.47896440129449835,-0.47896440129449835
ADRB2_HUMAN_Jones_2020,384,23,1.5275080906148868,-0.47249190938511326
ADRB2_HUMAN_Jones_2020,384,24,4.508090614886731,-0.4919093851132686
ADRB2_HUMAN_Jones_2020,384,25,-0.47249190938511326,-0.47249190938511326
ADRB2_HUMAN_Jones_2020,384,26,0.5145631067961165,-0.4854368932038835
ADRB2_HUMAN_Jones_2020,384,27,2.5210355987055015,-0.47896440129449835
ADRB2_HUMAN_Jones_2020,384,28,0.5339805825242718,-0.46601941747572817
ADRB2_HUMAN_Jones_2020,384,29,2.5210355987055015,-0.47896440129449835
ADRB2_HUMAN_Jones_2020,384,30,-0.44660194174757284,-0.44660194174757284
ADRB2_HUMAN_Jones_2020,384,31,-0.47896440129449835,-0.47896440129449835
ADRB2_HUMAN_Jones_2020,384,32,0.5210355987055016,-0.47896440129449835
ADRB2_HUMAN_Jones_2020,384,33,-0.47896440129449835,-0.47896440129449835
ADRB2_HUMAN_Jones_2020,384,34,2.5145631067961167,-0.4854368932038835
ADRB2_HUMAN_Jones_2020,384,35,0.5339805825242718,-0.46601941747572817
ADRB2_HUMAN_Jones_2020,384,36,0.5145631067961165,-0.4854368932038835
ADRB2_HUMAN_Jones_2020,384,37,1.5469255663430421,-0.45307443365695793
ADRB2_HUMAN_Jones_2020,384,38,1.5145631067961165,-0.4854368932038835
ADRB2_HUMAN_Jones_2020,384,39,-0.46601941747572817,-0.46601941747572817
AMIE_PSEAE_Wrenbeck_2017,24,0,7.527970336933742,0.5279703369337417
AMIE_PSEAE_Wrenbeck_2017,24,1,0.5279703369337417,0.5279703369337417
AMIE_PSEAE_Wrenbeck_2017,24,2,-0.47976785426406576,0.5202321457359342
AMIE_PSEAE_Wrenbeck_2017,24,3,1.5202321457359342,0.5202321457359342
AMIE_PSEAE_Wrenbeck_2017,24,4,-0.47976785426406576,0.5202321457359342
AMIE_PSEAE_Wrenbeck_2017,24,5,-0.47976785426406576,0.5202321457359342
AMIE_PSEAE_Wrenbeck_2017,24,6,-0.47976785426406576,0.5202321457359342
AMIE_PSEAE_Wrenbeck_2017,24,7,-0.47976785426406576,0.5202321457359342
AMIE_PSEAE_Wrenbeck_2017,24,8,1.5202321457359342,0.5202321457359342
AMIE_PSEAE_Wrenbeck_2017,24,9,-0.47976785426406576,0.5202321457359342
AMIE_PSEAE_Wrenbeck_2017,24,10,6.527970336933742,0.5279703369337417
AMIE_PSEAE_Wrenbeck_2017,24,11,0.5202321457359342,0.5202321457359342
AMIE_PSEAE_Wrenbeck_2017,24,12,-0.47976785426406576,0.5202321457359342
AMIE_PSEAE_Wrenbeck_2017,24,13,-0.47976785426406576,0.5202321457359342
AMIE_PSEAE_Wrenbeck_2017,24,14,-0.47976785426406576,0.5202321457359342
AMIE_PSEAE_Wrenbeck_2017,24,15,0.5202321457359342,0.5202321457359342
AMIE_PSEAE_Wrenbeck_2017,24,16,1.5202321457359342,0.5202321457359342
AMIE_PSEAE_Wrenbeck_2017,24,17,1.5202321457359342,0.5202321457359342
AMIE_PSEAE_Wrenbeck_2017,24,18,0.5279703369337417,0.5279703369337417
AMIE_PSEAE_Wrenbeck_2017,24,19,-0.47976785426406576,0.5202321457359342
AMIE_PSEAE_Wrenbeck_2017,24,20,-0.47976785426406576,0.5202321457359342
AMIE_PSEAE_Wrenbeck_2017,24,21,-0.47976785426406576,0.5202321457359342
AMIE_PSEAE_Wrenbeck_2017,24,22,6.527970336933742,0.5279703369337417
AMIE_PSEAE_Wrenbeck_2017,24,23,-0.47976785426406576,0.5202321457359342
AMIE_PSEAE_Wrenbeck_2017,24,24,-0.47202966306625826,0.5279703369337417
AMIE_PSEAE_Wrenbeck_2017,24,25,-0.47976785426406576,0.5202321457359342
AMIE_PSEAE_Wrenbeck_2017,24,26,-0.47976785426406576,0.5202321457359342
AMIE_PSEAE_Wrenbeck_2017,24,27,-0.47976785426406576,0.5202321457359342
AMIE_PSEAE_Wrenbeck_2017,24,28,3.5279703369337416,0.5279703369337417
AMIE_PSEAE_Wrenbeck_2017,24,29,4.535708528131549,0.5357085281315492
AMIE_PSEAE_Wrenbeck_2017,24,30,-0.47202966306625826,0.5279703369337417
AMIE_PSEAE_Wrenbeck_2017,24,31,-0.47976785426406576,0.5202321457359342
AMIE_PSEAE_Wrenbeck_2017,24,32,2.5202321457359345,0.5202321457359342
AMIE_PSEAE_Wrenbeck_2017,24,33,0.5202321457359342,0.5202321457359342
AMIE_PSEAE_Wrenbeck_2017,24,34,-0.47202966306625826,0.5279703369337417
AMIE_PSEAE_Wrenbeck_2017,24,35,-0.47202966306625826,0.5279703369337417
AMIE_PSEAE_Wrenbeck_2017,24,36,0.5202321457359342,0.5202321457359342
AMIE_PSEAE_Wrenbeck_2017,24,37,-0.47976785426406576,0.5202321457359342
AMIE_PSEAE_Wrenbeck_2017,24,38,-0.47976785426406576,0.5202321457359342
AMIE_PSEAE_Wrenbeck_2017,24,39,-0.47976785426406576,0.5202321457359342
AMIE_PSEAE_Wrenbeck_2017,48,0,15.541673409936884,0.541673409936883
AMIE_PSEAE_Wrenbeck_2017,48,1,0.5261369153584723,0.5261369153584723
AMIE_PSEAE_Wrenbeck_2017,48,2,-0.47386308464152777,0.5261369153584723
AMIE_PSEAE_Wrenbeck_2017,48,3,0.5261369153584723,0.5261369153584723
AMIE_PSEAE_Wrenbeck_2017,48,4,-0.48163133193073315,0.5183686680692668
AMIE_PSEAE_Wrenbeck_2017,48,5,1.5183686680692667,0.5183686680692668
AMIE_PSEAE_Wrenbeck_2017,48,6,-0.48163133193073315,0.5183686680692668
AMIE_PSEAE_Wrenbeck_2017,48,7,-0.47386308464152777,0.5261369153584723
AMIE_PSEAE_Wrenbeck_2017,48,8,-0.48163133193073315,0.5183686680692668
AMIE_PSEAE_Wrenbeck_2017,48,9,-0.48163133193073315,0.5183686680692668
AMIE_PSEAE_Wrenbeck_2017,48,10,3.5261369153584723,0.5261369153584723
AMIE_PSEAE_Wrenbeck_2017,48,11,1.5183686680692667,0.5183686680692668
AMIE_PSEAE_Wrenbeck_2017,48,12,-0.48163133193073315,0.5183686680692668
AMIE_PSEAE_Wrenbeck_2017,48,13,-0.48163133193073315,0.5183686680692668
AMIE_PSEAE_Wrenbeck_2017,48,14,1.5339051626476776,0.5339051626476776
AMIE_PSEAE_Wrenbeck_2017,48,15,-0.48163133193073315,0.5183686680692668
AMIE_PSEAE_Wrenbeck_2017,48,16,1.5183686680692667,0.5183686680692668
AMIE_PSEAE_Wrenbeck_2017,48,17,4.526136915358472,0.5261369153584723
AMIE_PSEAE_Wrenbeck_2017,48,18,-0.48163133193073315,0.5183686680692668
AMIE_PSEAE_Wrenbeck_2017,48,19,0.5183686680692668,0.5183686680692668
AMIE_PSEAE_Wrenbeck_2017,48,20,0.5183686680692668,0.5183686680692668
AMIE_PSEAE_Wrenbeck_2017,48,21,-0.48163133193073315,0.5183686680692668
AMIE_PSEAE_Wrenbeck_2017,48,22,7.526136915358472,0.5261369153584723
AMIE_PSEAE_Wrenbeck_2017,48,23,8.526136915358473,0.5261369153584723
AMIE_PSEAE_Wrenbeck_2017,48,24,-0.48163133193073315,0.5183686680692668
AMIE_PSEAE_Wrenbeck_2017,48,25,-0.48163133193073315,0.5183686680692668
AMIE_PSEAE_Wrenbeck_2017,48,26,-0.48163133193073315,0.5183686680692668
AMIE_PSEAE_Wrenbeck_2017,48,27,-0.48163133193073315,0.5183686680692668
AMIE_PSEAE_Wrenbeck_2017,48,28,8.533905162647677,-0.4660948373523224
AMIE_PSEAE_Wrenbeck_2017,48,29,-0.4660948373523224,0.5339051626476776
AMIE_PSEAE_Wrenbeck_2017,48,30,-0.48163133193073315,0.5183686680692668
AMIE_PSEAE_Wrenbeck_2017,48,31,-0.48163133193073315,0.5183686680692668
AMIE_PSEAE_Wrenbeck_2017,48,32,1.5183686680692667,0.5183686680692668
AMIE_PSEAE_Wrenbeck_2017,48,33,3.5261369153584723,0.5261369153584723
AMIE_PSEAE_Wrenbeck_2017,48,34,-0.48163133193073315,0.5183686680692668
AMIE_PSEAE_Wrenbeck_2017,48,35,-0.48163133193073315,0.5183686680692668
AMIE_PSEAE_Wrenbeck_2017,48,36,1.5261369153584723,0.5261369153584723
AMIE_PSEAE_Wrenbeck_2017,48,37,8.526136915358473,0.5261369153584723
AMIE_PSEAE_Wrenbeck_2017,48,38,-0.48163133193073315,0.5183686680692668
AMIE_PSEAE_Wrenbeck_2017,48,39,-0.47386308464152777,0.5261369153584723
AMIE_PSEAE_Wrenbeck_2017,96,0,9.538085141086283,0.5380851410862828
AMIE_PSEAE_Wrenbeck_2017,96,1,-0.47757298972435164,0.5224270102756483
AMIE_PSEAE_Wrenbeck_2017,96,2,-0.47757298972435164,0.5224270102756483
AMIE_PSEAE_Wrenbeck_2017,96,3,0.5145979448703311,0.5145979448703311
AMIE_PSEAE_Wrenbeck_2017,96,4,-0.47757298972435164,0.5224270102756483
AMIE_PSEAE_Wrenbeck_2017,96,5,-0.4854020551296689,0.5145979448703311
AMIE_PSEAE_Wrenbeck_2017,96,6,-0.4854020551296689,0.5145979448703311
AMIE_PSEAE_Wrenbeck_2017,96,7,-0.4854020551296689,0.5145979448703311
AMIE_PSEAE_Wrenbeck_2017,96,8,0.5302560756809656,0.5302560756809656
AMIE_PSEAE_Wrenbeck_2017,96,9,1.5224270102756483,0.5224270102756483
AMIE_PSEAE_Wrenbeck_2017,96,10,12.538085141086283,0.5380851410862828
AMIE_PSEAE_Wrenbeck_2017,96,11,6.530256075680966,0.5302560756809656
AMIE_PSEAE_Wrenbeck_2017,96,12,4.522427010275648,0.5224270102756483
AMIE_PSEAE_Wrenbeck_2017,96,13,-0.4854020551296689,0.5145979448703311
AMIE_PSEAE_Wrenbeck_2017,96,14,-0.4854020551296689,0.5145979448703311
AMIE_PSEAE_Wrenbeck_2017,96,15,7.522427010275648,0.5224270102756483
AMIE_PSEAE_Wrenbeck_2017,96,16,0.5224270102756483,0.5224270102756483
AMIE_PSEAE_Wrenbeck_2017,96,17,5.522427010275648,0.5224270102756483
AMIE_PSEAE_Wrenbeck_2017,96,18,14.530256075680965,0.5302560756809656
AMIE_PSEAE_Wrenbeck_2017,96,19,1.514597944870331,0.5145979448703311
AMIE_PSEAE_Wrenbeck_2017,96,20,-0.4854020551296689,0.5145979448703311
AMIE_PSEAE_Wrenbeck_2017,96,21,1.5224270102756483,0.5224270102756483
AMIE_PSEAE_Wrenbeck_2017,96,22,-0.4697439243190344,0.5302560756809656
AMIE_PSEAE_Wrenbeck_2017,96,23,1.5224270102756483,-0.47757298972435164
AMIE_PSEAE_Wrenbeck_2017,96,24,1.514597944870331,0.5145979448703311
AMIE_PSEAE_Wrenbeck_2017,96,25,-0.4697439243190344,0.5302560756809656
AMIE_PSEAE_Wrenbeck_2017,96,26,0.5145979448703311,0.5145979448703311
AMIE_PSEAE_Wrenbeck_2017,96,27,-0.47757298972435164,0.5224270102756483
AMIE_PSEAE_Wrenbeck_2017,96,28,0.5145979448703311,0.5145979448703311
AMIE_PSEAE_Wrenbeck_2017,96,29,-0.47757298972435164,0.5224270102756483
AMIE_PSEAE_Wrenbeck_2017,96,30,-0.4854020551296689,0.5145979448703311
AMIE_PSEAE_Wrenbeck_2017,96,31,-0.47757298972435164,0.5224270102756483
AMIE_PSEAE_Wrenbeck_2017,96,32,2.5224270102756483,0.5224270102756483
AMIE_PSEAE_Wrenbeck_2017,96,33,1.5224270102756483,0.5224270102756483
AMIE_PSEAE_Wrenbeck_2017,96,34,7.5459142064916005,0.5459142064916
AMIE_PSEAE_Wrenbeck_2017,96,35,3.5224270102756483,0.5224270102756483
AMIE_PSEAE_Wrenbeck_2017,96,36,-0.4854020551296689,0.5145979448703311
AMIE_PSEAE_Wrenbeck_2017,96,37,9.52242701027565,0.5224270102756483
AMIE_PSEAE_Wrenbeck_2017,96,38,1.514597944870331,0.5145979448703311
AMIE_PSEAE_Wrenbeck_2017,96,39,0.5145979448703311,0.5145979448703311
AMIE_PSEAE_Wrenbeck_2017,192,0,2.5227837613918807,0.5227837613918807
AMIE_PSEAE_Wrenbeck_2017,192,1,5.522783761391881,0.5227837613918807
AMIE_PSEAE_Wrenbeck_2017,192,2,1.5068765534382766,0.5068765534382766
AMIE_PSEAE_Wrenbeck_2017,192,3,3.5148301574150786,0.5148301574150786
AMIE_PSEAE_Wrenbeck_2017,192,4,-0.4931234465617233,0.5068765534382766
AMIE_PSEAE_Wrenbeck_2017,192,5,5.522783761391881,0.5227837613918807
AMIE_PSEAE_Wrenbeck_2017,192,6,12.530737365368683,-0.4692626346313173
AMIE_PSEAE_Wrenbeck_2017,192,7,0.5148301574150786,0.5148301574150786
AMIE_PSEAE_Wrenbeck_2017,192,8,6.514830157415079,0.5148301574150786
AMIE_PSEAE_Wrenbeck_2017,192,9,0.5227837613918807,0.5227837613918807
AMIE_PSEAE_Wrenbeck_2017,192,10,1.5227837613918807,0.5227837613918807
AMIE_PSEAE_Wrenbeck_2017,192,11,3.5227837613918807,0.5227837613918807
AMIE_PSEAE_Wrenbeck_2017,192,12,0.5068765534382766,0.5068765534382766
AMIE_PSEAE_Wrenbeck_2017,192,13,-0.4851698425849213,0.5148301574150786
AMIE_PSEAE_Wrenbeck_2017,192,14,8.514830157415078,0.5148301574150786
AMIE_PSEAE_Wrenbeck_2017,192,15,9.514830157415078,0.5148301574150786
AMIE_PSEAE_Wrenbeck_2017,192,16,1.5227837613918807,0.5227837613918807
AMIE_PSEAE_Wrenbeck_2017,192,17,11.530737365368683,0.5307373653686827
AMIE_PSEAE_Wrenbeck_2017,192,18,12.522783761391882,-0.4772162386081193
AMIE_PSEAE_Wrenbeck_2017,192,19,3.5227837613918807,0.5227837613918807
AMIE_PSEAE_Wrenbeck_2017,192,20,-0.4851698425849213,0.5148301574150786
AMIE_PSEAE_Wrenbeck_2017,192,21,8.514830157415078,0.5148301574150786
AMIE_PSEAE_Wrenbeck_2017,192,22,9.562551781275891,0.5625517812758907
AMIE_PSEAE_Wrenbeck_2017,192,23,1.5307373653686827,0.5307373653686827
AMIE_PSEAE_Wrenbeck_2017,192,24,0.5148301574150786,0.5148301574150786
AMIE_PSEAE_Wrenbeck_2017,192,25,7.538690969345485,0.5386909693454847
AMIE_PSEAE_Wrenbeck_2017,192,26,-0.4931234465617233,0.5068765534382766
AMIE_PSEAE_Wrenbeck_2017,192,27,1.5148301574150786,0.5148301574150786
AMIE_PSEAE_Wrenbeck_2017,192,28,-0.4931234465617233,0.5068765534382766
AMIE_PSEAE_Wrenbeck_2017,192,29,3.5307373653686827,0.5307373653686827
AMIE_PSEAE_Wrenbeck_2017,192,30,-0.4851698425849213,0.5148301574150786
AMIE_PSEAE_Wrenbeck_2017,192,31,3.5227837613918807,0.5227837613918807
AMIE_PSEAE_Wrenbeck_2017,192,32,1.5227837613918807,0.5227837613918807
AMIE_PSEAE_Wrenbeck_2017,192,33,13.538690969345485,-0.46130903065451534
AMIE_PSEAE_Wrenbeck_2017,192,34,10.538690969345485,0.5386909693454847
AMIE_PSEAE_Wrenbeck_2017,192,35,7.514830157415079,0.5148301574150786
AMIE_PSEAE_Wrenbeck_2017,192,36,0.5307373653686827,0.5307373653686827
AMIE_PSEAE_Wrenbeck_2017,192,37,4.546644573322286,-0.45335542667771334
AMIE_PSEAE_Wrenbeck_2017,192,38,3.5148301574150786,0.5148301574150786
AMIE_PSEAE_Wrenbeck_2017,192,39,-0.4931234465617233,0.5068765534382766
AMIE_PSEAE_Wrenbeck_2017,384,0,2.564607222317303,0.5646072223173028
AMIE_PSEAE_Wrenbeck_2017,384,1,9.531747390039364,-0.46825260996063667
AMIE_PSEAE_Wrenbeck_2017,384,2,5.515317473900394,0.5153174739003936
AMIE_PSEAE_Wrenbeck_2017,384,3,3.5153174739003936,0.5153174739003936
AMIE_PSEAE_Wrenbeck_2017,384,4,5.515317473900394,0.5153174739003936
AMIE_PSEAE_Wrenbeck_2017,384,5,6.515317473900394,0.5153174739003936
AMIE_PSEAE_Wrenbeck_2017,384,6,-0.49289748416909124,0.5071025158309088
AMIE_PSEAE_Wrenbeck_2017,384,7,4.531747390039364,0.5317473900393633
AMIE_PSEAE_Wrenbeck_2017,384,8,4.531747390039364,0.5317473900393633
AMIE_PSEAE_Wrenbeck_2017,384,9,5.531747390039364,0.5317473900393633
AMIE_PSEAE_Wrenbeck_2017,384,10,1.5153174739003936,0.5153174739003936
AMIE_PSEAE_Wrenbeck_2017,384,11,2.507102515830909,0.5071025158309088
AMIE_PSEAE_Wrenbeck_2017,384,12,5.507102515830908,-0.49289748416909124
AMIE_PSEAE_Wrenbeck_2017,384,13,-0.5011124422385761,0.4988875577614239
AMIE_PSEAE_Wrenbeck_2017,384,14,2.507102515830909,0.5071025158309088
AMIE_PSEAE_Wrenbeck_2017,384,15,8.548177306178333,0.548177306178333
AMIE_PSEAE_Wrenbeck_2017,384,16,-0.4846825260996064,0.5153174739003936
AMIE_PSEAE_Wrenbeck_2017,384,17,4.523532431969879,0.5235324319698784
AMIE_PSEAE_Wrenbeck_2017,384,18,7.523532431969879,0.5235324319698784
AMIE_PSEAE_Wrenbeck_2017,384,19,1.5235324319698784,0.5235324319698784
AMIE_PSEAE_Wrenbeck_2017,384,20,13.531747390039364,0.5317473900393633
AMIE_PSEAE_Wrenbeck_2017,384,21,0.5153174739003936,0.5153174739003936
AMIE_PSEAE_Wrenbeck_2017,384,22,7.564607222317303,0.5646072223173028
AMIE_PSEAE_Wrenbeck_2017,384,23,4.548177306178333,0.548177306178333
AMIE_PSEAE_Wrenbeck_2017,384,24,0.4988875577614239,0.4988875577614239
AMIE_PSEAE_Wrenbeck_2017,384,25,13.564607222317303,-0.43539277768269724
AMIE_PSEAE_Wrenbeck_2017,384,26,4.507102515830908,0.5071025158309088
AMIE_PSEAE_Wrenbeck_2017,384,27,11.539962348108848,0.5399623481088482
AMIE_PSEAE_Wrenbeck_2017,384,28,-0.5011124422385761,0.4988875577614239
AMIE_PSEAE_Wrenbeck_2017,384,29,0.5071025158309088,0.5071025158309088
AMIE_PSEAE_Wrenbeck_2017,384,30,-0.4764675680301215,0.5235324319698784
AMIE_PSEAE_Wrenbeck_2017,384,31,-0.4846825260996064,0.5153174739003936
AMIE_PSEAE_Wrenbeck_2017,384,32,6.523532431969879,0.5235324319698784
AMIE_PSEAE_Wrenbeck_2017,384,33,8.515317473900394,0.5153174739003936
AMIE_PSEAE_Wrenbeck_2017,384,34,4.556392264247818,0.5563922642478178
AMIE_PSEAE_Wrenbeck_2017,384,35,6.515317473900394,0.5153174739003936
AMIE_PSEAE_Wrenbeck_2017,384,36,9.515317473900394,0.5153174739003936
AMIE_PSEAE_Wrenbeck_2017,384,37,11.531747390039364,0.5317473900393633
AMIE_PSEAE_Wrenbeck_2017,384,38,11.539962348108848,0.5399623481088482
AMIE_PSEAE_Wrenbeck_2017,384,39,1.5399623481088482,0.5399623481088482
B3VI55_LIPST_Klesmith_2015,24,0,-0.4759725400457666,0.5240274599542334
B3VI55_LIPST_Klesmith_2015,24,1,-0.4820747520976354,0.5179252479023646
B3VI55_LIPST_Klesmith_2015,24,2,-0.4820747520976354,0.5179252479023646
B3VI55_LIPST_Klesmith_2015,24,3,2.524027459954233,0.5240274599542334
B3VI55_LIPST_Klesmith_2015,24,4,2.5179252479023644,0.5179252479023646
B3VI55_LIPST_Klesmith_2015,24,5,1.5179252479023646,0.5179252479023646
B3VI55_LIPST_Klesmith_2015,24,6,0.5179252479023646,0.5179252479023646
B3VI55_LIPST_Klesmith_2015,24,7,0.5179252479023646,0.5179252479023646
B3VI55_LIPST_Klesmith_2015,24,8,-0.4820747520976354,0.5179252479023646
B3VI55_LIPST_Klesmith_2015,24,9,0.5179252479023646,0.5179252479023646
B3VI55_LIPST_Klesmith_2015,24,10,0.5240274599542334,0.5240274599542334
B3VI55_LIPST_Klesmith_2015,24,11,0.5179252479023646,0.5179252479023646
B3VI55_LIPST_Klesmith_2015,24,12,2.5179252479023644,0.5179252479023646
B3VI55_LIPST_Klesmith_2015,24,13,0.5179252479023646,0.5179252479023646
B3VI55_LIPST_Klesmith_2015,24,14,-0.4820747520976354,0.5179252479023646
B3VI55_LIPST_Klesmith_2015,24,15,1.5179252479023646,0.5179252479023646
B3VI55_LIPST_Klesmith_2015,24,16,1.5179252479023646,0.5179252479023646
B3VI55_LIPST_Klesmith_2015,24,17,0.5240274599542334,0.5240274599542334
B3VI55_LIPST_Klesmith_2015,24,18,-0.4820747520976354,0.5179252479023646
B3VI55_LIPST_Klesmith_2015,24,19,0.5179252479023646,0.5179252479023646
B3VI55_LIPST_Klesmith_2015,24,20,0.5179252479023646,0.5179252479023646
B3VI55_LIPST_Klesmith_2015,24,21,-0.4820747520976354,0.5179252479023646
B3VI55_LIPST_Klesmith_2015,24,22,1.5240274599542334,0.5240274599542334
B3VI55_LIPST_Klesmith_2015,24,23,0.5240274599542334,0.5240274599542334
B3VI55_LIPST_Klesmith_2015,24,24,1.5179252479023646,0.5179252479023646
B3VI55_LIPST_Klesmith_2015,24,25,1.5179252479023646,0.5179252479023646
B3VI55_LIPST_Klesmith_2015,24,26,1.5240274599542334,0.5240274599542334
B3VI55_LIPST_Klesmith_2015,24,27,1.5179252479023646,0.5179252479023646
B3VI55_LIPST_Klesmith_2015,24,28,0.5179252479023646,0.5179252479023646
B3VI55_LIPST_Klesmith_2015,24,29,1.5179252479023646,0.5179252479023646
B3VI55_LIPST_Klesmith_2015,24,30,4.517925247902364,0.5179252479023646
B3VI55_LIPST_Klesmith_2015,24,31,1.5179252479023646,0.5179252479023646
B3VI55_LIPST_Klesmith_2015,24,32,0.5179252479023646,0.5179252479023646
B3VI55_LIPST_Klesmith_2015,24,33,0.5179252479023646,0.5179252479023646
B3VI55_LIPST_Klesmith_2015,24,34,1.5179252479023646,0.5179252479023646
B3VI55_LIPST_Klesmith_2015,24,35,1.5179252479023646,0.5179252479023646
B3VI55_LIPST_Klesmith_2015,24,36,0.5179252479023646,0.5179252479023646
B3VI55_LIPST_Klesmith_2015,24,37,0.5179252479023646,0.5179252479023646
B3VI55_LIPST_Klesmith_2015,24,38,2.524027459954233,0.5240274599542334
B3VI55_LIPST_Klesmith_2015,24,39,0.5179252479023646,0.5179252479023646
B3VI55_LIPST_Klesmith_2015,48,0,1.5225707727620506,0.5225707727620506
B3VI55_LIPST_Klesmith_2015,48,1,0.5164498852333588,0.5164498852333588
B3VI55_LIPST_Klesmith_2015,48,2,0.5225707727620506,0.5225707727620506
B3VI55_LIPST_Klesmith_2015,48,3,0.5164498852333588,0.5164498852333588
B3VI55_LIPST_Klesmith_2015,48,4,0.5164498852333588,0.5164498852333588
B3VI55_LIPST_Klesmith_2015,48,5,1.5225707727620506,0.5225707727620506
B3VI55_LIPST_Klesmith_2015,48,6,0.5164498852333588,0.5164498852333588
B3VI55_LIPST_Klesmith_2015,48,7,0.5225707727620506,0.5225707727620506
B3VI55_LIPST_Klesmith_2015,48,8,1.5164498852333588,0.5164498852333588
B3VI55_LIPST_Klesmith_2015,48,9,-0.4774292272379495,0.5225707727620506
B3VI55_LIPST_Klesmith_2015,48,10,-0.48355011476664117,0.5164498852333588
B3VI55_LIPST_Klesmith_2015,48,11,0.5225707727620506,0.5225707727620506
B3VI55_LIPST_Klesmith_2015,48,12,1.5225707727620506,0.5225707727620506
B3VI55_LIPST_Klesmith_2015,48,13,-0.48355011476664117,0.5164498852333588
B3VI55_LIPST_Klesmith_2015,48,14,2.5164498852333588,0.5164498852333588
B3VI55_LIPST_Klesmith_2015,48,15,-0.48355011476664117,0.5164498852333588
B3VI55_LIPST_Klesmith_2015,48,16,-0.48355011476664117,0.5164498852333588
B3VI55_LIPST_Klesmith_2015,48,17,1.5225707727620506,0.5225707727620506
B3VI55_LIPST_Klesmith_2015,48,18,0.5164498852333588,0.5164498852333588
B3VI55_LIPST_Klesmith_2015,48,19,-0.48355011476664117,0.5164498852333588
B3VI55_LIPST_Klesmith_2015,48,20,-0.48355011476664117,0.5164498852333588
B3VI55_LIPST_Klesmith_2015,48,21,1.5225707727620506,0.5225707727620506
B3VI55_LIPST_Klesmith_2015,48,22,0.5164498852333588,0.5164498852333588
B3VI55_LIPST_Klesmith_2015,48,23,0.5164498852333588,0.5164498852333588
B3VI55_LIPST_Klesmith_2015,48,24,1.5164498852333588,0.5164498852333588
B3VI55_LIPST_Klesmith_2015,48,25,0.5286916602907421,-0.47130833970925784
B3VI55_LIPST_Klesmith_2015,48,26,-0.48355011476664117,0.5164498852333588
B3VI55_LIPST_Klesmith_2015,48,27,2.5164498852333588,0.5164498852333588
B3VI55_LIPST_Klesmith_2015,48,28,1.5225707727620506,0.5225707727620506
B3VI55_LIPST_Klesmith_2015,48,29,0.5164498852333588,0.5164498852333588
B3VI55_LIPST_Klesmith_2015,48,30,0.5164498852333588,0.5164498852333588
B3VI55_LIPST_Klesmith_2015,48,31,0.5225707727620506,0.5225707727620506
B3VI55_LIPST_Klesmith_2015,48,32,0.5286916602907421,0.5286916602907421
B3VI55_LIPST_Klesmith_2015,48,33,1.5164498852333588,0.5164498852333588
B3VI55_LIPST_Klesmith_2015,48,34,1.5225707727620506,0.5225707727620506
B3VI55_LIPST_Klesmith_2015,48,35,0.5164498852333588,0.5164498852333588
B3VI55_LIPST_Klesmith_2015,48,36,-0.48355011476664117,0.5164498852333588
B3VI55_LIPST_Klesmith_2015,48,37,3.5164498852333588,0.5164498852333588
B3VI55_LIPST_Klesmith_2015,48,38,1.5164498852333588,0.5164498852333588
B3VI55_LIPST_Klesmith_2015,48,39,0.5164498852333588,0.5164498852333588
B3VI55_LIPST_Klesmith_2015,96,0,-0.48036951501154734,0.5196304849884527
B3VI55_LIPST_Klesmith_2015,96,1,-0.47421093148575827,0.5257890685142417
B3VI55_LIPST_Klesmith_2015,96,2,-0.47421093148575827,-0.47421093148575827
B3VI55_LIPST_Klesmith_2015,96,3,0.5196304849884527,0.5196304849884527
B3VI55_LIPST_Klesmith_2015,96,4,0.5134719014626636,0.5134719014626636
B3VI55_LIPST_Klesmith_2015,96,5,0.5196304849884527,0.5196304849884527
B3VI55_LIPST_Klesmith_2015,96,6,2.5134719014626636,0.5134719014626636
B3VI55_LIPST_Klesmith_2015,96,7,1.5196304849884528,0.5196304849884527
B3VI55_LIPST_Klesmith_2015,96,8,0.5196304849884527,0.5196304849884527
B3VI55_LIPST_Klesmith_2015,96,9,0.5134719014626636,0.5134719014626636
B3VI55_LIPST_Klesmith_2015,96,10,-0.48036951501154734,0.5196304849884527
B3VI55_LIPST_Klesmith_2015,96,11,0.5134719014626636,0.5134719014626636
B3VI55_LIPST_Klesmith_2015,96,12,2.5134719014626636,0.5134719014626636
B3VI55_LIPST_Klesmith_2015,96,13,3.525789068514242,0.5257890685142417
B3VI55_LIPST_Klesmith_2015,96,14,-0.4865280985373364,0.5134719014626636
B3VI55_LIPST_Klesmith_2015,96,15,2.5196304849884528,0.5196304849884527
B3VI55_LIPST_Klesmith_2015,96,16,-0.48036951501154734,0.5196304849884527
B3VI55_LIPST_Klesmith_2015,96,17,-0.47421093148575827,0.5257890685142417
B3VI55_LIPST_Klesmith_2015,96,18,1.5134719014626636,0.5134719014626636
B3VI55_LIPST_Klesmith_2015,96,19,0.5196304849884527,0.5196304849884527
B3VI55_LIPST_Klesmith_2015,96,20,2.5196304849884528,0.5196304849884527
B3VI55_LIPST_Klesmith_2015,96,21,0.5134719014626636,0.5134719014626636
B3VI55_LIPST_Klesmith_2015,96,22,1.5134719014626636,0.5134719014626636
B3VI55_LIPST_Klesmith_2015,96,23,0.5257890685142417,0.5257890685142417
B3VI55_LIPST_Klesmith_2015,96,24,1.5134719014626636,0.5134719014626636
B3VI55_LIPST_Klesmith_2015,96,25,1.5257890685142417,-0.47421093148575827
B3VI55_LIPST_Klesmith_2015,96,26,0.5319476520400308,0.5319476520400308
B3VI55_LIPST_Klesmith_2015,96,27,-0.4865280985373364,0.5134719014626636
B3VI55_LIPST_Klesmith_2015,96,28,1.5196304849884528,0.5196304849884527
B3VI55_LIPST_Klesmith_2015,96,29,1.53810623556582,0.5381062355658199
B3VI55_LIPST_Klesmith_2015,96,30,2.5134719014626636,0.5134719014626636
B3VI55_LIPST_Klesmith_2015,96,31,1.5196304849884528,0.5196304849884527
B3VI55_LIPST_Klesmith_2015,96,32,-0.4865280985373364,0.5134719014626636
B3VI55_LIPST_Klesmith_2015,96,33,0.5196304849884527,0.5196304849884527
B3VI55_LIPST_Klesmith_2015,96,34,0.5196304849884527,0.5196304849884527
B3VI55_LIPST_Klesmith_2015,96,35,1.5196304849884528,0.5196304849884527
B3VI55_LIPST_Klesmith_2015,96,36,1.5196304849884528,0.5196304849884527
B3VI55_LIPST_Klesmith_2015,96,37,0.5196304849884527,0.5196304849884527
B3VI55_LIPST_Klesmith_2015,96,38,0.5196304849884527,0.5196304849884527
B3VI55_LIPST_Klesmith_2015,96,39,1.5134719014626636,0.5134719014626636
B3VI55_LIPST_Klesmith_2015,192,0,0.5074045206547155,0.5074045206547155
B3VI55_LIPST_Klesmith_2015,192,1,1.5136399064692128,0.5136399064692128
B3VI55_LIPST_Klesmith_2015,192,2,0.51987529228371,0.51987529228371
B3VI55_LIPST_Klesmith_2015,192,3,4.513639906469213,0.5136399064692128
B3VI55_LIPST_Klesmith_2015,192,4,0.5136399064692128,0.5136399064692128
B3VI55_LIPST_Klesmith_2015,192,5,1.5323460639127047,0.5323460639127047
B3VI55_LIPST_Klesmith_2015,192,6,0.5074045206547155,0.5074045206547155
B3VI55_LIPST_Klesmith_2015,192,7,-0.49259547934528447,0.5074045206547155
B3VI55_LIPST_Klesmith_2015,192,8,-0.48012470771628996,0.51987529228371
B3VI55_LIPST_Klesmith_2015,192,9,-0.49259547934528447,0.5074045206547155
B3VI55_LIPST_Klesmith_2015,192,10,2.513639906469213,0.5136399064692128
B3VI55_LIPST_Klesmith_2015,192,11,-0.48012470771628996,0.51987529228371
B3VI55_LIPST_Klesmith_2015,192,12,0.5261106780982073,0.5261106780982073
B3VI55_LIPST_Klesmith_2015,192,13,1.5136399064692128,0.5136399064692128
B3VI55_LIPST_Klesmith_2015,192,14,0.5323460639127047,0.5323460639127047
B3VI55_LIPST_Klesmith_2015,192,15,-0.48636009353078724,0.5136399064692128
B3VI55_LIPST_Klesmith_2015,192,16,2.51987529228371,0.51987529228371
B3VI55_LIPST_Klesmith_2015,192,17,2.513639906469213,0.5136399064692128
B3VI55_LIPST_Klesmith_2015,192,18,0.5136399064692128,0.5136399064692128
B3VI55_LIPST_Klesmith_2015,192,19,0.5323460639127047,0.5323460639127047
B3VI55_LIPST_Klesmith_2015,192,20,0.51987529228371,0.51987529228371
B3VI55_LIPST_Klesmith_2015,192,21,2.51987529228371,0.51987529228371
B3VI55_LIPST_Klesmith_2015,192,22,1.5261106780982074,0.5261106780982073
B3VI55_LIPST_Klesmith_2015,192,23,1.5323460639127047,0.5323460639127047
B3VI55_LIPST_Klesmith_2015,192,24,0.5136399064692128,0.5136399064692128
B3VI55_LIPST_Klesmith_2015,192,25,0.51987529228371,0.51987529228371
B3VI55_LIPST_Klesmith_2015,192,26,0.5136399064692128,0.5136399064692128
B3VI55_LIPST_Klesmith_2015,192,27,-0.49259547934528447,0.5074045206547155
B3VI55_LIPST_Klesmith_2015,192,28,-0.48012470771628996,0.51987529228371
B3VI55_LIPST_Klesmith_2015,192,29,0.5261106780982073,0.5261106780982073
B3VI55_LIPST_Klesmith_2015,192,30,0.51987529228371,0.51987529228371
B3VI55_LIPST_Klesmith_2015,192,31,3.51987529228371,0.51987529228371
B3VI55_LIPST_Klesmith_2015,192,32,2.513639906469213,0.5136399064692128
B3VI55_LIPST_Klesmith_2015,192,33,1.51987529228371,0.51987529228371
B3VI55_LIPST_Klesmith_2015,192,34,2.5074045206547155,0.5074045206547155
B3VI55_LIPST_Klesmith_2015,192,35,-0.48012470771628996,0.51987529228371
B3VI55_LIPST_Klesmith_2015,192,36,0.5136399064692128,0.5136399064692128
B3VI55_LIPST_Klesmith_2015,192,37,1.51987529228371,0.51987529228371
B3VI55_LIPST_Klesmith_2015,192,38,2.513639906469213,0.5136399064692128
B3VI55_LIPST_Klesmith_2015,192,39,2.5261106780982074,0.5261106780982073
B3VI55_LIPST_Klesmith_2015,384,0,1.5203836930455634,0.5203836930455635
B3VI55_LIPST_Klesmith_2015,384,1,-0.47961630695443647,0.5203836930455635
B3VI55_LIPST_Klesmith_2015,384,2,1.5523581135091926,0.5523581135091926
B3VI55_LIPST_Klesmith_2015,384,3,0.5075939248601119,0.5075939248601119
B3VI55_LIPST_Klesmith_2015,384,4,2.501199040767386,0.5011990407673861
B3VI55_LIPST_Klesmith_2015,384,5,1.501199040767386,0.5011990407673861
B3VI55_LIPST_Klesmith_2015,384,6,0.5139888089528377,0.5139888089528377
B3VI55_LIPST_Klesmith_2015,384,7,1.5139888089528377,-0.4860111910471623
B3VI55_LIPST_Klesmith_2015,384,8,2.501199040767386,0.5011990407673861
B3VI55_LIPST_Klesmith_2015,384,9,3.5331734612310153,0.5331734612310152
B3VI55_LIPST_Klesmith_2015,384,10,1.5267785771382894,0.5267785771382894
B3VI55_LIPST_Klesmith_2015,384,11,0.5075939248601119,0.5075939248601119
B3VI55_LIPST_Klesmith_2015,384,12,1.5203836930455634,0.5203836930455635
B3VI55_LIPST_Klesmith_2015,384,13,1.5267785771382894,0.5267785771382894
B3VI55_LIPST_Klesmith_2015,384,14,2.5203836930455634,0.5203836930455635
B3VI55_LIPST_Klesmith_2015,384,15,1.5267785771382894,0.5267785771382894
B3VI55_LIPST_Klesmith_2015,384,16,-0.4860111910471623,0.5139888089528377
B3VI55_LIPST_Klesmith_2015,384,17,5.507593924860112,0.5075939248601119
B3VI55_LIPST_Klesmith_2015,384,18,-0.47322142286171065,0.5267785771382894
B3VI55_LIPST_Klesmith_2015,384,19,0.5075939248601119,0.5075939248601119
B3VI55_LIPST_Klesmith_2015,384,20,2.5459632294164667,0.5459632294164668
B3VI55_LIPST_Klesmith_2015,384,21,1.5331734612310153,0.5331734612310152
B3VI55_LIPST_Klesmith_2015,384,22,-0.4860111910471623,0.5139888089528377
B3VI55_LIPST_Klesmith_2015,384,23,-0.47961630695443647,0.5203836930455635
B3VI55_LIPST_Klesmith_2015,384,24,3.5139888089528375,0.5139888089528377
B3VI55_LIPST_Klesmith_2015,384,25,-0.4860111910471623,0.5139888089528377
B3VI55_LIPST_Klesmith_2015,384,26,1.5139888089528377,0.5139888089528377
B3VI55_LIPST_Klesmith_2015,384,27,1.539568345323741,0.539568345323741
B3VI55_LIPST_Klesmith_2015,384,28,2.5139888089528375,0.5139888089528377
B3VI55_LIPST_Klesmith_2015,384,29,2.5203836930455634,0.5203836930455635
B3VI55_LIPST_Klesmith_2015,384,30,-0.4860111910471623,-0.4860111910471623
B3VI55_LIPST_Klesmith_2015,384,31,3.5203836930455634,-0.47961630695443647
B3VI55_LIPST_Klesmith_2015,384,32,-0.4988009592326139,0.5011990407673861
B3VI55_LIPST_Klesmith_2015,384,33,1.5267785771382894,0.5267785771382894
B3VI55_LIPST_Klesmith_2015,384,34,2.5139888089528375,0.5139888089528377
B3VI55_LIPST_Klesmith_2015,384,35,-0.4860111910471623,0.5139888089528377
B3VI55_LIPST_Klesmith_2015,384,36,1.507593924860112,0.5075939248601119
B3VI55_LIPST_Klesmith_2015,384,37,3.501199040767386,0.5011990407673861
B3VI55_LIPST_Klesmith_2015,384,38,-0.46682653876898483,0.5331734612310152
B3VI55_LIPST_Klesmith_2015,384,39,0.5267785771382894,0.5267785771382894
BLAT_ECOLX_Deng_2012,24,0,0.5172968624296058,4.517296862429606
BLAT_ECOLX_Deng_2012,24,1,1.517296862429606,4.517296862429606
BLAT_ECOLX_Deng_2012,24,2,0.5172968624296058,4.517296862429606
BLAT_ECOLX_Deng_2012,24,3,-0.4827031375703942,4.517296862429606
BLAT_ECOLX_Deng_2012,24,4,-0.4827031375703942,4.517296862429606
BLAT_ECOLX_Deng_2012,24,5,0.5172968624296058,4.517296862429606
BLAT_ECOLX_Deng_2012,24,6,0.5172968624296058,4.517296862429606
BLAT_ECOLX_Deng_2012,24,7,-0.4827031375703942,4.517296862429606
BLAT_ECOLX_Deng_2012,24,8,0.5172968624296058,4.517296862429606
BLAT_ECOLX_Deng_2012,24,9,-0.4827031375703942,4.517296862429606
BLAT_ECOLX_Deng_2012,24,10,0.5172968624296058,4.517296862429606
BLAT_ECOLX_Deng_2012,24,11,0.5172968624296058,4.517296862429606
BLAT_ECOLX_Deng_2012,24,12,2.517296862429606,4.517296862429606
BLAT_ECOLX_Deng_2012,24,13,0.5172968624296058,4.517296862429606
BLAT_ECOLX_Deng_2012,24,14,1.5269509251810136,4.526950925181014
BLAT_ECOLX_Deng_2012,24,15,1.5269509251810136,4.526950925181014
BLAT_ECOLX_Deng_2012,24,16,0.5172968624296058,4.517296862429606
BLAT_ECOLX_Deng_2012,24,17,0.5172968624296058,4.517296862429606
BLAT_ECOLX_Deng_2012,24,18,0.5172968624296058,4.517296862429606
BLAT_ECOLX_Deng_2012,24,19,-0.4827031375703942,4.517296862429606
BLAT_ECOLX_Deng_2012,24,20,1.5269509251810136,4.526950925181014
BLAT_ECOLX_Deng_2012,24,21,-0.4827031375703942,4.517296862429606
BLAT_ECOLX_Deng_2012,24,22,2.517296862429606,4.517296862429606
BLAT_ECOLX_Deng_2012,24,23,1.517296862429606,4.517296862429606
BLAT_ECOLX_Deng_2012,24,24,-0.4827031375703942,4.517296862429606
BLAT_ECOLX_Deng_2012,24,25,1.517296862429606,4.517296862429606
BLAT_ECOLX_Deng_2012,24,26,1.5269509251810136,4.526950925181014
BLAT_ECOLX_Deng_2012,24,27,0.5172968624296058,4.517296862429606
BLAT_ECOLX_Deng_2012,24,28,-0.4827031375703942,4.517296862429606
BLAT_ECOLX_Deng_2012,24,29,0.5172968624296058,4.517296862429606
BLAT_ECOLX_Deng_2012,24,30,0.5172968624296058,4.517296862429606
BLAT_ECOLX_Deng_2012,24,31,-0.4827031375703942,4.517296862429606
BLAT_ECOLX_Deng_2012,24,32,0.5172968624296058,4.517296862429606
BLAT_ECOLX_Deng_2012,24,33,1.517296862429606,4.517296862429606
BLAT_ECOLX_Deng_2012,24,34,4.526950925181014,4.526950925181014
BLAT_ECOLX_Deng_2012,24,35,-0.4827031375703942,4.517296862429606
BLAT_ECOLX_Deng_2012,24,36,0.5172968624296058,4.517296862429606
BLAT_ECOLX_Deng_2012,24,37,-0.4827031375703942,4.517296862429606
BLAT_ECOLX_Deng_2012,24,38,-0.4827031375703942,4.517296862429606
BLAT_ECOLX_Deng_2012,24,39,-0.4827031375703942,4.517296862429606
BLAT_ECOLX_Deng_2012,48,0,-0.4850444624090542,4.514955537590946
BLAT_ECOLX_Deng_2012,48,1,0.5149555375909458,4.514955537590946
BLAT_ECOLX_Deng_2012,48,2,1.5149555375909458,4.514955537590946
BLAT_ECOLX_Deng_2012,48,3,-0.47534357316087306,4.524656426839127
BLAT_ECOLX_Deng_2012,48,4,-0.4850444624090542,4.514955537590946
BLAT_ECOLX_Deng_2012,48,5,-0.4850444624090542,4.514955537590946
BLAT_ECOLX_Deng_2012,48,6,1.524656426839127,4.524656426839127
BLAT_ECOLX_Deng_2012,48,7,0.5149555375909458,4.514955537590946
BLAT_ECOLX_Deng_2012,48,8,1.524656426839127,4.524656426839127
BLAT_ECOLX_Deng_2012,48,9,2.5149555375909456,4.514955537590946
BLAT_ECOLX_Deng_2012,48,10,-0.47534357316087306,4.524656426839127
BLAT_ECOLX_Deng_2012,48,11,0.5246564268391269,4.524656426839127
BLAT_ECOLX_Deng_2012,48,12,-0.47534357316087306,4.524656426839127
BLAT_ECOLX_Deng_2012,48,13,-0.47534357316087306,4.524656426839127
BLAT_ECOLX_Deng_2012,48,14,7.534357316087308,4.534357316087308
BLAT_ECOLX_Deng_2012,48,15,1.5149555375909458,4.514955537590946
BLAT_ECOLX_Deng_2012,48,16,0.5149555375909458,4.514955537590946
BLAT_ECOLX_Deng_2012,48,17,4.534357316087308,4.534357316087308
BLAT_ECOLX_Deng_2012,48,18,1.5149555375909458,4.514955537590946
BLAT_ECOLX_Deng_2012,48,19,-0.4850444624090542,4.514955537590946
BLAT_ECOLX_Deng_2012,48,20,4.514955537590946,4.514955537590946
BLAT_ECOLX_Deng_2012,48,21,0.5149555375909458,4.514955537590946
BLAT_ECOLX_Deng_2012,48,22,0.5149555375909458,4.514955537590946
BLAT_ECOLX_Deng_2012,48,23,3.544058205335489,4.544058205335489
BLAT_ECOLX_Deng_2012,48,24,0.5246564268391269,4.524656426839127
BLAT_ECOLX_Deng_2012,48,25,-0.4850444624090542,4.514955537590946
BLAT_ECOLX_Deng_2012,48,26,1.524656426839127,4.524656426839127
BLAT_ECOLX_Deng_2012,48,27,1.5149555375909458,4.514955537590946
BLAT_ECOLX_Deng_2012,48,28,0.5246564268391269,4.524656426839127
BLAT_ECOLX_Deng_2012,48,29,1.5149555375909458,4.514955537590946
BLAT_ECOLX_Deng_2012,48,30,-0.4850444624090542,4.514955537590946
BLAT_ECOLX_Deng_2012,48,31,0.5246564268391269,4.524656426839127
BLAT_ECOLX_Deng_2012,48,32,0.5246564268391269,4.524656426839127
BLAT_ECOLX_Deng_2012,48,33,0.5149555375909458,4.514955537590946
BLAT_ECOLX_Deng_2012,48,34,2.524656426839127,4.524656426839127
BLAT_ECOLX_Deng_2012,48,35,1.5149555375909458,4.514955537590946
BLAT_ECOLX_Deng_2012,48,36,-0.465642683912692,3.534357316087308
BLAT_ECOLX_Deng_2012,48,37,-0.4850444624090542,4.514955537590946
BLAT_ECOLX_Deng_2012,48,38,0.5149555375909458,4.514955537590946
BLAT_ECOLX_Deng_2012,48,39,2.5149555375909456,4.514955537590946
BLAT_ECOLX_Deng_2012,96,0,-0.4897959183673469,4.510204081632653
BLAT_ECOLX_Deng_2012,96,1,2.5395918367346937,4.539591836734694
BLAT_ECOLX_Deng_2012,96,2,0.52,4.52
BLAT_ECOLX_Deng_2012,96,3,-0.4897959183673469,4.510204081632653
BLAT_ECOLX_Deng_2012,96,4,-0.4897959183673469,4.510204081632653
BLAT_ECOLX_Deng_2012,96,5,5.529795918367347,4.529795918367347
BLAT_ECOLX_Deng_2012,96,6,0.52,4.52
BLAT_ECOLX_Deng_2012,96,7,1.52,4.52
BLAT_ECOLX_Deng_2012,96,8,1.52,4.52
BLAT_ECOLX_Deng_2012,96,9,4.52,4.52
BLAT_ECOLX_Deng_2012,96,10,0.5102040816326531,4.510204081632653
BLAT_ECOLX_Deng_2012,96,11,2.510204081632653,4.510204081632653
BLAT_ECOLX_Deng_2012,96,12,0.52,4.52
BLAT_ECOLX_Deng_2012,96,13,2.510204081632653,4.510204081632653
BLAT_ECOLX_Deng_2012,96,14,1.510204081632653,4.510204081632653
BLAT_ECOLX_Deng_2012,96,15,0.529795918367347,4.529795918367347
BLAT_ECOLX_Deng_2012,96,16,1.529795918367347,4.529795918367347
BLAT_ECOLX_Deng_2012,96,17,4.529795918367347,3.529795918367347
BLAT_ECOLX_Deng_2012,96,18,4.52,4.52
BLAT_ECOLX_Deng_2012,96,19,1.510204081632653,4.510204081632653
BLAT_ECOLX_Deng_2012,96,20,0.52,4.52
BLAT_ECOLX_Deng_2012,96,21,0.52,4.52
BLAT_ECOLX_Deng_2012,96,22,3.52,4.52
BLAT_ECOLX_Deng_2012,96,23,3.52,3.52
BLAT_ECOLX_Deng_2012,96,24,0.52,4.52
BLAT_ECOLX_Deng_2012,96,25,1.510204081632653,4.510204081632653
BLAT_ECOLX_Deng_2012,96,26,1.510204081632653,4.510204081632653
BLAT_ECOLX_Deng_2012,96,27,1.52,4.52
BLAT_ECOLX_Deng_2012,96,28,0.5102040816326531,4.510204081632653
BLAT_ECOLX_Deng_2012,96,29,-0.48,4.52
BLAT_ECOLX_Deng_2012,96,30,-0.47020408163265304,4.529795918367347
BLAT_ECOLX_Deng_2012,96,31,4.510204081632653,4.510204081632653
BLAT_ECOLX_Deng_2012,96,32,-0.48,4.52
BLAT_ECOLX_Deng_2012,96,33,0.52,4.52
BLAT_ECOLX_Deng_2012,96,34,-0.4897959183673469,4.510204081632653
BLAT_ECOLX_Deng_2012,96,35,-0.48,4.52
BLAT_ECOLX_Deng_2012,96,36,0.5102040816326531,4.510204081632653
BLAT_ECOLX_Deng_2012,96,37,-0.48,4.52
BLAT_ECOLX_Deng_2012,96,38,3.52,4.52
BLAT_ECOLX_Deng_2012,96,39,5.52,4.52
BLAT_ECOLX_Deng_2012,192,0,1.520399666944213,3.520399666944213
BLAT_ECOLX_Deng_2012,192,1,-0.48959200666111574,4.510407993338884
BLAT_ECOLX_Deng_2012,192,2,9.530391340549542,4.530391340549542
BLAT_ECOLX_Deng_2012,192,3,2.530391340549542,3.530391340549542
BLAT_ECOLX_Deng_2012,192,4,7.540383014154871,3.540383014154871
BLAT_ECOLX_Deng_2012,192,5,8.520399666944213,4.520399666944213
BLAT_ECOLX_Deng_2012,192,6,0.5104079933388843,3.5104079933388843
BLAT_ECOLX_Deng_2012,192,7,1.5104079933388843,4.510407993338884
BLAT_ECOLX_Deng_2012,192,8,7.520399666944213,3.520399666944213
BLAT_ECOLX_Deng_2012,192,9,2.520399666944213,4.520399666944213
BLAT_ECOLX_Deng_2012,192,10,-0.4995836802664446,4.500416319733556
BLAT_ECOLX_Deng_2012,192,11,-0.47960033305578686,4.520399666944213
BLAT_ECOLX_Deng_2012,192,12,1.5004163197335554,4.500416319733556
BLAT_ECOLX_Deng_2012,192,13,3.530391340549542,4.530391340549542
BLAT_ECOLX_Deng_2012,192,14,4.520399666944213,4.520399666944213
BLAT_ECOLX_Deng_2012,192,15,0.5004163197335554,4.500416319733556
BLAT_ECOLX_Deng_2012,192,16,3.530391340549542,3.530391340549542
BLAT_ECOLX_Deng_2012,192,17,2.5104079933388843,4.510407993338884
BLAT_ECOLX_Deng_2012,192,18,0.5104079933388843,4.510407993338884
BLAT_ECOLX_Deng_2012,192,19,6.5503746877602,4.5503746877602
BLAT_ECOLX_Deng_2012,192,20,1.5104079933388843,4.510407993338884
BLAT_ECOLX_Deng_2012,192,21,-0.47960033305578686,4.520399666944213
BLAT_ECOLX_Deng_2012,192,22,6.520399666944213,3.520399666944213
BLAT_ECOLX_Deng_2012,192,23,5.510407993338884,4.510407993338884
BLAT_ECOLX_Deng_2012,192,24,1.5603663613655288,3.5603663613655288
BLAT_ECOLX_Deng_2012,192,25,1.5104079933388843,4.510407993338884
BLAT_ECOLX_Deng_2012,192,26,0.5004163197335554,4.500416319733556
BLAT_ECOLX_Deng_2012,192,27,3.540383014154871,4.540383014154871
BLAT_ECOLX_Deng_2012,192,28,-0.47960033305578686,4.520399666944213
BLAT_ECOLX_Deng_2012,192,29,8.540383014154871,4.540383014154871
BLAT_ECOLX_Deng_2012,192,30,0.5203996669442131,4.520399666944213
BLAT_ECOLX_Deng_2012,192,31,0.5104079933388843,4.510407993338884
BLAT_ECOLX_Deng_2012,192,32,2.520399666944213,4.520399666944213
BLAT_ECOLX_Deng_2012,192,33,2.520399666944213,4.520399666944213
BLAT_ECOLX_Deng_2012,192,34,5.5503746877602,3.5503746877601996
BLAT_ECOLX_Deng_2012,192,35,3.520399666944213,4.520399666944213
BLAT_ECOLX_Deng_2012,192,36,7.520399666944213,4.520399666944213
BLAT_ECOLX_Deng_2012,192,37,1.5104079933388843,4.510407993338884
BLAT_ECOLX_Deng_2012,192,38,-0.47960033305578686,3.520399666944213
BLAT_ECOLX_Deng_2012,192,39,-0.48959200666111574,4.510407993338884
BLAT_ECOLX_Deng_2012,384,0,8.52124891587164,3.5212489158716394
BLAT_ECOLX_Deng_2012,384,1,7.531656548135299,4.531656548135299
BLAT_ECOLX_Deng_2012,384,2,1.5628794449262793,3.5628794449262795
BLAT_ECOLX_Deng_2012,384,3,8.510841283607979,3.510841283607979
BLAT_ECOLX_Deng_2012,384,4,0.4900260190806591,4.490026019080659
BLAT_ECOLX_Deng_2012,384,5,6.55247181266262,4.55247181266262
BLAT_ECOLX_Deng_2012,384,6,5.521248915871639,3.5212489158716394
BLAT_ECOLX_Deng_2012,384,7,3.552471812662619,3.552471812662619
BLAT_ECOLX_Deng_2012,384,8,7.521248915871639,2.5212489158716394
BLAT_ECOLX_Deng_2012,384,9,6.5628794449262795,4.5628794449262795
BLAT_ECOLX_Deng_2012,384,10,0.5108412836079792,4.510841283607979
BLAT_ECOLX_Deng_2012,384,11,5.510841283607979,3.510841283607979
BLAT_ECOLX_Deng_2012,384,12,5.500433651344319,4.500433651344319
BLAT_ECOLX_Deng_2012,384,13,3.5941023417172593,3.5941023417172593
BLAT_ECOLX_Deng_2012,384,14,7.55247181266262,3.552471812662619
BLAT_ECOLX_Deng_2012,384,15,0.4900260190806591,4.490026019080659
BLAT_ECOLX_Deng_2012,384,16,6.510841283607979,4.510841283607979
BLAT_ECOLX_Deng_2012,384,17,5.521248915871639,4.521248915871639
BLAT_ECOLX_Deng_2012,384,18,0.5004336513443192,4.500433651344319
BLAT_ECOLX_Deng_2012,384,19,1.5420641803989592,4.54206418039896
BLAT_ECOLX_Deng_2012,384,20,2.5316565481352993,3.5316565481352993
BLAT_ECOLX_Deng_2012,384,21,2.5316565481352993,4.531656548135299
BLAT_ECOLX_Deng_2012,384,22,4.500433651344319,4.500433651344319
BLAT_ECOLX_Deng_2012,384,23,2.500433651344319,4.500433651344319
BLAT_ECOLX_Deng_2012,384,24,7.5628794449262795,4.5628794449262795
BLAT_ECOLX_Deng_2012,384,25,7.521248915871639,3.5212489158716394
BLAT_ECOLX_Deng_2012,384,26,6.521248915871639,4.521248915871639
BLAT_ECOLX_Deng_2012,384,27,3.5212489158716394,4.521248915871639
BLAT_ECOLX_Deng_2012,384,28,2.500433651344319,4.500433651344319
BLAT_ECOLX_Deng_2012,384,29,2.510841283607979,4.510841283607979
BLAT_ECOLX_Deng_2012,384,30,1.500433651344319,3.500433651344319
BLAT_ECOLX_Deng_2012,384,31,3.5316565481352993,4.531656548135299
BLAT_ECOLX_Deng_2012,384,32,5.510841283607979,4.510841283607979
BLAT_ECOLX_Deng_2012,384,33,9.531656548135299,3.5316565481352993
BLAT_ECOLX_Deng_2012,384,34,2.5212489158716394,2.5212489158716394
BLAT_ECOLX_Deng_2012,384,35,1.5420641803989592,3.542064180398959
BLAT_ECOLX_Deng_2012,384,36,2.500433651344319,4.500433651344319
BLAT_ECOLX_Deng_2012,384,37,3.5316565481352993,4.531656548135299
BLAT_ECOLX_Deng_2012,384,38,8.531656548135299,3.5316565481352993
BLAT_ECOLX_Deng_2012,384,39,6.521248915871639,4.521248915871639
BLAT_ECOLX_Firnberg_2014,24,0,-0.4841353225467535,2.5158646774532465
BLAT_ECOLX_Firnberg_2014,24,1,-0.4740491699936962,1.5259508300063038
BLAT_ECOLX_Firnberg_2014,24,2,-0.4841353225467535,2.5158646774532465
BLAT_ECOLX_Firnberg_2014,24,3,1.5158646774532465,2.5158646774532465
BLAT_ECOLX_Firnberg_2014,24,4,-0.4841353225467535,2.5158646774532465
BLAT_ECOLX_Firnberg_2014,24,5,0.5259508300063038,1.5259508300063038
BLAT_ECOLX_Firnberg_2014,24,6,-0.4841353225467535,2.5158646774532465
BLAT_ECOLX_Firnberg_2014,24,7,-0.4841353225467535,2.5158646774532465
BLAT_ECOLX_Firnberg_2014,24,8,0.5158646774532465,2.5158646774532465
BLAT_ECOLX_Firnberg_2014,24,9,2.5158646774532465,2.5158646774532465
BLAT_ECOLX_Firnberg_2014,24,10,-0.4841353225467535,2.5158646774532465
BLAT_ECOLX_Firnberg_2014,24,11,0.5259508300063038,2.5259508300063036
BLAT_ECOLX_Firnberg_2014,24,12,0.5158646774532465,2.5158646774532465
BLAT_ECOLX_Firnberg_2014,24,13,2.5158646774532465,2.5158646774532465
BLAT_ECOLX_Firnberg_2014,24,14,-0.4841353225467535,2.5158646774532465
BLAT_ECOLX_Firnberg_2014,24,15,-0.4740491699936962,2.5259508300063036
BLAT_ECOLX_Firnberg_2014,24,16,-0.4841353225467535,2.5158646774532465
BLAT_ECOLX_Firnberg_2014,24,17,-0.4841353225467535,2.5158646774532465
BLAT_ECOLX_Firnberg_2014,24,18,1.5158646774532465,2.5158646774532465
BLAT_ECOLX_Firnberg_2014,24,19,0.5158646774532465,2.5158646774532465
BLAT_ECOLX_Firnberg_2014,24,20,1.5158646774532465,2.5158646774532465
BLAT_ECOLX_Firnberg_2014,24,21,-0.4841353225467535,2.5158646774532465
BLAT_ECOLX_Firnberg_2014,24,22,-0.4841353225467535,2.5158646774532465
BLAT_ECOLX_Firnberg_2014,24,23,0.5360369825593612,2.536036982559361
BLAT_ECOLX_Firnberg_2014,24,24,-0.4740491699936962,2.5259508300063036
BLAT_ECOLX_Firnberg_2014,24,25,-0.4740491699936962,2.5259508300063036
BLAT_ECOLX_Firnberg_2014,24,26,-0.4841353225467535,2.5158646774532465
BLAT_ECOLX_Firnberg_2014,24,27,1.5259508300063038,2.5259508300063036
BLAT_ECOLX_Firnberg_2014,24,28,-0.4841353225467535,2.5158646774532465
BLAT_ECOLX_Firnberg_2014,24,29,-0.4841353225467535,2.5158646774532465
BLAT_ECOLX_Firnberg_2014,24,30,-0.4841353225467535,2.5158646774532465
BLAT_ECOLX_Firnberg_2014,24,31,0.5259508300063038,2.5259508300063036
BLAT_ECOLX_Firnberg_2014,24,32,-0.4841353225467535,2.5158646774532465
BLAT_ECOLX_Firnberg_2014,24,33,0.5158646774532465,2.5158646774532465
BLAT_ECOLX_Firnberg_2014,24,34,0.5259508300063038,2.5259508300063036
BLAT_ECOLX_Firnberg_2014,24,35,-0.4841353225467535,2.5158646774532465
BLAT_ECOLX_Firnberg_2014,24,36,-0.4841353225467535,2.5158646774532465
BLAT_ECOLX_Firnberg_2014,24,37,-0.4841353225467535,2.5158646774532465
BLAT_ECOLX_Firnberg_2014,24,38,1.5158646774532465,2.5158646774532465
BLAT_ECOLX_Firnberg_2014,24,39,0.5158646774532465,2.5158646774532465
BLAT_ECOLX_Firnberg_2014,48,0,2.513410770855333,2.513410770855333
BLAT_ECOLX_Firnberg_2014,48,1,0.5134107708553326,2.513410770855333
BLAT_ECOLX_Firnberg_2014,48,2,2.5235480464625133,2.5235480464625133
BLAT_ECOLX_Firnberg_2014,48,3,0.5235480464625132,2.5235480464625133
BLAT_ECOLX_Firnberg_2014,48,4,0.5134107708553326,2.513410770855333
BLAT_ECOLX_Firnberg_2014,48,5,-0.48658922914466735,2.513410770855333
BLAT_ECOLX_Firnberg_2014,48,6,0.5134107708553326,2.513410770855333
BLAT_ECOLX_Firnberg_2014,48,7,-0.46631467793030623,2.5336853220696938
BLAT_ECOLX_Firnberg_2014,48,8,0.5134107708553326,2.513410770855333
BLAT_ECOLX_Firnberg_2014,48,9,-0.48658922914466735,2.513410770855333
BLAT_ECOLX_Firnberg_2014,48,10,1.5235480464625133,2.5235480464625133
BLAT_ECOLX_Firnberg_2014,48,11,-0.48658922914466735,2.513410770855333
BLAT_ECOLX_Firnberg_2014,48,12,1.5235480464625133,2.5235480464625133
BLAT_ECOLX_Firnberg_2014,48,13,-0.45617740232312565,2.5438225976768742
BLAT_ECOLX_Firnberg_2014,48,14,-0.48658922914466735,2.513410770855333
BLAT_ECOLX_Firnberg_2014,48,15,-0.46631467793030623,2.5336853220696938
BLAT_ECOLX_Firnberg_2014,48,16,0.5235480464625132,2.5235480464625133
BLAT_ECOLX_Firnberg_2014,48,17,-0.4764519535374868,2.5235480464625133
BLAT_ECOLX_Firnberg_2014,48,18,0.5235480464625132,2.5235480464625133
BLAT_ECOLX_Firnberg_2014,48,19,-0.48658922914466735,2.513410770855333
BLAT_ECOLX_Firnberg_2014,48,20,0.5235480464625132,2.5235480464625133
BLAT_ECOLX_Firnberg_2014,48,21,-0.4764519535374868,2.5235480464625133
BLAT_ECOLX_Firnberg_2014,48,22,-0.48658922914466735,2.513410770855333
BLAT_ECOLX_Firnberg_2014,48,23,-0.4764519535374868,2.5235480464625133
BLAT_ECOLX_Firnberg_2014,48,24,0.5134107708553326,2.513410770855333
BLAT_ECOLX_Firnberg_2014,48,25,-0.4764519535374868,2.5235480464625133
BLAT_ECOLX_Firnberg_2014,48,26,-0.48658922914466735,2.513410770855333
BLAT_ECOLX_Firnberg_2014,48,27,-0.48658922914466735,2.513410770855333
BLAT_ECOLX_Firnberg_2014,48,28,-0.48658922914466735,2.513410770855333
BLAT_ECOLX_Firnberg_2014,48,29,1.5134107708553326,2.513410770855333
BLAT_ECOLX_Firnberg_2014,48,30,1.5235480464625133,2.5235480464625133
BLAT_ECOLX_Firnberg_2014,48,31,3.513410770855333,2.513410770855333
BLAT_ECOLX_Firnberg_2014,48,32,0.5134107708553326,2.513410770855333
BLAT_ECOLX_Firnberg_2014,48,33,-0.48658922914466735,2.513410770855333
BLAT_ECOLX_Firnberg_2014,48,34,-0.48658922914466735,2.513410770855333
BLAT_ECOLX_Firnberg_2014,48,35,0.5336853220696938,2.5336853220696938
BLAT_ECOLX_Firnberg_2014,48,36,0.5134107708553326,2.513410770855333
BLAT_ECOLX_Firnberg_2014,48,37,0.5134107708553326,2.513410770855333
BLAT_ECOLX_Firnberg_2014,48,38,-0.48658922914466735,2.513410770855333
BLAT_ECOLX_Firnberg_2014,48,39,2.5235480464625133,2.5235480464625133
BLAT_ECOLX_Firnberg_2014,96,0,0.5084275656069981,2.508427565606998
BLAT_ECOLX_Firnberg_2014,96,1,-0.48133134200981437,2.518668657990186
BLAT_ECOLX_Firnberg_2014,96,2,-0.48133134200981437,2.518668657990186
BLAT_ECOLX_Firnberg_2014,96,3,0.5186686579901856,2.518668657990186
BLAT_ECOLX_Firnberg_2014,96,4,1.5186686579901856,2.518668657990186
BLAT_ECOLX_Firnberg_2014,96,5,-0.48133134200981437,2.518668657990186
BLAT_ECOLX_Firnberg_2014,96,6,-0.4915724343930019,2.508427565606998
BLAT_ECOLX_Firnberg_2014,96,7,2.518668657990186,2.518668657990186
BLAT_ECOLX_Firnberg_2014,96,8,-0.48133134200981437,2.518668657990186
BLAT_ECOLX_Firnberg_2014,96,9,0.5289097503733732,2.5289097503733733
BLAT_ECOLX_Firnberg_2014,96,10,0.5084275656069981,2.508427565606998
BLAT_ECOLX_Firnberg_2014,96,11,-0.4915724343930019,2.508427565606998
BLAT_ECOLX_Firnberg_2014,96,12,-0.4915724343930019,2.508427565606998
BLAT_ECOLX_Firnberg_2014,96,13,0.5186686579901856,2.518668657990186
BLAT_ECOLX_Firnberg_2014,96,14,0.5186686579901856,2.518668657990186
BLAT_ECOLX_Firnberg_2014,96,15,1.5186686579901856,2.518668657990186
BLAT_ECOLX_Firnberg_2014,96,16,-0.48133134200981437,2.518668657990186
BLAT_ECOLX_Firnberg_2014,96,17,1.5186686579901856,2.518668657990186
BLAT_ECOLX_Firnberg_2014,96,18,0.5391508427565608,2.5391508427565608
BLAT_ECOLX_Firnberg_2014,96,19,0.5289097503733732,2.5289097503733733
BLAT_ECOLX_Firnberg_2014,96,20,2.5391508427565608,2.5391508427565608
BLAT_ECOLX_Firnberg_2014,96,21,3.508427565606998,2.508427565606998
BLAT_ECOLX_Firnberg_2014,96,22,-0.4710902496266268,2.5289097503733733
BLAT_ECOLX_Firnberg_2014,96,23,-0.48133134200981437,2.518668657990186
BLAT_ECOLX_Firnberg_2014,96,24,1.5186686579901856,2.518668657990186
BLAT_ECOLX_Firnberg_2014,96,25,-0.48133134200981437,2.518668657990186
BLAT_ECOLX_Firnberg_2014,96,26,1.5186686579901856,2.518668657990186
BLAT_ECOLX_Firnberg_2014,96,27,-0.4915724343930019,2.508427565606998
BLAT_ECOLX_Firnberg_2014,96,28,-0.4915724343930019,2.508427565606998
BLAT_ECOLX_Firnberg_2014,96,29,-0.4915724343930019,2.508427565606998
BLAT_ECOLX_Firnberg_2014,96,30,-0.48133134200981437,2.518668657990186
BLAT_ECOLX_Firnberg_2014,96,31,2.518668657990186,1.5186686579901856
BLAT_ECOLX_Firnberg_2014,96,32,-0.4915724343930019,2.508427565606998
BLAT_ECOLX_Firnberg_2014,96,33,1.508427565606998,2.508427565606998
BLAT_ECOLX_Firnberg_2014,96,34,2.5289097503733733,2.5289097503733733
BLAT_ECOLX_Firnberg_2014,96,35,-0.4710902496266268,2.5289097503733733
BLAT_ECOLX_Firnberg_2014,96,36,-0.48133134200981437,2.518668657990186
BLAT_ECOLX_Firnberg_2014,96,37,-0.4608491572434393,2.5391508427565608
BLAT_ECOLX_Firnberg_2014,96,38,-0.4915724343930019,2.508427565606998
BLAT_ECOLX_Firnberg_2014,96,39,-0.48133134200981437,1.5186686579901856
BLAT_ECOLX_Firnberg_2014,192,0,0.529514267044217,2.529514267044217
BLAT_ECOLX_Firnberg_2014,192,1,0.5817904595948595,1.5817904595948595
BLAT_ECOLX_Firnberg_2014,192,2,-0.4600304944456545,2.5399695055543456
BLAT_ECOLX_Firnberg_2014,192,3,3.50860379002396,2.50860379002396
BLAT_ECOLX_Firnberg_2014,192,4,-0.49139620997604005,2.50860379002396
BLAT_ECOLX_Firnberg_2014,192,5,-0.47048573295578305,2.529514267044217
BLAT_ECOLX_Firnberg_2014,192,6,-0.5018514484861686,2.4981485515138315
BLAT_ECOLX_Firnberg_2014,192,7,1.4981485515138315,2.4981485515138315
BLAT_ECOLX_Firnberg_2014,192,8,0.5608799825746025,2.5608799825746025
BLAT_ECOLX_Firnberg_2014,192,9,0.529514267044217,2.529514267044217
BLAT_ECOLX_Firnberg_2014,192,10,-0.49139620997604005,2.50860379002396
BLAT_ECOLX_Firnberg_2014,192,11,2.5399695055543456,1.5399695055543454
BLAT_ECOLX_Firnberg_2014,192,12,0.529514267044217,2.529514267044217
BLAT_ECOLX_Firnberg_2014,192,13,1.5190590285340884,2.5190590285340884
BLAT_ECOLX_Firnberg_2014,192,14,-0.49139620997604005,2.50860379002396
BLAT_ECOLX_Firnberg_2014,192,15,1.5399695055543454,2.5399695055543456
BLAT_ECOLX_Firnberg_2014,192,16,-0.5018514484861686,2.4981485515138315
BLAT_ECOLX_Firnberg_2014,192,17,1.4981485515138315,2.4981485515138315
BLAT_ECOLX_Firnberg_2014,192,18,-0.4809409714659116,2.5190590285340884
BLAT_ECOLX_Firnberg_2014,192,19,0.529514267044217,2.529514267044217
BLAT_ECOLX_Firnberg_2014,192,20,0.50860379002396,2.50860379002396
BLAT_ECOLX_Firnberg_2014,192,21,-0.47048573295578305,2.529514267044217
BLAT_ECOLX_Firnberg_2014,192,22,-0.4809409714659116,2.5190590285340884
BLAT_ECOLX_Firnberg_2014,192,23,0.5399695055543454,2.5399695055543456
BLAT_ECOLX_Firnberg_2014,192,24,-0.5018514484861686,2.4981485515138315
BLAT_ECOLX_Firnberg_2014,192,25,0.50860379002396,2.50860379002396
BLAT_ECOLX_Firnberg_2014,192,26,1.50860379002396,2.50860379002396
BLAT_ECOLX_Firnberg_2014,192,27,1.4981485515138315,2.4981485515138315
BLAT_ECOLX_Firnberg_2014,192,28,-0.49139620997604005,2.50860379002396
BLAT_ECOLX_Firnberg_2014,192,29,-0.49139620997604005,2.50860379002396
BLAT_ECOLX_Firnberg_2014,192,30,0.5190590285340884,2.5190590285340884
BLAT_ECOLX_Firnberg_2014,192,31,1.4981485515138315,2.4981485515138315
BLAT_ECOLX_Firnberg_2014,192,32,-0.47048573295578305,2.529514267044217
BLAT_ECOLX_Firnberg_2014,192,33,-0.49139620997604005,2.50860379002396
BLAT_ECOLX_Firnberg_2014,192,34,-0.49139620997604005,2.50860379002396
BLAT_ECOLX_Firnberg_2014,192,35,-0.47048573295578305,2.529514267044217
BLAT_ECOLX_Firnberg_2014,192,36,2.50860379002396,2.50860379002396
BLAT_ECOLX_Firnberg_2014,192,37,-0.4809409714659116,2.5190590285340884
BLAT_ECOLX_Firnberg_2014,192,38,1.50860379002396,2.50860379002396
BLAT_ECOLX_Firnberg_2014,192,39,0.50860379002396,2.50860379002396
BLAT_ECOLX_Firnberg_2014,384,0,0.4980677426687884,2.4980677426687885
BLAT_ECOLX_Firnberg_2014,384,1,0.48715617185724025,2.48715617185724
BLAT_ECOLX_Firnberg_2014,384,2,-0.5128438281427598,2.48715617185724
BLAT_ECOLX_Firnberg_2014,384,3,-0.4691975448965674,2.5308024551034327
BLAT_ECOLX_Firnberg_2014,384,4,-0.4364628324619232,2.563537167538077
BLAT_ECOLX_Firnberg_2014,384,5,2.5308024551034327,2.5308024551034327
BLAT_ECOLX_Firnberg_2014,384,6,0.5198908842918846,2.5198908842918843
BLAT_ECOLX_Firnberg_2014,384,7,0.4980677426687884,2.4980677426687885
BLAT_ECOLX_Firnberg_2014,384,8,-0.4801091157081155,2.5198908842918843
BLAT_ECOLX_Firnberg_2014,384,9,-0.4801091157081155,2.5198908842918843
BLAT_ECOLX_Firnberg_2014,384,10,-0.4910206865196636,2.5089793134803364
BLAT_ECOLX_Firnberg_2014,384,11,5.530802455103433,2.5308024551034327
BLAT_ECOLX_Firnberg_2014,384,12,-0.4582859740850193,1.5417140259149806
BLAT_ECOLX_Firnberg_2014,384,13,1.5308024551034327,1.5308024551034327
BLAT_ECOLX_Firnberg_2014,384,14,1.5089793134803364,1.5089793134803364
BLAT_ECOLX_Firnberg_2014,384,15,-0.4910206865196636,2.5089793134803364
BLAT_ECOLX_Firnberg_2014,384,16,2.4980677426687885,2.4980677426687885
BLAT_ECOLX_Firnberg_2014,384,17,2.5417140259149806,2.5417140259149806
BLAT_ECOLX_Firnberg_2014,384,18,2.5417140259149806,1.5417140259149806
BLAT_ECOLX_Firnberg_2014,384,19,0.5308024551034326,2.5308024551034327
BLAT_ECOLX_Firnberg_2014,384,20,2.5308024551034327,2.5308024551034327
BLAT_ECOLX_Firnberg_2014,384,21,-0.5128438281427598,2.48715617185724
BLAT_ECOLX_Firnberg_2014,384,22,0.5089793134803364,2.5089793134803364
BLAT_ECOLX_Firnberg_2014,384,23,1.5308024551034327,1.5308024551034327
BLAT_ECOLX_Firnberg_2014,384,24,1.563537167538077,1.563537167538077
BLAT_ECOLX_Firnberg_2014,384,25,-0.4910206865196636,2.5089793134803364
BLAT_ECOLX_Firnberg_2014,384,26,-0.5019322573312116,2.4980677426687885
BLAT_ECOLX_Firnberg_2014,384,27,0.48715617185724025,1.4871561718572401
BLAT_ECOLX_Firnberg_2014,384,28,-0.4801091157081155,2.5198908842918843
BLAT_ECOLX_Firnberg_2014,384,29,-0.4801091157081155,2.5198908842918843
BLAT_ECOLX_Firnberg_2014,384,30,-0.4691975448965674,1.5308024551034327
BLAT_ECOLX_Firnberg_2014,384,31,-0.5019322573312116,2.4980677426687885
BLAT_ECOLX_Firnberg_2014,384,32,-0.4910206865196636,2.5089793134803364
BLAT_ECOLX_Firnberg_2014,384,33,1.5089793134803364,2.5089793134803364
BLAT_ECOLX_Firnberg_2014,384,34,0.4980677426687884,2.4980677426687885
BLAT_ECOLX_Firnberg_2014,384,35,-0.4801091157081155,2.5198908842918843
BLAT_ECOLX_Firnberg_2014,384,36,-0.4473744032734712,2.5526255967265286
BLAT_ECOLX_Firnberg_2014,384,37,0.5308024551034326,2.5308024551034327
BLAT_ECOLX_Firnberg_2014,384,38,1.5308024551034327,2.5308024551034327
BLAT_ECOLX_Firnberg_2014,384,39,-0.5237553989543078,2.476244601045692
BLAT_ECOLX_Stiffler_2015,24,0,4.536604987932422,1.5366049879324215
BLAT_ECOLX_Stiffler_2015,24,1,0.5172968624296058,1.517296862429606
BLAT_ECOLX_Stiffler_2015,24,2,0.5172968624296058,1.517296862429606
BLAT_ECOLX_Stiffler_2015,24,3,1.517296862429606,1.517296862429606
BLAT_ECOLX_Stiffler_2015,24,4,-0.47304907481898634,1.5269509251810136
BLAT_ECOLX_Stiffler_2015,24,5,2.517296862429606,1.517296862429606
BLAT_ECOLX_Stiffler_2015,24,6,4.536604987932422,1.5366049879324215
BLAT_ECOLX_Stiffler_2015,24,7,-0.4827031375703942,1.517296862429606
BLAT_ECOLX_Stiffler_2015,24,8,0.5172968624296058,1.517296862429606
BLAT_ECOLX_Stiffler_2015,24,9,2.517296862429606,1.517296862429606
BLAT_ECOLX_Stiffler_2015,24,10,1.517296862429606,1.517296862429606
BLAT_ECOLX_Stiffler_2015,24,11,1.517296862429606,1.517296862429606
BLAT_ECOLX_Stiffler_2015,24,12,-0.4827031375703942,1.517296862429606
BLAT_ECOLX_Stiffler_2015,24,13,1.5269509251810136,1.5269509251810136
BLAT_ECOLX_Stiffler_2015,24,14,0.5172968624296058,1.517296862429606
BLAT_ECOLX_Stiffler_2015,24,15,2.526950925181014,1.5269509251810136
BLAT_ECOLX_Stiffler_2015,24,16,1.517296862429606,1.517296862429606
BLAT_ECOLX_Stiffler_2015,24,17,1.517296862429606,1.517296862429606
BLAT_ECOLX_Stiffler_2015,24,18,1.5366049879324215,1.5366049879324215
BLAT_ECOLX_Stiffler_2015,24,19,-0.4827031375703942,1.517296862429606
BLAT_ECOLX_Stiffler_2015,24,20,0.5172968624296058,1.517296862429606
BLAT_ECOLX_Stiffler_2015,24,21,-0.4827031375703942,1.517296862429606
BLAT_ECOLX_Stiffler_2015,24,22,1.517296862429606,1.517296862429606
BLAT_ECOLX_Stiffler_2015,24,23,2.517296862429606,1.517296862429606
BLAT_ECOLX_Stiffler_2015,24,24,1.517296862429606,1.517296862429606
BLAT_ECOLX_Stiffler_2015,24,25,0.5172968624296058,1.517296862429606
BLAT_ECOLX_Stiffler_2015,24,26,3.517296862429606,1.517296862429606
BLAT_ECOLX_Stiffler_2015,24,27,0.5172968624296058,1.517296862429606
BLAT_ECOLX_Stiffler_2015,24,28,-0.4827031375703942,1.517296862429606
BLAT_ECOLX_Stiffler_2015,24,29,0.5172968624296058,1.517296862429606
BLAT_ECOLX_Stiffler_2015,24,30,0.5172968624296058,1.517296862429606
BLAT_ECOLX_Stiffler_2015,24,31,1.517296862429606,1.517296862429606
BLAT_ECOLX_Stiffler_2015,24,32,0.5172968624296058,1.517296862429606
BLAT_ECOLX_Stiffler_2015,24,33,-0.4827031375703942,1.517296862429606
BLAT_ECOLX_Stiffler_2015,24,34,1.5269509251810136,1.5269509251810136
BLAT_ECOLX_Stiffler_2015,24,35,0.5172968624296058,1.517296862429606
BLAT_ECOLX_Stiffler_2015,24,36,-0.47304907481898634,1.5269509251810136
BLAT_ECOLX_Stiffler_2015,24,37,1.517296862429606,1.517296862429606
BLAT_ECOLX_Stiffler_2015,24,38,-0.47304907481898634,1.5269509251810136
BLAT_ECOLX_Stiffler_2015,24,39,0.5269509251810136,1.5269509251810136
BLAT_ECOLX_Stiffler_2015,48,0,1.524656426839127,1.524656426839127
BLAT_ECOLX_Stiffler_2015,48,1,1.5149555375909458,1.5149555375909458
BLAT_ECOLX_Stiffler_2015,48,2,4.524656426839127,1.524656426839127
BLAT_ECOLX_Stiffler_2015,48,3,3.524656426839127,1.524656426839127
BLAT_ECOLX_Stiffler_2015,48,4,1.524656426839127,1.524656426839127
BLAT_ECOLX_Stiffler_2015,48,5,1.5149555375909458,1.5149555375909458
BLAT_ECOLX_Stiffler_2015,48,6,0.5149555375909458,1.5149555375909458
BLAT_ECOLX_Stiffler_2015,48,7,1.5149555375909458,1.5149555375909458
BLAT_ECOLX_Stiffler_2015,48,8,1.534357316087308,1.534357316087308
BLAT_ECOLX_Stiffler_2015,48,9,-0.47534357316087306,1.524656426839127
BLAT_ECOLX_Stiffler_2015,48,10,0.5149555375909458,1.5149555375909458
BLAT_ECOLX_Stiffler_2015,48,11,-0.4850444624090542,1.5149555375909458
BLAT_ECOLX_Stiffler_2015,48,12,1.5149555375909458,1.5149555375909458
BLAT_ECOLX_Stiffler_2015,48,13,3.524656426839127,1.524656426839127
BLAT_ECOLX_Stiffler_2015,48,14,1.5149555375909458,1.5149555375909458
BLAT_ECOLX_Stiffler_2015,48,15,0.5149555375909458,1.5149555375909458
BLAT_ECOLX_Stiffler_2015,48,16,3.534357316087308,1.534357316087308
BLAT_ECOLX_Stiffler_2015,48,17,1.524656426839127,1.524656426839127
BLAT_ECOLX_Stiffler_2015,48,18,2.5149555375909456,1.5149555375909458
BLAT_ECOLX_Stiffler_2015,48,19,0.5149555375909458,1.5149555375909458
BLAT_ECOLX_Stiffler_2015,48,20,1.5149555375909458,1.5149555375909458
BLAT_ECOLX_Stiffler_2015,48,21,0.5149555375909458,1.5149555375909458
BLAT_ECOLX_Stiffler_2015,48,22,0.5149555375909458,1.5149555375909458
BLAT_ECOLX_Stiffler_2015,48,23,0.5149555375909458,1.5149555375909458
BLAT_ECOLX_Stiffler_2015,48,24,0.5440582053354891,1.5440582053354892
BLAT_ECOLX_Stiffler_2015,48,25,-0.4850444624090542,1.5149555375909458
BLAT_ECOLX_Stiffler_2015,48,26,1.5149555375909458,1.5149555375909458
BLAT_ECOLX_Stiffler_2015,48,27,0.5246564268391269,1.524656426839127
BLAT_ECOLX_Stiffler_2015,48,28,1.524656426839127,1.524656426839127
BLAT_ECOLX_Stiffler_2015,48,29,0.5149555375909458,1.5149555375909458
BLAT_ECOLX_Stiffler_2015,48,30,5.514955537590946,1.5149555375909458
BLAT_ECOLX_Stiffler_2015,48,31,2.524656426839127,1.524656426839127
BLAT_ECOLX_Stiffler_2015,48,32,1.5149555375909458,1.5149555375909458
BLAT_ECOLX_Stiffler_2015,48,33,1.5149555375909458,1.5149555375909458
BLAT_ECOLX_Stiffler_2015,48,34,-0.4850444624090542,1.5149555375909458
BLAT_ECOLX_Stiffler_2015,48,35,0.5149555375909458,1.5149555375909458
BLAT_ECOLX_Stiffler_2015,48,36,-0.4559417946645109,0.5440582053354891
BLAT_ECOLX_Stiffler_2015,48,37,-0.4850444624090542,1.5149555375909458
BLAT_ECOLX_Stiffler_2015,48,38,2.534357316087308,1.534357316087308
BLAT_ECOLX_Stiffler_2015,48,39,2.524656426839127,1.524656426839127
BLAT_ECOLX_Stiffler_2015,96,0,2.52,1.52
BLAT_ECOLX_Stiffler_2015,96,1,1.52,1.52
BLAT_ECOLX_Stiffler_2015,96,2,2.510204081632653,1.510204081632653
BLAT_ECOLX_Stiffler_2015,96,3,1.52,1.52
BLAT_ECOLX_Stiffler_2015,96,4,0.5102040816326531,1.510204081632653
BLAT_ECOLX_Stiffler_2015,96,5,-0.48,1.52
BLAT_ECOLX_Stiffler_2015,96,6,0.52,1.52
BLAT_ECOLX_Stiffler_2015,96,7,2.529795918367347,1.529795918367347
BLAT_ECOLX_Stiffler_2015,96,8,1.529795918367347,1.529795918367347
BLAT_ECOLX_Stiffler_2015,96,9,2.529795918367347,1.529795918367347
BLAT_ECOLX_Stiffler_2015,96,10,1.52,1.52
BLAT_ECOLX_Stiffler_2015,96,11,1.510204081632653,1.510204081632653
BLAT_ECOLX_Stiffler_2015,96,12,0.52,1.52
BLAT_ECOLX_Stiffler_2015,96,13,1.52,1.52
BLAT_ECOLX_Stiffler_2015,96,14,0.52,1.52
BLAT_ECOLX_Stiffler_2015,96,15,0.52,1.52
BLAT_ECOLX_Stiffler_2015,96,16,0.52,1.52
BLAT_ECOLX_Stiffler_2015,96,17,0.52,0.52
BLAT_ECOLX_Stiffler_2015,96,18,0.52,1.52
BLAT_ECOLX_Stiffler_2015,96,19,0.5102040816326531,1.510204081632653
BLAT_ECOLX_Stiffler_2015,96,20,5.52,1.52
BLAT_ECOLX_Stiffler_2015,96,21,5.529795918367347,1.529795918367347
BLAT_ECOLX_Stiffler_2015,96,22,0.52,1.52
BLAT_ECOLX_Stiffler_2015,96,23,0.52,0.52
BLAT_ECOLX_Stiffler_2015,96,24,0.529795918367347,0.529795918367347
BLAT_ECOLX_Stiffler_2015,96,25,1.529795918367347,0.529795918367347
BLAT_ECOLX_Stiffler_2015,96,26,0.52,1.52
BLAT_ECOLX_Stiffler_2015,96,27,-0.48,1.52
BLAT_ECOLX_Stiffler_2015,96,28,0.5102040816326531,1.510204081632653
BLAT_ECOLX_Stiffler_2015,96,29,2.529795918367347,1.529795918367347
BLAT_ECOLX_Stiffler_2015,96,30,1.529795918367347,1.529795918367347
BLAT_ECOLX_Stiffler_2015,96,31,0.5102040816326531,1.510204081632653
BLAT_ECOLX_Stiffler_2015,96,32,1.52,1.52
BLAT_ECOLX_Stiffler_2015,96,33,1.5493877551020407,1.5493877551020407
BLAT_ECOLX_Stiffler_2015,96,34,3.529795918367347,1.529795918367347
BLAT_ECOLX_Stiffler_2015,96,35,1.52,1.52
BLAT_ECOLX_Stiffler_2015,96,36,1.52,1.52
BLAT_ECOLX_Stiffler_2015,96,37,1.52,1.52
BLAT_ECOLX_Stiffler_2015,96,38,1.52,1.52
BLAT_ECOLX_Stiffler_2015,96,39,1.510204081632653,1.510204081632653
BLAT_ECOLX_Stiffler_2015,192,0,3.540383014154871,0.5403830141548709
BLAT_ECOLX_Stiffler_2015,192,1,4.520399666944213,1.520399666944213
BLAT_ECOLX_Stiffler_2015,192,2,0.5104079933388843,1.5104079933388843
BLAT_ECOLX_Stiffler_2015,192,3,1.520399666944213,1.520399666944213
BLAT_ECOLX_Stiffler_2015,192,4,2.5104079933388843,1.5104079933388843
BLAT_ECOLX_Stiffler_2015,192,5,1.5403830141548709,0.5403830141548709
BLAT_ECOLX_Stiffler_2015,192,6,0.5203996669442131,1.520399666944213
BLAT_ECOLX_Stiffler_2015,192,7,-0.45961698584512906,1.5403830141548709
BLAT_ECOLX_Stiffler_2015,192,8,0.5403830141548709,1.5403830141548709
BLAT_ECOLX_Stiffler_2015,192,9,1.5004163197335554,1.5004163197335554
BLAT_ECOLX_Stiffler_2015,192,10,1.5104079933388843,1.5104079933388843
BLAT_ECOLX_Stiffler_2015,192,11,1.5104079933388843,1.5104079933388843
BLAT_ECOLX_Stiffler_2015,192,12,-0.48959200666111574,1.5104079933388843
BLAT_ECOLX_Stiffler_2015,192,13,1.520399666944213,1.520399666944213
BLAT_ECOLX_Stiffler_2015,192,14,0.5004163197335554,1.5004163197335554
BLAT_ECOLX_Stiffler_2015,192,15,-0.4995836802664446,1.5004163197335554
BLAT_ECOLX_Stiffler_2015,192,16,-0.45961698584512906,1.5403830141548709
BLAT_ECOLX_Stiffler_2015,192,17,0.5303913405495421,1.5303913405495422
BLAT_ECOLX_Stiffler_2015,192,18,0.5104079933388843,1.5104079933388843
BLAT_ECOLX_Stiffler_2015,192,19,3.5104079933388843,1.5104079933388843
BLAT_ECOLX_Stiffler_2015,192,20,-0.47960033305578686,1.520399666944213
BLAT_ECOLX_Stiffler_2015,192,21,-0.47960033305578686,1.520399666944213
BLAT_ECOLX_Stiffler_2015,192,22,2.530391340549542,1.5303913405495422
BLAT_ECOLX_Stiffler_2015,192,23,2.520399666944213,1.520399666944213
BLAT_ECOLX_Stiffler_2015,192,24,0.5104079933388843,1.5104079933388843
BLAT_ECOLX_Stiffler_2015,192,25,-0.48959200666111574,1.5104079933388843
BLAT_ECOLX_Stiffler_2015,192,26,-0.47960033305578686,1.520399666944213
BLAT_ECOLX_Stiffler_2015,192,27,1.5104079933388843,1.5104079933388843
BLAT_ECOLX_Stiffler_2015,192,28,3.520399666944213,1.520399666944213
BLAT_ECOLX_Stiffler_2015,192,29,0.5004163197335554,1.5004163197335554
BLAT_ECOLX_Stiffler_2015,192,30,0.5104079933388843,1.5104079933388843
BLAT_ECOLX_Stiffler_2015,192,31,-0.48959200666111574,1.5104079933388843
BLAT_ECOLX_Stiffler_2015,192,32,2.5104079933388843,1.5104079933388843
BLAT_ECOLX_Stiffler_2015,192,33,0.5203996669442131,1.520399666944213
BLAT_ECOLX_Stiffler_2015,192,34,-0.48959200666111574,1.5104079933388843
BLAT_ECOLX_Stiffler_2015,192,35,1.5403830141548709,1.5403830141548709
BLAT_ECOLX_Stiffler_2015,192,36,0.5104079933388843,1.5104079933388843
BLAT_ECOLX_Stiffler_2015,192,37,1.5403830141548709,1.5403830141548709
BLAT_ECOLX_Stiffler_2015,192,38,0.5004163197335554,1.5004163197335554
BLAT_ECOLX_Stiffler_2015,192,39,2.5104079933388843,1.5104079933388843
BLAT_ECOLX_Stiffler_2015,384,0,1.5524718126626191,1.5524718126626191
BLAT_ECOLX_Stiffler_2015,384,1,0.5316565481352993,1.5316565481352993
BLAT_ECOLX_Stiffler_2015,384,2,0.5004336513443192,1.500433651344319
BLAT_ECOLX_Stiffler_2015,384,3,0.4900260190806591,1.4900260190806591
BLAT_ECOLX_Stiffler_2015,384,4,-0.4787510841283608,1.5212489158716391
BLAT_ECOLX_Stiffler_2015,384,5,2.5316565481352993,1.5316565481352993
BLAT_ECOLX_Stiffler_2015,384,6,1.5316565481352993,0.5316565481352993
BLAT_ECOLX_Stiffler_2015,384,7,0.5316565481352993,1.5316565481352993
BLAT_ECOLX_Stiffler_2015,384,8,1.5108412836079792,0.5108412836079792
BLAT_ECOLX_Stiffler_2015,384,9,0.4900260190806591,1.4900260190806591
BLAT_ECOLX_Stiffler_2015,384,10,5.521248915871639,1.5212489158716391
BLAT_ECOLX_Stiffler_2015,384,11,1.5316565481352993,0.5316565481352993
BLAT_ECOLX_Stiffler_2015,384,12,0.5108412836079792,1.5108412836079792
BLAT_ECOLX_Stiffler_2015,384,13,4.510841283607979,1.5108412836079792
BLAT_ECOLX_Stiffler_2015,384,14,0.5108412836079792,0.5108412836079792
BLAT_ECOLX_Stiffler_2015,384,15,-0.4787510841283608,1.5212489158716391
BLAT_ECOLX_Stiffler_2015,384,16,1.5316565481352993,0.5316565481352993
BLAT_ECOLX_Stiffler_2015,384,17,0.5316565481352993,1.5316565481352993
BLAT_ECOLX_Stiffler_2015,384,18,-0.4371205550737207,1.5628794449262793
BLAT_ECOLX_Stiffler_2015,384,19,0.5108412836079792,1.5108412836079792
BLAT_ECOLX_Stiffler_2015,384,20,0.5420641803989592,1.5420641803989592
BLAT_ECOLX_Stiffler_2015,384,21,2.5732870771899394,1.5732870771899392
BLAT_ECOLX_Stiffler_2015,384,22,1.5108412836079792,1.5108412836079792
BLAT_ECOLX_Stiffler_2015,384,23,1.5108412836079792,1.5108412836079792
BLAT_ECOLX_Stiffler_2015,384,24,1.500433651344319,1.500433651344319
BLAT_ECOLX_Stiffler_2015,384,25,0.5108412836079792,1.5108412836079792
BLAT_ECOLX_Stiffler_2015,384,26,0.5212489158716391,1.5212489158716391
BLAT_ECOLX_Stiffler_2015,384,27,-0.4787510841283608,1.5212489158716391
BLAT_ECOLX_Stiffler_2015,384,28,2.5212489158716394,1.5212489158716391
BLAT_ECOLX_Stiffler_2015,384,29,-0.4787510841283608,1.5212489158716391
BLAT_ECOLX_Stiffler_2015,384,30,0.5212489158716391,1.5212489158716391
BLAT_ECOLX_Stiffler_2015,384,31,0.5212489158716391,1.5212489158716391
BLAT_ECOLX_Stiffler_2015,384,32,-0.5099739809193409,1.4900260190806591
BLAT_ECOLX_Stiffler_2015,384,33,2.5212489158716394,1.5212489158716391
BLAT_ECOLX_Stiffler_2015,384,34,-0.4683434518647008,0.5316565481352993
BLAT_ECOLX_Stiffler_2015,384,35,2.5316565481352993,1.5316565481352993
BLAT_ECOLX_Stiffler_2015,384,36,0.5316565481352993,1.5316565481352993
BLAT_ECOLX_Stiffler_2015,384,37,0.4796183868169991,1.4796183868169992
BLAT_ECOLX_Stiffler_2015,384,38,-0.4683434518647008,1.5316565481352993
BLAT_ECOLX_Stiffler_2015,384,39,2.510841283607979,1.5108412836079792
CALM1_HUMAN_Weile_2017,24,0,0.5170486305198435,-0.4829513694801565
CALM1_HUMAN_Weile_2017,24,1,0.5170486305198435,-0.4829513694801565
CALM1_HUMAN_Weile_2017,24,2,0.5170486305198435,-0.4829513694801565
CALM1_HUMAN_Weile_2017,24,3,-0.4829513694801565,-0.4829513694801565
CALM1_HUMAN_Weile_2017,24,4,-0.4829513694801565,-0.4829513694801565
CALM1_HUMAN_Weile_2017,24,5,-0.45612073784237006,-0.45612073784237006
CALM1_HUMAN_Weile_2017,24,6,-0.4829513694801565,-0.4829513694801565
CALM1_HUMAN_Weile_2017,24,7,-0.45612073784237006,-0.45612073784237006
CALM1_HUMAN_Weile_2017,24,8,-0.4829513694801565,-0.4829513694801565
CALM1_HUMAN_Weile_2017,24,9,-0.4829513694801565,-0.4829513694801565
CALM1_HUMAN_Weile_2017,24,10,1.5438792621576298,-0.45612073784237006
CALM1_HUMAN_Weile_2017,24,11,-0.45612073784237006,-0.45612073784237006
CALM1_HUMAN_Weile_2017,24,12,-0.45612073784237006,-0.45612073784237006
CALM1_HUMAN_Weile_2017,24,13,-0.45612073784237006,-0.45612073784237006
CALM1_HUMAN_Weile_2017,24,14,0.5170486305198435,-0.4829513694801565
CALM1_HUMAN_Weile_2017,24,15,-0.4829513694801565,-0.4829513694801565
CALM1_HUMAN_Weile_2017,24,16,-0.4829513694801565,-0.4829513694801565
CALM1_HUMAN_Weile_2017,24,17,-0.4829513694801565,-0.4829513694801565
CALM1_HUMAN_Weile_2017,24,18,-0.4829513694801565,-0.4829513694801565
CALM1_HUMAN_Weile_2017,24,19,-0.4829513694801565,-0.4829513694801565
CALM1_HUMAN_Weile_2017,24,20,-0.4829513694801565,-0.4829513694801565
CALM1_HUMAN_Weile_2017,24,21,0.5170486305198435,-0.4829513694801565
CALM1_HUMAN_Weile_2017,24,22,0.5170486305198435,-0.4829513694801565
CALM1_HUMAN_Weile_2017,24,23,-0.45612073784237006,-0.45612073784237006
CALM1_HUMAN_Weile_2017,24,24,0.5438792621576299,-0.45612073784237006
CALM1_HUMAN_Weile_2017,24,25,-0.4829513694801565,-0.4829513694801565
CALM1_HUMAN_Weile_2017,24,26,-0.4829513694801565,-0.4829513694801565
CALM1_HUMAN_Weile_2017,24,27,-0.4292901062045836,-0.4292901062045836
CALM1_HUMAN_Weile_2017,24,28,-0.4829513694801565,-0.4829513694801565
CALM1_HUMAN_Weile_2017,24,29,0.5170486305198435,-0.4829513694801565
CALM1_HUMAN_Weile_2017,24,30,1.5438792621576298,-0.45612073784237006
CALM1_HUMAN_Weile_2017,24,31,-0.4829513694801565,-0.4829513694801565
CALM1_HUMAN_Weile_2017,24,32,0.5170486305198435,-0.4829513694801565
CALM1_HUMAN_Weile_2017,24,33,-0.4829513694801565,-0.4829513694801565
CALM1_HUMAN_Weile_2017,24,34,-0.4829513694801565,-0.4829513694801565
CALM1_HUMAN_Weile_2017,24,35,1.5170486305198434,-0.4829513694801565
CALM1_HUMAN_Weile_2017,24,36,-0.4292901062045836,-0.4292901062045836
CALM1_HUMAN_Weile_2017,24,37,0.5170486305198435,-0.4829513694801565
CALM1_HUMAN_Weile_2017,24,38,0.5170486305198435,-0.4829513694801565
CALM1_HUMAN_Weile_2017,24,39,0.5170486305198435,-0.4829513694801565
CALM1_HUMAN_Weile_2017,48,0,-0.4623229461756374,-0.4623229461756374
CALM1_HUMAN_Weile_2017,48,1,3.5104815864022663,-0.48951841359773374
CALM1_HUMAN_Weile_2017,48,2,-0.48951841359773374,-0.48951841359773374
CALM1_HUMAN_Weile_2017,48,3,-0.48951841359773374,-0.48951841359773374
CALM1_HUMAN_Weile_2017,48,4,-0.4623229461756374,-0.4623229461756374
CALM1_HUMAN_Weile_2017,48,5,-0.48951841359773374,-0.48951841359773374
CALM1_HUMAN_Weile_2017,48,6,-0.48951841359773374,-0.48951841359773374
CALM1_HUMAN_Weile_2017,48,7,-0.48951841359773374,-0.48951841359773374
CALM1_HUMAN_Weile_2017,48,8,0.5376770538243626,-0.4623229461756374
CALM1_HUMAN_Weile_2017,48,9,-0.48951841359773374,-0.48951841359773374
CALM1_HUMAN_Weile_2017,48,10,0.5648725212464589,-0.4351274787535411
CALM1_HUMAN_Weile_2017,48,11,-0.48951841359773374,-0.48951841359773374
CALM1_HUMAN_Weile_2017,48,12,-0.4351274787535411,-0.4351274787535411
CALM1_HUMAN_Weile_2017,48,13,-0.48951841359773374,-0.48951841359773374
CALM1_HUMAN_Weile_2017,48,14,-0.48951841359773374,-0.48951841359773374
CALM1_HUMAN_Weile_2017,48,15,-0.48951841359773374,-0.48951841359773374
CALM1_HUMAN_Weile_2017,48,16,-0.48951841359773374,-0.48951841359773374
CALM1_HUMAN_Weile_2017,48,17,-0.48951841359773374,-0.48951841359773374
CALM1_HUMAN_Weile_2017,48,18,-0.4351274787535411,-0.4351274787535411
CALM1_HUMAN_Weile_2017,48,19,-0.48951841359773374,-0.48951841359773374
CALM1_HUMAN_Weile_2017,48,20,0.5104815864022663,-0.48951841359773374
CALM1_HUMAN_Weile_2017,48,21,-0.48951841359773374,-0.48951841359773374
CALM1_HUMAN_Weile_2017,48,22,-0.48951841359773374,-0.48951841359773374
CALM1_HUMAN_Weile_2017,48,23,0.5376770538243626,-0.4623229461756374
CALM1_HUMAN_Weile_2017,48,24,-0.48951841359773374,-0.48951841359773374
CALM1_HUMAN_Weile_2017,48,25,-0.4623229461756374,-0.4623229461756374
CALM1_HUMAN_Weile_2017,48,26,-0.48951841359773374,-0.48951841359773374
CALM1_HUMAN_Weile_2017,48,27,-0.48951841359773374,-0.48951841359773374
CALM1_HUMAN_Weile_2017,48,28,-0.48951841359773374,-0.48951841359773374
CALM1_HUMAN_Weile_2017,48,29,-0.48951841359773374,-0.48951841359773374
CALM1_HUMAN_Weile_2017,48,30,0.5376770538243626,-0.4623229461756374
CALM1_HUMAN_Weile_2017,48,31,-0.4351274787535411,-0.4351274787535411
CALM1_HUMAN_Weile_2017,48,32,0.5104815864022663,-0.48951841359773374
CALM1_HUMAN_Weile_2017,48,33,-0.48951841359773374,-0.48951841359773374
CALM1_HUMAN_Weile_2017,48,34,-0.48951841359773374,-0.48951841359773374
CALM1_HUMAN_Weile_2017,48,35,0.5104815864022663,-0.48951841359773374
CALM1_HUMAN_Weile_2017,48,36,-0.48951841359773374,-0.48951841359773374
CALM1_HUMAN_Weile_2017,48,37,0.5376770538243626,-0.4623229461756374
CALM1_HUMAN_Weile_2017,48,38,-0.48951841359773374,-0.48951841359773374
CALM1_HUMAN_Weile_2017,48,39,-0.48951841359773374,-0.48951841359773374
CALM1_HUMAN_Weile_2017,96,0,-0.41933605125218404,-0.41933605125218404
CALM1_HUMAN_Weile_2017,96,1,-0.4752475247524752,-0.4752475247524752
CALM1_HUMAN_Weile_2017,96,2,-0.44729178800232966,-0.44729178800232966
CALM1_HUMAN_Weile_2017,96,3,-0.5032032615026208,-0.5032032615026208
CALM1_HUMAN_Weile_2017,96,4,-0.5032032615026208,-0.5032032615026208
CALM1_HUMAN_Weile_2017,96,5,-0.4752475247524752,-0.4752475247524752
CALM1_HUMAN_Weile_2017,96,6,-0.5032032615026208,-0.5032032615026208
CALM1_HUMAN_Weile_2017,96,7,-0.5032032615026208,-0.5032032615026208
CALM1_HUMAN_Weile_2017,96,8,-0.4752475247524752,-0.4752475247524752
CALM1_HUMAN_Weile_2017,96,9,-0.5032032615026208,-0.5032032615026208
CALM1_HUMAN_Weile_2017,96,10,0.5247524752475248,-0.4752475247524752
CALM1_HUMAN_Weile_2017,96,11,-0.41933605125218404,-0.41933605125218404
CALM1_HUMAN_Weile_2017,96,12,0.49679673849737915,-0.5032032615026208
CALM1_HUMAN_Weile_2017,96,13,-0.5032032615026208,-0.5032032615026208
CALM1_HUMAN_Weile_2017,96,14,-0.4752475247524752,-0.4752475247524752
CALM1_HUMAN_Weile_2017,96,15,0.5527082119976703,-0.44729178800232966
CALM1_HUMAN_Weile_2017,96,16,1.5527082119976703,-0.44729178800232966
CALM1_HUMAN_Weile_2017,96,17,-0.5032032615026208,-0.5032032615026208
CALM1_HUMAN_Weile_2017,96,18,-0.5032032615026208,-0.5032032615026208
CALM1_HUMAN_Weile_2017,96,19,-0.4752475247524752,-0.4752475247524752
CALM1_HUMAN_Weile_2017,96,20,0.5247524752475248,-0.4752475247524752
CALM1_HUMAN_Weile_2017,96,21,0.5247524752475248,-0.4752475247524752
CALM1_HUMAN_Weile_2017,96,22,0.49679673849737915,-0.5032032615026208
CALM1_HUMAN_Weile_2017,96,23,-0.4752475247524752,-0.4752475247524752
CALM1_HUMAN_Weile_2017,96,24,-0.4752475247524752,-0.4752475247524752
CALM1_HUMAN_Weile_2017,96,25,-0.4752475247524752,-0.4752475247524752
CALM1_HUMAN_Weile_2017,96,26,-0.5032032615026208,-0.5032032615026208
CALM1_HUMAN_Weile_2017,96,27,-0.4752475247524752,-0.4752475247524752
CALM1_HUMAN_Weile_2017,96,28,-0.5032032615026208,-0.5032032615026208
CALM1_HUMAN_Weile_2017,96,29,-0.5032032615026208,-0.5032032615026208
CALM1_HUMAN_Weile_2017,96,30,0.6365754222481071,-0.36342457775189285
CALM1_HUMAN_Weile_2017,96,31,-0.5032032615026208,-0.5032032615026208
CALM1_HUMAN_Weile_2017,96,32,-0.5032032615026208,-0.5032032615026208
CALM1_HUMAN_Weile_2017,96,33,-0.5032032615026208,-0.5032032615026208
CALM1_HUMAN_Weile_2017,96,34,0.580663948747816,-0.41933605125218404
CALM1_HUMAN_Weile_2017,96,35,-0.4752475247524752,-0.4752475247524752
CALM1_HUMAN_Weile_2017,96,36,-0.5032032615026208,-0.5032032615026208
CALM1_HUMAN_Weile_2017,96,37,0.49679673849737915,-0.5032032615026208
CALM1_HUMAN_Weile_2017,96,38,0.5247524752475248,-0.4752475247524752
CALM1_HUMAN_Weile_2017,96,39,-0.4752475247524752,-0.4752475247524752
CALM1_HUMAN_Weile_2017,192,0,-0.5033929673041333,-0.5033929673041333
CALM1_HUMAN_Weile_2017,192,1,-0.5330043183220234,-0.5330043183220234
CALM1_HUMAN_Weile_2017,192,2,-0.44417026526835285,-0.44417026526835285
CALM1_HUMAN_Weile_2017,192,3,-0.5330043183220234,-0.5330043183220234
CALM1_HUMAN_Weile_2017,192,4,-0.5033929673041333,-0.5033929673041333
CALM1_HUMAN_Weile_2017,192,5,-0.47378161628624305,-0.47378161628624305
CALM1_HUMAN_Weile_2017,192,6,-0.5033929673041333,-0.5033929673041333
CALM1_HUMAN_Weile_2017,192,7,0.4966070326958667,-0.5033929673041333
CALM1_HUMAN_Weile_2017,192,8,-0.47378161628624305,-0.47378161628624305
CALM1_HUMAN_Weile_2017,192,9,-0.5330043183220234,-0.5330043183220234
CALM1_HUMAN_Weile_2017,192,10,-0.47378161628624305,-0.47378161628624305
CALM1_HUMAN_Weile_2017,192,11,-0.47378161628624305,-0.47378161628624305
CALM1_HUMAN_Weile_2017,192,12,-0.41455891425046265,-0.41455891425046265
CALM1_HUMAN_Weile_2017,192,13,-0.47378161628624305,-0.47378161628624305
CALM1_HUMAN_Weile_2017,192,14,-0.5330043183220234,-0.5330043183220234
CALM1_HUMAN_Weile_2017,192,15,0.46699568167797656,-0.5330043183220234
CALM1_HUMAN_Weile_2017,192,16,-0.44417026526835285,-0.44417026526835285
CALM1_HUMAN_Weile_2017,192,17,-0.47378161628624305,-0.47378161628624305
CALM1_HUMAN_Weile_2017,192,18,0.4966070326958667,-0.5033929673041333
CALM1_HUMAN_Weile_2017,192,19,-0.44417026526835285,-0.44417026526835285
CALM1_HUMAN_Weile_2017,192,20,-0.47378161628624305,-0.47378161628624305
CALM1_HUMAN_Weile_2017,192,21,-0.44417026526835285,-0.44417026526835285
CALM1_HUMAN_Weile_2017,192,22,-0.44417026526835285,-0.44417026526835285
CALM1_HUMAN_Weile_2017,192,23,0.5558297347316472,-0.44417026526835285
CALM1_HUMAN_Weile_2017,192,24,-0.47378161628624305,-0.47378161628624305
CALM1_HUMAN_Weile_2017,192,25,-0.3553362122146823,-0.3553362122146823
CALM1_HUMAN_Weile_2017,192,26,-0.47378161628624305,-0.47378161628624305
CALM1_HUMAN_Weile_2017,192,27,-0.41455891425046265,-0.41455891425046265
CALM1_HUMAN_Weile_2017,192,28,0.5558297347316472,-0.44417026526835285
CALM1_HUMAN_Weile_2017,192,29,-0.44417026526835285,-0.44417026526835285
CALM1_HUMAN_Weile_2017,192,30,-0.47378161628624305,-0.47378161628624305
CALM1_HUMAN_Weile_2017,192,31,-0.47378161628624305,-0.47378161628624305
CALM1_HUMAN_Weile_2017,192,32,-0.44417026526835285,-0.44417026526835285
CALM1_HUMAN_Weile_2017,192,33,-0.47378161628624305,-0.47378161628624305
CALM1_HUMAN_Weile_2017,192,34,0.526218383713757,-0.47378161628624305
CALM1_HUMAN_Weile_2017,192,35,-0.47378161628624305,-0.47378161628624305
CALM1_HUMAN_Weile_2017,192,36,-0.5033929673041333,-0.5033929673041333
CALM1_HUMAN_Weile_2017,192,37,-0.47378161628624305,-0.47378161628624305
CALM1_HUMAN_Weile_2017,192,38,-0.47378161628624305,-0.47378161628624305
CALM1_HUMAN_Weile_2017,192,39,-0.44417026526835285,-0.44417026526835285
CALM1_HUMAN_Weile_2017,384,0,-0.470258922323303,-0.470258922323303
CALM1_HUMAN_Weile_2017,384,1,-0.470258922323303,-0.470258922323303
CALM1_HUMAN_Weile_2017,384,2,-0.5710286913925823,-0.5710286913925823
CALM1_HUMAN_Weile_2017,384,3,-0.3694891532540238,-0.3694891532540238
CALM1_HUMAN_Weile_2017,384,4,-0.4366689993002099,-0.4366689993002099
CALM1_HUMAN_Weile_2017,384,5,-0.470258922323303,-0.470258922323303
CALM1_HUMAN_Weile_2017,384,6,-0.5038488453463961,-0.5038488453463961
CALM1_HUMAN_Weile_2017,384,7,-0.5038488453463961,-0.5038488453463961
CALM1_HUMAN_Weile_2017,384,8,-0.4366689993002099,-0.4366689993002099
CALM1_HUMAN_Weile_2017,384,9,-0.40307907627711687,-0.40307907627711687
CALM1_HUMAN_Weile_2017,384,10,-0.5374387683694891,-0.5374387683694891
CALM1_HUMAN_Weile_2017,384,11,0.4289713086074177,-0.5710286913925823
CALM1_HUMAN_Weile_2017,384,12,-0.470258922323303,-0.470258922323303
CALM1_HUMAN_Weile_2017,384,13,-0.5374387683694891,-0.5374387683694891
CALM1_HUMAN_Weile_2017,384,14,-0.470258922323303,-0.470258922323303
CALM1_HUMAN_Weile_2017,384,15,-0.4366689993002099,-0.4366689993002099
CALM1_HUMAN_Weile_2017,384,16,-0.470258922323303,-0.470258922323303
CALM1_HUMAN_Weile_2017,384,17,0.4625612316305109,-0.5374387683694891
CALM1_HUMAN_Weile_2017,384,18,-0.5710286913925823,-0.5710286913925823
CALM1_HUMAN_Weile_2017,384,19,0.4625612316305109,-0.5374387683694891
CALM1_HUMAN_Weile_2017,384,20,-0.5710286913925823,-0.5710286913925823
CALM1_HUMAN_Weile_2017,384,21,-0.470258922323303,-0.470258922323303
CALM1_HUMAN_Weile_2017,384,22,-0.3358992302309307,-0.3358992302309307
CALM1_HUMAN_Weile_2017,384,23,-0.3694891532540238,-0.3694891532540238
CALM1_HUMAN_Weile_2017,384,24,-0.5038488453463961,-0.5038488453463961
CALM1_HUMAN_Weile_2017,384,25,-0.5038488453463961,-0.5038488453463961
CALM1_HUMAN_Weile_2017,384,26,0.6305108467459761,-0.3694891532540238
CALM1_HUMAN_Weile_2017,384,27,-0.5038488453463961,-0.5038488453463961
CALM1_HUMAN_Weile_2017,384,28,-0.5710286913925823,-0.5710286913925823
CALM1_HUMAN_Weile_2017,384,29,-0.4366689993002099,-0.4366689993002099
CALM1_HUMAN_Weile_2017,384,30,-0.5374387683694891,-0.5374387683694891
CALM1_HUMAN_Weile_2017,384,31,-0.3694891532540238,-0.3694891532540238
CALM1_HUMAN_Weile_2017,384,32,-0.5374387683694891,-0.5374387683694891
CALM1_HUMAN_Weile_2017,384,33,-0.5038488453463961,-0.5038488453463961
CALM1_HUMAN_Weile_2017,384,34,0.4625612316305109,-0.5374387683694891
CALM1_HUMAN_Weile_2017,384,35,-0.40307907627711687,-0.40307907627711687
CALM1_HUMAN_Weile_2017,384,36,-0.5374387683694891,-0.5374387683694891
CALM1_HUMAN_Weile_2017,384,37,0.5969209237228832,-0.40307907627711687
CALM1_HUMAN_Weile_2017,384,38,-0.5038488453463961,-0.5038488453463961
CALM1_HUMAN_Weile_2017,384,39,-0.40307907627711687,-0.40307907627711687
CCDB_ECOLI_Tripathi_2016,24,0,-0.4978645515558267,-0.4978645515558267
CCDB_ECOLI_Tripathi_2016,24,1,-0.4978645515558267,-0.4978645515558267
CCDB_ECOLI_Tripathi_2016,24,2,-0.4685784014643075,-0.4685784014643075
CCDB_ECOLI_Tripathi_2016,24,3,-0.4978645515558267,-0.4978645515558267
CCDB_ECOLI_Tripathi_2016,24,4,1.5021354484441733,-0.4978645515558267
CCDB_ECOLI_Tripathi_2016,24,5,1.5314215985356925,-0.4685784014643075
CCDB_ECOLI_Tripathi_2016,24,6,-0.4978645515558267,-0.4978645515558267
CCDB_ECOLI_Tripathi_2016,24,7,0.5021354484441733,-0.4978645515558267
CCDB_ECOLI_Tripathi_2016,24,8,1.5314215985356925,-0.4685784014643075
CCDB_ECOLI_Tripathi_2016,24,9,-0.4978645515558267,-0.4978645515558267
CCDB_ECOLI_Tripathi_2016,24,10,-0.4978645515558267,-0.4978645515558267
CCDB_ECOLI_Tripathi_2016,24,11,-0.4978645515558267,-0.4978645515558267
CCDB_ECOLI_Tripathi_2016,24,12,-0.4978645515558267,-0.4978645515558267
CCDB_ECOLI_Tripathi_2016,24,13,-0.4978645515558267,-0.4978645515558267
CCDB_ECOLI_Tripathi_2016,24,14,1.5021354484441733,-0.4978645515558267
CCDB_ECOLI_Tripathi_2016,24,15,-0.4685784014643075,-0.4685784014643075
CCDB_ECOLI_Tripathi_2016,24,16,-0.4978645515558267,-0.4978645515558267
CCDB_ECOLI_Tripathi_2016,24,17,-0.4978645515558267,-0.4978645515558267
CCDB_ECOLI_Tripathi_2016,24,18,2.5314215985356925,-0.4685784014643075
CCDB_ECOLI_Tripathi_2016,24,19,-0.4978645515558267,-0.4978645515558267
CCDB_ECOLI_Tripathi_2016,24,20,-0.4978645515558267,-0.4978645515558267
CCDB_ECOLI_Tripathi_2016,24,21,-0.4978645515558267,-0.4978645515558267
CCDB_ECOLI_Tripathi_2016,24,22,-0.4978645515558267,-0.4978645515558267
CCDB_ECOLI_Tripathi_2016,24,23,-0.4978645515558267,-0.4978645515558267
CCDB_ECOLI_Tripathi_2016,24,24,-0.4100061012812691,-0.4100061012812691
CCDB_ECOLI_Tripathi_2016,24,25,-0.4978645515558267,-0.4978645515558267
CCDB_ECOLI_Tripathi_2016,24,26,-0.4978645515558267,-0.4978645515558267
CCDB_ECOLI_Tripathi_2016,24,27,-0.4978645515558267,-0.4978645515558267
CCDB_ECOLI_Tripathi_2016,24,28,-0.4978645515558267,-0.4978645515558267
CCDB_ECOLI_Tripathi_2016,24,29,6.531421598535692,-0.4685784014643075
CCDB_ECOLI_Tripathi_2016,24,30,-0.4978645515558267,-0.4978645515558267
CCDB_ECOLI_Tripathi_2016,24,31,-0.4685784014643075,-0.4685784014643075
CCDB_ECOLI_Tripathi_2016,24,32,-0.4685784014643075,-0.4685784014643075
CCDB_ECOLI_Tripathi_2016,24,33,-0.4685784014643075,-0.4685784014643075
CCDB_ECOLI_Tripathi_2016,24,34,-0.4978645515558267,-0.4978645515558267
CCDB_ECOLI_Tripathi_2016,24,35,-0.4978645515558267,-0.4978645515558267
CCDB_ECOLI_Tripathi_2016,24,36,-0.4978645515558267,-0.4978645515558267
CCDB_ECOLI_Tripathi_2016,24,37,-0.4978645515558267,-0.4978645515558267
CCDB_ECOLI_Tripathi_2016,24,38,-0.4978645515558267,-0.4978645515558267
CCDB_ECOLI_Tripathi_2016,24,39,1.5021354484441733,-0.4978645515558267
CCDB_ECOLI_Tripathi_2016,48,0,-0.5052631578947369,-0.5052631578947369
CCDB_ECOLI_Tripathi_2016,48,1,-0.5052631578947369,-0.5052631578947369
CCDB_ECOLI_Tripathi_2016,48,2,-0.5052631578947369,-0.5052631578947369
CCDB_ECOLI_Tripathi_2016,48,3,1.5244582043343653,-0.47554179566563465
CCDB_ECOLI_Tripathi_2016,48,4,-0.47554179566563465,-0.47554179566563465
CCDB_ECOLI_Tripathi_2016,48,5,-0.5052631578947369,-0.5052631578947369
CCDB_ECOLI_Tripathi_2016,48,6,-0.5052631578947369,-0.5052631578947369
CCDB_ECOLI_Tripathi_2016,48,7,-0.47554179566563465,-0.47554179566563465
CCDB_ECOLI_Tripathi_2016,48,8,-0.47554179566563465,-0.47554179566563465
CCDB_ECOLI_Tripathi_2016,48,9,-0.47554179566563465,-0.47554179566563465
CCDB_ECOLI_Tripathi_2016,48,10,4.5244582043343655,-0.47554179566563465
CCDB_ECOLI_Tripathi_2016,48,11,-0.5052631578947369,-0.5052631578947369
CCDB_ECOLI_Tripathi_2016,48,12,2.5541795665634677,-0.4458204334365325
CCDB_ECOLI_Tripathi_2016,48,13,-0.5052631578947369,-0.5052631578947369
CCDB_ECOLI_Tripathi_2016,48,14,-0.47554179566563465,-0.47554179566563465
CCDB_ECOLI_Tripathi_2016,48,15,-0.5052631578947369,-0.5052631578947369
CCDB_ECOLI_Tripathi_2016,48,16,0.49473684210526314,-0.5052631578947369
CCDB_ECOLI_Tripathi_2016,48,17,-0.4458204334365325,-0.4458204334365325
CCDB_ECOLI_Tripathi_2016,48,18,-0.4458204334365325,-0.4458204334365325
CCDB_ECOLI_Tripathi_2016,48,19,-0.5052631578947369,-0.5052631578947369
CCDB_ECOLI_Tripathi_2016,48,20,-0.5052631578947369,-0.5052631578947369
CCDB_ECOLI_Tripathi_2016,48,21,-0.5052631578947369,-0.5052631578947369
CCDB_ECOLI_Tripathi_2016,48,22,-0.5052631578947369,-0.5052631578947369
CCDB_ECOLI_Tripathi_2016,48,23,-0.5052631578947369,-0.5052631578947369
CCDB_ECOLI_Tripathi_2016,48,24,-0.47554179566563465,-0.47554179566563465
CCDB_ECOLI_Tripathi_2016,48,25,-0.5052631578947369,-0.5052631578947369
CCDB_ECOLI_Tripathi_2016,48,26,-0.5052631578947369,-0.5052631578947369
CCDB_ECOLI_Tripathi_2016,48,27,-0.5052631578947369,-0.5052631578947369
CCDB_ECOLI_Tripathi_2016,48,28,-0.5052631578947369,-0.5052631578947369
CCDB_ECOLI_Tripathi_2016,48,29,0.5244582043343653,-0.47554179566563465
CCDB_ECOLI_Tripathi_2016,48,30,1.4947368421052631,-0.5052631578947369
CCDB_ECOLI_Tripathi_2016,48,31,-0.5052631578947369,-0.5052631578947369
CCDB_ECOLI_Tripathi_2016,48,32,-0.5052631578947369,-0.5052631578947369
CCDB_ECOLI_Tripathi_2016,48,33,-0.5052631578947369,-0.5052631578947369
CCDB_ECOLI_Tripathi_2016,48,34,-0.5052631578947369,-0.5052631578947369
CCDB_ECOLI_Tripathi_2016,48,35,-0.47554179566563465,-0.47554179566563465
CCDB_ECOLI_Tripathi_2016,48,36,-0.5052631578947369,-0.5052631578947369
CCDB_ECOLI_Tripathi_2016,48,37,-0.5052631578947369,-0.5052631578947369
CCDB_ECOLI_Tripathi_2016,48,38,-0.5052631578947369,-0.5052631578947369
CCDB_ECOLI_Tripathi_2016,48,39,1.5244582043343653,-0.47554179566563465
CCDB_ECOLI_Tripathi_2016,96,0,3.5405232929164008,-0.4594767070835992
CCDB_ECOLI_Tripathi_2016,96,1,-0.5207402680280792,-0.5207402680280792
CCDB_ECOLI_Tripathi_2016,96,2,-0.4594767070835992,-0.4594767070835992
CCDB_ECOLI_Tripathi_2016,96,3,-0.4594767070835992,-0.4594767070835992
CCDB_ECOLI_Tripathi_2016,96,4,-0.4594767070835992,-0.4594767070835992
CCDB_ECOLI_Tripathi_2016,96,5,-0.5207402680280792,-0.5207402680280792
CCDB_ECOLI_Tripathi_2016,96,6,-0.4901084875558392,-0.4901084875558392
CCDB_ECOLI_Tripathi_2016,96,7,-0.5207402680280792,-0.5207402680280792
CCDB_ECOLI_Tripathi_2016,96,8,-0.4901084875558392,-0.4901084875558392
CCDB_ECOLI_Tripathi_2016,96,9,-0.4901084875558392,-0.4901084875558392
CCDB_ECOLI_Tripathi_2016,96,10,-0.5207402680280792,-0.5207402680280792
CCDB_ECOLI_Tripathi_2016,96,11,-0.4901084875558392,-0.4901084875558392
CCDB_ECOLI_Tripathi_2016,96,12,-0.5207402680280792,-0.5207402680280792
CCDB_ECOLI_Tripathi_2016,96,13,-0.5207402680280792,-0.5207402680280792
CCDB_ECOLI_Tripathi_2016,96,14,-0.5207402680280792,-0.5207402680280792
CCDB_ECOLI_Tripathi_2016,96,15,-0.4901084875558392,-0.4901084875558392
CCDB_ECOLI_Tripathi_2016,96,16,-0.4901084875558392,-0.4901084875558392
CCDB_ECOLI_Tripathi_2016,96,17,-0.5207402680280792,-0.5207402680280792
CCDB_ECOLI_Tripathi_2016,96,18,-0.5207402680280792,-0.5207402680280792
CCDB_ECOLI_Tripathi_2016,96,19,-0.5207402680280792,-0.5207402680280792
CCDB_ECOLI_Tripathi_2016,96,20,-0.5207402680280792,-0.5207402680280792
CCDB_ECOLI_Tripathi_2016,96,21,-0.5207402680280792,-0.5207402680280792
CCDB_ECOLI_Tripathi_2016,96,22,-0.4901084875558392,-0.4901084875558392
CCDB_ECOLI_Tripathi_2016,96,23,1.5098915124441608,-0.4901084875558392
CCDB_ECOLI_Tripathi_2016,96,24,-0.5207402680280792,-0.5207402680280792
CCDB_ECOLI_Tripathi_2016,96,25,2.509891512444161,-0.4901084875558392
CCDB_ECOLI_Tripathi_2016,96,26,-0.5207402680280792,-0.5207402680280792
CCDB_ECOLI_Tripathi_2016,96,27,-0.4901084875558392,-0.4901084875558392
CCDB_ECOLI_Tripathi_2016,96,28,-0.4901084875558392,-0.4901084875558392
CCDB_ECOLI_Tripathi_2016,96,29,0.5098915124441608,-0.4901084875558392
CCDB_ECOLI_Tripathi_2016,96,30,-0.4594767070835992,-0.4594767070835992
CCDB_ECOLI_Tripathi_2016,96,31,0.5405232929164008,-0.4594767070835992
CCDB_ECOLI_Tripathi_2016,96,32,0.47925973197192084,-0.5207402680280792
CCDB_ECOLI_Tripathi_2016,96,33,-0.5207402680280792,-0.5207402680280792
CCDB_ECOLI_Tripathi_2016,96,34,-0.4901084875558392,-0.4901084875558392
CCDB_ECOLI_Tripathi_2016,96,35,1.4792597319719207,-0.5207402680280792
CCDB_ECOLI_Tripathi_2016,96,36,-0.4594767070835992,-0.4594767070835992
CCDB_ECOLI_Tripathi_2016,96,37,-0.4901084875558392,-0.4901084875558392
CCDB_ECOLI_Tripathi_2016,96,38,-0.4594767070835992,-0.4594767070835992
CCDB_ECOLI_Tripathi_2016,96,39,-0.5207402680280792,-0.5207402680280792
CCDB_ECOLI_Tripathi_2016,192,0,-0.42420122365737595,-0.42420122365737595
CCDB_ECOLI_Tripathi_2016,192,1,-0.4568320870156356,-0.4568320870156356
CCDB_ECOLI_Tripathi_2016,192,2,-0.4894629503738953,-0.4894629503738953
CCDB_ECOLI_Tripathi_2016,192,3,1.575798776342624,-0.42420122365737595
CCDB_ECOLI_Tripathi_2016,192,4,0.477906186267845,-0.522093813732155
CCDB_ECOLI_Tripathi_2016,192,5,-0.4568320870156356,-0.4568320870156356
CCDB_ECOLI_Tripathi_2016,192,6,-0.522093813732155,-0.522093813732155
CCDB_ECOLI_Tripathi_2016,192,7,-0.39157036029911624,-0.39157036029911624
CCDB_ECOLI_Tripathi_2016,192,8,0.575798776342624,-0.42420122365737595
CCDB_ECOLI_Tripathi_2016,192,9,-0.39157036029911624,-0.39157036029911624
CCDB_ECOLI_Tripathi_2016,192,10,-0.5547246770904147,-0.5547246770904147
CCDB_ECOLI_Tripathi_2016,192,11,-0.5547246770904147,-0.5547246770904147
CCDB_ECOLI_Tripathi_2016,192,12,-0.4894629503738953,-0.4894629503738953
CCDB_ECOLI_Tripathi_2016,192,13,-0.4568320870156356,-0.4568320870156356
CCDB_ECOLI_Tripathi_2016,192,14,-0.4894629503738953,-0.4894629503738953
CCDB_ECOLI_Tripathi_2016,192,15,-0.522093813732155,-0.522093813732155
CCDB_ECOLI_Tripathi_2016,192,16,-0.4894629503738953,-0.4894629503738953
CCDB_ECOLI_Tripathi_2016,192,17,-0.522093813732155,-0.522093813732155
CCDB_ECOLI_Tripathi_2016,192,18,0.5105370496261047,-0.4894629503738953
CCDB_ECOLI_Tripathi_2016,192,19,-0.522093813732155,-0.522093813732155
CCDB_ECOLI_Tripathi_2016,192,20,-0.4894629503738953,-0.4894629503738953
CCDB_ECOLI_Tripathi_2016,192,21,-0.42420122365737595,-0.42420122365737595
CCDB_ECOLI_Tripathi_2016,192,22,-0.4568320870156356,-0.4568320870156356
CCDB_ECOLI_Tripathi_2016,192,23,-0.42420122365737595,-0.42420122365737595
CCDB_ECOLI_Tripathi_2016,192,24,0.5105370496261047,-0.4894629503738953
CCDB_ECOLI_Tripathi_2016,192,25,-0.522093813732155,-0.522093813732155
CCDB_ECOLI_Tripathi_2016,192,26,0.5431679129843644,-0.4568320870156356
CCDB_ECOLI_Tripathi_2016,192,27,-0.5547246770904147,-0.5547246770904147
CCDB_ECOLI_Tripathi_2016,192,28,-0.522093813732155,-0.522093813732155
CCDB_ECOLI_Tripathi_2016,192,29,0.575798776342624,-0.42420122365737595
CCDB_ECOLI_Tripathi_2016,192,30,2.641060503059143,-0.3589394969408566
CCDB_ECOLI_Tripathi_2016,192,31,-0.42420122365737595,-0.42420122365737595
CCDB_ECOLI_Tripathi_2016,192,32,-0.4894629503738953,-0.4894629503738953
CCDB_ECOLI_Tripathi_2016,192,33,-0.522093813732155,-0.522093813732155
CCDB_ECOLI_Tripathi_2016,192,34,0.5105370496261047,-0.4894629503738953
CCDB_ECOLI_Tripathi_2016,192,35,-0.4894629503738953,-0.4894629503738953
CCDB_ECOLI_Tripathi_2016,192,36,-0.522093813732155,-0.522093813732155
CCDB_ECOLI_Tripathi_2016,192,37,2.5431679129843645,-0.4568320870156356
CCDB_ECOLI_Tripathi_2016,192,38,-0.4568320870156356,-0.4568320870156356
CCDB_ECOLI_Tripathi_2016,192,39,-0.42420122365737595,-0.42420122365737595
CCDB_ECOLI_Tripathi_2016,384,0,-0.5629397967161845,-0.5629397967161845
CCDB_ECOLI_Tripathi_2016,384,1,0.5121188428459734,-0.4878811571540266
CCDB_ECOLI_Tripathi_2016,384,2,-0.41282251759186867,-0.41282251759186867
CCDB_ECOLI_Tripathi_2016,384,3,-0.5254104769351056,-0.5254104769351056
CCDB_ECOLI_Tripathi_2016,384,4,-0.5254104769351056,-0.5254104769351056
CCDB_ECOLI_Tripathi_2016,384,5,0.5496481626270524,-0.4503518373729476
CCDB_ECOLI_Tripathi_2016,384,6,-0.6004691164972635,-0.6004691164972635
CCDB_ECOLI_Tripathi_2016,384,7,-0.4503518373729476,-0.4503518373729476
CCDB_ECOLI_Tripathi_2016,384,8,-0.5254104769351056,-0.5254104769351056
CCDB_ECOLI_Tripathi_2016,384,9,-0.5254104769351056,-0.5254104769351056
CCDB_ECOLI_Tripathi_2016,384,10,-0.4878811571540266,-0.4878811571540266
CCDB_ECOLI_Tripathi_2016,384,11,-0.5254104769351056,-0.5254104769351056
CCDB_ECOLI_Tripathi_2016,384,12,-0.6004691164972635,-0.6004691164972635
CCDB_ECOLI_Tripathi_2016,384,13,0.39953088350273647,-0.6004691164972635
CCDB_ECOLI_Tripathi_2016,384,14,0.5121188428459734,-0.4878811571540266
CCDB_ECOLI_Tripathi_2016,384,15,-0.4878811571540266,-0.4878811571540266
CCDB_ECOLI_Tripathi_2016,384,16,-0.5254104769351056,-0.5254104769351056
CCDB_ECOLI_Tripathi_2016,384,17,-0.5629397967161845,-0.5629397967161845
CCDB_ECOLI_Tripathi_2016,384,18,-0.5629397967161845,-0.5629397967161845
CCDB_ECOLI_Tripathi_2016,384,19,-0.4878811571540266,-0.4878811571540266
CCDB_ECOLI_Tripathi_2016,384,20,-0.4503518373729476,-0.4503518373729476
CCDB_ECOLI_Tripathi_2016,384,21,0.39953088350273647,-0.6004691164972635
CCDB_ECOLI_Tripathi_2016,384,22,0.47458952306489444,-0.5254104769351056
CCDB_ECOLI_Tripathi_2016,384,23,-0.5254104769351056,-0.5254104769351056
CCDB_ECOLI_Tripathi_2016,384,24,-0.4878811571540266,-0.4878811571540266
CCDB_ECOLI_Tripathi_2016,384,25,-0.5254104769351056,-0.5254104769351056
CCDB_ECOLI_Tripathi_2016,384,26,-0.3377638780297107,-0.3377638780297107
CCDB_ECOLI_Tripathi_2016,384,27,-0.5629397967161845,-0.5629397967161845
CCDB_ECOLI_Tripathi_2016,384,28,-0.4503518373729476,-0.4503518373729476
CCDB_ECOLI_Tripathi_2016,384,29,-0.5254104769351056,-0.5254104769351056
CCDB_ECOLI_Tripathi_2016,384,30,0.47458952306489444,-0.5254104769351056
CCDB_ECOLI_Tripathi_2016,384,31,0.47458952306489444,-0.5254104769351056
CCDB_ECOLI_Tripathi_2016,384,32,0.5121188428459734,-0.4878811571540266
CCDB_ECOLI_Tripathi_2016,384,33,-0.5629397967161845,-0.5629397967161845
CCDB_ECOLI_Tripathi_2016,384,34,-0.4503518373729476,-0.4503518373729476
CCDB_ECOLI_Tripathi_2016,384,35,-0.5629397967161845,-0.5629397967161845
CCDB_ECOLI_Tripathi_2016,384,36,-0.4503518373729476,-0.4503518373729476
CCDB_ECOLI_Tripathi_2016,384,37,2.5121188428459735,-0.4878811571540266
CCDB_ECOLI_Tripathi_2016,384,38,-0.6004691164972635,-0.6004691164972635
CCDB_ECOLI_Tripathi_2016,384,39,-0.5254104769351056,-0.5254104769351056
CP2C9_HUMAN_Amorosi_abundance_2021,24,0,-0.4840844626536401,-0.4840844626536401
CP2C9_HUMAN_Amorosi_abundance_2021,24,1,-0.4840844626536401,-0.4840844626536401
CP2C9_HUMAN_Amorosi_abundance_2021,24,2,-0.4840844626536401,-0.4840844626536401
CP2C9_HUMAN_Amorosi_abundance_2021,24,3,0.51591553734636,-0.4840844626536401
CP2C9_HUMAN_Amorosi_abundance_2021,24,4,0.51591553734636,-0.4840844626536401
CP2C9_HUMAN_Amorosi_abundance_2021,24,5,-0.4840844626536401,-0.4840844626536401
CP2C9_HUMAN_Amorosi_abundance_2021,24,6,-0.4840844626536401,-0.4840844626536401
CP2C9_HUMAN_Amorosi_abundance_2021,24,7,0.51591553734636,-0.4840844626536401
CP2C9_HUMAN_Amorosi_abundance_2021,24,8,-0.47652064292467694,-0.47652064292467694
CP2C9_HUMAN_Amorosi_abundance_2021,24,9,1.5234793570753231,-0.47652064292467694
CP2C9_HUMAN_Amorosi_abundance_2021,24,10,0.51591553734636,-0.4840844626536401
CP2C9_HUMAN_Amorosi_abundance_2021,24,11,0.51591553734636,-0.4840844626536401
CP2C9_HUMAN_Amorosi_abundance_2021,24,12,0.51591553734636,-0.4840844626536401
CP2C9_HUMAN_Amorosi_abundance_2021,24,13,-0.4840844626536401,-0.4840844626536401
CP2C9_HUMAN_Amorosi_abundance_2021,24,14,0.51591553734636,-0.4840844626536401
CP2C9_HUMAN_Amorosi_abundance_2021,24,15,1.51591553734636,-0.4840844626536401
CP2C9_HUMAN_Amorosi_abundance_2021,24,16,0.5234793570753231,-0.47652064292467694
CP2C9_HUMAN_Amorosi_abundance_2021,24,17,-0.4840844626536401,-0.4840844626536401
CP2C9_HUMAN_Amorosi_abundance_2021,24,18,0.51591553734636,-0.4840844626536401
CP2C9_HUMAN_Amorosi_abundance_2021,24,19,2.523479357075323,-0.47652064292467694
CP2C9_HUMAN_Amorosi_abundance_2021,24,20,-0.4840844626536401,-0.4840844626536401
CP2C9_HUMAN_Amorosi_abundance_2021,24,21,0.51591553734636,-0.4840844626536401
CP2C9_HUMAN_Amorosi_abundance_2021,24,22,0.5234793570753231,-0.47652064292467694
CP2C9_HUMAN_Amorosi_abundance_2021,24,23,0.51591553734636,-0.4840844626536401
CP2C9_HUMAN_Amorosi_abundance_2021,24,24,0.5234793570753231,-0.47652064292467694
CP2C9_HUMAN_Amorosi_abundance_2021,24,25,1.51591553734636,-0.4840844626536401
CP2C9_HUMAN_Amorosi_abundance_2021,24,26,0.51591553734636,-0.4840844626536401
CP2C9_HUMAN_Amorosi_abundance_2021,24,27,-0.47652064292467694,-0.47652064292467694
CP2C9_HUMAN_Amorosi_abundance_2021,24,28,-0.4840844626536401,-0.4840844626536401
CP2C9_HUMAN_Amorosi_abundance_2021,24,29,-0.4840844626536401,-0.4840844626536401
CP2C9_HUMAN_Amorosi_abundance_2021,24,30,2.51591553734636,-0.4840844626536401
CP2C9_HUMAN_Amorosi_abundance_2021,24,31,-0.46895682319571386,-0.46895682319571386
CP2C9_HUMAN_Amorosi_abundance_2021,24,32,-0.4840844626536401,-0.4840844626536401
CP2C9_HUMAN_Amorosi_abundance_2021,24,33,-0.4840844626536401,-0.4840844626536401
CP2C9_HUMAN_Amorosi_abundance_2021,24,34,2.51591553734636,-0.4840844626536401
CP2C9_HUMAN_Amorosi_abundance_2021,24,35,-0.4840844626536401,-0.4840844626536401
CP2C9_HUMAN_Amorosi_abundance_2021,24,36,0.51591553734636,-0.4840844626536401
CP2C9_HUMAN_Amorosi_abundance_2021,24,37,1.51591553734636,-0.4840844626536401
CP2C9_HUMAN_Amorosi_abundance_2021,24,38,1.51591553734636,-0.4840844626536401
CP2C9_HUMAN_Amorosi_abundance_2021,24,39,-0.4840844626536401,-0.4840844626536401
CP2C9_HUMAN_Amorosi_abundance_2021,48,0,1.5140778234735843,-0.4859221765264157
CP2C9_HUMAN_Amorosi_abundance_2021,48,1,0.5140778234735843,-0.4859221765264157
CP2C9_HUMAN_Amorosi_abundance_2021,48,2,-0.4859221765264157,-0.4859221765264157
CP2C9_HUMAN_Amorosi_abundance_2021,48,3,1.5140778234735843,-0.4859221765264157
CP2C9_HUMAN_Amorosi_abundance_2021,48,4,-0.4859221765264157,-0.4859221765264157
CP2C9_HUMAN_Amorosi_abundance_2021,48,5,0.5216703574818096,-0.47832964251819043
CP2C9_HUMAN_Amorosi_abundance_2021,48,6,0.5140778234735843,-0.4859221765264157
CP2C9_HUMAN_Amorosi_abundance_2021,48,7,0.5140778234735843,-0.4859221765264157
CP2C9_HUMAN_Amorosi_abundance_2021,48,8,-0.4859221765264157,-0.4859221765264157
CP2C9_HUMAN_Amorosi_abundance_2021,48,9,0.5140778234735843,-0.4859221765264157
CP2C9_HUMAN_Amorosi_abundance_2021,48,10,-0.4859221765264157,-0.4859221765264157
CP2C9_HUMAN_Amorosi_abundance_2021,48,11,-0.4859221765264157,-0.4859221765264157
CP2C9_HUMAN_Amorosi_abundance_2021,48,12,-0.4859221765264157,-0.4859221765264157
CP2C9_HUMAN_Amorosi_abundance_2021,48,13,-0.4859221765264157,-0.4859221765264157
CP2C9_HUMAN_Amorosi_abundance_2021,48,14,-0.4859221765264157,-0.4859221765264157
CP2C9_HUMAN_Amorosi_abundance_2021,48,15,0.5140778234735843,-0.4859221765264157
CP2C9_HUMAN_Amorosi_abundance_2021,48,16,0.5216703574818096,-0.47832964251819043
CP2C9_HUMAN_Amorosi_abundance_2021,48,17,1.5140778234735843,-0.4859221765264157
CP2C9_HUMAN_Amorosi_abundance_2021,48,18,-0.47832964251819043,-0.47832964251819043
CP2C9_HUMAN_Amorosi_abundance_2021,48,19,0.5216703574818096,-0.47832964251819043
CP2C9_HUMAN_Amorosi_abundance_2021,48,20,1.5140778234735843,-0.4859221765264157
CP2C9_HUMAN_Amorosi_abundance_2021,48,21,-0.4859221765264157,-0.4859221765264157
CP2C9_HUMAN_Amorosi_abundance_2021,48,22,0.5216703574818096,-0.47832964251819043
CP2C9_HUMAN_Amorosi_abundance_2021,48,23,1.5140778234735843,-0.4859221765264157
CP2C9_HUMAN_Amorosi_abundance_2021,48,24,0.5140778234735843,-0.4859221765264157
CP2C9_HUMAN_Amorosi_abundance_2021,48,25,0.5140778234735843,-0.4859221765264157
CP2C9_HUMAN_Amorosi_abundance_2021,48,26,-0.4859221765264157,-0.4859221765264157
CP2C9_HUMAN_Amorosi_abundance_2021,48,27,0.5140778234735843,-0.4859221765264157
CP2C9_HUMAN_Amorosi_abundance_2021,48,28,-0.4707371085099652,-0.4707371085099652
CP2C9_HUMAN_Amorosi_abundance_2021,48,29,1.5140778234735843,-0.4859221765264157
CP2C9_HUMAN_Amorosi_abundance_2021,48,30,0.5216703574818096,-0.47832964251819043
CP2C9_HUMAN_Amorosi_abundance_2021,48,31,-0.4859221765264157,-0.4859221765264157
CP2C9_HUMAN_Amorosi_abundance_2021,48,32,1.5140778234735843,-0.4859221765264157
CP2C9_HUMAN_Amorosi_abundance_2021,48,33,0.5140778234735843,-0.4859221765264157
CP2C9_HUMAN_Amorosi_abundance_2021,48,34,1.5140778234735843,-0.4859221765264157
CP2C9_HUMAN_Amorosi_abundance_2021,48,35,-0.4859221765264157,-0.4859221765264157
CP2C9_HUMAN_Amorosi_abundance_2021,48,36,0.5216703574818096,-0.47832964251819043
CP2C9_HUMAN_Amorosi_abundance_2021,48,37,2.5140778234735843,-0.4859221765264157
CP2C9_HUMAN_Amorosi_abundance_2021,48,38,1.5140778234735843,-0.4859221765264157
CP2C9_HUMAN_Amorosi_abundance_2021,48,39,0.5140778234735843,-0.4859221765264157
CP2C9_HUMAN_Amorosi_abundance_2021,96,0,2.5103602167676122,-0.4896397832323876
CP2C9_HUMAN_Amorosi_abundance_2021,96,1,1.5180108383806183,-0.4819891616193816
CP2C9_HUMAN_Amorosi_abundance_2021,96,2,0.5256614599936245,-0.47433854000637554
CP2C9_HUMAN_Amorosi_abundance_2021,96,3,-0.4896397832323876,-0.4896397832323876
CP2C9_HUMAN_Amorosi_abundance_2021,96,4,-0.4590372967803634,-0.4590372967803634
CP2C9_HUMAN_Amorosi_abundance_2021,96,5,0.5103602167676125,-0.4896397832323876
CP2C9_HUMAN_Amorosi_abundance_2021,96,6,-0.4819891616193816,-0.4819891616193816
CP2C9_HUMAN_Amorosi_abundance_2021,96,7,1.5256614599936245,-0.47433854000637554
CP2C9_HUMAN_Amorosi_abundance_2021,96,8,0.5180108383806183,-0.4819891616193816
CP2C9_HUMAN_Amorosi_abundance_2021,96,9,-0.4666879183933695,-0.4666879183933695
CP2C9_HUMAN_Amorosi_abundance_2021,96,10,0.5180108383806183,-0.4819891616193816
CP2C9_HUMAN_Amorosi_abundance_2021,96,11,0.5103602167676125,-0.4896397832323876
CP2C9_HUMAN_Amorosi_abundance_2021,96,12,1.5180108383806183,-0.4819891616193816
CP2C9_HUMAN_Amorosi_abundance_2021,96,13,-0.4819891616193816,-0.4819891616193816
CP2C9_HUMAN_Amorosi_abundance_2021,96,14,1.5180108383806183,-0.4819891616193816
CP2C9_HUMAN_Amorosi_abundance_2021,96,15,0.5256614599936245,-0.47433854000637554
CP2C9_HUMAN_Amorosi_abundance_2021,96,16,2.5103602167676122,-0.4896397832323876
CP2C9_HUMAN_Amorosi_abundance_2021,96,17,-0.4896397832323876,-0.4896397832323876
CP2C9_HUMAN_Amorosi_abundance_2021,96,18,0.5180108383806183,-0.4819891616193816
CP2C9_HUMAN_Amorosi_abundance_2021,96,19,-0.47433854000637554,-0.47433854000637554
CP2C9_HUMAN_Amorosi_abundance_2021,96,20,2.5333120816066304,-0.4666879183933695
CP2C9_HUMAN_Amorosi_abundance_2021,96,21,1.5256614599936245,-0.47433854000637554
CP2C9_HUMAN_Amorosi_abundance_2021,96,22,0.5256614599936245,-0.47433854000637554
CP2C9_HUMAN_Amorosi_abundance_2021,96,23,1.5409627032196367,-0.4590372967803634
CP2C9_HUMAN_Amorosi_abundance_2021,96,24,-0.4819891616193816,-0.4819891616193816
CP2C9_HUMAN_Amorosi_abundance_2021,96,25,1.5256614599936245,-0.47433854000637554
CP2C9_HUMAN_Amorosi_abundance_2021,96,26,0.5103602167676125,-0.4896397832323876
CP2C9_HUMAN_Amorosi_abundance_2021,96,27,0.5103602167676125,-0.4896397832323876
CP2C9_HUMAN_Amorosi_abundance_2021,96,28,2.5103602167676122,-0.4896397832323876
CP2C9_HUMAN_Amorosi_abundance_2021,96,29,1.5180108383806183,-0.4819891616193816
CP2C9_HUMAN_Amorosi_abundance_2021,96,30,-0.4896397832323876,-0.4896397832323876
CP2C9_HUMAN_Amorosi_abundance_2021,96,31,-0.47433854000637554,-0.47433854000637554
CP2C9_HUMAN_Amorosi_abundance_2021,96,32,-0.47433854000637554,-0.47433854000637554
CP2C9_HUMAN_Amorosi_abundance_2021,96,33,2.5333120816066304,-0.4666879183933695
CP2C9_HUMAN_Amorosi_abundance_2021,96,34,0.5103602167676125,-0.4896397832323876
CP2C9_HUMAN_Amorosi_abundance_2021,96,35,1.5103602167676125,-0.4896397832323876
CP2C9_HUMAN_Amorosi_abundance_2021,96,36,0.5103602167676125,-0.4896397832323876
CP2C9_HUMAN_Amorosi_abundance_2021,96,37,-0.4819891616193816,-0.4819891616193816
CP2C9_HUMAN_Amorosi_abundance_2021,96,38,-0.47433854000637554,-0.47433854000637554
CP2C9_HUMAN_Amorosi_abundance_2021,96,39,2.5256614599936245,-0.47433854000637554
CP2C9_HUMAN_Amorosi_abundance_2021,192,0,1.5182907089673034,-0.48170929103269666
CP2C9_HUMAN_Amorosi_abundance_2021,192,1,-0.47393978633862094,-0.47393978633862094
CP2C9_HUMAN_Amorosi_abundance_2021,192,2,0.526060213661379,-0.47393978633862094
CP2C9_HUMAN_Amorosi_abundance_2021,192,3,1.5105212042732274,-0.48947879572677244
CP2C9_HUMAN_Amorosi_abundance_2021,192,4,0.5182907089673033,-0.48170929103269666
CP2C9_HUMAN_Amorosi_abundance_2021,192,5,-0.48170929103269666,-0.48170929103269666
CP2C9_HUMAN_Amorosi_abundance_2021,192,6,1.5182907089673034,-0.48170929103269666
CP2C9_HUMAN_Amorosi_abundance_2021,192,7,-0.48170929103269666,-0.48170929103269666
CP2C9_HUMAN_Amorosi_abundance_2021,192,8,0.5105212042732276,-0.48947879572677244
CP2C9_HUMAN_Amorosi_abundance_2021,192,9,-0.48947879572677244,-0.48947879572677244
CP2C9_HUMAN_Amorosi_abundance_2021,192,10,0.5105212042732276,-0.48947879572677244
CP2C9_HUMAN_Amorosi_abundance_2021,192,11,-0.45840077695046944,-0.45840077695046944
CP2C9_HUMAN_Amorosi_abundance_2021,192,12,1.5182907089673034,-0.48170929103269666
CP2C9_HUMAN_Amorosi_abundance_2021,192,13,-0.46617028164454516,-0.46617028164454516
CP2C9_HUMAN_Amorosi_abundance_2021,192,14,1.526060213661379,-0.47393978633862094
CP2C9_HUMAN_Amorosi_abundance_2021,192,15,1.5182907089673034,-0.48170929103269666
CP2C9_HUMAN_Amorosi_abundance_2021,192,16,-0.48947879572677244,-0.48947879572677244
CP2C9_HUMAN_Amorosi_abundance_2021,192,17,0.5105212042732276,-0.48947879572677244
CP2C9_HUMAN_Amorosi_abundance_2021,192,18,1.5105212042732274,-0.48947879572677244
CP2C9_HUMAN_Amorosi_abundance_2021,192,19,0.5105212042732276,-0.48947879572677244
CP2C9_HUMAN_Amorosi_abundance_2021,192,20,-0.47393978633862094,-0.47393978633862094
CP2C9_HUMAN_Amorosi_abundance_2021,192,21,1.502751699579152,-0.49724830042084817
CP2C9_HUMAN_Amorosi_abundance_2021,192,22,0.5182907089673033,-0.48170929103269666
CP2C9_HUMAN_Amorosi_abundance_2021,192,23,0.5338297183554548,-0.46617028164454516
CP2C9_HUMAN_Amorosi_abundance_2021,192,24,0.526060213661379,-0.47393978633862094
CP2C9_HUMAN_Amorosi_abundance_2021,192,25,0.5105212042732276,-0.48947879572677244
CP2C9_HUMAN_Amorosi_abundance_2021,192,26,0.5105212042732276,-0.48947879572677244
CP2C9_HUMAN_Amorosi_abundance_2021,192,27,-0.47393978633862094,-0.47393978633862094
CP2C9_HUMAN_Amorosi_abundance_2021,192,28,-0.46617028164454516,-0.46617028164454516
CP2C9_HUMAN_Amorosi_abundance_2021,192,29,-0.48170929103269666,-0.48170929103269666
CP2C9_HUMAN_Amorosi_abundance_2021,192,30,0.526060213661379,-0.47393978633862094
CP2C9_HUMAN_Amorosi_abundance_2021,192,31,-0.48947879572677244,-0.48947879572677244
CP2C9_HUMAN_Amorosi_abundance_2021,192,32,-0.45840077695046944,-0.45840077695046944
CP2C9_HUMAN_Amorosi_abundance_2021,192,33,1.5105212042732274,-0.48947879572677244
CP2C9_HUMAN_Amorosi_abundance_2021,192,34,-0.48170929103269666,-0.48170929103269666
CP2C9_HUMAN_Amorosi_abundance_2021,192,35,-0.48947879572677244,-0.48947879572677244
CP2C9_HUMAN_Amorosi_abundance_2021,192,36,-0.48170929103269666,-0.48170929103269666
CP2C9_HUMAN_Amorosi_abundance_2021,192,37,0.5027516995791519,-0.49724830042084817
CP2C9_HUMAN_Amorosi_abundance_2021,192,38,-0.47393978633862094,-0.47393978633862094
CP2C9_HUMAN_Amorosi_abundance_2021,192,39,-0.48947879572677244,-0.48947879572677244
CP2C9_HUMAN_Amorosi_abundance_2021,384,0,0.5188773805546274,-0.48112261944537255
CP2C9_HUMAN_Amorosi_abundance_2021,384,1,1.510858670230538,-0.48914132976946206
CP2C9_HUMAN_Amorosi_abundance_2021,384,2,0.5349148012028065,-0.46508519879719346
CP2C9_HUMAN_Amorosi_abundance_2021,384,3,0.5349148012028065,-0.46508519879719346
CP2C9_HUMAN_Amorosi_abundance_2021,384,4,1.542933511526896,-0.4570664884731039
CP2C9_HUMAN_Amorosi_abundance_2021,384,5,0.5188773805546274,-0.48112261944537255
CP2C9_HUMAN_Amorosi_abundance_2021,384,6,0.5429335115268961,-0.4570664884731039
CP2C9_HUMAN_Amorosi_abundance_2021,384,7,0.5028399599064484,-0.49716004009355164
CP2C9_HUMAN_Amorosi_abundance_2021,384,8,1.4948212495823587,-0.5051787504176412
CP2C9_HUMAN_Amorosi_abundance_2021,384,9,2.526896090878717,-0.473103909121283
CP2C9_HUMAN_Amorosi_abundance_2021,384,10,-0.49716004009355164,-0.49716004009355164
CP2C9_HUMAN_Amorosi_abundance_2021,384,11,1.5349148012028064,-0.46508519879719346
CP2C9_HUMAN_Amorosi_abundance_2021,384,12,-0.48112261944537255,-0.48112261944537255
CP2C9_HUMAN_Amorosi_abundance_2021,384,13,-0.4570664884731039,-0.4570664884731039
CP2C9_HUMAN_Amorosi_abundance_2021,384,14,-0.46508519879719346,-0.46508519879719346
CP2C9_HUMAN_Amorosi_abundance_2021,384,15,0.5349148012028065,-0.46508519879719346
CP2C9_HUMAN_Amorosi_abundance_2021,384,16,1.510858670230538,-0.48914132976946206
CP2C9_HUMAN_Amorosi_abundance_2021,384,17,1.5028399599064484,-0.49716004009355164
CP2C9_HUMAN_Amorosi_abundance_2021,384,18,0.5349148012028065,-0.46508519879719346
CP2C9_HUMAN_Amorosi_abundance_2021,384,19,-0.5051787504176412,-0.5051787504176412
CP2C9_HUMAN_Amorosi_abundance_2021,384,20,1.542933511526896,-0.4570664884731039
CP2C9_HUMAN_Amorosi_abundance_2021,384,21,0.5028399599064484,-0.49716004009355164
CP2C9_HUMAN_Amorosi_abundance_2021,384,22,0.510858670230538,-0.48914132976946206
CP2C9_HUMAN_Amorosi_abundance_2021,384,23,0.5188773805546274,-0.48112261944537255
CP2C9_HUMAN_Amorosi_abundance_2021,384,24,0.5188773805546274,-0.48112261944537255
CP2C9_HUMAN_Amorosi_abundance_2021,384,25,1.5188773805546274,-0.48112261944537255
CP2C9_HUMAN_Amorosi_abundance_2021,384,26,2.5028399599064484,-0.49716004009355164
CP2C9_HUMAN_Amorosi_abundance_2021,384,27,1.526896090878717,-0.473103909121283
CP2C9_HUMAN_Amorosi_abundance_2021,384,28,0.510858670230538,-0.48914132976946206
CP2C9_HUMAN_Amorosi_abundance_2021,384,29,0.5669896424991647,-0.4330103575008353
CP2C9_HUMAN_Amorosi_abundance_2021,384,30,0.526896090878717,-0.473103909121283
CP2C9_HUMAN_Amorosi_abundance_2021,384,31,1.510858670230538,-0.48914132976946206
CP2C9_HUMAN_Amorosi_abundance_2021,384,32,-0.48914132976946206,-0.48914132976946206
CP2C9_HUMAN_Amorosi_abundance_2021,384,33,0.5349148012028065,-0.46508519879719346
CP2C9_HUMAN_Amorosi_abundance_2021,384,34,0.49482124958235885,-0.5051787504176412
CP2C9_HUMAN_Amorosi_abundance_2021,384,35,0.5188773805546274,-0.48112261944537255
CP2C9_HUMAN_Amorosi_abundance_2021,384,36,-0.5051787504176412,-0.5051787504176412
CP2C9_HUMAN_Amorosi_abundance_2021,384,37,1.5028399599064484,-0.49716004009355164
CP2C9_HUMAN_Amorosi_abundance_2021,384,38,-0.48112261944537255,-0.48112261944537255
CP2C9_HUMAN_Amorosi_abundance_2021,384,39,-0.48914132976946206,-0.48914132976946206
CP2C9_HUMAN_Amorosi_activity_2021,24,0,0.5214122262177182,6.521412226217718
CP2C9_HUMAN_Amorosi_activity_2021,24,1,0.5292579274272637,6.529257927427264
CP2C9_HUMAN_Amorosi_activity_2021,24,2,0.5214122262177182,6.521412226217718
CP2C9_HUMAN_Amorosi_activity_2021,24,3,-0.4785877737822818,6.521412226217718
CP2C9_HUMAN_Amorosi_activity_2021,24,4,0.5292579274272637,6.529257927427264
CP2C9_HUMAN_Amorosi_activity_2021,24,5,0.5214122262177182,6.521412226217718
CP2C9_HUMAN_Amorosi_activity_2021,24,6,2.521412226217718,6.521412226217718
CP2C9_HUMAN_Amorosi_activity_2021,24,7,-0.4785877737822818,6.521412226217718
CP2C9_HUMAN_Amorosi_activity_2021,24,8,0.5214122262177182,6.521412226217718
CP2C9_HUMAN_Amorosi_activity_2021,24,9,0.5214122262177182,6.521412226217718
CP2C9_HUMAN_Amorosi_activity_2021,24,10,1.521412226217718,6.521412226217718
CP2C9_HUMAN_Amorosi_activity_2021,24,11,0.5214122262177182,6.521412226217718
CP2C9_HUMAN_Amorosi_activity_2021,24,12,-0.4785877737822818,6.521412226217718
CP2C9_HUMAN_Amorosi_activity_2021,24,13,-0.4785877737822818,6.521412226217718
CP2C9_HUMAN_Amorosi_activity_2021,24,14,0.5214122262177182,6.521412226217718
CP2C9_HUMAN_Amorosi_activity_2021,24,15,2.5292579274272637,6.529257927427264
CP2C9_HUMAN_Amorosi_activity_2021,24,16,-0.4785877737822818,6.521412226217718
CP2C9_HUMAN_Amorosi_activity_2021,24,17,-0.4785877737822818,6.521412226217718
CP2C9_HUMAN_Amorosi_activity_2021,24,18,0.5292579274272637,6.529257927427264
CP2C9_HUMAN_Amorosi_activity_2021,24,19,5.521412226217718,6.521412226217718
CP2C9_HUMAN_Amorosi_activity_2021,24,20,-0.4785877737822818,6.521412226217718
CP2C9_HUMAN_Amorosi_activity_2021,24,21,-0.4785877737822818,6.521412226217718
CP2C9_HUMAN_Amorosi_activity_2021,24,22,-0.4785877737822818,6.521412226217718
CP2C9_HUMAN_Amorosi_activity_2021,24,23,-0.4785877737822818,6.521412226217718
CP2C9_HUMAN_Amorosi_activity_2021,24,24,0.5214122262177182,6.521412226217718
CP2C9_HUMAN_Amorosi_activity_2021,24,25,-0.4785877737822818,6.521412226217718
CP2C9_HUMAN_Amorosi_activity_2021,24,26,-0.4785877737822818,6.521412226217718
CP2C9_HUMAN_Amorosi_activity_2021,24,27,0.5214122262177182,6.521412226217718
CP2C9_HUMAN_Amorosi_activity_2021,24,28,-0.4785877737822818,6.521412226217718
CP2C9_HUMAN_Amorosi_activity_2021,24,29,-0.4785877737822818,6.521412226217718
CP2C9_HUMAN_Amorosi_activity_2021,24,30,-0.4785877737822818,6.521412226217718
CP2C9_HUMAN_Amorosi_activity_2021,24,31,-0.4785877737822818,6.521412226217718
CP2C9_HUMAN_Amorosi_activity_2021,24,32,0.5214122262177182,6.521412226217718
CP2C9_HUMAN_Amorosi_activity_2021,24,33,-0.4785877737822818,6.521412226217718
CP2C9_HUMAN_Amorosi_activity_2021,24,34,-0.4785877737822818,6.521412226217718
CP2C9_HUMAN_Amorosi_activity_2021,24,35,-0.4785877737822818,6.521412226217718
CP2C9_HUMAN_Amorosi_activity_2021,24,36,0.5292579274272637,5.529257927427264
CP2C9_HUMAN_Amorosi_activity_2021,24,37,-0.4785877737822818,6.521412226217718
CP2C9_HUMAN_Amorosi_activity_2021,24,38,-0.4785877737822818,6.521412226217718
CP2C9_HUMAN_Amorosi_activity_2021,24,39,-0.4785877737822818,6.521412226217718
CP2C9_HUMAN_Amorosi_activity_2021,48,0,0.5195274040039384,6.519527404003938
CP2C9_HUMAN_Amorosi_activity_2021,48,1,-0.4804725959960617,6.519527404003938
CP2C9_HUMAN_Amorosi_activity_2021,48,2,-0.47259599606170005,6.5274040039383
CP2C9_HUMAN_Amorosi_activity_2021,48,3,-0.47259599606170005,5.5274040039383
CP2C9_HUMAN_Amorosi_activity_2021,48,4,-0.4804725959960617,6.519527404003938
CP2C9_HUMAN_Amorosi_activity_2021,48,5,-0.47259599606170005,6.5274040039383
CP2C9_HUMAN_Amorosi_activity_2021,48,6,-0.47259599606170005,6.5274040039383
CP2C9_HUMAN_Amorosi_activity_2021,48,7,0.5195274040039384,6.519527404003938
CP2C9_HUMAN_Amorosi_activity_2021,48,8,0.5274040039382999,6.5274040039383
CP2C9_HUMAN_Amorosi_activity_2021,48,9,2.5274040039383,6.5274040039383
CP2C9_HUMAN_Amorosi_activity_2021,48,10,-0.47259599606170005,6.5274040039383
CP2C9_HUMAN_Amorosi_activity_2021,48,11,2.5195274040039384,6.519527404003938
CP2C9_HUMAN_Amorosi_activity_2021,48,12,0.5195274040039384,6.519527404003938
CP2C9_HUMAN_Amorosi_activity_2021,48,13,-0.4804725959960617,6.519527404003938
CP2C9_HUMAN_Amorosi_activity_2021,48,14,-0.4804725959960617,6.519527404003938
CP2C9_HUMAN_Amorosi_activity_2021,48,15,-0.4804725959960617,6.519527404003938
CP2C9_HUMAN_Amorosi_activity_2021,48,16,1.5195274040039384,6.519527404003938
CP2C9_HUMAN_Amorosi_activity_2021,48,17,-0.4804725959960617,6.519527404003938
CP2C9_HUMAN_Amorosi_activity_2021,48,18,0.5195274040039384,6.519527404003938
CP2C9_HUMAN_Amorosi_activity_2021,48,19,2.5195274040039384,6.519527404003938
CP2C9_HUMAN_Amorosi_activity_2021,48,20,-0.4804725959960617,6.519527404003938
CP2C9_HUMAN_Amorosi_activity_2021,48,21,-0.4804725959960617,6.519527404003938
CP2C9_HUMAN_Amorosi_activity_2021,48,22,-0.4804725959960617,6.519527404003938
CP2C9_HUMAN_Amorosi_activity_2021,48,23,-0.46471939612733837,6.535280603872661
CP2C9_HUMAN_Amorosi_activity_2021,48,24,0.5195274040039384,6.519527404003938
CP2C9_HUMAN_Amorosi_activity_2021,48,25,-0.46471939612733837,6.535280603872661
CP2C9_HUMAN_Amorosi_activity_2021,48,26,0.5195274040039384,6.519527404003938
CP2C9_HUMAN_Amorosi_activity_2021,48,27,1.5195274040039384,6.519527404003938
CP2C9_HUMAN_Amorosi_activity_2021,48,28,1.5195274040039384,6.519527404003938
CP2C9_HUMAN_Amorosi_activity_2021,48,29,1.5274040039383,6.5274040039383
CP2C9_HUMAN_Amorosi_activity_2021,48,30,0.5195274040039384,6.519527404003938
CP2C9_HUMAN_Amorosi_activity_2021,48,31,-0.4804725959960617,6.519527404003938
CP2C9_HUMAN_Amorosi_activity_2021,48,32,0.5195274040039384,6.519527404003938
CP2C9_HUMAN_Amorosi_activity_2021,48,33,-0.4804725959960617,6.519527404003938
CP2C9_HUMAN_Amorosi_activity_2021,48,34,2.5195274040039384,6.519527404003938
CP2C9_HUMAN_Amorosi_activity_2021,48,35,-0.4804725959960617,6.519527404003938
CP2C9_HUMAN_Amorosi_activity_2021,48,36,1.5195274040039384,6.519527404003938
CP2C9_HUMAN_Amorosi_activity_2021,48,37,-0.4804725959960617,6.519527404003938
CP2C9_HUMAN_Amorosi_activity_2021,48,38,-0.4804725959960617,6.519527404003938
CP2C9_HUMAN_Amorosi_activity_2021,48,39,1.5274040039383,6.5274040039383
CP2C9_HUMAN_Amorosi_activity_2021,96,0,-0.4842871319880913,6.515712868011908
CP2C9_HUMAN_Amorosi_activity_2021,96,1,-0.4763479986768111,6.523652001323189
CP2C9_HUMAN_Amorosi_activity_2021,96,2,3.523652001323189,5.523652001323189
CP2C9_HUMAN_Amorosi_activity_2021,96,3,-0.4842871319880913,6.515712868011908
CP2C9_HUMAN_Amorosi_activity_2021,96,4,0.5236520013231889,6.523652001323189
CP2C9_HUMAN_Amorosi_activity_2021,96,5,2.5157128680119087,6.515712868011908
CP2C9_HUMAN_Amorosi_activity_2021,96,6,0.531591134634469,5.5315911346344695
CP2C9_HUMAN_Amorosi_activity_2021,96,7,1.5395302679457492,5.539530267945749
CP2C9_HUMAN_Amorosi_activity_2021,96,8,0.531591134634469,6.5315911346344695
CP2C9_HUMAN_Amorosi_activity_2021,96,9,0.5157128680119087,6.515712868011908
CP2C9_HUMAN_Amorosi_activity_2021,96,10,-0.4842871319880913,6.515712868011908
CP2C9_HUMAN_Amorosi_activity_2021,96,11,-0.4842871319880913,6.515712868011908
CP2C9_HUMAN_Amorosi_activity_2021,96,12,-0.4842871319880913,6.515712868011908
CP2C9_HUMAN_Amorosi_activity_2021,96,13,-0.4842871319880913,6.515712868011908
CP2C9_HUMAN_Amorosi_activity_2021,96,14,-0.46840886536553095,5.5315911346344695
CP2C9_HUMAN_Amorosi_activity_2021,96,15,1.531591134634469,6.5315911346344695
CP2C9_HUMAN_Amorosi_activity_2021,96,16,-0.4763479986768111,6.523652001323189
CP2C9_HUMAN_Amorosi_activity_2021,96,17,1.523652001323189,6.523652001323189
CP2C9_HUMAN_Amorosi_activity_2021,96,18,1.5157128680119087,6.515712868011908
CP2C9_HUMAN_Amorosi_activity_2021,96,19,0.5157128680119087,6.515712868011908
CP2C9_HUMAN_Amorosi_activity_2021,96,20,0.5157128680119087,6.515712868011908
CP2C9_HUMAN_Amorosi_activity_2021,96,21,-0.4763479986768111,6.523652001323189
CP2C9_HUMAN_Amorosi_activity_2021,96,22,-0.4842871319880913,6.515712868011908
CP2C9_HUMAN_Amorosi_activity_2021,96,23,1.523652001323189,6.523652001323189
CP2C9_HUMAN_Amorosi_activity_2021,96,24,-0.46840886536553095,6.5315911346344695
CP2C9_HUMAN_Amorosi_activity_2021,96,25,-0.4763479986768111,6.523652001323189
CP2C9_HUMAN_Amorosi_activity_2021,96,26,1.523652001323189,6.523652001323189
CP2C9_HUMAN_Amorosi_activity_2021,96,27,0.5236520013231889,6.523652001323189
CP2C9_HUMAN_Amorosi_activity_2021,96,28,-0.46840886536553095,5.5315911346344695
CP2C9_HUMAN_Amorosi_activity_2021,96,29,2.531591134634469,6.5315911346344695
CP2C9_HUMAN_Amorosi_activity_2021,96,30,1.531591134634469,6.5315911346344695
CP2C9_HUMAN_Amorosi_activity_2021,96,31,-0.4763479986768111,6.523652001323189
CP2C9_HUMAN_Amorosi_activity_2021,96,32,2.5157128680119087,6.515712868011908
CP2C9_HUMAN_Amorosi_activity_2021,96,33,1.5157128680119087,6.515712868011908
CP2C9_HUMAN_Amorosi_activity_2021,96,34,2.531591134634469,6.5315911346344695
CP2C9_HUMAN_Amorosi_activity_2021,96,35,0.5157128680119087,6.515712868011908
CP2C9_HUMAN_Amorosi_activity_2021,96,36,-0.4842871319880913,6.515712868011908
CP2C9_HUMAN_Amorosi_activity_2021,96,37,-0.4842871319880913,6.515712868011908
CP2C9_HUMAN_Amorosi_activity_2021,96,38,-0.4763479986768111,6.523652001323189
CP2C9_HUMAN_Amorosi_activity_2021,96,39,1.523652001323189,6.523652001323189
CP2C9_HUMAN_Amorosi_activity_2021,192,0,0.5321008403361345,6.532100840336135
CP2C9_HUMAN_Amorosi_activity_2021,192,1,0.5321008403361345,6.532100840336135
CP2C9_HUMAN_Amorosi_activity_2021,192,2,0.5159663865546218,6.515966386554622
CP2C9_HUMAN_Amorosi_activity_2021,192,3,1.5240336134453782,6.524033613445378
CP2C9_HUMAN_Amorosi_activity_2021,192,4,-0.4678991596638655,6.532100840336135
CP2C9_HUMAN_Amorosi_activity_2021,192,5,1.5643697478991596,5.56436974789916
CP2C9_HUMAN_Amorosi_activity_2021,192,6,1.5159663865546218,6.515966386554622
CP2C9_HUMAN_Amorosi_activity_2021,192,7,0.5159663865546218,6.515966386554622
CP2C9_HUMAN_Amorosi_activity_2021,192,8,-0.47596638655462187,6.524033613445378
CP2C9_HUMAN_Amorosi_activity_2021,192,9,0.5159663865546218,6.515966386554622
CP2C9_HUMAN_Amorosi_activity_2021,192,10,0.5159663865546218,6.515966386554622
CP2C9_HUMAN_Amorosi_activity_2021,192,11,-0.45983193277310924,6.540168067226891
CP2C9_HUMAN_Amorosi_activity_2021,192,12,1.5078991596638656,6.507899159663865
CP2C9_HUMAN_Amorosi_activity_2021,192,13,-0.49210084033613444,6.507899159663865
CP2C9_HUMAN_Amorosi_activity_2021,192,14,2.5240336134453782,6.524033613445378
CP2C9_HUMAN_Amorosi_activity_2021,192,15,1.5321008403361345,5.532100840336135
CP2C9_HUMAN_Amorosi_activity_2021,192,16,1.5321008403361345,5.532100840336135
CP2C9_HUMAN_Amorosi_activity_2021,192,17,1.5159663865546218,6.515966386554622
CP2C9_HUMAN_Amorosi_activity_2021,192,18,-0.47596638655462187,6.524033613445378
CP2C9_HUMAN_Amorosi_activity_2021,192,19,0.5159663865546218,6.515966386554622
CP2C9_HUMAN_Amorosi_activity_2021,192,20,0.5240336134453781,6.524033613445378
CP2C9_HUMAN_Amorosi_activity_2021,192,21,1.5321008403361345,5.532100840336135
CP2C9_HUMAN_Amorosi_activity_2021,192,22,5.507899159663865,6.507899159663865
CP2C9_HUMAN_Amorosi_activity_2021,192,23,2.515966386554622,6.515966386554622
CP2C9_HUMAN_Amorosi_activity_2021,192,24,0.5240336134453781,6.524033613445378
CP2C9_HUMAN_Amorosi_activity_2021,192,25,-0.47596638655462187,6.524033613445378
CP2C9_HUMAN_Amorosi_activity_2021,192,26,0.5321008403361345,6.532100840336135
CP2C9_HUMAN_Amorosi_activity_2021,192,27,1.5321008403361345,5.532100840336135
CP2C9_HUMAN_Amorosi_activity_2021,192,28,1.5240336134453782,5.524033613445378
CP2C9_HUMAN_Amorosi_activity_2021,192,29,0.5321008403361345,6.532100840336135
CP2C9_HUMAN_Amorosi_activity_2021,192,30,1.5401680672268907,6.540168067226891
CP2C9_HUMAN_Amorosi_activity_2021,192,31,-0.48403361344537815,6.515966386554622
CP2C9_HUMAN_Amorosi_activity_2021,192,32,0.5321008403361345,6.532100840336135
CP2C9_HUMAN_Amorosi_activity_2021,192,33,1.5321008403361345,5.532100840336135
CP2C9_HUMAN_Amorosi_activity_2021,192,34,2.5240336134453782,6.524033613445378
CP2C9_HUMAN_Amorosi_activity_2021,192,35,-0.4678991596638655,5.532100840336135
CP2C9_HUMAN_Amorosi_activity_2021,192,36,1.5321008403361345,4.532100840336135
CP2C9_HUMAN_Amorosi_activity_2021,192,37,1.5078991596638656,6.507899159663865
CP2C9_HUMAN_Amorosi_activity_2021,192,38,0.5078991596638656,6.507899159663865
CP2C9_HUMAN_Amorosi_activity_2021,192,39,0.5401680672268907,6.540168067226891
CP2C9_HUMAN_Amorosi_activity_2021,384,0,0.5248350121569989,5.524835012156999
CP2C9_HUMAN_Amorosi_activity_2021,384,1,2.5415074678707885,5.5415074678707885
CP2C9_HUMAN_Amorosi_activity_2021,384,2,1.5081625564432095,5.508162556443209
CP2C9_HUMAN_Amorosi_activity_2021,384,3,2.5331712400138935,6.5331712400138935
CP2C9_HUMAN_Amorosi_activity_2021,384,4,-0.49183744355679054,6.508162556443209
CP2C9_HUMAN_Amorosi_activity_2021,384,5,2.524835012156999,6.524835012156999
CP2C9_HUMAN_Amorosi_activity_2021,384,6,2.5331712400138935,6.5331712400138935
CP2C9_HUMAN_Amorosi_activity_2021,384,7,1.5081625564432095,6.508162556443209
CP2C9_HUMAN_Amorosi_activity_2021,384,8,0.5164987843001042,5.516498784300104
CP2C9_HUMAN_Amorosi_activity_2021,384,9,0.5081625564432095,5.508162556443209
CP2C9_HUMAN_Amorosi_activity_2021,384,10,0.4998263285863147,6.499826328586314
CP2C9_HUMAN_Amorosi_activity_2021,384,11,-0.45849253212921154,5.5415074678707885
CP2C9_HUMAN_Amorosi_activity_2021,384,12,0.5331712400138937,6.5331712400138935
CP2C9_HUMAN_Amorosi_activity_2021,384,13,-0.49183744355679054,6.508162556443209
CP2C9_HUMAN_Amorosi_activity_2021,384,14,0.5164987843001042,6.516498784300104
CP2C9_HUMAN_Amorosi_activity_2021,384,15,1.524835012156999,6.524835012156999
CP2C9_HUMAN_Amorosi_activity_2021,384,16,0.4998263285863147,6.499826328586314
CP2C9_HUMAN_Amorosi_activity_2021,384,17,1.5164987843001043,6.516498784300104
CP2C9_HUMAN_Amorosi_activity_2021,384,18,1.5164987843001043,6.516498784300104
CP2C9_HUMAN_Amorosi_activity_2021,384,19,3.5164987843001043,6.516498784300104
CP2C9_HUMAN_Amorosi_activity_2021,384,20,0.5415074678707885,6.5415074678707885
CP2C9_HUMAN_Amorosi_activity_2021,384,21,2.524835012156999,6.524835012156999
CP2C9_HUMAN_Amorosi_activity_2021,384,22,-0.4668287599861063,6.5331712400138935
CP2C9_HUMAN_Amorosi_activity_2021,384,23,-0.49183744355679054,6.508162556443209
CP2C9_HUMAN_Amorosi_activity_2021,384,24,0.5498436957276832,6.5498436957276835
CP2C9_HUMAN_Amorosi_activity_2021,384,25,4.499826328586314,6.499826328586314
CP2C9_HUMAN_Amorosi_activity_2021,384,26,0.5581799235845779,6.558179923584578
CP2C9_HUMAN_Amorosi_activity_2021,384,27,1.524835012156999,6.524835012156999
CP2C9_HUMAN_Amorosi_activity_2021,384,28,0.5498436957276832,5.5498436957276835
CP2C9_HUMAN_Amorosi_activity_2021,384,29,2.5081625564432093,6.508162556443209
CP2C9_HUMAN_Amorosi_activity_2021,384,30,0.5081625564432095,6.508162556443209
CP2C9_HUMAN_Amorosi_activity_2021,384,31,1.5331712400138937,6.5331712400138935
CP2C9_HUMAN_Amorosi_activity_2021,384,32,2.5081625564432093,6.508162556443209
CP2C9_HUMAN_Amorosi_activity_2021,384,33,-0.47516498784300104,6.524835012156999
CP2C9_HUMAN_Amorosi_activity_2021,384,34,2.5164987843001043,6.516498784300104
CP2C9_HUMAN_Amorosi_activity_2021,384,35,-0.4835012156998958,6.516498784300104
CP2C9_HUMAN_Amorosi_activity_2021,384,36,0.5581799235845779,4.558179923584578
CP2C9_HUMAN_Amorosi_activity_2021,384,37,0.5248350121569989,6.524835012156999
CP2C9_HUMAN_Amorosi_activity_2021,384,38,-0.5085098992705801,6.49149010072942
CP2C9_HUMAN_Amorosi_activity_2021,384,39,1.5331712400138937,6.5331712400138935
