assay,seed,round,n_seen,rule,chosen,best_action,got,best,regret
A4GRB6_PSEAI_Chen_2020,0,0,0,enrich@1.5,explore,explore,0.47961630695443647,0.47961630695443647,0.0
A4GRB6_PSEAI_Chen_2020,0,0,0,enrich@1.0,explore,explore,0.47961630695443647,0.47961630695443647,0.0
A4GRB6_PSEAI_Chen_2020,0,0,0,auroc@0.55,explore,explore,0.47961630695443647,0.47961630695443647,0.0
A4GRB6_PSEAI_Chen_2020,0,0,0,auroc@0.60,explore,explore,0.47961630695443647,0.47961630695443647,0.0
A4GRB6_PSEAI_Chen_2020,0,0,0,auroc@0.65,explore,explore,0.47961630695443647,0.47961630695443647,0.0
A4GRB6_PSEAI_Chen_2020,0,0,0,spearman@0.20,explore,explore,0.47961630695443647,0.47961630695443647,0.0
A4GRB6_PSEAI_Chen_2020,0,1,48,enrich@1.5,esm2_wtm,esm2_wtm,5.0,5.0,0.0
A4GRB6_PSEAI_Chen_2020,0,1,48,enrich@1.0,esm2_wtm,esm2_wtm,5.0,5.0,0.0
A4GRB6_PSEAI_Chen_2020,0,1,48,auroc@0.55,esm2_wtm,esm2_wtm,5.0,5.0,0.0
A4GRB6_PSEAI_Chen_2020,0,1,48,auroc@0.60,esm2_wtm,esm2_wtm,5.0,5.0,0.0
A4GRB6_PSEAI_Chen_2020,0,1,48,auroc@0.65,esm2_wtm,esm2_wtm,5.0,5.0,0.0
A4GRB6_PSEAI_Chen_2020,0,1,48,spearman@0.20,esm2_wtm,esm2_wtm,5.0,5.0,0.0
A4GRB6_PSEAI_Chen_2020,0,2,96,enrich@1.5,supervised,supervised,10.0,10.0,0.0
A4GRB6_PSEAI_Chen_2020,0,2,96,enrich@1.0,supervised,supervised,10.0,10.0,0.0
A4GRB6_PSEAI_Chen_2020,0,2,96,auroc@0.55,esm2_wtm,supervised,1.0,10.0,9.0
A4GRB6_PSEAI_Chen_2020,0,2,96,auroc@0.60,esm2_wtm,supervised,1.0,10.0,9.0
A4GRB6_PSEAI_Chen_2020,0,2,96,auroc@0.65,esm2_wtm,supervised,1.0,10.0,9.0
A4GRB6_PSEAI_Chen_2020,0,2,96,spearman@0.20,esm2_wtm,supervised,1.0,10.0,9.0
A4GRB6_PSEAI_Chen_2020,0,3,144,enrich@1.5,supervised,supervised,1.0,1.0,0.0
A4GRB6_PSEAI_Chen_2020,0,3,144,enrich@1.0,supervised,supervised,1.0,1.0,0.0
A4GRB6_PSEAI_Chen_2020,0,3,144,auroc@0.55,supervised,supervised,1.0,1.0,0.0
A4GRB6_PSEAI_Chen_2020,0,3,144,auroc@0.60,supervised,supervised,1.0,1.0,0.0
A4GRB6_PSEAI_Chen_2020,0,3,144,auroc@0.65,supervised,supervised,1.0,1.0,0.0
A4GRB6_PSEAI_Chen_2020,0,3,144,spearman@0.20,supervised,supervised,1.0,1.0,0.0
A4GRB6_PSEAI_Chen_2020,1,0,0,enrich@1.5,explore,explore,0.47961630695443647,0.47961630695443647,0.0
A4GRB6_PSEAI_Chen_2020,1,0,0,enrich@1.0,explore,explore,0.47961630695443647,0.47961630695443647,0.0
A4GRB6_PSEAI_Chen_2020,1,0,0,auroc@0.55,explore,explore,0.47961630695443647,0.47961630695443647,0.0
A4GRB6_PSEAI_Chen_2020,1,0,0,auroc@0.60,explore,explore,0.47961630695443647,0.47961630695443647,0.0
A4GRB6_PSEAI_Chen_2020,1,0,0,auroc@0.65,explore,explore,0.47961630695443647,0.47961630695443647,0.0
A4GRB6_PSEAI_Chen_2020,1,0,0,spearman@0.20,explore,explore,0.47961630695443647,0.47961630695443647,0.0
A4GRB6_PSEAI_Chen_2020,1,1,48,enrich@1.5,esm2_wtm,esm2_wtm,5.0,5.0,0.0
A4GRB6_PSEAI_Chen_2020,1,1,48,enrich@1.0,esm2_wtm,esm2_wtm,5.0,5.0,0.0
A4GRB6_PSEAI_Chen_2020,1,1,48,auroc@0.55,esm2_wtm,esm2_wtm,5.0,5.0,0.0
A4GRB6_PSEAI_Chen_2020,1,1,48,auroc@0.60,esm2_wtm,esm2_wtm,5.0,5.0,0.0
A4GRB6_PSEAI_Chen_2020,1,1,48,auroc@0.65,esm2_wtm,esm2_wtm,5.0,5.0,0.0
A4GRB6_PSEAI_Chen_2020,1,1,48,spearman@0.20,esm2_wtm,esm2_wtm,5.0,5.0,0.0
A4GRB6_PSEAI_Chen_2020,1,2,96,enrich@1.5,supervised,supervised,7.0,7.0,0.0
A4GRB6_PSEAI_Chen_2020,1,2,96,enrich@1.0,supervised,supervised,7.0,7.0,0.0
A4GRB6_PSEAI_Chen_2020,1,2,96,auroc@0.55,esm2_wtm,supervised,1.0,7.0,6.0
A4GRB6_PSEAI_Chen_2020,1,2,96,auroc@0.60,esm2_wtm,supervised,1.0,7.0,6.0
A4GRB6_PSEAI_Chen_2020,1,2,96,auroc@0.65,esm2_wtm,supervised,1.0,7.0,6.0
A4GRB6_PSEAI_Chen_2020,1,2,96,spearman@0.20,esm2_wtm,supervised,1.0,7.0,6.0
A4GRB6_PSEAI_Chen_2020,1,3,144,enrich@1.5,supervised,supervised,4.0,4.0,0.0
A4GRB6_PSEAI_Chen_2020,1,3,144,enrich@1.0,supervised,supervised,4.0,4.0,0.0
A4GRB6_PSEAI_Chen_2020,1,3,144,auroc@0.55,supervised,supervised,4.0,4.0,0.0
A4GRB6_PSEAI_Chen_2020,1,3,144,auroc@0.60,supervised,supervised,4.0,4.0,0.0
A4GRB6_PSEAI_Chen_2020,1,3,144,auroc@0.65,supervised,supervised,4.0,4.0,0.0
A4GRB6_PSEAI_Chen_2020,1,3,144,spearman@0.20,supervised,supervised,4.0,4.0,0.0
A4GRB6_PSEAI_Chen_2020,2,0,0,enrich@1.5,explore,explore,0.47961630695443647,0.47961630695443647,0.0
A4GRB6_PSEAI_Chen_2020,2,0,0,enrich@1.0,explore,explore,0.47961630695443647,0.47961630695443647,0.0
A4GRB6_PSEAI_Chen_2020,2,0,0,auroc@0.55,explore,explore,0.47961630695443647,0.47961630695443647,0.0
A4GRB6_PSEAI_Chen_2020,2,0,0,auroc@0.60,explore,explore,0.47961630695443647,0.47961630695443647,0.0
A4GRB6_PSEAI_Chen_2020,2,0,0,auroc@0.65,explore,explore,0.47961630695443647,0.47961630695443647,0.0
A4GRB6_PSEAI_Chen_2020,2,0,0,spearman@0.20,explore,explore,0.47961630695443647,0.47961630695443647,0.0
A4GRB6_PSEAI_Chen_2020,2,1,48,enrich@1.5,esm2_wtm,esm2_wtm,5.0,5.0,0.0
A4GRB6_PSEAI_Chen_2020,2,1,48,enrich@1.0,esm2_wtm,esm2_wtm,5.0,5.0,0.0
A4GRB6_PSEAI_Chen_2020,2,1,48,auroc@0.55,esm2_wtm,esm2_wtm,5.0,5.0,0.0
A4GRB6_PSEAI_Chen_2020,2,1,48,auroc@0.60,esm2_wtm,esm2_wtm,5.0,5.0,0.0
A4GRB6_PSEAI_Chen_2020,2,1,48,auroc@0.65,esm2_wtm,esm2_wtm,5.0,5.0,0.0
A4GRB6_PSEAI_Chen_2020,2,1,48,spearman@0.20,esm2_wtm,esm2_wtm,5.0,5.0,0.0
A4GRB6_PSEAI_Chen_2020,2,2,96,enrich@1.5,supervised,supervised,8.0,8.0,0.0
A4GRB6_PSEAI_Chen_2020,2,2,96,enrich@1.0,supervised,supervised,8.0,8.0,0.0
A4GRB6_PSEAI_Chen_2020,2,2,96,auroc@0.55,esm2_wtm,supervised,1.0,8.0,7.0
A4GRB6_PSEAI_Chen_2020,2,2,96,auroc@0.60,esm2_wtm,supervised,1.0,8.0,7.0
A4GRB6_PSEAI_Chen_2020,2,2,96,auroc@0.65,esm2_wtm,supervised,1.0,8.0,7.0
A4GRB6_PSEAI_Chen_2020,2,2,96,spearman@0.20,esm2_wtm,supervised,1.0,8.0,7.0
A4GRB6_PSEAI_Chen_2020,2,3,144,enrich@1.5,supervised,supervised,1.0,1.0,0.0
A4GRB6_PSEAI_Chen_2020,2,3,144,enrich@1.0,supervised,supervised,1.0,1.0,0.0
A4GRB6_PSEAI_Chen_2020,2,3,144,auroc@0.55,supervised,supervised,1.0,1.0,0.0
A4GRB6_PSEAI_Chen_2020,2,3,144,auroc@0.60,supervised,supervised,1.0,1.0,0.0
A4GRB6_PSEAI_Chen_2020,2,3,144,auroc@0.65,supervised,supervised,1.0,1.0,0.0
A4GRB6_PSEAI_Chen_2020,2,3,144,spearman@0.20,supervised,supervised,1.0,1.0,0.0
A4GRB6_PSEAI_Chen_2020,3,0,0,enrich@1.5,explore,explore,0.47961630695443647,0.47961630695443647,0.0
A4GRB6_PSEAI_Chen_2020,3,0,0,enrich@1.0,explore,explore,0.47961630695443647,0.47961630695443647,0.0
A4GRB6_PSEAI_Chen_2020,3,0,0,auroc@0.55,explore,explore,0.47961630695443647,0.47961630695443647,0.0
A4GRB6_PSEAI_Chen_2020,3,0,0,auroc@0.60,explore,explore,0.47961630695443647,0.47961630695443647,0.0
A4GRB6_PSEAI_Chen_2020,3,0,0,auroc@0.65,explore,explore,0.47961630695443647,0.47961630695443647,0.0
A4GRB6_PSEAI_Chen_2020,3,0,0,spearman@0.20,explore,explore,0.47961630695443647,0.47961630695443647,0.0
A4GRB6_PSEAI_Chen_2020,3,1,48,enrich@1.5,explore,esm2_wtm,0.48426150121065376,5.0,4.5157384987893465
A4GRB6_PSEAI_Chen_2020,3,1,48,enrich@1.0,explore,esm2_wtm,0.48426150121065376,5.0,4.5157384987893465
A4GRB6_PSEAI_Chen_2020,3,1,48,auroc@0.55,esm2_wtm,esm2_wtm,5.0,5.0,0.0
A4GRB6_PSEAI_Chen_2020,3,1,48,auroc@0.60,esm2_wtm,esm2_wtm,5.0,5.0,0.0
A4GRB6_PSEAI_Chen_2020,3,1,48,auroc@0.65,esm2_wtm,esm2_wtm,5.0,5.0,0.0
A4GRB6_PSEAI_Chen_2020,3,1,48,spearman@0.20,esm2_wtm,esm2_wtm,5.0,5.0,0.0
A4GRB6_PSEAI_Chen_2020,3,2,96,enrich@1.5,explore,supervised,0.4792176039119804,8.0,7.52078239608802
A4GRB6_PSEAI_Chen_2020,3,2,96,enrich@1.0,explore,supervised,0.4792176039119804,8.0,7.52078239608802
A4GRB6_PSEAI_Chen_2020,3,2,96,auroc@0.55,esm2_wtm,supervised,5.0,8.0,3.0
A4GRB6_PSEAI_Chen_2020,3,2,96,auroc@0.60,esm2_wtm,supervised,5.0,8.0,3.0
A4GRB6_PSEAI_Chen_2020,3,2,96,auroc@0.65,esm2_wtm,supervised,5.0,8.0,3.0
A4GRB6_PSEAI_Chen_2020,3,2,96,spearman@0.20,esm2_wtm,supervised,5.0,8.0,3.0
A4GRB6_PSEAI_Chen_2020,3,3,144,enrich@1.5,esm2_wtm,supervised,5.0,7.0,2.0
A4GRB6_PSEAI_Chen_2020,3,3,144,enrich@1.0,esm2_wtm,supervised,5.0,7.0,2.0
A4GRB6_PSEAI_Chen_2020,3,3,144,auroc@0.55,esm2_wtm,supervised,5.0,7.0,2.0
A4GRB6_PSEAI_Chen_2020,3,3,144,auroc@0.60,esm2_wtm,supervised,5.0,7.0,2.0
A4GRB6_PSEAI_Chen_2020,3,3,144,auroc@0.65,esm2_wtm,supervised,5.0,7.0,2.0
A4GRB6_PSEAI_Chen_2020,3,3,144,spearman@0.20,esm2_wtm,supervised,5.0,7.0,2.0
A4GRB6_PSEAI_Chen_2020,4,0,0,enrich@1.5,explore,explore,0.47961630695443647,0.47961630695443647,0.0
A4GRB6_PSEAI_Chen_2020,4,0,0,enrich@1.0,explore,explore,0.47961630695443647,0.47961630695443647,0.0
A4GRB6_PSEAI_Chen_2020,4,0,0,auroc@0.55,explore,explore,0.47961630695443647,0.47961630695443647,0.0
A4GRB6_PSEAI_Chen_2020,4,0,0,auroc@0.60,explore,explore,0.47961630695443647,0.47961630695443647,0.0
A4GRB6_PSEAI_Chen_2020,4,0,0,auroc@0.65,explore,explore,0.47961630695443647,0.47961630695443647,0.0
A4GRB6_PSEAI_Chen_2020,4,0,0,spearman@0.20,explore,explore,0.47961630695443647,0.47961630695443647,0.0
A4GRB6_PSEAI_Chen_2020,4,1,48,enrich@1.5,supervised,esm2_wtm,1.0,5.0,4.0
A4GRB6_PSEAI_Chen_2020,4,1,48,enrich@1.0,supervised,esm2_wtm,1.0,5.0,4.0
A4GRB6_PSEAI_Chen_2020,4,1,48,auroc@0.55,supervised,esm2_wtm,1.0,5.0,4.0
A4GRB6_PSEAI_Chen_2020,4,1,48,auroc@0.60,supervised,esm2_wtm,1.0,5.0,4.0
A4GRB6_PSEAI_Chen_2020,4,1,48,auroc@0.65,supervised,esm2_wtm,1.0,5.0,4.0
A4GRB6_PSEAI_Chen_2020,4,1,48,spearman@0.20,esm2_wtm,esm2_wtm,5.0,5.0,0.0
A4GRB6_PSEAI_Chen_2020,4,2,96,enrich@1.5,supervised,esm2_wtm,3.0,5.0,2.0
A4GRB6_PSEAI_Chen_2020,4,2,96,enrich@1.0,supervised,esm2_wtm,3.0,5.0,2.0
A4GRB6_PSEAI_Chen_2020,4,2,96,auroc@0.55,supervised,esm2_wtm,3.0,5.0,2.0
A4GRB6_PSEAI_Chen_2020,4,2,96,auroc@0.60,supervised,esm2_wtm,3.0,5.0,2.0
A4GRB6_PSEAI_Chen_2020,4,2,96,auroc@0.65,supervised,esm2_wtm,3.0,5.0,2.0
A4GRB6_PSEAI_Chen_2020,4,2,96,spearman@0.20,esm2_wtm,esm2_wtm,5.0,5.0,0.0
A4GRB6_PSEAI_Chen_2020,4,3,144,enrich@1.5,supervised,esm2_wtm,4.0,5.0,1.0
A4GRB6_PSEAI_Chen_2020,4,3,144,enrich@1.0,supervised,esm2_wtm,4.0,5.0,1.0
A4GRB6_PSEAI_Chen_2020,4,3,144,auroc@0.55,supervised,esm2_wtm,4.0,5.0,1.0
A4GRB6_PSEAI_Chen_2020,4,3,144,auroc@0.60,supervised,esm2_wtm,4.0,5.0,1.0
A4GRB6_PSEAI_Chen_2020,4,3,144,auroc@0.65,supervised,esm2_wtm,4.0,5.0,1.0
A4GRB6_PSEAI_Chen_2020,4,3,144,spearman@0.20,esm2_wtm,esm2_wtm,5.0,5.0,0.0
A4GRB6_PSEAI_Chen_2020,5,0,0,enrich@1.5,explore,explore,0.47961630695443647,0.47961630695443647,0.0
A4GRB6_PSEAI_Chen_2020,5,0,0,enrich@1.0,explore,explore,0.47961630695443647,0.47961630695443647,0.0
A4GRB6_PSEAI_Chen_2020,5,0,0,auroc@0.55,explore,explore,0.47961630695443647,0.47961630695443647,0.0
A4GRB6_PSEAI_Chen_2020,5,0,0,auroc@0.60,explore,explore,0.47961630695443647,0.47961630695443647,0.0
A4GRB6_PSEAI_Chen_2020,5,0,0,auroc@0.65,explore,explore,0.47961630695443647,0.47961630695443647,0.0
A4GRB6_PSEAI_Chen_2020,5,0,0,spearman@0.20,explore,explore,0.47961630695443647,0.47961630695443647,0.0
A4GRB6_PSEAI_Chen_2020,5,1,48,enrich@1.5,esm2_wtm,esm2_wtm,5.0,5.0,0.0
A4GRB6_PSEAI_Chen_2020,5,1,48,enrich@1.0,esm2_wtm,esm2_wtm,5.0,5.0,0.0
A4GRB6_PSEAI_Chen_2020,5,1,48,auroc@0.55,esm2_wtm,esm2_wtm,5.0,5.0,0.0
A4GRB6_PSEAI_Chen_2020,5,1,48,auroc@0.60,esm2_wtm,esm2_wtm,5.0,5.0,0.0
A4GRB6_PSEAI_Chen_2020,5,1,48,auroc@0.65,esm2_wtm,esm2_wtm,5.0,5.0,0.0
A4GRB6_PSEAI_Chen_2020,5,1,48,spearman@0.20,esm2_wtm,esm2_wtm,5.0,5.0,0.0
A4GRB6_PSEAI_Chen_2020,5,2,96,enrich@1.5,supervised,supervised,5.0,5.0,0.0
A4GRB6_PSEAI_Chen_2020,5,2,96,enrich@1.0,supervised,supervised,5.0,5.0,0.0
A4GRB6_PSEAI_Chen_2020,5,2,96,auroc@0.55,supervised,supervised,5.0,5.0,0.0
A4GRB6_PSEAI_Chen_2020,5,2,96,auroc@0.60,supervised,supervised,5.0,5.0,0.0
A4GRB6_PSEAI_Chen_2020,5,2,96,auroc@0.65,supervised,supervised,5.0,5.0,0.0
A4GRB6_PSEAI_Chen_2020,5,2,96,spearman@0.20,supervised,supervised,5.0,5.0,0.0
A4GRB6_PSEAI_Chen_2020,5,3,144,enrich@1.5,supervised,supervised,4.0,4.0,0.0
A4GRB6_PSEAI_Chen_2020,5,3,144,enrich@1.0,supervised,supervised,4.0,4.0,0.0
A4GRB6_PSEAI_Chen_2020,5,3,144,auroc@0.55,supervised,supervised,4.0,4.0,0.0
A4GRB6_PSEAI_Chen_2020,5,3,144,auroc@0.60,supervised,supervised,4.0,4.0,0.0
A4GRB6_PSEAI_Chen_2020,5,3,144,auroc@0.65,supervised,supervised,4.0,4.0,0.0
A4GRB6_PSEAI_Chen_2020,5,3,144,spearman@0.20,supervised,supervised,4.0,4.0,0.0
A4GRB6_PSEAI_Chen_2020,6,0,0,enrich@1.5,explore,explore,0.47961630695443647,0.47961630695443647,0.0
A4GRB6_PSEAI_Chen_2020,6,0,0,enrich@1.0,explore,explore,0.47961630695443647,0.47961630695443647,0.0
A4GRB6_PSEAI_Chen_2020,6,0,0,auroc@0.55,explore,explore,0.47961630695443647,0.47961630695443647,0.0
A4GRB6_PSEAI_Chen_2020,6,0,0,auroc@0.60,explore,explore,0.47961630695443647,0.47961630695443647,0.0
A4GRB6_PSEAI_Chen_2020,6,0,0,auroc@0.65,explore,explore,0.47961630695443647,0.47961630695443647,0.0
A4GRB6_PSEAI_Chen_2020,6,0,0,spearman@0.20,explore,explore,0.47961630695443647,0.47961630695443647,0.0
A4GRB6_PSEAI_Chen_2020,6,1,48,enrich@1.5,esm2_wtm,supervised,5.0,6.0,1.0
A4GRB6_PSEAI_Chen_2020,6,1,48,enrich@1.0,esm2_wtm,supervised,5.0,6.0,1.0
A4GRB6_PSEAI_Chen_2020,6,1,48,auroc@0.55,esm2_wtm,supervised,5.0,6.0,1.0
A4GRB6_PSEAI_Chen_2020,6,1,48,auroc@0.60,esm2_wtm,supervised,5.0,6.0,1.0
A4GRB6_PSEAI_Chen_2020,6,1,48,auroc@0.65,esm2_wtm,supervised,5.0,6.0,1.0
A4GRB6_PSEAI_Chen_2020,6,1,48,spearman@0.20,esm2_wtm,supervised,5.0,6.0,1.0
A4GRB6_PSEAI_Chen_2020,6,2,96,enrich@1.5,supervised,supervised,9.0,9.0,0.0
A4GRB6_PSEAI_Chen_2020,6,2,96,enrich@1.0,supervised,supervised,9.0,9.0,0.0
A4GRB6_PSEAI_Chen_2020,6,2,96,auroc@0.55,esm2_wtm,supervised,1.0,9.0,8.0
A4GRB6_PSEAI_Chen_2020,6,2,96,auroc@0.60,esm2_wtm,supervised,1.0,9.0,8.0
A4GRB6_PSEAI_Chen_2020,6,2,96,auroc@0.65,esm2_wtm,supervised,1.0,9.0,8.0
A4GRB6_PSEAI_Chen_2020,6,2,96,spearman@0.20,esm2_wtm,supervised,1.0,9.0,8.0
A4GRB6_PSEAI_Chen_2020,6,3,144,enrich@1.5,supervised,supervised,5.0,5.0,0.0
A4GRB6_PSEAI_Chen_2020,6,3,144,enrich@1.0,supervised,supervised,5.0,5.0,0.0
A4GRB6_PSEAI_Chen_2020,6,3,144,auroc@0.55,supervised,supervised,5.0,5.0,0.0
A4GRB6_PSEAI_Chen_2020,6,3,144,auroc@0.60,supervised,supervised,5.0,5.0,0.0
A4GRB6_PSEAI_Chen_2020,6,3,144,auroc@0.65,supervised,supervised,5.0,5.0,0.0
A4GRB6_PSEAI_Chen_2020,6,3,144,spearman@0.20,supervised,supervised,5.0,5.0,0.0
A4GRB6_PSEAI_Chen_2020,7,0,0,enrich@1.5,explore,explore,0.47961630695443647,0.47961630695443647,0.0
A4GRB6_PSEAI_Chen_2020,7,0,0,enrich@1.0,explore,explore,0.47961630695443647,0.47961630695443647,0.0
A4GRB6_PSEAI_Chen_2020,7,0,0,auroc@0.55,explore,explore,0.47961630695443647,0.47961630695443647,0.0
A4GRB6_PSEAI_Chen_2020,7,0,0,auroc@0.60,explore,explore,0.47961630695443647,0.47961630695443647,0.0
A4GRB6_PSEAI_Chen_2020,7,0,0,auroc@0.65,explore,explore,0.47961630695443647,0.47961630695443647,0.0
A4GRB6_PSEAI_Chen_2020,7,0,0,spearman@0.20,explore,explore,0.47961630695443647,0.47961630695443647,0.0
A4GRB6_PSEAI_Chen_2020,7,1,48,enrich@1.5,esm2_wtm,supervised,5.0,5.0,0.0
A4GRB6_PSEAI_Chen_2020,7,1,48,enrich@1.0,esm2_wtm,supervised,5.0,5.0,0.0
A4GRB6_PSEAI_Chen_2020,7,1,48,auroc@0.55,esm2_wtm,supervised,5.0,5.0,0.0
A4GRB6_PSEAI_Chen_2020,7,1,48,auroc@0.60,esm2_wtm,supervised,5.0,5.0,0.0
A4GRB6_PSEAI_Chen_2020,7,1,48,auroc@0.65,esm2_wtm,supervised,5.0,5.0,0.0
A4GRB6_PSEAI_Chen_2020,7,1,48,spearman@0.20,esm2_wtm,supervised,5.0,5.0,0.0
A4GRB6_PSEAI_Chen_2020,7,2,96,enrich@1.5,supervised,supervised,6.0,6.0,0.0
A4GRB6_PSEAI_Chen_2020,7,2,96,enrich@1.0,supervised,supervised,6.0,6.0,0.0
A4GRB6_PSEAI_Chen_2020,7,2,96,auroc@0.55,supervised,supervised,6.0,6.0,0.0
A4GRB6_PSEAI_Chen_2020,7,2,96,auroc@0.60,supervised,supervised,6.0,6.0,0.0
A4GRB6_PSEAI_Chen_2020,7,2,96,auroc@0.65,explore,supervised,0.43031784841075793,6.0,5.569682151589242
A4GRB6_PSEAI_Chen_2020,7,2,96,spearman@0.20,esm2_wtm,supervised,1.0,6.0,5.0
A4GRB6_PSEAI_Chen_2020,7,3,144,enrich@1.5,supervised,supervised,2.0,2.0,0.0
A4GRB6_PSEAI_Chen_2020,7,3,144,enrich@1.0,supervised,supervised,2.0,2.0,0.0
A4GRB6_PSEAI_Chen_2020,7,3,144,auroc@0.55,supervised,supervised,2.0,2.0,0.0
A4GRB6_PSEAI_Chen_2020,7,3,144,auroc@0.60,supervised,supervised,2.0,2.0,0.0
A4GRB6_PSEAI_Chen_2020,7,3,144,auroc@0.65,supervised,supervised,2.0,2.0,0.0
A4GRB6_PSEAI_Chen_2020,7,3,144,spearman@0.20,supervised,supervised,2.0,2.0,0.0
A4GRB6_PSEAI_Chen_2020,8,0,0,enrich@1.5,explore,explore,0.47961630695443647,0.47961630695443647,0.0
A4GRB6_PSEAI_Chen_2020,8,0,0,enrich@1.0,explore,explore,0.47961630695443647,0.47961630695443647,0.0
A4GRB6_PSEAI_Chen_2020,8,0,0,auroc@0.55,explore,explore,0.47961630695443647,0.47961630695443647,0.0
A4GRB6_PSEAI_Chen_2020,8,0,0,auroc@0.60,explore,explore,0.47961630695443647,0.47961630695443647,0.0
A4GRB6_PSEAI_Chen_2020,8,0,0,auroc@0.65,explore,explore,0.47961630695443647,0.47961630695443647,0.0
A4GRB6_PSEAI_Chen_2020,8,0,0,spearman@0.20,explore,explore,0.47961630695443647,0.47961630695443647,0.0
A4GRB6_PSEAI_Chen_2020,8,1,48,enrich@1.5,esm2_wtm,esm2_wtm,5.0,5.0,0.0
A4GRB6_PSEAI_Chen_2020,8,1,48,enrich@1.0,esm2_wtm,esm2_wtm,5.0,5.0,0.0
A4GRB6_PSEAI_Chen_2020,8,1,48,auroc@0.55,esm2_wtm,esm2_wtm,5.0,5.0,0.0
A4GRB6_PSEAI_Chen_2020,8,1,48,auroc@0.60,esm2_wtm,esm2_wtm,5.0,5.0,0.0
A4GRB6_PSEAI_Chen_2020,8,1,48,auroc@0.65,esm2_wtm,esm2_wtm,5.0,5.0,0.0
A4GRB6_PSEAI_Chen_2020,8,1,48,spearman@0.20,esm2_wtm,esm2_wtm,5.0,5.0,0.0
A4GRB6_PSEAI_Chen_2020,8,2,96,enrich@1.5,esm2_wtm,supervised,1.0,7.0,6.0
A4GRB6_PSEAI_Chen_2020,8,2,96,enrich@1.0,esm2_wtm,supervised,1.0,7.0,6.0
A4GRB6_PSEAI_Chen_2020,8,2,96,auroc@0.55,esm2_wtm,supervised,1.0,7.0,6.0
A4GRB6_PSEAI_Chen_2020,8,2,96,auroc@0.60,esm2_wtm,supervised,1.0,7.0,6.0
A4GRB6_PSEAI_Chen_2020,8,2,96,auroc@0.65,esm2_wtm,supervised,1.0,7.0,6.0
A4GRB6_PSEAI_Chen_2020,8,2,96,spearman@0.20,esm2_wtm,supervised,1.0,7.0,6.0
A4GRB6_PSEAI_Chen_2020,8,3,144,enrich@1.5,supervised,supervised,6.0,6.0,0.0
A4GRB6_PSEAI_Chen_2020,8,3,144,enrich@1.0,supervised,supervised,6.0,6.0,0.0
A4GRB6_PSEAI_Chen_2020,8,3,144,auroc@0.55,esm2_wtm,supervised,3.0,6.0,3.0
A4GRB6_PSEAI_Chen_2020,8,3,144,auroc@0.60,esm2_wtm,supervised,3.0,6.0,3.0
A4GRB6_PSEAI_Chen_2020,8,3,144,auroc@0.65,explore,supervised,0.4345679012345679,6.0,5.565432098765432
A4GRB6_PSEAI_Chen_2020,8,3,144,spearman@0.20,supervised,supervised,6.0,6.0,0.0
A4GRB6_PSEAI_Chen_2020,9,0,0,enrich@1.5,explore,explore,0.47961630695443647,0.47961630695443647,0.0
A4GRB6_PSEAI_Chen_2020,9,0,0,enrich@1.0,explore,explore,0.47961630695443647,0.47961630695443647,0.0
A4GRB6_PSEAI_Chen_2020,9,0,0,auroc@0.55,explore,explore,0.47961630695443647,0.47961630695443647,0.0
A4GRB6_PSEAI_Chen_2020,9,0,0,auroc@0.60,explore,explore,0.47961630695443647,0.47961630695443647,0.0
A4GRB6_PSEAI_Chen_2020,9,0,0,auroc@0.65,explore,explore,0.47961630695443647,0.47961630695443647,0.0
A4GRB6_PSEAI_Chen_2020,9,0,0,spearman@0.20,explore,explore,0.47961630695443647,0.47961630695443647,0.0
A4GRB6_PSEAI_Chen_2020,9,1,48,enrich@1.5,supervised,esm2_wtm,3.0,5.0,2.0
A4GRB6_PSEAI_Chen_2020,9,1,48,enrich@1.0,supervised,esm2_wtm,3.0,5.0,2.0
A4GRB6_PSEAI_Chen_2020,9,1,48,auroc@0.55,esm2_wtm,esm2_wtm,5.0,5.0,0.0
A4GRB6_PSEAI_Chen_2020,9,1,48,auroc@0.60,esm2_wtm,esm2_wtm,5.0,5.0,0.0
A4GRB6_PSEAI_Chen_2020,9,1,48,auroc@0.65,esm2_wtm,esm2_wtm,5.0,5.0,0.0
A4GRB6_PSEAI_Chen_2020,9,1,48,spearman@0.20,esm2_wtm,esm2_wtm,5.0,5.0,0.0
A4GRB6_PSEAI_Chen_2020,9,2,96,enrich@1.5,esm2_wtm,supervised,5.0,5.0,0.0
A4GRB6_PSEAI_Chen_2020,9,2,96,enrich@1.0,esm2_wtm,supervised,5.0,5.0,0.0
A4GRB6_PSEAI_Chen_2020,9,2,96,auroc@0.55,supervised,supervised,5.0,5.0,0.0
A4GRB6_PSEAI_Chen_2020,9,2,96,auroc@0.60,supervised,supervised,5.0,5.0,0.0
A4GRB6_PSEAI_Chen_2020,9,2,96,auroc@0.65,supervised,supervised,5.0,5.0,0.0
A4GRB6_PSEAI_Chen_2020,9,2,96,spearman@0.20,esm2_wtm,supervised,5.0,5.0,0.0
A4GRB6_PSEAI_Chen_2020,9,3,144,enrich@1.5,supervised,supervised,5.0,5.0,0.0
A4GRB6_PSEAI_Chen_2020,9,3,144,enrich@1.0,supervised,supervised,5.0,5.0,0.0
A4GRB6_PSEAI_Chen_2020,9,3,144,auroc@0.55,supervised,supervised,5.0,5.0,0.0
A4GRB6_PSEAI_Chen_2020,9,3,144,auroc@0.60,supervised,supervised,5.0,5.0,0.0
A4GRB6_PSEAI_Chen_2020,9,3,144,auroc@0.65,supervised,supervised,5.0,5.0,0.0
A4GRB6_PSEAI_Chen_2020,9,3,144,spearman@0.20,supervised,supervised,5.0,5.0,0.0
A4GRB6_PSEAI_Chen_2020,10,0,0,enrich@1.5,explore,explore,0.47961630695443647,0.47961630695443647,0.0
A4GRB6_PSEAI_Chen_2020,10,0,0,enrich@1.0,explore,explore,0.47961630695443647,0.47961630695443647,0.0
A4GRB6_PSEAI_Chen_2020,10,0,0,auroc@0.55,explore,explore,0.47961630695443647,0.47961630695443647,0.0
A4GRB6_PSEAI_Chen_2020,10,0,0,auroc@0.60,explore,explore,0.47961630695443647,0.47961630695443647,0.0
A4GRB6_PSEAI_Chen_2020,10,0,0,auroc@0.65,explore,explore,0.47961630695443647,0.47961630695443647,0.0
A4GRB6_PSEAI_Chen_2020,10,0,0,spearman@0.20,explore,explore,0.47961630695443647,0.47961630695443647,0.0
A4GRB6_PSEAI_Chen_2020,10,1,48,enrich@1.5,esm2_wtm,supervised,5.0,6.0,1.0
A4GRB6_PSEAI_Chen_2020,10,1,48,enrich@1.0,esm2_wtm,supervised,5.0,6.0,1.0
A4GRB6_PSEAI_Chen_2020,10,1,48,auroc@0.55,esm2_wtm,supervised,5.0,6.0,1.0
A4GRB6_PSEAI_Chen_2020,10,1,48,auroc@0.60,esm2_wtm,supervised,5.0,6.0,1.0
A4GRB6_PSEAI_Chen_2020,10,1,48,auroc@0.65,esm2_wtm,supervised,5.0,6.0,1.0
A4GRB6_PSEAI_Chen_2020,10,1,48,spearman@0.20,esm2_wtm,supervised,5.0,6.0,1.0
A4GRB6_PSEAI_Chen_2020,10,2,96,enrich@1.5,supervised,supervised,9.0,9.0,0.0
A4GRB6_PSEAI_Chen_2020,10,2,96,enrich@1.0,supervised,supervised,9.0,9.0,0.0
A4GRB6_PSEAI_Chen_2020,10,2,96,auroc@0.55,esm2_wtm,supervised,1.0,9.0,8.0
A4GRB6_PSEAI_Chen_2020,10,2,96,auroc@0.60,esm2_wtm,supervised,1.0,9.0,8.0
A4GRB6_PSEAI_Chen_2020,10,2,96,auroc@0.65,esm2_wtm,supervised,1.0,9.0,8.0
A4GRB6_PSEAI_Chen_2020,10,2,96,spearman@0.20,supervised,supervised,9.0,9.0,0.0
A4GRB6_PSEAI_Chen_2020,10,3,144,enrich@1.5,supervised,supervised,8.0,8.0,0.0
A4GRB6_PSEAI_Chen_2020,10,3,144,enrich@1.0,supervised,supervised,8.0,8.0,0.0
A4GRB6_PSEAI_Chen_2020,10,3,144,auroc@0.55,supervised,supervised,8.0,8.0,0.0
A4GRB6_PSEAI_Chen_2020,10,3,144,auroc@0.60,supervised,supervised,8.0,8.0,0.0
A4GRB6_PSEAI_Chen_2020,10,3,144,auroc@0.65,supervised,supervised,8.0,8.0,0.0
A4GRB6_PSEAI_Chen_2020,10,3,144,spearman@0.20,supervised,supervised,8.0,8.0,0.0
A4GRB6_PSEAI_Chen_2020,11,0,0,enrich@1.5,explore,explore,0.47961630695443647,0.47961630695443647,0.0
A4GRB6_PSEAI_Chen_2020,11,0,0,enrich@1.0,explore,explore,0.47961630695443647,0.47961630695443647,0.0
A4GRB6_PSEAI_Chen_2020,11,0,0,auroc@0.55,explore,explore,0.47961630695443647,0.47961630695443647,0.0
A4GRB6_PSEAI_Chen_2020,11,0,0,auroc@0.60,explore,explore,0.47961630695443647,0.47961630695443647,0.0
A4GRB6_PSEAI_Chen_2020,11,0,0,auroc@0.65,explore,explore,0.47961630695443647,0.47961630695443647,0.0
A4GRB6_PSEAI_Chen_2020,11,0,0,spearman@0.20,explore,explore,0.47961630695443647,0.47961630695443647,0.0
A4GRB6_PSEAI_Chen_2020,11,1,48,enrich@1.5,supervised,esm2_wtm,2.0,5.0,3.0
A4GRB6_PSEAI_Chen_2020,11,1,48,enrich@1.0,supervised,esm2_wtm,2.0,5.0,3.0
A4GRB6_PSEAI_Chen_2020,11,1,48,auroc@0.55,esm2_wtm,esm2_wtm,5.0,5.0,0.0
A4GRB6_PSEAI_Chen_2020,11,1,48,auroc@0.60,esm2_wtm,esm2_wtm,5.0,5.0,0.0
A4GRB6_PSEAI_Chen_2020,11,1,48,auroc@0.65,esm2_wtm,esm2_wtm,5.0,5.0,0.0
A4GRB6_PSEAI_Chen_2020,11,1,48,spearman@0.20,esm2_wtm,esm2_wtm,5.0,5.0,0.0
A4GRB6_PSEAI_Chen_2020,11,2,96,enrich@1.5,supervised,esm2_wtm,3.0,5.0,2.0
A4GRB6_PSEAI_Chen_2020,11,2,96,enrich@1.0,supervised,esm2_wtm,3.0,5.0,2.0
A4GRB6_PSEAI_Chen_2020,11,2,96,auroc@0.55,supervised,esm2_wtm,3.0,5.0,2.0
A4GRB6_PSEAI_Chen_2020,11,2,96,auroc@0.60,supervised,esm2_wtm,3.0,5.0,2.0
A4GRB6_PSEAI_Chen_2020,11,2,96,auroc@0.65,supervised,esm2_wtm,3.0,5.0,2.0
A4GRB6_PSEAI_Chen_2020,11,2,96,spearman@0.20,esm2_wtm,esm2_wtm,5.0,5.0,0.0
A4GRB6_PSEAI_Chen_2020,11,3,144,enrich@1.5,supervised,supervised,5.0,5.0,0.0
A4GRB6_PSEAI_Chen_2020,11,3,144,enrich@1.0,supervised,supervised,5.0,5.0,0.0
A4GRB6_PSEAI_Chen_2020,11,3,144,auroc@0.55,supervised,supervised,5.0,5.0,0.0
A4GRB6_PSEAI_Chen_2020,11,3,144,auroc@0.60,supervised,supervised,5.0,5.0,0.0
A4GRB6_PSEAI_Chen_2020,11,3,144,auroc@0.65,supervised,supervised,5.0,5.0,0.0
A4GRB6_PSEAI_Chen_2020,11,3,144,spearman@0.20,supervised,supervised,5.0,5.0,0.0
A4GRB6_PSEAI_Chen_2020,12,0,0,enrich@1.5,explore,explore,0.47961630695443647,0.47961630695443647,0.0
A4GRB6_PSEAI_Chen_2020,12,0,0,enrich@1.0,explore,explore,0.47961630695443647,0.47961630695443647,0.0
A4GRB6_PSEAI_Chen_2020,12,0,0,auroc@0.55,explore,explore,0.47961630695443647,0.47961630695443647,0.0
A4GRB6_PSEAI_Chen_2020,12,0,0,auroc@0.60,explore,explore,0.47961630695443647,0.47961630695443647,0.0
A4GRB6_PSEAI_Chen_2020,12,0,0,auroc@0.65,explore,explore,0.47961630695443647,0.47961630695443647,0.0
A4GRB6_PSEAI_Chen_2020,12,0,0,spearman@0.20,explore,explore,0.47961630695443647,0.47961630695443647,0.0
A4GRB6_PSEAI_Chen_2020,12,1,48,enrich@1.5,esm2_wtm,esm2_wtm,5.0,5.0,0.0
A4GRB6_PSEAI_Chen_2020,12,1,48,enrich@1.0,esm2_wtm,esm2_wtm,5.0,5.0,0.0
A4GRB6_PSEAI_Chen_2020,12,1,48,auroc@0.55,esm2_wtm,esm2_wtm,5.0,5.0,0.0
A4GRB6_PSEAI_Chen_2020,12,1,48,auroc@0.60,esm2_wtm,esm2_wtm,5.0,5.0,0.0
A4GRB6_PSEAI_Chen_2020,12,1,48,auroc@0.65,esm2_wtm,esm2_wtm,5.0,5.0,0.0
A4GRB6_PSEAI_Chen_2020,12,1,48,spearman@0.20,esm2_wtm,esm2_wtm,5.0,5.0,0.0
A4GRB6_PSEAI_Chen_2020,12,2,96,enrich@1.5,supervised,supervised,8.0,8.0,0.0
A4GRB6_PSEAI_Chen_2020,12,2,96,enrich@1.0,supervised,supervised,8.0,8.0,0.0
A4GRB6_PSEAI_Chen_2020,12,2,96,auroc@0.55,esm2_wtm,supervised,1.0,8.0,7.0
A4GRB6_PSEAI_Chen_2020,12,2,96,auroc@0.60,esm2_wtm,supervised,1.0,8.0,7.0
A4GRB6_PSEAI_Chen_2020,12,2,96,auroc@0.65,esm2_wtm,supervised,1.0,8.0,7.0
A4GRB6_PSEAI_Chen_2020,12,2,96,spearman@0.20,esm2_wtm,supervised,1.0,8.0,7.0
A4GRB6_PSEAI_Chen_2020,12,3,144,enrich@1.5,supervised,supervised,2.0,2.0,0.0
A4GRB6_PSEAI_Chen_2020,12,3,144,enrich@1.0,supervised,supervised,2.0,2.0,0.0
A4GRB6_PSEAI_Chen_2020,12,3,144,auroc@0.55,supervised,supervised,2.0,2.0,0.0
A4GRB6_PSEAI_Chen_2020,12,3,144,auroc@0.60,supervised,supervised,2.0,2.0,0.0
A4GRB6_PSEAI_Chen_2020,12,3,144,auroc@0.65,supervised,supervised,2.0,2.0,0.0
A4GRB6_PSEAI_Chen_2020,12,3,144,spearman@0.20,supervised,supervised,2.0,2.0,0.0
A4GRB6_PSEAI_Chen_2020,13,0,0,enrich@1.5,explore,explore,0.47961630695443647,0.47961630695443647,0.0
A4GRB6_PSEAI_Chen_2020,13,0,0,enrich@1.0,explore,explore,0.47961630695443647,0.47961630695443647,0.0
A4GRB6_PSEAI_Chen_2020,13,0,0,auroc@0.55,explore,explore,0.47961630695443647,0.47961630695443647,0.0
A4GRB6_PSEAI_Chen_2020,13,0,0,auroc@0.60,explore,explore,0.47961630695443647,0.47961630695443647,0.0
A4GRB6_PSEAI_Chen_2020,13,0,0,auroc@0.65,explore,explore,0.47961630695443647,0.47961630695443647,0.0
A4GRB6_PSEAI_Chen_2020,13,0,0,spearman@0.20,explore,explore,0.47961630695443647,0.47961630695443647,0.0
A4GRB6_PSEAI_Chen_2020,13,1,48,enrich@1.5,supervised,esm2_wtm,1.0,5.0,4.0
A4GRB6_PSEAI_Chen_2020,13,1,48,enrich@1.0,supervised,esm2_wtm,1.0,5.0,4.0
A4GRB6_PSEAI_Chen_2020,13,1,48,auroc@0.55,esm2_wtm,esm2_wtm,5.0,5.0,0.0
A4GRB6_PSEAI_Chen_2020,13,1,48,auroc@0.60,esm2_wtm,esm2_wtm,5.0,5.0,0.0
A4GRB6_PSEAI_Chen_2020,13,1,48,auroc@0.65,esm2_wtm,esm2_wtm,5.0,5.0,0.0
A4GRB6_PSEAI_Chen_2020,13,1,48,spearman@0.20,esm2_wtm,esm2_wtm,5.0,5.0,0.0
A4GRB6_PSEAI_Chen_2020,13,2,96,enrich@1.5,supervised,esm2_wtm,1.0,5.0,4.0
A4GRB6_PSEAI_Chen_2020,13,2,96,enrich@1.0,supervised,esm2_wtm,1.0,5.0,4.0
A4GRB6_PSEAI_Chen_2020,13,2,96,auroc@0.55,supervised,esm2_wtm,1.0,5.0,4.0
A4GRB6_PSEAI_Chen_2020,13,2,96,auroc@0.60,supervised,esm2_wtm,1.0,5.0,4.0
A4GRB6_PSEAI_Chen_2020,13,2,96,auroc@0.65,supervised,esm2_wtm,1.0,5.0,4.0
A4GRB6_PSEAI_Chen_2020,13,2,96,spearman@0.20,supervised,esm2_wtm,1.0,5.0,4.0
A4GRB6_PSEAI_Chen_2020,13,3,144,enrich@1.5,supervised,supervised,12.0,12.0,0.0
A4GRB6_PSEAI_Chen_2020,13,3,144,enrich@1.0,supervised,supervised,12.0,12.0,0.0
A4GRB6_PSEAI_Chen_2020,13,3,144,auroc@0.55,supervised,supervised,12.0,12.0,0.0
A4GRB6_PSEAI_Chen_2020,13,3,144,auroc@0.60,supervised,supervised,12.0,12.0,0.0
A4GRB6_PSEAI_Chen_2020,13,3,144,auroc@0.65,supervised,supervised,12.0,12.0,0.0
A4GRB6_PSEAI_Chen_2020,13,3,144,spearman@0.20,supervised,supervised,12.0,12.0,0.0
A4GRB6_PSEAI_Chen_2020,14,0,0,enrich@1.5,explore,explore,0.47961630695443647,0.47961630695443647,0.0
A4GRB6_PSEAI_Chen_2020,14,0,0,enrich@1.0,explore,explore,0.47961630695443647,0.47961630695443647,0.0
A4GRB6_PSEAI_Chen_2020,14,0,0,auroc@0.55,explore,explore,0.47961630695443647,0.47961630695443647,0.0
A4GRB6_PSEAI_Chen_2020,14,0,0,auroc@0.60,explore,explore,0.47961630695443647,0.47961630695443647,0.0
A4GRB6_PSEAI_Chen_2020,14,0,0,auroc@0.65,explore,explore,0.47961630695443647,0.47961630695443647,0.0
A4GRB6_PSEAI_Chen_2020,14,0,0,spearman@0.20,explore,explore,0.47961630695443647,0.47961630695443647,0.0
A4GRB6_PSEAI_Chen_2020,14,1,48,enrich@1.5,supervised,esm2_wtm,0.0,5.0,5.0
A4GRB6_PSEAI_Chen_2020,14,1,48,enrich@1.0,supervised,esm2_wtm,0.0,5.0,5.0
A4GRB6_PSEAI_Chen_2020,14,1,48,auroc@0.55,esm2_wtm,esm2_wtm,5.0,5.0,0.0
A4GRB6_PSEAI_Chen_2020,14,1,48,auroc@0.60,esm2_wtm,esm2_wtm,5.0,5.0,0.0
A4GRB6_PSEAI_Chen_2020,14,1,48,auroc@0.65,esm2_wtm,esm2_wtm,5.0,5.0,0.0
A4GRB6_PSEAI_Chen_2020,14,1,48,spearman@0.20,esm2_wtm,esm2_wtm,5.0,5.0,0.0
A4GRB6_PSEAI_Chen_2020,14,2,96,enrich@1.5,esm2_wtm,esm2_wtm,5.0,5.0,0.0
A4GRB6_PSEAI_Chen_2020,14,2,96,enrich@1.0,esm2_wtm,esm2_wtm,5.0,5.0,0.0
A4GRB6_PSEAI_Chen_2020,14,2,96,auroc@0.55,esm2_wtm,esm2_wtm,5.0,5.0,0.0
A4GRB6_PSEAI_Chen_2020,14,2,96,auroc@0.60,esm2_wtm,esm2_wtm,5.0,5.0,0.0
A4GRB6_PSEAI_Chen_2020,14,2,96,auroc@0.65,esm2_wtm,esm2_wtm,5.0,5.0,0.0
A4GRB6_PSEAI_Chen_2020,14,2,96,spearman@0.20,esm2_wtm,esm2_wtm,5.0,5.0,0.0
A4GRB6_PSEAI_Chen_2020,14,3,144,enrich@1.5,supervised,supervised,8.0,8.0,0.0
A4GRB6_PSEAI_Chen_2020,14,3,144,enrich@1.0,supervised,supervised,8.0,8.0,0.0
A4GRB6_PSEAI_Chen_2020,14,3,144,auroc@0.55,esm2_wtm,supervised,1.0,8.0,7.0
A4GRB6_PSEAI_Chen_2020,14,3,144,auroc@0.60,esm2_wtm,supervised,1.0,8.0,7.0
A4GRB6_PSEAI_Chen_2020,14,3,144,auroc@0.65,esm2_wtm,supervised,1.0,8.0,7.0
A4GRB6_PSEAI_Chen_2020,14,3,144,spearman@0.20,esm2_wtm,supervised,1.0,8.0,7.0
A4GRB6_PSEAI_Chen_2020,15,0,0,enrich@1.5,explore,explore,0.47961630695443647,0.47961630695443647,0.0
A4GRB6_PSEAI_Chen_2020,15,0,0,enrich@1.0,explore,explore,0.47961630695443647,0.47961630695443647,0.0
A4GRB6_PSEAI_Chen_2020,15,0,0,auroc@0.55,explore,explore,0.47961630695443647,0.47961630695443647,0.0
A4GRB6_PSEAI_Chen_2020,15,0,0,auroc@0.60,explore,explore,0.47961630695443647,0.47961630695443647,0.0
A4GRB6_PSEAI_Chen_2020,15,0,0,auroc@0.65,explore,explore,0.47961630695443647,0.47961630695443647,0.0
A4GRB6_PSEAI_Chen_2020,15,0,0,spearman@0.20,explore,explore,0.47961630695443647,0.47961630695443647,0.0
A4GRB6_PSEAI_Chen_2020,15,1,48,enrich@1.5,supervised,esm2_wtm,1.0,5.0,4.0
A4GRB6_PSEAI_Chen_2020,15,1,48,enrich@1.0,supervised,esm2_wtm,1.0,5.0,4.0
A4GRB6_PSEAI_Chen_2020,15,1,48,auroc@0.55,supervised,esm2_wtm,1.0,5.0,4.0
A4GRB6_PSEAI_Chen_2020,15,1,48,auroc@0.60,supervised,esm2_wtm,1.0,5.0,4.0
A4GRB6_PSEAI_Chen_2020,15,1,48,auroc@0.65,supervised,esm2_wtm,1.0,5.0,4.0
A4GRB6_PSEAI_Chen_2020,15,1,48,spearman@0.20,esm2_wtm,esm2_wtm,5.0,5.0,0.0
A4GRB6_PSEAI_Chen_2020,15,2,96,enrich@1.5,esm2_wtm,esm2_wtm,5.0,5.0,0.0
A4GRB6_PSEAI_Chen_2020,15,2,96,enrich@1.0,esm2_wtm,esm2_wtm,5.0,5.0,0.0
A4GRB6_PSEAI_Chen_2020,15,2,96,auroc@0.55,esm2_wtm,esm2_wtm,5.0,5.0,0.0
A4GRB6_PSEAI_Chen_2020,15,2,96,auroc@0.60,esm2_wtm,esm2_wtm,5.0,5.0,0.0
A4GRB6_PSEAI_Chen_2020,15,2,96,auroc@0.65,esm2_wtm,esm2_wtm,5.0,5.0,0.0
A4GRB6_PSEAI_Chen_2020,15,2,96,spearman@0.20,esm2_wtm,esm2_wtm,5.0,5.0,0.0
A4GRB6_PSEAI_Chen_2020,15,3,144,enrich@1.5,supervised,supervised,9.0,9.0,0.0
A4GRB6_PSEAI_Chen_2020,15,3,144,enrich@1.0,supervised,supervised,9.0,9.0,0.0
A4GRB6_PSEAI_Chen_2020,15,3,144,auroc@0.55,supervised,supervised,9.0,9.0,0.0
A4GRB6_PSEAI_Chen_2020,15,3,144,auroc@0.60,supervised,supervised,9.0,9.0,0.0
A4GRB6_PSEAI_Chen_2020,15,3,144,auroc@0.65,supervised,supervised,9.0,9.0,0.0
A4GRB6_PSEAI_Chen_2020,15,3,144,spearman@0.20,esm2_wtm,supervised,1.0,9.0,8.0
A4GRB6_PSEAI_Chen_2020,16,0,0,enrich@1.5,explore,explore,0.47961630695443647,0.47961630695443647,0.0
A4GRB6_PSEAI_Chen_2020,16,0,0,enrich@1.0,explore,explore,0.47961630695443647,0.47961630695443647,0.0
A4GRB6_PSEAI_Chen_2020,16,0,0,auroc@0.55,explore,explore,0.47961630695443647,0.47961630695443647,0.0
A4GRB6_PSEAI_Chen_2020,16,0,0,auroc@0.60,explore,explore,0.47961630695443647,0.47961630695443647,0.0
A4GRB6_PSEAI_Chen_2020,16,0,0,auroc@0.65,explore,explore,0.47961630695443647,0.47961630695443647,0.0
A4GRB6_PSEAI_Chen_2020,16,0,0,spearman@0.20,explore,explore,0.47961630695443647,0.47961630695443647,0.0
A4GRB6_PSEAI_Chen_2020,16,1,48,enrich@1.5,esm2_wtm,esm2_wtm,5.0,5.0,0.0
A4GRB6_PSEAI_Chen_2020,16,1,48,enrich@1.0,esm2_wtm,esm2_wtm,5.0,5.0,0.0
A4GRB6_PSEAI_Chen_2020,16,1,48,auroc@0.55,esm2_wtm,esm2_wtm,5.0,5.0,0.0
A4GRB6_PSEAI_Chen_2020,16,1,48,auroc@0.60,esm2_wtm,esm2_wtm,5.0,5.0,0.0
A4GRB6_PSEAI_Chen_2020,16,1,48,auroc@0.65,esm2_wtm,esm2_wtm,5.0,5.0,0.0
A4GRB6_PSEAI_Chen_2020,16,1,48,spearman@0.20,esm2_wtm,esm2_wtm,5.0,5.0,0.0
A4GRB6_PSEAI_Chen_2020,16,2,96,enrich@1.5,supervised,supervised,8.0,8.0,0.0
A4GRB6_PSEAI_Chen_2020,16,2,96,enrich@1.0,supervised,supervised,8.0,8.0,0.0
A4GRB6_PSEAI_Chen_2020,16,2,96,auroc@0.55,esm2_wtm,supervised,1.0,8.0,7.0
A4GRB6_PSEAI_Chen_2020,16,2,96,auroc@0.60,esm2_wtm,supervised,1.0,8.0,7.0
A4GRB6_PSEAI_Chen_2020,16,2,96,auroc@0.65,esm2_wtm,supervised,1.0,8.0,7.0
A4GRB6_PSEAI_Chen_2020,16,2,96,spearman@0.20,esm2_wtm,supervised,1.0,8.0,7.0
A4GRB6_PSEAI_Chen_2020,16,3,144,enrich@1.5,supervised,supervised,3.0,3.0,0.0
A4GRB6_PSEAI_Chen_2020,16,3,144,enrich@1.0,supervised,supervised,3.0,3.0,0.0
A4GRB6_PSEAI_Chen_2020,16,3,144,auroc@0.55,supervised,supervised,3.0,3.0,0.0
A4GRB6_PSEAI_Chen_2020,16,3,144,auroc@0.60,supervised,supervised,3.0,3.0,0.0
A4GRB6_PSEAI_Chen_2020,16,3,144,auroc@0.65,supervised,supervised,3.0,3.0,0.0
A4GRB6_PSEAI_Chen_2020,16,3,144,spearman@0.20,supervised,supervised,3.0,3.0,0.0
A4GRB6_PSEAI_Chen_2020,17,0,0,enrich@1.5,explore,explore,0.47961630695443647,0.47961630695443647,0.0
A4GRB6_PSEAI_Chen_2020,17,0,0,enrich@1.0,explore,explore,0.47961630695443647,0.47961630695443647,0.0
A4GRB6_PSEAI_Chen_2020,17,0,0,auroc@0.55,explore,explore,0.47961630695443647,0.47961630695443647,0.0
A4GRB6_PSEAI_Chen_2020,17,0,0,auroc@0.60,explore,explore,0.47961630695443647,0.47961630695443647,0.0
A4GRB6_PSEAI_Chen_2020,17,0,0,auroc@0.65,explore,explore,0.47961630695443647,0.47961630695443647,0.0
A4GRB6_PSEAI_Chen_2020,17,0,0,spearman@0.20,explore,explore,0.47961630695443647,0.47961630695443647,0.0
A4GRB6_PSEAI_Chen_2020,17,1,48,enrich@1.5,supervised,esm2_wtm,0.0,5.0,5.0
A4GRB6_PSEAI_Chen_2020,17,1,48,enrich@1.0,supervised,esm2_wtm,0.0,5.0,5.0
A4GRB6_PSEAI_Chen_2020,17,1,48,auroc@0.55,esm2_wtm,esm2_wtm,5.0,5.0,0.0
A4GRB6_PSEAI_Chen_2020,17,1,48,auroc@0.60,esm2_wtm,esm2_wtm,5.0,5.0,0.0
A4GRB6_PSEAI_Chen_2020,17,1,48,auroc@0.65,esm2_wtm,esm2_wtm,5.0,5.0,0.0
A4GRB6_PSEAI_Chen_2020,17,1,48,spearman@0.20,esm2_wtm,esm2_wtm,5.0,5.0,0.0
A4GRB6_PSEAI_Chen_2020,17,2,96,enrich@1.5,esm2_wtm,esm2_wtm,5.0,5.0,0.0
A4GRB6_PSEAI_Chen_2020,17,2,96,enrich@1.0,esm2_wtm,esm2_wtm,5.0,5.0,0.0
A4GRB6_PSEAI_Chen_2020,17,2,96,auroc@0.55,esm2_wtm,esm2_wtm,5.0,5.0,0.0
A4GRB6_PSEAI_Chen_2020,17,2,96,auroc@0.60,esm2_wtm,esm2_wtm,5.0,5.0,0.0
A4GRB6_PSEAI_Chen_2020,17,2,96,auroc@0.65,esm2_wtm,esm2_wtm,5.0,5.0,0.0
A4GRB6_PSEAI_Chen_2020,17,2,96,spearman@0.20,esm2_wtm,esm2_wtm,5.0,5.0,0.0
A4GRB6_PSEAI_Chen_2020,17,3,144,enrich@1.5,supervised,supervised,9.0,9.0,0.0
A4GRB6_PSEAI_Chen_2020,17,3,144,enrich@1.0,supervised,supervised,9.0,9.0,0.0
A4GRB6_PSEAI_Chen_2020,17,3,144,auroc@0.55,esm2_wtm,supervised,1.0,9.0,8.0
A4GRB6_PSEAI_Chen_2020,17,3,144,auroc@0.60,esm2_wtm,supervised,1.0,9.0,8.0
A4GRB6_PSEAI_Chen_2020,17,3,144,auroc@0.65,esm2_wtm,supervised,1.0,9.0,8.0
A4GRB6_PSEAI_Chen_2020,17,3,144,spearman@0.20,supervised,supervised,9.0,9.0,0.0
A4GRB6_PSEAI_Chen_2020,18,0,0,enrich@1.5,explore,explore,0.47961630695443647,0.47961630695443647,0.0
A4GRB6_PSEAI_Chen_2020,18,0,0,enrich@1.0,explore,explore,0.47961630695443647,0.47961630695443647,0.0
A4GRB6_PSEAI_Chen_2020,18,0,0,auroc@0.55,explore,explore,0.47961630695443647,0.47961630695443647,0.0
A4GRB6_PSEAI_Chen_2020,18,0,0,auroc@0.60,explore,explore,0.47961630695443647,0.47961630695443647,0.0
A4GRB6_PSEAI_Chen_2020,18,0,0,auroc@0.65,explore,explore,0.47961630695443647,0.47961630695443647,0.0
A4GRB6_PSEAI_Chen_2020,18,0,0,spearman@0.20,explore,explore,0.47961630695443647,0.47961630695443647,0.0
A4GRB6_PSEAI_Chen_2020,18,1,48,enrich@1.5,supervised,esm2_wtm,1.0,5.0,4.0
A4GRB6_PSEAI_Chen_2020,18,1,48,enrich@1.0,supervised,esm2_wtm,1.0,5.0,4.0
A4GRB6_PSEAI_Chen_2020,18,1,48,auroc@0.55,esm2_wtm,esm2_wtm,5.0,5.0,0.0
A4GRB6_PSEAI_Chen_2020,18,1,48,auroc@0.60,esm2_wtm,esm2_wtm,5.0,5.0,0.0
A4GRB6_PSEAI_Chen_2020,18,1,48,auroc@0.65,esm2_wtm,esm2_wtm,5.0,5.0,0.0
A4GRB6_PSEAI_Chen_2020,18,1,48,spearman@0.20,esm2_wtm,esm2_wtm,5.0,5.0,0.0
A4GRB6_PSEAI_Chen_2020,18,2,96,enrich@1.5,esm2_wtm,supervised,5.0,8.0,3.0
A4GRB6_PSEAI_Chen_2020,18,2,96,enrich@1.0,esm2_wtm,supervised,5.0,8.0,3.0
A4GRB6_PSEAI_Chen_2020,18,2,96,auroc@0.55,esm2_wtm,supervised,5.0,8.0,3.0
A4GRB6_PSEAI_Chen_2020,18,2,96,auroc@0.60,esm2_wtm,supervised,5.0,8.0,3.0
A4GRB6_PSEAI_Chen_2020,18,2,96,auroc@0.65,esm2_wtm,supervised,5.0,8.0,3.0
A4GRB6_PSEAI_Chen_2020,18,2,96,spearman@0.20,supervised,supervised,8.0,8.0,0.0
A4GRB6_PSEAI_Chen_2020,18,3,144,enrich@1.5,supervised,supervised,8.0,8.0,0.0
A4GRB6_PSEAI_Chen_2020,18,3,144,enrich@1.0,supervised,supervised,8.0,8.0,0.0
A4GRB6_PSEAI_Chen_2020,18,3,144,auroc@0.55,esm2_wtm,supervised,1.0,8.0,7.0
A4GRB6_PSEAI_Chen_2020,18,3,144,auroc@0.60,esm2_wtm,supervised,1.0,8.0,7.0
A4GRB6_PSEAI_Chen_2020,18,3,144,auroc@0.65,esm2_wtm,supervised,1.0,8.0,7.0
A4GRB6_PSEAI_Chen_2020,18,3,144,spearman@0.20,esm2_wtm,supervised,1.0,8.0,7.0
A4GRB6_PSEAI_Chen_2020,19,0,0,enrich@1.5,explore,explore,0.47961630695443647,0.47961630695443647,0.0
A4GRB6_PSEAI_Chen_2020,19,0,0,enrich@1.0,explore,explore,0.47961630695443647,0.47961630695443647,0.0
A4GRB6_PSEAI_Chen_2020,19,0,0,auroc@0.55,explore,explore,0.47961630695443647,0.47961630695443647,0.0
A4GRB6_PSEAI_Chen_2020,19,0,0,auroc@0.60,explore,explore,0.47961630695443647,0.47961630695443647,0.0
A4GRB6_PSEAI_Chen_2020,19,0,0,auroc@0.65,explore,explore,0.47961630695443647,0.47961630695443647,0.0
A4GRB6_PSEAI_Chen_2020,19,0,0,spearman@0.20,explore,explore,0.47961630695443647,0.47961630695443647,0.0
A4GRB6_PSEAI_Chen_2020,19,1,48,enrich@1.5,esm2_wtm,esm2_wtm,5.0,5.0,0.0
A4GRB6_PSEAI_Chen_2020,19,1,48,enrich@1.0,esm2_wtm,esm2_wtm,5.0,5.0,0.0
A4GRB6_PSEAI_Chen_2020,19,1,48,auroc@0.55,esm2_wtm,esm2_wtm,5.0,5.0,0.0
A4GRB6_PSEAI_Chen_2020,19,1,48,auroc@0.60,esm2_wtm,esm2_wtm,5.0,5.0,0.0
A4GRB6_PSEAI_Chen_2020,19,1,48,auroc@0.65,esm2_wtm,esm2_wtm,5.0,5.0,0.0
A4GRB6_PSEAI_Chen_2020,19,1,48,spearman@0.20,esm2_wtm,esm2_wtm,5.0,5.0,0.0
A4GRB6_PSEAI_Chen_2020,19,2,96,enrich@1.5,supervised,supervised,7.0,7.0,0.0
A4GRB6_PSEAI_Chen_2020,19,2,96,enrich@1.0,supervised,supervised,7.0,7.0,0.0
A4GRB6_PSEAI_Chen_2020,19,2,96,auroc@0.55,esm2_wtm,supervised,1.0,7.0,6.0
A4GRB6_PSEAI_Chen_2020,19,2,96,auroc@0.60,esm2_wtm,supervised,1.0,7.0,6.0
A4GRB6_PSEAI_Chen_2020,19,2,96,auroc@0.65,esm2_wtm,supervised,1.0,7.0,6.0
A4GRB6_PSEAI_Chen_2020,19,2,96,spearman@0.20,esm2_wtm,supervised,1.0,7.0,6.0
A4GRB6_PSEAI_Chen_2020,19,3,144,enrich@1.5,supervised,supervised,3.0,3.0,0.0
A4GRB6_PSEAI_Chen_2020,19,3,144,enrich@1.0,supervised,supervised,3.0,3.0,0.0
A4GRB6_PSEAI_Chen_2020,19,3,144,auroc@0.55,supervised,supervised,3.0,3.0,0.0
A4GRB6_PSEAI_Chen_2020,19,3,144,auroc@0.60,supervised,supervised,3.0,3.0,0.0
A4GRB6_PSEAI_Chen_2020,19,3,144,auroc@0.65,supervised,supervised,3.0,3.0,0.0
A4GRB6_PSEAI_Chen_2020,19,3,144,spearman@0.20,supervised,supervised,3.0,3.0,0.0
A4GRB6_PSEAI_Chen_2020,20,0,0,enrich@1.5,explore,explore,0.47961630695443647,0.47961630695443647,0.0
A4GRB6_PSEAI_Chen_2020,20,0,0,enrich@1.0,explore,explore,0.47961630695443647,0.47961630695443647,0.0
A4GRB6_PSEAI_Chen_2020,20,0,0,auroc@0.55,explore,explore,0.47961630695443647,0.47961630695443647,0.0
A4GRB6_PSEAI_Chen_2020,20,0,0,auroc@0.60,explore,explore,0.47961630695443647,0.47961630695443647,0.0
A4GRB6_PSEAI_Chen_2020,20,0,0,auroc@0.65,explore,explore,0.47961630695443647,0.47961630695443647,0.0
A4GRB6_PSEAI_Chen_2020,20,0,0,spearman@0.20,explore,explore,0.47961630695443647,0.47961630695443647,0.0
A4GRB6_PSEAI_Chen_2020,20,1,48,enrich@1.5,supervised,esm2_wtm,0.0,5.0,5.0
A4GRB6_PSEAI_Chen_2020,20,1,48,enrich@1.0,supervised,esm2_wtm,0.0,5.0,5.0
A4GRB6_PSEAI_Chen_2020,20,1,48,auroc@0.55,esm2_wtm,esm2_wtm,5.0,5.0,0.0
A4GRB6_PSEAI_Chen_2020,20,1,48,auroc@0.60,esm2_wtm,esm2_wtm,5.0,5.0,0.0
A4GRB6_PSEAI_Chen_2020,20,1,48,auroc@0.65,esm2_wtm,esm2_wtm,5.0,5.0,0.0
A4GRB6_PSEAI_Chen_2020,20,1,48,spearman@0.20,esm2_wtm,esm2_wtm,5.0,5.0,0.0
A4GRB6_PSEAI_Chen_2020,20,2,96,enrich@1.5,supervised,esm2_wtm,1.0,5.0,4.0
A4GRB6_PSEAI_Chen_2020,20,2,96,enrich@1.0,supervised,esm2_wtm,1.0,5.0,4.0
A4GRB6_PSEAI_Chen_2020,20,2,96,auroc@0.55,esm2_wtm,esm2_wtm,5.0,5.0,0.0
A4GRB6_PSEAI_Chen_2020,20,2,96,auroc@0.60,esm2_wtm,esm2_wtm,5.0,5.0,0.0
A4GRB6_PSEAI_Chen_2020,20,2,96,auroc@0.65,esm2_wtm,esm2_wtm,5.0,5.0,0.0
A4GRB6_PSEAI_Chen_2020,20,2,96,spearman@0.20,esm2_wtm,esm2_wtm,5.0,5.0,0.0
A4GRB6_PSEAI_Chen_2020,20,3,144,enrich@1.5,explore,esm2_wtm,0.4740740740740741,4.0,3.525925925925926
A4GRB6_PSEAI_Chen_2020,20,3,144,enrich@1.0,supervised,esm2_wtm,1.0,4.0,3.0
A4GRB6_PSEAI_Chen_2020,20,3,144,auroc@0.55,supervised,esm2_wtm,1.0,4.0,3.0
A4GRB6_PSEAI_Chen_2020,20,3,144,auroc@0.60,supervised,esm2_wtm,1.0,4.0,3.0
A4GRB6_PSEAI_Chen_2020,20,3,144,auroc@0.65,explore,esm2_wtm,0.4740740740740741,4.0,3.525925925925926
A4GRB6_PSEAI_Chen_2020,20,3,144,spearman@0.20,esm2_wtm,esm2_wtm,4.0,4.0,0.0
A4GRB6_PSEAI_Chen_2020,21,0,0,enrich@1.5,explore,explore,0.47961630695443647,0.47961630695443647,0.0
A4GRB6_PSEAI_Chen_2020,21,0,0,enrich@1.0,explore,explore,0.47961630695443647,0.47961630695443647,0.0
A4GRB6_PSEAI_Chen_2020,21,0,0,auroc@0.55,explore,explore,0.47961630695443647,0.47961630695443647,0.0
A4GRB6_PSEAI_Chen_2020,21,0,0,auroc@0.60,explore,explore,0.47961630695443647,0.47961630695443647,0.0
A4GRB6_PSEAI_Chen_2020,21,0,0,auroc@0.65,explore,explore,0.47961630695443647,0.47961630695443647,0.0
A4GRB6_PSEAI_Chen_2020,21,0,0,spearman@0.20,explore,explore,0.47961630695443647,0.47961630695443647,0.0
A4GRB6_PSEAI_Chen_2020,21,1,48,enrich@1.5,supervised,esm2_wtm,0.0,5.0,5.0
A4GRB6_PSEAI_Chen_2020,21,1,48,enrich@1.0,supervised,esm2_wtm,0.0,5.0,5.0
A4GRB6_PSEAI_Chen_2020,21,1,48,auroc@0.55,esm2_wtm,esm2_wtm,5.0,5.0,0.0
A4GRB6_PSEAI_Chen_2020,21,1,48,auroc@0.60,esm2_wtm,esm2_wtm,5.0,5.0,0.0
A4GRB6_PSEAI_Chen_2020,21,1,48,auroc@0.65,esm2_wtm,esm2_wtm,5.0,5.0,0.0
A4GRB6_PSEAI_Chen_2020,21,1,48,spearman@0.20,esm2_wtm,esm2_wtm,5.0,5.0,0.0
A4GRB6_PSEAI_Chen_2020,21,2,96,enrich@1.5,supervised,esm2_wtm,1.0,5.0,4.0
A4GRB6_PSEAI_Chen_2020,21,2,96,enrich@1.0,supervised,esm2_wtm,1.0,5.0,4.0
A4GRB6_PSEAI_Chen_2020,21,2,96,auroc@0.55,esm2_wtm,esm2_wtm,5.0,5.0,0.0
A4GRB6_PSEAI_Chen_2020,21,2,96,auroc@0.60,esm2_wtm,esm2_wtm,5.0,5.0,0.0
A4GRB6_PSEAI_Chen_2020,21,2,96,auroc@0.65,esm2_wtm,esm2_wtm,5.0,5.0,0.0
A4GRB6_PSEAI_Chen_2020,21,2,96,spearman@0.20,esm2_wtm,esm2_wtm,5.0,5.0,0.0
A4GRB6_PSEAI_Chen_2020,21,3,144,enrich@1.5,supervised,esm2_wtm,2.0,5.0,3.0
A4GRB6_PSEAI_Chen_2020,21,3,144,enrich@1.0,supervised,esm2_wtm,2.0,5.0,3.0
A4GRB6_PSEAI_Chen_2020,21,3,144,auroc@0.55,supervised,esm2_wtm,2.0,5.0,3.0
A4GRB6_PSEAI_Chen_2020,21,3,144,auroc@0.60,supervised,esm2_wtm,2.0,5.0,3.0
A4GRB6_PSEAI_Chen_2020,21,3,144,auroc@0.65,supervised,esm2_wtm,2.0,5.0,3.0
A4GRB6_PSEAI_Chen_2020,21,3,144,spearman@0.20,esm2_wtm,esm2_wtm,5.0,5.0,0.0
A4GRB6_PSEAI_Chen_2020,22,0,0,enrich@1.5,explore,explore,0.47961630695443647,0.47961630695443647,0.0
A4GRB6_PSEAI_Chen_2020,22,0,0,enrich@1.0,explore,explore,0.47961630695443647,0.47961630695443647,0.0
A4GRB6_PSEAI_Chen_2020,22,0,0,auroc@0.55,explore,explore,0.47961630695443647,0.47961630695443647,0.0
A4GRB6_PSEAI_Chen_2020,22,0,0,auroc@0.60,explore,explore,0.47961630695443647,0.47961630695443647,0.0
A4GRB6_PSEAI_Chen_2020,22,0,0,auroc@0.65,explore,explore,0.47961630695443647,0.47961630695443647,0.0
A4GRB6_PSEAI_Chen_2020,22,0,0,spearman@0.20,explore,explore,0.47961630695443647,0.47961630695443647,0.0
A4GRB6_PSEAI_Chen_2020,22,1,48,enrich@1.5,supervised,esm2_wtm,0.0,4.0,4.0
A4GRB6_PSEAI_Chen_2020,22,1,48,enrich@1.0,supervised,esm2_wtm,0.0,4.0,4.0
A4GRB6_PSEAI_Chen_2020,22,1,48,auroc@0.55,esm2_wtm,esm2_wtm,4.0,4.0,0.0
A4GRB6_PSEAI_Chen_2020,22,1,48,auroc@0.60,esm2_wtm,esm2_wtm,4.0,4.0,0.0
A4GRB6_PSEAI_Chen_2020,22,1,48,auroc@0.65,esm2_wtm,esm2_wtm,4.0,4.0,0.0
A4GRB6_PSEAI_Chen_2020,22,1,48,spearman@0.20,esm2_wtm,esm2_wtm,4.0,4.0,0.0
A4GRB6_PSEAI_Chen_2020,22,2,96,enrich@1.5,supervised,esm2_wtm,0.0,4.0,4.0
A4GRB6_PSEAI_Chen_2020,22,2,96,enrich@1.0,supervised,esm2_wtm,0.0,4.0,4.0
A4GRB6_PSEAI_Chen_2020,22,2,96,auroc@0.55,esm2_wtm,esm2_wtm,4.0,4.0,0.0
A4GRB6_PSEAI_Chen_2020,22,2,96,auroc@0.60,esm2_wtm,esm2_wtm,4.0,4.0,0.0
A4GRB6_PSEAI_Chen_2020,22,2,96,auroc@0.65,esm2_wtm,esm2_wtm,4.0,4.0,0.0
A4GRB6_PSEAI_Chen_2020,22,2,96,spearman@0.20,esm2_wtm,esm2_wtm,4.0,4.0,0.0
A4GRB6_PSEAI_Chen_2020,22,3,144,enrich@1.5,supervised,esm2_wtm,1.0,4.0,3.0
A4GRB6_PSEAI_Chen_2020,22,3,144,enrich@1.0,supervised,esm2_wtm,1.0,4.0,3.0
A4GRB6_PSEAI_Chen_2020,22,3,144,auroc@0.55,supervised,esm2_wtm,1.0,4.0,3.0
A4GRB6_PSEAI_Chen_2020,22,3,144,auroc@0.60,supervised,esm2_wtm,1.0,4.0,3.0
A4GRB6_PSEAI_Chen_2020,22,3,144,auroc@0.65,supervised,esm2_wtm,1.0,4.0,3.0
A4GRB6_PSEAI_Chen_2020,22,3,144,spearman@0.20,supervised,esm2_wtm,1.0,4.0,3.0
A4GRB6_PSEAI_Chen_2020,23,0,0,enrich@1.5,explore,explore,0.47961630695443647,0.47961630695443647,0.0
A4GRB6_PSEAI_Chen_2020,23,0,0,enrich@1.0,explore,explore,0.47961630695443647,0.47961630695443647,0.0
A4GRB6_PSEAI_Chen_2020,23,0,0,auroc@0.55,explore,explore,0.47961630695443647,0.47961630695443647,0.0
A4GRB6_PSEAI_Chen_2020,23,0,0,auroc@0.60,explore,explore,0.47961630695443647,0.47961630695443647,0.0
A4GRB6_PSEAI_Chen_2020,23,0,0,auroc@0.65,explore,explore,0.47961630695443647,0.47961630695443647,0.0
A4GRB6_PSEAI_Chen_2020,23,0,0,spearman@0.20,explore,explore,0.47961630695443647,0.47961630695443647,0.0
A4GRB6_PSEAI_Chen_2020,23,1,48,enrich@1.5,esm2_wtm,esm2_wtm,5.0,5.0,0.0
A4GRB6_PSEAI_Chen_2020,23,1,48,enrich@1.0,esm2_wtm,esm2_wtm,5.0,5.0,0.0
A4GRB6_PSEAI_Chen_2020,23,1,48,auroc@0.55,esm2_wtm,esm2_wtm,5.0,5.0,0.0
A4GRB6_PSEAI_Chen_2020,23,1,48,auroc@0.60,esm2_wtm,esm2_wtm,5.0,5.0,0.0
A4GRB6_PSEAI_Chen_2020,23,1,48,auroc@0.65,esm2_wtm,esm2_wtm,5.0,5.0,0.0
A4GRB6_PSEAI_Chen_2020,23,1,48,spearman@0.20,esm2_wtm,esm2_wtm,5.0,5.0,0.0
A4GRB6_PSEAI_Chen_2020,23,2,96,enrich@1.5,supervised,supervised,9.0,9.0,0.0
A4GRB6_PSEAI_Chen_2020,23,2,96,enrich@1.0,supervised,supervised,9.0,9.0,0.0
A4GRB6_PSEAI_Chen_2020,23,2,96,auroc@0.55,esm2_wtm,supervised,1.0,9.0,8.0
A4GRB6_PSEAI_Chen_2020,23,2,96,auroc@0.60,esm2_wtm,supervised,1.0,9.0,8.0
A4GRB6_PSEAI_Chen_2020,23,2,96,auroc@0.65,esm2_wtm,supervised,1.0,9.0,8.0
A4GRB6_PSEAI_Chen_2020,23,2,96,spearman@0.20,esm2_wtm,supervised,1.0,9.0,8.0
A4GRB6_PSEAI_Chen_2020,23,3,144,enrich@1.5,supervised,explore,0.0,0.35555555555555557,0.35555555555555557
A4GRB6_PSEAI_Chen_2020,23,3,144,enrich@1.0,supervised,explore,0.0,0.35555555555555557,0.35555555555555557
A4GRB6_PSEAI_Chen_2020,23,3,144,auroc@0.55,supervised,explore,0.0,0.35555555555555557,0.35555555555555557
A4GRB6_PSEAI_Chen_2020,23,3,144,auroc@0.60,supervised,explore,0.0,0.35555555555555557,0.35555555555555557
A4GRB6_PSEAI_Chen_2020,23,3,144,auroc@0.65,supervised,explore,0.0,0.35555555555555557,0.35555555555555557
A4GRB6_PSEAI_Chen_2020,23,3,144,spearman@0.20,supervised,explore,0.0,0.35555555555555557,0.35555555555555557
A4GRB6_PSEAI_Chen_2020,24,0,0,enrich@1.5,explore,explore,0.47961630695443647,0.47961630695443647,0.0
A4GRB6_PSEAI_Chen_2020,24,0,0,enrich@1.0,explore,explore,0.47961630695443647,0.47961630695443647,0.0
A4GRB6_PSEAI_Chen_2020,24,0,0,auroc@0.55,explore,explore,0.47961630695443647,0.47961630695443647,0.0
A4GRB6_PSEAI_Chen_2020,24,0,0,auroc@0.60,explore,explore,0.47961630695443647,0.47961630695443647,0.0
A4GRB6_PSEAI_Chen_2020,24,0,0,auroc@0.65,explore,explore,0.47961630695443647,0.47961630695443647,0.0
A4GRB6_PSEAI_Chen_2020,24,0,0,spearman@0.20,explore,explore,0.47961630695443647,0.47961630695443647,0.0
A4GRB6_PSEAI_Chen_2020,24,1,48,enrich@1.5,esm2_wtm,esm2_wtm,5.0,5.0,0.0
A4GRB6_PSEAI_Chen_2020,24,1,48,enrich@1.0,esm2_wtm,esm2_wtm,5.0,5.0,0.0
A4GRB6_PSEAI_Chen_2020,24,1,48,auroc@0.55,esm2_wtm,esm2_wtm,5.0,5.0,0.0
A4GRB6_PSEAI_Chen_2020,24,1,48,auroc@0.60,esm2_wtm,esm2_wtm,5.0,5.0,0.0
A4GRB6_PSEAI_Chen_2020,24,1,48,auroc@0.65,esm2_wtm,esm2_wtm,5.0,5.0,0.0
A4GRB6_PSEAI_Chen_2020,24,1,48,spearman@0.20,esm2_wtm,esm2_wtm,5.0,5.0,0.0
A4GRB6_PSEAI_Chen_2020,24,2,96,enrich@1.5,supervised,supervised,5.0,5.0,0.0
A4GRB6_PSEAI_Chen_2020,24,2,96,enrich@1.0,supervised,supervised,5.0,5.0,0.0
A4GRB6_PSEAI_Chen_2020,24,2,96,auroc@0.55,supervised,supervised,5.0,5.0,0.0
A4GRB6_PSEAI_Chen_2020,24,2,96,auroc@0.60,supervised,supervised,5.0,5.0,0.0
A4GRB6_PSEAI_Chen_2020,24,2,96,auroc@0.65,supervised,supervised,5.0,5.0,0.0
A4GRB6_PSEAI_Chen_2020,24,2,96,spearman@0.20,supervised,supervised,5.0,5.0,0.0
A4GRB6_PSEAI_Chen_2020,24,3,144,enrich@1.5,supervised,supervised,6.0,6.0,0.0
A4GRB6_PSEAI_Chen_2020,24,3,144,enrich@1.0,supervised,supervised,6.0,6.0,0.0
A4GRB6_PSEAI_Chen_2020,24,3,144,auroc@0.55,supervised,supervised,6.0,6.0,0.0
A4GRB6_PSEAI_Chen_2020,24,3,144,auroc@0.60,supervised,supervised,6.0,6.0,0.0
A4GRB6_PSEAI_Chen_2020,24,3,144,auroc@0.65,supervised,supervised,6.0,6.0,0.0
A4GRB6_PSEAI_Chen_2020,24,3,144,spearman@0.20,supervised,supervised,6.0,6.0,0.0
A4GRB6_PSEAI_Chen_2020,25,0,0,enrich@1.5,explore,explore,0.47961630695443647,0.47961630695443647,0.0
A4GRB6_PSEAI_Chen_2020,25,0,0,enrich@1.0,explore,explore,0.47961630695443647,0.47961630695443647,0.0
A4GRB6_PSEAI_Chen_2020,25,0,0,auroc@0.55,explore,explore,0.47961630695443647,0.47961630695443647,0.0
A4GRB6_PSEAI_Chen_2020,25,0,0,auroc@0.60,explore,explore,0.47961630695443647,0.47961630695443647,0.0
A4GRB6_PSEAI_Chen_2020,25,0,0,auroc@0.65,explore,explore,0.47961630695443647,0.47961630695443647,0.0
A4GRB6_PSEAI_Chen_2020,25,0,0,spearman@0.20,explore,explore,0.47961630695443647,0.47961630695443647,0.0
A4GRB6_PSEAI_Chen_2020,25,1,48,enrich@1.5,esm2_wtm,esm2_wtm,5.0,5.0,0.0
A4GRB6_PSEAI_Chen_2020,25,1,48,enrich@1.0,esm2_wtm,esm2_wtm,5.0,5.0,0.0
A4GRB6_PSEAI_Chen_2020,25,1,48,auroc@0.55,esm2_wtm,esm2_wtm,5.0,5.0,0.0
A4GRB6_PSEAI_Chen_2020,25,1,48,auroc@0.60,esm2_wtm,esm2_wtm,5.0,5.0,0.0
A4GRB6_PSEAI_Chen_2020,25,1,48,auroc@0.65,esm2_wtm,esm2_wtm,5.0,5.0,0.0
A4GRB6_PSEAI_Chen_2020,25,1,48,spearman@0.20,esm2_wtm,esm2_wtm,5.0,5.0,0.0
A4GRB6_PSEAI_Chen_2020,25,2,96,enrich@1.5,supervised,supervised,7.0,7.0,0.0
A4GRB6_PSEAI_Chen_2020,25,2,96,enrich@1.0,supervised,supervised,7.0,7.0,0.0
A4GRB6_PSEAI_Chen_2020,25,2,96,auroc@0.55,esm2_wtm,supervised,1.0,7.0,6.0
A4GRB6_PSEAI_Chen_2020,25,2,96,auroc@0.60,esm2_wtm,supervised,1.0,7.0,6.0
A4GRB6_PSEAI_Chen_2020,25,2,96,auroc@0.65,esm2_wtm,supervised,1.0,7.0,6.0
A4GRB6_PSEAI_Chen_2020,25,2,96,spearman@0.20,esm2_wtm,supervised,1.0,7.0,6.0
A4GRB6_PSEAI_Chen_2020,25,3,144,enrich@1.5,supervised,supervised,3.0,3.0,0.0
A4GRB6_PSEAI_Chen_2020,25,3,144,enrich@1.0,supervised,supervised,3.0,3.0,0.0
A4GRB6_PSEAI_Chen_2020,25,3,144,auroc@0.55,supervised,supervised,3.0,3.0,0.0
A4GRB6_PSEAI_Chen_2020,25,3,144,auroc@0.60,supervised,supervised,3.0,3.0,0.0
A4GRB6_PSEAI_Chen_2020,25,3,144,auroc@0.65,supervised,supervised,3.0,3.0,0.0
A4GRB6_PSEAI_Chen_2020,25,3,144,spearman@0.20,supervised,supervised,3.0,3.0,0.0
A4GRB6_PSEAI_Chen_2020,26,0,0,enrich@1.5,explore,explore,0.47961630695443647,0.47961630695443647,0.0
A4GRB6_PSEAI_Chen_2020,26,0,0,enrich@1.0,explore,explore,0.47961630695443647,0.47961630695443647,0.0
A4GRB6_PSEAI_Chen_2020,26,0,0,auroc@0.55,explore,explore,0.47961630695443647,0.47961630695443647,0.0
A4GRB6_PSEAI_Chen_2020,26,0,0,auroc@0.60,explore,explore,0.47961630695443647,0.47961630695443647,0.0
A4GRB6_PSEAI_Chen_2020,26,0,0,auroc@0.65,explore,explore,0.47961630695443647,0.47961630695443647,0.0
A4GRB6_PSEAI_Chen_2020,26,0,0,spearman@0.20,explore,explore,0.47961630695443647,0.47961630695443647,0.0
A4GRB6_PSEAI_Chen_2020,26,1,48,enrich@1.5,esm2_wtm,esm2_wtm,5.0,5.0,0.0
A4GRB6_PSEAI_Chen_2020,26,1,48,enrich@1.0,esm2_wtm,esm2_wtm,5.0,5.0,0.0
A4GRB6_PSEAI_Chen_2020,26,1,48,auroc@0.55,esm2_wtm,esm2_wtm,5.0,5.0,0.0
A4GRB6_PSEAI_Chen_2020,26,1,48,auroc@0.60,esm2_wtm,esm2_wtm,5.0,5.0,0.0
A4GRB6_PSEAI_Chen_2020,26,1,48,auroc@0.65,esm2_wtm,esm2_wtm,5.0,5.0,0.0
A4GRB6_PSEAI_Chen_2020,26,1,48,spearman@0.20,esm2_wtm,esm2_wtm,5.0,5.0,0.0
A4GRB6_PSEAI_Chen_2020,26,2,96,enrich@1.5,supervised,supervised,7.0,7.0,0.0
A4GRB6_PSEAI_Chen_2020,26,2,96,enrich@1.0,supervised,supervised,7.0,7.0,0.0
A4GRB6_PSEAI_Chen_2020,26,2,96,auroc@0.55,supervised,supervised,7.0,7.0,0.0
A4GRB6_PSEAI_Chen_2020,26,2,96,auroc@0.60,supervised,supervised,7.0,7.0,0.0
A4GRB6_PSEAI_Chen_2020,26,2,96,auroc@0.65,supervised,supervised,7.0,7.0,0.0
A4GRB6_PSEAI_Chen_2020,26,2,96,spearman@0.20,supervised,supervised,7.0,7.0,0.0
A4GRB6_PSEAI_Chen_2020,26,3,144,enrich@1.5,supervised,supervised,3.0,3.0,0.0
A4GRB6_PSEAI_Chen_2020,26,3,144,enrich@1.0,supervised,supervised,3.0,3.0,0.0
A4GRB6_PSEAI_Chen_2020,26,3,144,auroc@0.55,supervised,supervised,3.0,3.0,0.0
A4GRB6_PSEAI_Chen_2020,26,3,144,auroc@0.60,supervised,supervised,3.0,3.0,0.0
A4GRB6_PSEAI_Chen_2020,26,3,144,auroc@0.65,supervised,supervised,3.0,3.0,0.0
A4GRB6_PSEAI_Chen_2020,26,3,144,spearman@0.20,supervised,supervised,3.0,3.0,0.0
A4GRB6_PSEAI_Chen_2020,27,0,0,enrich@1.5,explore,explore,0.47961630695443647,0.47961630695443647,0.0
A4GRB6_PSEAI_Chen_2020,27,0,0,enrich@1.0,explore,explore,0.47961630695443647,0.47961630695443647,0.0
A4GRB6_PSEAI_Chen_2020,27,0,0,auroc@0.55,explore,explore,0.47961630695443647,0.47961630695443647,0.0
A4GRB6_PSEAI_Chen_2020,27,0,0,auroc@0.60,explore,explore,0.47961630695443647,0.47961630695443647,0.0
A4GRB6_PSEAI_Chen_2020,27,0,0,auroc@0.65,explore,explore,0.47961630695443647,0.47961630695443647,0.0
A4GRB6_PSEAI_Chen_2020,27,0,0,spearman@0.20,explore,explore,0.47961630695443647,0.47961630695443647,0.0
A4GRB6_PSEAI_Chen_2020,27,1,48,enrich@1.5,explore,esm2_wtm,0.48426150121065376,5.0,4.5157384987893465
A4GRB6_PSEAI_Chen_2020,27,1,48,enrich@1.0,explore,esm2_wtm,0.48426150121065376,5.0,4.5157384987893465
A4GRB6_PSEAI_Chen_2020,27,1,48,auroc@0.55,esm2_wtm,esm2_wtm,5.0,5.0,0.0
A4GRB6_PSEAI_Chen_2020,27,1,48,auroc@0.60,esm2_wtm,esm2_wtm,5.0,5.0,0.0
A4GRB6_PSEAI_Chen_2020,27,1,48,auroc@0.65,esm2_wtm,esm2_wtm,5.0,5.0,0.0
A4GRB6_PSEAI_Chen_2020,27,1,48,spearman@0.20,esm2_wtm,esm2_wtm,5.0,5.0,0.0
A4GRB6_PSEAI_Chen_2020,27,2,96,enrich@1.5,esm2_wtm,esm2_wtm,5.0,5.0,0.0
A4GRB6_PSEAI_Chen_2020,27,2,96,enrich@1.0,esm2_wtm,esm2_wtm,5.0,5.0,0.0
A4GRB6_PSEAI_Chen_2020,27,2,96,auroc@0.55,esm2_wtm,esm2_wtm,5.0,5.0,0.0
A4GRB6_PSEAI_Chen_2020,27,2,96,auroc@0.60,esm2_wtm,esm2_wtm,5.0,5.0,0.0
A4GRB6_PSEAI_Chen_2020,27,2,96,auroc@0.65,esm2_wtm,esm2_wtm,5.0,5.0,0.0
A4GRB6_PSEAI_Chen_2020,27,2,96,spearman@0.20,esm2_wtm,esm2_wtm,5.0,5.0,0.0
A4GRB6_PSEAI_Chen_2020,27,3,144,enrich@1.5,supervised,supervised,8.0,8.0,0.0
A4GRB6_PSEAI_Chen_2020,27,3,144,enrich@1.0,supervised,supervised,8.0,8.0,0.0
A4GRB6_PSEAI_Chen_2020,27,3,144,auroc@0.55,esm2_wtm,supervised,1.0,8.0,7.0
A4GRB6_PSEAI_Chen_2020,27,3,144,auroc@0.60,esm2_wtm,supervised,1.0,8.0,7.0
A4GRB6_PSEAI_Chen_2020,27,3,144,auroc@0.65,esm2_wtm,supervised,1.0,8.0,7.0
A4GRB6_PSEAI_Chen_2020,27,3,144,spearman@0.20,esm2_wtm,supervised,1.0,8.0,7.0
A4GRB6_PSEAI_Chen_2020,28,0,0,enrich@1.5,explore,explore,0.47961630695443647,0.47961630695443647,0.0
A4GRB6_PSEAI_Chen_2020,28,0,0,enrich@1.0,explore,explore,0.47961630695443647,0.47961630695443647,0.0
A4GRB6_PSEAI_Chen_2020,28,0,0,auroc@0.55,explore,explore,0.47961630695443647,0.47961630695443647,0.0
A4GRB6_PSEAI_Chen_2020,28,0,0,auroc@0.60,explore,explore,0.47961630695443647,0.47961630695443647,0.0
A4GRB6_PSEAI_Chen_2020,28,0,0,auroc@0.65,explore,explore,0.47961630695443647,0.47961630695443647,0.0
A4GRB6_PSEAI_Chen_2020,28,0,0,spearman@0.20,explore,explore,0.47961630695443647,0.47961630695443647,0.0
A4GRB6_PSEAI_Chen_2020,28,1,48,enrich@1.5,esm2_wtm,esm2_wtm,5.0,5.0,0.0
A4GRB6_PSEAI_Chen_2020,28,1,48,enrich@1.0,esm2_wtm,esm2_wtm,5.0,5.0,0.0
A4GRB6_PSEAI_Chen_2020,28,1,48,auroc@0.55,esm2_wtm,esm2_wtm,5.0,5.0,0.0
A4GRB6_PSEAI_Chen_2020,28,1,48,auroc@0.60,esm2_wtm,esm2_wtm,5.0,5.0,0.0
A4GRB6_PSEAI_Chen_2020,28,1,48,auroc@0.65,esm2_wtm,esm2_wtm,5.0,5.0,0.0
A4GRB6_PSEAI_Chen_2020,28,1,48,spearman@0.20,esm2_wtm,esm2_wtm,5.0,5.0,0.0
A4GRB6_PSEAI_Chen_2020,28,2,96,enrich@1.5,esm2_wtm,supervised,1.0,4.0,3.0
A4GRB6_PSEAI_Chen_2020,28,2,96,enrich@1.0,esm2_wtm,supervised,1.0,4.0,3.0
A4GRB6_PSEAI_Chen_2020,28,2,96,auroc@0.55,esm2_wtm,supervised,1.0,4.0,3.0
A4GRB6_PSEAI_Chen_2020,28,2,96,auroc@0.60,esm2_wtm,supervised,1.0,4.0,3.0
A4GRB6_PSEAI_Chen_2020,28,2,96,auroc@0.65,esm2_wtm,supervised,1.0,4.0,3.0
A4GRB6_PSEAI_Chen_2020,28,2,96,spearman@0.20,esm2_wtm,supervised,1.0,4.0,3.0
A4GRB6_PSEAI_Chen_2020,28,3,144,enrich@1.5,supervised,supervised,6.0,6.0,0.0
A4GRB6_PSEAI_Chen_2020,28,3,144,enrich@1.0,supervised,supervised,6.0,6.0,0.0
A4GRB6_PSEAI_Chen_2020,28,3,144,auroc@0.55,supervised,supervised,6.0,6.0,0.0
A4GRB6_PSEAI_Chen_2020,28,3,144,auroc@0.60,supervised,supervised,6.0,6.0,0.0
A4GRB6_PSEAI_Chen_2020,28,3,144,auroc@0.65,supervised,supervised,6.0,6.0,0.0
A4GRB6_PSEAI_Chen_2020,28,3,144,spearman@0.20,supervised,supervised,6.0,6.0,0.0
A4GRB6_PSEAI_Chen_2020,29,0,0,enrich@1.5,explore,explore,0.47961630695443647,0.47961630695443647,0.0
A4GRB6_PSEAI_Chen_2020,29,0,0,enrich@1.0,explore,explore,0.47961630695443647,0.47961630695443647,0.0
A4GRB6_PSEAI_Chen_2020,29,0,0,auroc@0.55,explore,explore,0.47961630695443647,0.47961630695443647,0.0
A4GRB6_PSEAI_Chen_2020,29,0,0,auroc@0.60,explore,explore,0.47961630695443647,0.47961630695443647,0.0
A4GRB6_PSEAI_Chen_2020,29,0,0,auroc@0.65,explore,explore,0.47961630695443647,0.47961630695443647,0.0
A4GRB6_PSEAI_Chen_2020,29,0,0,spearman@0.20,explore,explore,0.47961630695443647,0.47961630695443647,0.0
A4GRB6_PSEAI_Chen_2020,29,1,48,enrich@1.5,supervised,esm2_wtm,1.0,5.0,4.0
A4GRB6_PSEAI_Chen_2020,29,1,48,enrich@1.0,supervised,esm2_wtm,1.0,5.0,4.0
A4GRB6_PSEAI_Chen_2020,29,1,48,auroc@0.55,esm2_wtm,esm2_wtm,5.0,5.0,0.0
A4GRB6_PSEAI_Chen_2020,29,1,48,auroc@0.60,esm2_wtm,esm2_wtm,5.0,5.0,0.0
A4GRB6_PSEAI_Chen_2020,29,1,48,auroc@0.65,esm2_wtm,esm2_wtm,5.0,5.0,0.0
A4GRB6_PSEAI_Chen_2020,29,1,48,spearman@0.20,esm2_wtm,esm2_wtm,5.0,5.0,0.0
A4GRB6_PSEAI_Chen_2020,29,2,96,enrich@1.5,esm2_wtm,esm2_wtm,5.0,5.0,0.0
A4GRB6_PSEAI_Chen_2020,29,2,96,enrich@1.0,esm2_wtm,esm2_wtm,5.0,5.0,0.0
A4GRB6_PSEAI_Chen_2020,29,2,96,auroc@0.55,esm2_wtm,esm2_wtm,5.0,5.0,0.0
A4GRB6_PSEAI_Chen_2020,29,2,96,auroc@0.60,esm2_wtm,esm2_wtm,5.0,5.0,0.0
A4GRB6_PSEAI_Chen_2020,29,2,96,auroc@0.65,explore,esm2_wtm,0.4792176039119804,5.0,4.52078239608802
A4GRB6_PSEAI_Chen_2020,29,2,96,spearman@0.20,esm2_wtm,esm2_wtm,5.0,5.0,0.0
A4GRB6_PSEAI_Chen_2020,29,3,144,enrich@1.5,supervised,supervised,9.0,9.0,0.0
A4GRB6_PSEAI_Chen_2020,29,3,144,enrich@1.0,supervised,supervised,9.0,9.0,0.0
A4GRB6_PSEAI_Chen_2020,29,3,144,auroc@0.55,esm2_wtm,supervised,1.0,9.0,8.0
A4GRB6_PSEAI_Chen_2020,29,3,144,auroc@0.60,esm2_wtm,supervised,1.0,9.0,8.0
A4GRB6_PSEAI_Chen_2020,29,3,144,auroc@0.65,explore,supervised,0.4345679012345679,9.0,8.565432098765433
A4GRB6_PSEAI_Chen_2020,29,3,144,spearman@0.20,esm2_wtm,supervised,1.0,9.0,8.0
A4GRB6_PSEAI_Chen_2020,30,0,0,enrich@1.5,explore,explore,0.47961630695443647,0.47961630695443647,0.0
A4GRB6_PSEAI_Chen_2020,30,0,0,enrich@1.0,explore,explore,0.47961630695443647,0.47961630695443647,0.0
A4GRB6_PSEAI_Chen_2020,30,0,0,auroc@0.55,explore,explore,0.47961630695443647,0.47961630695443647,0.0
A4GRB6_PSEAI_Chen_2020,30,0,0,auroc@0.60,explore,explore,0.47961630695443647,0.47961630695443647,0.0
A4GRB6_PSEAI_Chen_2020,30,0,0,auroc@0.65,explore,explore,0.47961630695443647,0.47961630695443647,0.0
A4GRB6_PSEAI_Chen_2020,30,0,0,spearman@0.20,explore,explore,0.47961630695443647,0.47961630695443647,0.0
A4GRB6_PSEAI_Chen_2020,30,1,48,enrich@1.5,esm2_wtm,esm2_wtm,5.0,5.0,0.0
A4GRB6_PSEAI_Chen_2020,30,1,48,enrich@1.0,esm2_wtm,esm2_wtm,5.0,5.0,0.0
A4GRB6_PSEAI_Chen_2020,30,1,48,auroc@0.55,esm2_wtm,esm2_wtm,5.0,5.0,0.0
A4GRB6_PSEAI_Chen_2020,30,1,48,auroc@0.60,esm2_wtm,esm2_wtm,5.0,5.0,0.0
A4GRB6_PSEAI_Chen_2020,30,1,48,auroc@0.65,esm2_wtm,esm2_wtm,5.0,5.0,0.0
A4GRB6_PSEAI_Chen_2020,30,1,48,spearman@0.20,esm2_wtm,esm2_wtm,5.0,5.0,0.0
A4GRB6_PSEAI_Chen_2020,30,2,96,enrich@1.5,supervised,supervised,7.0,7.0,0.0
A4GRB6_PSEAI_Chen_2020,30,2,96,enrich@1.0,supervised,supervised,7.0,7.0,0.0
A4GRB6_PSEAI_Chen_2020,30,2,96,auroc@0.55,esm2_wtm,supervised,1.0,7.0,6.0
A4GRB6_PSEAI_Chen_2020,30,2,96,auroc@0.60,esm2_wtm,supervised,1.0,7.0,6.0
A4GRB6_PSEAI_Chen_2020,30,2,96,auroc@0.65,esm2_wtm,supervised,1.0,7.0,6.0
A4GRB6_PSEAI_Chen_2020,30,2,96,spearman@0.20,esm2_wtm,supervised,1.0,7.0,6.0
A4GRB6_PSEAI_Chen_2020,30,3,144,enrich@1.5,supervised,supervised,2.0,2.0,0.0
A4GRB6_PSEAI_Chen_2020,30,3,144,enrich@1.0,supervised,supervised,2.0,2.0,0.0
A4GRB6_PSEAI_Chen_2020,30,3,144,auroc@0.55,supervised,supervised,2.0,2.0,0.0
A4GRB6_PSEAI_Chen_2020,30,3,144,auroc@0.60,supervised,supervised,2.0,2.0,0.0
A4GRB6_PSEAI_Chen_2020,30,3,144,auroc@0.65,supervised,supervised,2.0,2.0,0.0
A4GRB6_PSEAI_Chen_2020,30,3,144,spearman@0.20,esm2_wtm,supervised,1.0,2.0,1.0
A4GRB6_PSEAI_Chen_2020,31,0,0,enrich@1.5,explore,explore,0.47961630695443647,0.47961630695443647,0.0
A4GRB6_PSEAI_Chen_2020,31,0,0,enrich@1.0,explore,explore,0.47961630695443647,0.47961630695443647,0.0
A4GRB6_PSEAI_Chen_2020,31,0,0,auroc@0.55,explore,explore,0.47961630695443647,0.47961630695443647,0.0
A4GRB6_PSEAI_Chen_2020,31,0,0,auroc@0.60,explore,explore,0.47961630695443647,0.47961630695443647,0.0
A4GRB6_PSEAI_Chen_2020,31,0,0,auroc@0.65,explore,explore,0.47961630695443647,0.47961630695443647,0.0
A4GRB6_PSEAI_Chen_2020,31,0,0,spearman@0.20,explore,explore,0.47961630695443647,0.47961630695443647,0.0
A4GRB6_PSEAI_Chen_2020,31,1,48,enrich@1.5,supervised,esm2_wtm,1.0,5.0,4.0
A4GRB6_PSEAI_Chen_2020,31,1,48,enrich@1.0,supervised,esm2_wtm,1.0,5.0,4.0
A4GRB6_PSEAI_Chen_2020,31,1,48,auroc@0.55,supervised,esm2_wtm,1.0,5.0,4.0
A4GRB6_PSEAI_Chen_2020,31,1,48,auroc@0.60,supervised,esm2_wtm,1.0,5.0,4.0
A4GRB6_PSEAI_Chen_2020,31,1,48,auroc@0.65,supervised,esm2_wtm,1.0,5.0,4.0
A4GRB6_PSEAI_Chen_2020,31,1,48,spearman@0.20,esm2_wtm,esm2_wtm,5.0,5.0,0.0
A4GRB6_PSEAI_Chen_2020,31,2,96,enrich@1.5,explore,esm2_wtm,0.4792176039119804,5.0,4.52078239608802
A4GRB6_PSEAI_Chen_2020,31,2,96,enrich@1.0,explore,esm2_wtm,0.4792176039119804,5.0,4.52078239608802
A4GRB6_PSEAI_Chen_2020,31,2,96,auroc@0.55,supervised,esm2_wtm,0.0,5.0,5.0
A4GRB6_PSEAI_Chen_2020,31,2,96,auroc@0.60,supervised,esm2_wtm,0.0,5.0,5.0
A4GRB6_PSEAI_Chen_2020,31,2,96,auroc@0.65,explore,esm2_wtm,0.4792176039119804,5.0,4.52078239608802
A4GRB6_PSEAI_Chen_2020,31,2,96,spearman@0.20,esm2_wtm,esm2_wtm,5.0,5.0,0.0
A4GRB6_PSEAI_Chen_2020,31,3,144,enrich@1.5,supervised,esm2_wtm,0.0,5.0,5.0
A4GRB6_PSEAI_Chen_2020,31,3,144,enrich@1.0,supervised,esm2_wtm,0.0,5.0,5.0
A4GRB6_PSEAI_Chen_2020,31,3,144,auroc@0.55,esm2_wtm,esm2_wtm,5.0,5.0,0.0
A4GRB6_PSEAI_Chen_2020,31,3,144,auroc@0.60,esm2_wtm,esm2_wtm,5.0,5.0,0.0
A4GRB6_PSEAI_Chen_2020,31,3,144,auroc@0.65,esm2_wtm,esm2_wtm,5.0,5.0,0.0
A4GRB6_PSEAI_Chen_2020,31,3,144,spearman@0.20,esm2_wtm,esm2_wtm,5.0,5.0,0.0
A4GRB6_PSEAI_Chen_2020,32,0,0,enrich@1.5,explore,explore,0.47961630695443647,0.47961630695443647,0.0
A4GRB6_PSEAI_Chen_2020,32,0,0,enrich@1.0,explore,explore,0.47961630695443647,0.47961630695443647,0.0
A4GRB6_PSEAI_Chen_2020,32,0,0,auroc@0.55,explore,explore,0.47961630695443647,0.47961630695443647,0.0
A4GRB6_PSEAI_Chen_2020,32,0,0,auroc@0.60,explore,explore,0.47961630695443647,0.47961630695443647,0.0
A4GRB6_PSEAI_Chen_2020,32,0,0,auroc@0.65,explore,explore,0.47961630695443647,0.47961630695443647,0.0
A4GRB6_PSEAI_Chen_2020,32,0,0,spearman@0.20,explore,explore,0.47961630695443647,0.47961630695443647,0.0
A4GRB6_PSEAI_Chen_2020,32,1,48,enrich@1.5,esm2_wtm,esm2_wtm,5.0,5.0,0.0
A4GRB6_PSEAI_Chen_2020,32,1,48,enrich@1.0,esm2_wtm,esm2_wtm,5.0,5.0,0.0
A4GRB6_PSEAI_Chen_2020,32,1,48,auroc@0.55,esm2_wtm,esm2_wtm,5.0,5.0,0.0
A4GRB6_PSEAI_Chen_2020,32,1,48,auroc@0.60,esm2_wtm,esm2_wtm,5.0,5.0,0.0
A4GRB6_PSEAI_Chen_2020,32,1,48,auroc@0.65,esm2_wtm,esm2_wtm,5.0,5.0,0.0
A4GRB6_PSEAI_Chen_2020,32,1,48,spearman@0.20,esm2_wtm,esm2_wtm,5.0,5.0,0.0
A4GRB6_PSEAI_Chen_2020,32,2,96,enrich@1.5,supervised,supervised,9.0,9.0,0.0
A4GRB6_PSEAI_Chen_2020,32,2,96,enrich@1.0,supervised,supervised,9.0,9.0,0.0
A4GRB6_PSEAI_Chen_2020,32,2,96,auroc@0.55,esm2_wtm,supervised,1.0,9.0,8.0
A4GRB6_PSEAI_Chen_2020,32,2,96,auroc@0.60,esm2_wtm,supervised,1.0,9.0,8.0
A4GRB6_PSEAI_Chen_2020,32,2,96,auroc@0.65,esm2_wtm,supervised,1.0,9.0,8.0
A4GRB6_PSEAI_Chen_2020,32,2,96,spearman@0.20,esm2_wtm,supervised,1.0,9.0,8.0
A4GRB6_PSEAI_Chen_2020,32,3,144,enrich@1.5,supervised,supervised,1.0,1.0,0.0
A4GRB6_PSEAI_Chen_2020,32,3,144,enrich@1.0,supervised,supervised,1.0,1.0,0.0
A4GRB6_PSEAI_Chen_2020,32,3,144,auroc@0.55,supervised,supervised,1.0,1.0,0.0
A4GRB6_PSEAI_Chen_2020,32,3,144,auroc@0.60,supervised,supervised,1.0,1.0,0.0
A4GRB6_PSEAI_Chen_2020,32,3,144,auroc@0.65,supervised,supervised,1.0,1.0,0.0
A4GRB6_PSEAI_Chen_2020,32,3,144,spearman@0.20,supervised,supervised,1.0,1.0,0.0
A4GRB6_PSEAI_Chen_2020,33,0,0,enrich@1.5,explore,explore,0.47961630695443647,0.47961630695443647,0.0
A4GRB6_PSEAI_Chen_2020,33,0,0,enrich@1.0,explore,explore,0.47961630695443647,0.47961630695443647,0.0
A4GRB6_PSEAI_Chen_2020,33,0,0,auroc@0.55,explore,explore,0.47961630695443647,0.47961630695443647,0.0
A4GRB6_PSEAI_Chen_2020,33,0,0,auroc@0.60,explore,explore,0.47961630695443647,0.47961630695443647,0.0
A4GRB6_PSEAI_Chen_2020,33,0,0,auroc@0.65,explore,explore,0.47961630695443647,0.47961630695443647,0.0
A4GRB6_PSEAI_Chen_2020,33,0,0,spearman@0.20,explore,explore,0.47961630695443647,0.47961630695443647,0.0
A4GRB6_PSEAI_Chen_2020,33,1,48,enrich@1.5,supervised,esm2_wtm,2.0,5.0,3.0
A4GRB6_PSEAI_Chen_2020,33,1,48,enrich@1.0,supervised,esm2_wtm,2.0,5.0,3.0
A4GRB6_PSEAI_Chen_2020,33,1,48,auroc@0.55,esm2_wtm,esm2_wtm,5.0,5.0,0.0
A4GRB6_PSEAI_Chen_2020,33,1,48,auroc@0.60,esm2_wtm,esm2_wtm,5.0,5.0,0.0
A4GRB6_PSEAI_Chen_2020,33,1,48,auroc@0.65,esm2_wtm,esm2_wtm,5.0,5.0,0.0
A4GRB6_PSEAI_Chen_2020,33,1,48,spearman@0.20,esm2_wtm,esm2_wtm,5.0,5.0,0.0
A4GRB6_PSEAI_Chen_2020,33,2,96,enrich@1.5,supervised,supervised,7.0,7.0,0.0
A4GRB6_PSEAI_Chen_2020,33,2,96,enrich@1.0,supervised,supervised,7.0,7.0,0.0
A4GRB6_PSEAI_Chen_2020,33,2,96,auroc@0.55,esm2_wtm,supervised,4.0,7.0,3.0
A4GRB6_PSEAI_Chen_2020,33,2,96,auroc@0.60,esm2_wtm,supervised,4.0,7.0,3.0
A4GRB6_PSEAI_Chen_2020,33,2,96,auroc@0.65,esm2_wtm,supervised,4.0,7.0,3.0
A4GRB6_PSEAI_Chen_2020,33,2,96,spearman@0.20,esm2_wtm,supervised,4.0,7.0,3.0
A4GRB6_PSEAI_Chen_2020,33,3,144,enrich@1.5,supervised,esm2_wtm,2.0,3.0,1.0
A4GRB6_PSEAI_Chen_2020,33,3,144,enrich@1.0,supervised,esm2_wtm,2.0,3.0,1.0
A4GRB6_PSEAI_Chen_2020,33,3,144,auroc@0.55,esm2_wtm,esm2_wtm,3.0,3.0,0.0
A4GRB6_PSEAI_Chen_2020,33,3,144,auroc@0.60,esm2_wtm,esm2_wtm,3.0,3.0,0.0
A4GRB6_PSEAI_Chen_2020,33,3,144,auroc@0.65,esm2_wtm,esm2_wtm,3.0,3.0,0.0
A4GRB6_PSEAI_Chen_2020,33,3,144,spearman@0.20,esm2_wtm,esm2_wtm,3.0,3.0,0.0
A4GRB6_PSEAI_Chen_2020,34,0,0,enrich@1.5,explore,explore,0.47961630695443647,0.47961630695443647,0.0
A4GRB6_PSEAI_Chen_2020,34,0,0,enrich@1.0,explore,explore,0.47961630695443647,0.47961630695443647,0.0
A4GRB6_PSEAI_Chen_2020,34,0,0,auroc@0.55,explore,explore,0.47961630695443647,0.47961630695443647,0.0
A4GRB6_PSEAI_Chen_2020,34,0,0,auroc@0.60,explore,explore,0.47961630695443647,0.47961630695443647,0.0
A4GRB6_PSEAI_Chen_2020,34,0,0,auroc@0.65,explore,explore,0.47961630695443647,0.47961630695443647,0.0
A4GRB6_PSEAI_Chen_2020,34,0,0,spearman@0.20,explore,explore,0.47961630695443647,0.47961630695443647,0.0
A4GRB6_PSEAI_Chen_2020,34,1,48,enrich@1.5,esm2_wtm,esm2_wtm,5.0,5.0,0.0
A4GRB6_PSEAI_Chen_2020,34,1,48,enrich@1.0,esm2_wtm,esm2_wtm,5.0,5.0,0.0
A4GRB6_PSEAI_Chen_2020,34,1,48,auroc@0.55,esm2_wtm,esm2_wtm,5.0,5.0,0.0
A4GRB6_PSEAI_Chen_2020,34,1,48,auroc@0.60,esm2_wtm,esm2_wtm,5.0,5.0,0.0
A4GRB6_PSEAI_Chen_2020,34,1,48,auroc@0.65,esm2_wtm,esm2_wtm,5.0,5.0,0.0
A4GRB6_PSEAI_Chen_2020,34,1,48,spearman@0.20,esm2_wtm,esm2_wtm,5.0,5.0,0.0
A4GRB6_PSEAI_Chen_2020,34,2,96,enrich@1.5,supervised,supervised,7.0,7.0,0.0
A4GRB6_PSEAI_Chen_2020,34,2,96,enrich@1.0,supervised,supervised,7.0,7.0,0.0
A4GRB6_PSEAI_Chen_2020,34,2,96,auroc@0.55,esm2_wtm,supervised,1.0,7.0,6.0
A4GRB6_PSEAI_Chen_2020,34,2,96,auroc@0.60,esm2_wtm,supervised,1.0,7.0,6.0
A4GRB6_PSEAI_Chen_2020,34,2,96,auroc@0.65,explore,supervised,0.43031784841075793,7.0,6.569682151589242
A4GRB6_PSEAI_Chen_2020,34,2,96,spearman@0.20,esm2_wtm,supervised,1.0,7.0,6.0
A4GRB6_PSEAI_Chen_2020,34,3,144,enrich@1.5,supervised,explore,0.0,0.3654320987654321,0.3654320987654321
A4GRB6_PSEAI_Chen_2020,34,3,144,enrich@1.0,supervised,explore,0.0,0.3654320987654321,0.3654320987654321
A4GRB6_PSEAI_Chen_2020,34,3,144,auroc@0.55,supervised,explore,0.0,0.3654320987654321,0.3654320987654321
A4GRB6_PSEAI_Chen_2020,34,3,144,auroc@0.60,supervised,explore,0.0,0.3654320987654321,0.3654320987654321
A4GRB6_PSEAI_Chen_2020,34,3,144,auroc@0.65,supervised,explore,0.0,0.3654320987654321,0.3654320987654321
A4GRB6_PSEAI_Chen_2020,34,3,144,spearman@0.20,supervised,explore,0.0,0.3654320987654321,0.3654320987654321
A4GRB6_PSEAI_Chen_2020,35,0,0,enrich@1.5,explore,explore,0.47961630695443647,0.47961630695443647,0.0
A4GRB6_PSEAI_Chen_2020,35,0,0,enrich@1.0,explore,explore,0.47961630695443647,0.47961630695443647,0.0
A4GRB6_PSEAI_Chen_2020,35,0,0,auroc@0.55,explore,explore,0.47961630695443647,0.47961630695443647,0.0
A4GRB6_PSEAI_Chen_2020,35,0,0,auroc@0.60,explore,explore,0.47961630695443647,0.47961630695443647,0.0
A4GRB6_PSEAI_Chen_2020,35,0,0,auroc@0.65,explore,explore,0.47961630695443647,0.47961630695443647,0.0
A4GRB6_PSEAI_Chen_2020,35,0,0,spearman@0.20,explore,explore,0.47961630695443647,0.47961630695443647,0.0
A4GRB6_PSEAI_Chen_2020,35,1,48,enrich@1.5,esm2_wtm,esm2_wtm,5.0,5.0,0.0
A4GRB6_PSEAI_Chen_2020,35,1,48,enrich@1.0,esm2_wtm,esm2_wtm,5.0,5.0,0.0
A4GRB6_PSEAI_Chen_2020,35,1,48,auroc@0.55,esm2_wtm,esm2_wtm,5.0,5.0,0.0
A4GRB6_PSEAI_Chen_2020,35,1,48,auroc@0.60,esm2_wtm,esm2_wtm,5.0,5.0,0.0
A4GRB6_PSEAI_Chen_2020,35,1,48,auroc@0.65,esm2_wtm,esm2_wtm,5.0,5.0,0.0
A4GRB6_PSEAI_Chen_2020,35,1,48,spearman@0.20,esm2_wtm,esm2_wtm,5.0,5.0,0.0
A4GRB6_PSEAI_Chen_2020,35,2,96,enrich@1.5,supervised,supervised,9.0,9.0,0.0
A4GRB6_PSEAI_Chen_2020,35,2,96,enrich@1.0,supervised,supervised,9.0,9.0,0.0
A4GRB6_PSEAI_Chen_2020,35,2,96,auroc@0.55,esm2_wtm,supervised,1.0,9.0,8.0
A4GRB6_PSEAI_Chen_2020,35,2,96,auroc@0.60,esm2_wtm,supervised,1.0,9.0,8.0
A4GRB6_PSEAI_Chen_2020,35,2,96,auroc@0.65,esm2_wtm,supervised,1.0,9.0,8.0
A4GRB6_PSEAI_Chen_2020,35,2,96,spearman@0.20,esm2_wtm,supervised,1.0,9.0,8.0
A4GRB6_PSEAI_Chen_2020,35,3,144,enrich@1.5,supervised,explore,0.0,0.35555555555555557,0.35555555555555557
A4GRB6_PSEAI_Chen_2020,35,3,144,enrich@1.0,supervised,explore,0.0,0.35555555555555557,0.35555555555555557
A4GRB6_PSEAI_Chen_2020,35,3,144,auroc@0.55,supervised,explore,0.0,0.35555555555555557,0.35555555555555557
A4GRB6_PSEAI_Chen_2020,35,3,144,auroc@0.60,supervised,explore,0.0,0.35555555555555557,0.35555555555555557
A4GRB6_PSEAI_Chen_2020,35,3,144,auroc@0.65,supervised,explore,0.0,0.35555555555555557,0.35555555555555557
A4GRB6_PSEAI_Chen_2020,35,3,144,spearman@0.20,supervised,explore,0.0,0.35555555555555557,0.35555555555555557
A4GRB6_PSEAI_Chen_2020,36,0,0,enrich@1.5,explore,explore,0.47961630695443647,0.47961630695443647,0.0
A4GRB6_PSEAI_Chen_2020,36,0,0,enrich@1.0,explore,explore,0.47961630695443647,0.47961630695443647,0.0
A4GRB6_PSEAI_Chen_2020,36,0,0,auroc@0.55,explore,explore,0.47961630695443647,0.47961630695443647,0.0
A4GRB6_PSEAI_Chen_2020,36,0,0,auroc@0.60,explore,explore,0.47961630695443647,0.47961630695443647,0.0
A4GRB6_PSEAI_Chen_2020,36,0,0,auroc@0.65,explore,explore,0.47961630695443647,0.47961630695443647,0.0
A4GRB6_PSEAI_Chen_2020,36,0,0,spearman@0.20,explore,explore,0.47961630695443647,0.47961630695443647,0.0
A4GRB6_PSEAI_Chen_2020,36,1,48,enrich@1.5,explore,esm2_wtm,0.48426150121065376,5.0,4.5157384987893465
A4GRB6_PSEAI_Chen_2020,36,1,48,enrich@1.0,explore,esm2_wtm,0.48426150121065376,5.0,4.5157384987893465
A4GRB6_PSEAI_Chen_2020,36,1,48,auroc@0.55,esm2_wtm,esm2_wtm,5.0,5.0,0.0
A4GRB6_PSEAI_Chen_2020,36,1,48,auroc@0.60,esm2_wtm,esm2_wtm,5.0,5.0,0.0
A4GRB6_PSEAI_Chen_2020,36,1,48,auroc@0.65,esm2_wtm,esm2_wtm,5.0,5.0,0.0
A4GRB6_PSEAI_Chen_2020,36,1,48,spearman@0.20,esm2_wtm,esm2_wtm,5.0,5.0,0.0
A4GRB6_PSEAI_Chen_2020,36,2,96,enrich@1.5,esm2_wtm,esm2_wtm,5.0,5.0,0.0
A4GRB6_PSEAI_Chen_2020,36,2,96,enrich@1.0,esm2_wtm,esm2_wtm,5.0,5.0,0.0
A4GRB6_PSEAI_Chen_2020,36,2,96,auroc@0.55,esm2_wtm,esm2_wtm,5.0,5.0,0.0
A4GRB6_PSEAI_Chen_2020,36,2,96,auroc@0.60,esm2_wtm,esm2_wtm,5.0,5.0,0.0
A4GRB6_PSEAI_Chen_2020,36,2,96,auroc@0.65,esm2_wtm,esm2_wtm,5.0,5.0,0.0
A4GRB6_PSEAI_Chen_2020,36,2,96,spearman@0.20,esm2_wtm,esm2_wtm,5.0,5.0,0.0
A4GRB6_PSEAI_Chen_2020,36,3,144,enrich@1.5,supervised,supervised,10.0,10.0,0.0
A4GRB6_PSEAI_Chen_2020,36,3,144,enrich@1.0,supervised,supervised,10.0,10.0,0.0
A4GRB6_PSEAI_Chen_2020,36,3,144,auroc@0.55,esm2_wtm,supervised,1.0,10.0,9.0
A4GRB6_PSEAI_Chen_2020,36,3,144,auroc@0.60,esm2_wtm,supervised,1.0,10.0,9.0
A4GRB6_PSEAI_Chen_2020,36,3,144,auroc@0.65,esm2_wtm,supervised,1.0,10.0,9.0
A4GRB6_PSEAI_Chen_2020,36,3,144,spearman@0.20,esm2_wtm,supervised,1.0,10.0,9.0
A4GRB6_PSEAI_Chen_2020,37,0,0,enrich@1.5,explore,explore,0.47961630695443647,0.47961630695443647,0.0
A4GRB6_PSEAI_Chen_2020,37,0,0,enrich@1.0,explore,explore,0.47961630695443647,0.47961630695443647,0.0
A4GRB6_PSEAI_Chen_2020,37,0,0,auroc@0.55,explore,explore,0.47961630695443647,0.47961630695443647,0.0
A4GRB6_PSEAI_Chen_2020,37,0,0,auroc@0.60,explore,explore,0.47961630695443647,0.47961630695443647,0.0
A4GRB6_PSEAI_Chen_2020,37,0,0,auroc@0.65,explore,explore,0.47961630695443647,0.47961630695443647,0.0
A4GRB6_PSEAI_Chen_2020,37,0,0,spearman@0.20,explore,explore,0.47961630695443647,0.47961630695443647,0.0
A4GRB6_PSEAI_Chen_2020,37,1,48,enrich@1.5,supervised,esm2_wtm,0.0,5.0,5.0
A4GRB6_PSEAI_Chen_2020,37,1,48,enrich@1.0,supervised,esm2_wtm,0.0,5.0,5.0
A4GRB6_PSEAI_Chen_2020,37,1,48,auroc@0.55,esm2_wtm,esm2_wtm,5.0,5.0,0.0
A4GRB6_PSEAI_Chen_2020,37,1,48,auroc@0.60,esm2_wtm,esm2_wtm,5.0,5.0,0.0
A4GRB6_PSEAI_Chen_2020,37,1,48,auroc@0.65,esm2_wtm,esm2_wtm,5.0,5.0,0.0
A4GRB6_PSEAI_Chen_2020,37,1,48,spearman@0.20,esm2_wtm,esm2_wtm,5.0,5.0,0.0
A4GRB6_PSEAI_Chen_2020,37,2,96,enrich@1.5,explore,esm2_wtm,0.4889975550122249,5.0,4.511002444987775
A4GRB6_PSEAI_Chen_2020,37,2,96,enrich@1.0,explore,esm2_wtm,0.4889975550122249,5.0,4.511002444987775
A4GRB6_PSEAI_Chen_2020,37,2,96,auroc@0.55,supervised,esm2_wtm,4.0,5.0,1.0
A4GRB6_PSEAI_Chen_2020,37,2,96,auroc@0.60,supervised,esm2_wtm,4.0,5.0,1.0
A4GRB6_PSEAI_Chen_2020,37,2,96,auroc@0.65,supervised,esm2_wtm,4.0,5.0,1.0
A4GRB6_PSEAI_Chen_2020,37,2,96,spearman@0.20,esm2_wtm,esm2_wtm,5.0,5.0,0.0
A4GRB6_PSEAI_Chen_2020,37,3,144,enrich@1.5,esm2_wtm,esm2_wtm,5.0,5.0,0.0
A4GRB6_PSEAI_Chen_2020,37,3,144,enrich@1.0,esm2_wtm,esm2_wtm,5.0,5.0,0.0
A4GRB6_PSEAI_Chen_2020,37,3,144,auroc@0.55,esm2_wtm,esm2_wtm,5.0,5.0,0.0
A4GRB6_PSEAI_Chen_2020,37,3,144,auroc@0.60,esm2_wtm,esm2_wtm,5.0,5.0,0.0
A4GRB6_PSEAI_Chen_2020,37,3,144,auroc@0.65,esm2_wtm,esm2_wtm,5.0,5.0,0.0
A4GRB6_PSEAI_Chen_2020,37,3,144,spearman@0.20,esm2_wtm,esm2_wtm,5.0,5.0,0.0
A4GRB6_PSEAI_Chen_2020,38,0,0,enrich@1.5,explore,explore,0.47961630695443647,0.47961630695443647,0.0
A4GRB6_PSEAI_Chen_2020,38,0,0,enrich@1.0,explore,explore,0.47961630695443647,0.47961630695443647,0.0
A4GRB6_PSEAI_Chen_2020,38,0,0,auroc@0.55,explore,explore,0.47961630695443647,0.47961630695443647,0.0
A4GRB6_PSEAI_Chen_2020,38,0,0,auroc@0.60,explore,explore,0.47961630695443647,0.47961630695443647,0.0
A4GRB6_PSEAI_Chen_2020,38,0,0,auroc@0.65,explore,explore,0.47961630695443647,0.47961630695443647,0.0
A4GRB6_PSEAI_Chen_2020,38,0,0,spearman@0.20,explore,explore,0.47961630695443647,0.47961630695443647,0.0
A4GRB6_PSEAI_Chen_2020,38,1,48,enrich@1.5,esm2_wtm,esm2_wtm,5.0,5.0,0.0
A4GRB6_PSEAI_Chen_2020,38,1,48,enrich@1.0,esm2_wtm,esm2_wtm,5.0,5.0,0.0
A4GRB6_PSEAI_Chen_2020,38,1,48,auroc@0.55,esm2_wtm,esm2_wtm,5.0,5.0,0.0
A4GRB6_PSEAI_Chen_2020,38,1,48,auroc@0.60,esm2_wtm,esm2_wtm,5.0,5.0,0.0
A4GRB6_PSEAI_Chen_2020,38,1,48,auroc@0.65,esm2_wtm,esm2_wtm,5.0,5.0,0.0
A4GRB6_PSEAI_Chen_2020,38,1,48,spearman@0.20,esm2_wtm,esm2_wtm,5.0,5.0,0.0
A4GRB6_PSEAI_Chen_2020,38,2,96,enrich@1.5,supervised,supervised,4.0,4.0,0.0
A4GRB6_PSEAI_Chen_2020,38,2,96,enrich@1.0,supervised,supervised,4.0,4.0,0.0
A4GRB6_PSEAI_Chen_2020,38,2,96,auroc@0.55,esm2_wtm,supervised,1.0,4.0,3.0
A4GRB6_PSEAI_Chen_2020,38,2,96,auroc@0.60,esm2_wtm,supervised,1.0,4.0,3.0
A4GRB6_PSEAI_Chen_2020,38,2,96,auroc@0.65,esm2_wtm,supervised,1.0,4.0,3.0
A4GRB6_PSEAI_Chen_2020,38,2,96,spearman@0.20,esm2_wtm,supervised,1.0,4.0,3.0
A4GRB6_PSEAI_Chen_2020,38,3,144,enrich@1.5,supervised,supervised,5.0,5.0,0.0
A4GRB6_PSEAI_Chen_2020,38,3,144,enrich@1.0,supervised,supervised,5.0,5.0,0.0
A4GRB6_PSEAI_Chen_2020,38,3,144,auroc@0.55,supervised,supervised,5.0,5.0,0.0
A4GRB6_PSEAI_Chen_2020,38,3,144,auroc@0.60,supervised,supervised,5.0,5.0,0.0
A4GRB6_PSEAI_Chen_2020,38,3,144,auroc@0.65,supervised,supervised,5.0,5.0,0.0
A4GRB6_PSEAI_Chen_2020,38,3,144,spearman@0.20,supervised,supervised,5.0,5.0,0.0
A4GRB6_PSEAI_Chen_2020,39,0,0,enrich@1.5,explore,explore,0.47961630695443647,0.47961630695443647,0.0
A4GRB6_PSEAI_Chen_2020,39,0,0,enrich@1.0,explore,explore,0.47961630695443647,0.47961630695443647,0.0
A4GRB6_PSEAI_Chen_2020,39,0,0,auroc@0.55,explore,explore,0.47961630695443647,0.47961630695443647,0.0
A4GRB6_PSEAI_Chen_2020,39,0,0,auroc@0.60,explore,explore,0.47961630695443647,0.47961630695443647,0.0
A4GRB6_PSEAI_Chen_2020,39,0,0,auroc@0.65,explore,explore,0.47961630695443647,0.47961630695443647,0.0
A4GRB6_PSEAI_Chen_2020,39,0,0,spearman@0.20,explore,explore,0.47961630695443647,0.47961630695443647,0.0
A4GRB6_PSEAI_Chen_2020,39,1,48,enrich@1.5,esm2_wtm,esm2_wtm,5.0,5.0,0.0
A4GRB6_PSEAI_Chen_2020,39,1,48,enrich@1.0,esm2_wtm,esm2_wtm,5.0,5.0,0.0
A4GRB6_PSEAI_Chen_2020,39,1,48,auroc@0.55,esm2_wtm,esm2_wtm,5.0,5.0,0.0
A4GRB6_PSEAI_Chen_2020,39,1,48,auroc@0.60,esm2_wtm,esm2_wtm,5.0,5.0,0.0
A4GRB6_PSEAI_Chen_2020,39,1,48,auroc@0.65,esm2_wtm,esm2_wtm,5.0,5.0,0.0
A4GRB6_PSEAI_Chen_2020,39,1,48,spearman@0.20,esm2_wtm,esm2_wtm,5.0,5.0,0.0
A4GRB6_PSEAI_Chen_2020,39,2,96,enrich@1.5,supervised,supervised,8.0,8.0,0.0
A4GRB6_PSEAI_Chen_2020,39,2,96,enrich@1.0,supervised,supervised,8.0,8.0,0.0
A4GRB6_PSEAI_Chen_2020,39,2,96,auroc@0.55,esm2_wtm,supervised,1.0,8.0,7.0
A4GRB6_PSEAI_Chen_2020,39,2,96,auroc@0.60,esm2_wtm,supervised,1.0,8.0,7.0
A4GRB6_PSEAI_Chen_2020,39,2,96,auroc@0.65,esm2_wtm,supervised,1.0,8.0,7.0
A4GRB6_PSEAI_Chen_2020,39,2,96,spearman@0.20,esm2_wtm,supervised,1.0,8.0,7.0
A4GRB6_PSEAI_Chen_2020,39,3,144,enrich@1.5,supervised,explore,0.0,0.3654320987654321,0.3654320987654321
A4GRB6_PSEAI_Chen_2020,39,3,144,enrich@1.0,supervised,explore,0.0,0.3654320987654321,0.3654320987654321
A4GRB6_PSEAI_Chen_2020,39,3,144,auroc@0.55,supervised,explore,0.0,0.3654320987654321,0.3654320987654321
A4GRB6_PSEAI_Chen_2020,39,3,144,auroc@0.60,supervised,explore,0.0,0.3654320987654321,0.3654320987654321
A4GRB6_PSEAI_Chen_2020,39,3,144,auroc@0.65,supervised,explore,0.0,0.3654320987654321,0.3654320987654321
A4GRB6_PSEAI_Chen_2020,39,3,144,spearman@0.20,supervised,explore,0.0,0.3654320987654321,0.3654320987654321
AMIE_PSEAE_Wrenbeck_2017,0,0,0,enrich@1.5,explore,explore,0.4779187409667577,0.4779187409667577,0.0
AMIE_PSEAE_Wrenbeck_2017,0,0,0,enrich@1.0,explore,explore,0.4779187409667577,0.4779187409667577,0.0
AMIE_PSEAE_Wrenbeck_2017,0,0,0,auroc@0.55,explore,explore,0.4779187409667577,0.4779187409667577,0.0
AMIE_PSEAE_Wrenbeck_2017,0,0,0,auroc@0.60,explore,explore,0.4779187409667577,0.4779187409667577,0.0
AMIE_PSEAE_Wrenbeck_2017,0,0,0,auroc@0.65,explore,explore,0.4779187409667577,0.4779187409667577,0.0
AMIE_PSEAE_Wrenbeck_2017,0,0,0,spearman@0.20,explore,explore,0.4779187409667577,0.4779187409667577,0.0
AMIE_PSEAE_Wrenbeck_2017,0,1,48,enrich@1.5,esm2_wtm,supervised,1.0,16.0,15.0
AMIE_PSEAE_Wrenbeck_2017,0,1,48,enrich@1.0,esm2_wtm,supervised,1.0,16.0,15.0
AMIE_PSEAE_Wrenbeck_2017,0,1,48,auroc@0.55,esm2_wtm,supervised,1.0,16.0,15.0
AMIE_PSEAE_Wrenbeck_2017,0,1,48,auroc@0.60,esm2_wtm,supervised,1.0,16.0,15.0
AMIE_PSEAE_Wrenbeck_2017,0,1,48,auroc@0.65,esm2_wtm,supervised,1.0,16.0,15.0
AMIE_PSEAE_Wrenbeck_2017,0,1,48,spearman@0.20,esm2_wtm,supervised,1.0,16.0,15.0
AMIE_PSEAE_Wrenbeck_2017,0,2,96,enrich@1.5,supervised,supervised,16.0,16.0,0.0
AMIE_PSEAE_Wrenbeck_2017,0,2,96,enrich@1.0,supervised,supervised,16.0,16.0,0.0
AMIE_PSEAE_Wrenbeck_2017,0,2,96,auroc@0.55,supervised,supervised,16.0,16.0,0.0
AMIE_PSEAE_Wrenbeck_2017,0,2,96,auroc@0.60,supervised,supervised,16.0,16.0,0.0
AMIE_PSEAE_Wrenbeck_2017,0,2,96,auroc@0.65,supervised,supervised,16.0,16.0,0.0
AMIE_PSEAE_Wrenbeck_2017,0,2,96,spearman@0.20,supervised,supervised,16.0,16.0,0.0
AMIE_PSEAE_Wrenbeck_2017,0,3,144,enrich@1.5,supervised,supervised,2.0,2.0,0.0
AMIE_PSEAE_Wrenbeck_2017,0,3,144,enrich@1.0,supervised,supervised,2.0,2.0,0.0
AMIE_PSEAE_Wrenbeck_2017,0,3,144,auroc@0.55,supervised,supervised,2.0,2.0,0.0
AMIE_PSEAE_Wrenbeck_2017,0,3,144,auroc@0.60,supervised,supervised,2.0,2.0,0.0
AMIE_PSEAE_Wrenbeck_2017,0,3,144,auroc@0.65,supervised,supervised,2.0,2.0,0.0
AMIE_PSEAE_Wrenbeck_2017,0,3,144,spearman@0.20,supervised,supervised,2.0,2.0,0.0
AMIE_PSEAE_Wrenbeck_2017,1,0,0,enrich@1.5,explore,explore,0.4779187409667577,0.4779187409667577,0.0
AMIE_PSEAE_Wrenbeck_2017,1,0,0,enrich@1.0,explore,explore,0.4779187409667577,0.4779187409667577,0.0
AMIE_PSEAE_Wrenbeck_2017,1,0,0,auroc@0.55,explore,explore,0.4779187409667577,0.4779187409667577,0.0
AMIE_PSEAE_Wrenbeck_2017,1,0,0,auroc@0.60,explore,explore,0.4779187409667577,0.4779187409667577,0.0
AMIE_PSEAE_Wrenbeck_2017,1,0,0,auroc@0.65,explore,explore,0.4779187409667577,0.4779187409667577,0.0
AMIE_PSEAE_Wrenbeck_2017,1,0,0,spearman@0.20,explore,explore,0.4779187409667577,0.4779187409667577,0.0
AMIE_PSEAE_Wrenbeck_2017,1,1,48,enrich@1.5,explore,supervised,0.47386308464152777,1.0,0.5261369153584723
AMIE_PSEAE_Wrenbeck_2017,1,1,48,enrich@1.0,explore,supervised,0.47386308464152777,1.0,0.5261369153584723
AMIE_PSEAE_Wrenbeck_2017,1,1,48,auroc@0.55,esm2_wtm,supervised,1.0,1.0,0.0
AMIE_PSEAE_Wrenbeck_2017,1,1,48,auroc@0.60,esm2_wtm,supervised,1.0,1.0,0.0
AMIE_PSEAE_Wrenbeck_2017,1,1,48,auroc@0.65,explore,supervised,0.47386308464152777,1.0,0.5261369153584723
AMIE_PSEAE_Wrenbeck_2017,1,1,48,spearman@0.20,esm2_wtm,supervised,1.0,1.0,0.0
AMIE_PSEAE_Wrenbeck_2017,1,2,96,enrich@1.5,explore,supervised,0.4697439243190344,8.0,7.530256075680966
AMIE_PSEAE_Wrenbeck_2017,1,2,96,enrich@1.0,explore,supervised,0.4697439243190344,8.0,7.530256075680966
AMIE_PSEAE_Wrenbeck_2017,1,2,96,auroc@0.55,esm2_wtm,supervised,1.0,8.0,7.0
AMIE_PSEAE_Wrenbeck_2017,1,2,96,auroc@0.60,esm2_wtm,supervised,1.0,8.0,7.0
AMIE_PSEAE_Wrenbeck_2017,1,2,96,auroc@0.65,explore,supervised,0.4697439243190344,8.0,7.530256075680966
AMIE_PSEAE_Wrenbeck_2017,1,2,96,spearman@0.20,esm2_wtm,supervised,1.0,8.0,7.0
AMIE_PSEAE_Wrenbeck_2017,1,3,144,enrich@1.5,esm2_wtm,supervised,1.0,8.0,7.0
AMIE_PSEAE_Wrenbeck_2017,1,3,144,enrich@1.0,esm2_wtm,supervised,1.0,8.0,7.0
AMIE_PSEAE_Wrenbeck_2017,1,3,144,auroc@0.55,esm2_wtm,supervised,1.0,8.0,7.0
AMIE_PSEAE_Wrenbeck_2017,1,3,144,auroc@0.60,esm2_wtm,supervised,1.0,8.0,7.0
AMIE_PSEAE_Wrenbeck_2017,1,3,144,auroc@0.65,esm2_wtm,supervised,1.0,8.0,7.0
AMIE_PSEAE_Wrenbeck_2017,1,3,144,spearman@0.20,esm2_wtm,supervised,1.0,8.0,7.0
AMIE_PSEAE_Wrenbeck_2017,2,0,0,enrich@1.5,explore,explore,0.4779187409667577,0.4779187409667577,0.0
AMIE_PSEAE_Wrenbeck_2017,2,0,0,enrich@1.0,explore,explore,0.4779187409667577,0.4779187409667577,0.0
AMIE_PSEAE_Wrenbeck_2017,2,0,0,auroc@0.55,explore,explore,0.4779187409667577,0.4779187409667577,0.0
AMIE_PSEAE_Wrenbeck_2017,2,0,0,auroc@0.60,explore,explore,0.4779187409667577,0.4779187409667577,0.0
AMIE_PSEAE_Wrenbeck_2017,2,0,0,auroc@0.65,explore,explore,0.4779187409667577,0.4779187409667577,0.0
AMIE_PSEAE_Wrenbeck_2017,2,0,0,spearman@0.20,explore,explore,0.4779187409667577,0.4779187409667577,0.0
AMIE_PSEAE_Wrenbeck_2017,2,1,48,enrich@1.5,explore,esm2_wtm,0.47386308464152777,1.0,0.5261369153584723
AMIE_PSEAE_Wrenbeck_2017,2,1,48,enrich@1.0,explore,esm2_wtm,0.47386308464152777,1.0,0.5261369153584723
AMIE_PSEAE_Wrenbeck_2017,2,1,48,auroc@0.55,esm2_wtm,esm2_wtm,1.0,1.0,0.0
AMIE_PSEAE_Wrenbeck_2017,2,1,48,auroc@0.60,explore,esm2_wtm,0.47386308464152777,1.0,0.5261369153584723
AMIE_PSEAE_Wrenbeck_2017,2,1,48,auroc@0.65,explore,esm2_wtm,0.47386308464152777,1.0,0.5261369153584723
AMIE_PSEAE_Wrenbeck_2017,2,1,48,spearman@0.20,esm2_wtm,esm2_wtm,1.0,1.0,0.0
AMIE_PSEAE_Wrenbeck_2017,2,2,96,enrich@1.5,supervised,esm2_wtm,0.0,1.0,1.0
AMIE_PSEAE_Wrenbeck_2017,2,2,96,enrich@1.0,supervised,esm2_wtm,0.0,1.0,1.0
AMIE_PSEAE_Wrenbeck_2017,2,2,96,auroc@0.55,esm2_wtm,esm2_wtm,1.0,1.0,0.0
AMIE_PSEAE_Wrenbeck_2017,2,2,96,auroc@0.60,esm2_wtm,esm2_wtm,1.0,1.0,0.0
AMIE_PSEAE_Wrenbeck_2017,2,2,96,auroc@0.65,explore,esm2_wtm,0.47757298972435164,1.0,0.5224270102756483
AMIE_PSEAE_Wrenbeck_2017,2,2,96,spearman@0.20,esm2_wtm,esm2_wtm,1.0,1.0,0.0
AMIE_PSEAE_Wrenbeck_2017,2,3,144,enrich@1.5,explore,supervised,0.4813414433667598,1.0,0.5186585566332402
AMIE_PSEAE_Wrenbeck_2017,2,3,144,enrich@1.0,supervised,supervised,1.0,1.0,0.0
AMIE_PSEAE_Wrenbeck_2017,2,3,144,auroc@0.55,supervised,supervised,1.0,1.0,0.0
AMIE_PSEAE_Wrenbeck_2017,2,3,144,auroc@0.60,supervised,supervised,1.0,1.0,0.0
AMIE_PSEAE_Wrenbeck_2017,2,3,144,auroc@0.65,supervised,supervised,1.0,1.0,0.0
AMIE_PSEAE_Wrenbeck_2017,2,3,144,spearman@0.20,supervised,supervised,1.0,1.0,0.0
AMIE_PSEAE_Wrenbeck_2017,3,0,0,enrich@1.5,explore,explore,0.4779187409667577,0.4779187409667577,0.0
AMIE_PSEAE_Wrenbeck_2017,3,0,0,enrich@1.0,explore,explore,0.4779187409667577,0.4779187409667577,0.0
AMIE_PSEAE_Wrenbeck_2017,3,0,0,auroc@0.55,explore,explore,0.4779187409667577,0.4779187409667577,0.0
AMIE_PSEAE_Wrenbeck_2017,3,0,0,auroc@0.60,explore,explore,0.4779187409667577,0.4779187409667577,0.0
AMIE_PSEAE_Wrenbeck_2017,3,0,0,auroc@0.65,explore,explore,0.4779187409667577,0.4779187409667577,0.0
AMIE_PSEAE_Wrenbeck_2017,3,0,0,spearman@0.20,explore,explore,0.4779187409667577,0.4779187409667577,0.0
AMIE_PSEAE_Wrenbeck_2017,3,1,48,enrich@1.5,esm2_wtm,supervised,1.0,1.0,0.0
AMIE_PSEAE_Wrenbeck_2017,3,1,48,enrich@1.0,esm2_wtm,supervised,1.0,1.0,0.0
AMIE_PSEAE_Wrenbeck_2017,3,1,48,auroc@0.55,supervised,supervised,1.0,1.0,0.0
AMIE_PSEAE_Wrenbeck_2017,3,1,48,auroc@0.60,supervised,supervised,1.0,1.0,0.0
AMIE_PSEAE_Wrenbeck_2017,3,1,48,auroc@0.65,supervised,supervised,1.0,1.0,0.0
AMIE_PSEAE_Wrenbeck_2017,3,1,48,spearman@0.20,supervised,supervised,1.0,1.0,0.0
AMIE_PSEAE_Wrenbeck_2017,3,2,96,enrich@1.5,supervised,supervised,4.0,4.0,0.0
AMIE_PSEAE_Wrenbeck_2017,3,2,96,enrich@1.0,supervised,supervised,4.0,4.0,0.0
AMIE_PSEAE_Wrenbeck_2017,3,2,96,auroc@0.55,supervised,supervised,4.0,4.0,0.0
AMIE_PSEAE_Wrenbeck_2017,3,2,96,auroc@0.60,supervised,supervised,4.0,4.0,0.0
AMIE_PSEAE_Wrenbeck_2017,3,2,96,auroc@0.65,supervised,supervised,4.0,4.0,0.0
AMIE_PSEAE_Wrenbeck_2017,3,2,96,spearman@0.20,supervised,supervised,4.0,4.0,0.0
AMIE_PSEAE_Wrenbeck_2017,3,3,144,enrich@1.5,supervised,supervised,5.0,5.0,0.0
AMIE_PSEAE_Wrenbeck_2017,3,3,144,enrich@1.0,supervised,supervised,5.0,5.0,0.0
AMIE_PSEAE_Wrenbeck_2017,3,3,144,auroc@0.55,supervised,supervised,5.0,5.0,0.0
AMIE_PSEAE_Wrenbeck_2017,3,3,144,auroc@0.60,supervised,supervised,5.0,5.0,0.0
AMIE_PSEAE_Wrenbeck_2017,3,3,144,auroc@0.65,supervised,supervised,5.0,5.0,0.0
AMIE_PSEAE_Wrenbeck_2017,3,3,144,spearman@0.20,supervised,supervised,5.0,5.0,0.0
AMIE_PSEAE_Wrenbeck_2017,4,0,0,enrich@1.5,explore,explore,0.4779187409667577,0.4779187409667577,0.0
AMIE_PSEAE_Wrenbeck_2017,4,0,0,enrich@1.0,explore,explore,0.4779187409667577,0.4779187409667577,0.0
AMIE_PSEAE_Wrenbeck_2017,4,0,0,auroc@0.55,explore,explore,0.4779187409667577,0.4779187409667577,0.0
AMIE_PSEAE_Wrenbeck_2017,4,0,0,auroc@0.60,explore,explore,0.4779187409667577,0.4779187409667577,0.0
AMIE_PSEAE_Wrenbeck_2017,4,0,0,auroc@0.65,explore,explore,0.4779187409667577,0.4779187409667577,0.0
AMIE_PSEAE_Wrenbeck_2017,4,0,0,spearman@0.20,explore,explore,0.4779187409667577,0.4779187409667577,0.0
AMIE_PSEAE_Wrenbeck_2017,4,1,48,enrich@1.5,explore,esm2_wtm,0.48163133193073315,1.0,0.5183686680692668
AMIE_PSEAE_Wrenbeck_2017,4,1,48,enrich@1.0,explore,esm2_wtm,0.48163133193073315,1.0,0.5183686680692668
AMIE_PSEAE_Wrenbeck_2017,4,1,48,auroc@0.55,esm2_wtm,esm2_wtm,1.0,1.0,0.0
AMIE_PSEAE_Wrenbeck_2017,4,1,48,auroc@0.60,esm2_wtm,esm2_wtm,1.0,1.0,0.0
AMIE_PSEAE_Wrenbeck_2017,4,1,48,auroc@0.65,explore,esm2_wtm,0.48163133193073315,1.0,0.5183686680692668
AMIE_PSEAE_Wrenbeck_2017,4,1,48,spearman@0.20,esm2_wtm,esm2_wtm,1.0,1.0,0.0
AMIE_PSEAE_Wrenbeck_2017,4,2,96,enrich@1.5,supervised,supervised,1.0,1.0,0.0
AMIE_PSEAE_Wrenbeck_2017,4,2,96,enrich@1.0,supervised,supervised,1.0,1.0,0.0
AMIE_PSEAE_Wrenbeck_2017,4,2,96,auroc@0.55,esm2_wtm,supervised,1.0,1.0,0.0
AMIE_PSEAE_Wrenbeck_2017,4,2,96,auroc@0.60,esm2_wtm,supervised,1.0,1.0,0.0
AMIE_PSEAE_Wrenbeck_2017,4,2,96,auroc@0.65,esm2_wtm,supervised,1.0,1.0,0.0
AMIE_PSEAE_Wrenbeck_2017,4,2,96,spearman@0.20,esm2_wtm,supervised,1.0,1.0,0.0
AMIE_PSEAE_Wrenbeck_2017,4,3,144,enrich@1.5,explore,esm2_wtm,0.4813414433667598,1.0,0.5186585566332402
AMIE_PSEAE_Wrenbeck_2017,4,3,144,enrich@1.0,explore,esm2_wtm,0.4813414433667598,1.0,0.5186585566332402
AMIE_PSEAE_Wrenbeck_2017,4,3,144,auroc@0.55,esm2_wtm,esm2_wtm,1.0,1.0,0.0
AMIE_PSEAE_Wrenbeck_2017,4,3,144,auroc@0.60,explore,esm2_wtm,0.4813414433667598,1.0,0.5186585566332402
AMIE_PSEAE_Wrenbeck_2017,4,3,144,auroc@0.65,explore,esm2_wtm,0.4813414433667598,1.0,0.5186585566332402
AMIE_PSEAE_Wrenbeck_2017,4,3,144,spearman@0.20,esm2_wtm,esm2_wtm,1.0,1.0,0.0
AMIE_PSEAE_Wrenbeck_2017,5,0,0,enrich@1.5,explore,explore,0.4779187409667577,0.4779187409667577,0.0
AMIE_PSEAE_Wrenbeck_2017,5,0,0,enrich@1.0,explore,explore,0.4779187409667577,0.4779187409667577,0.0
AMIE_PSEAE_Wrenbeck_2017,5,0,0,auroc@0.55,explore,explore,0.4779187409667577,0.4779187409667577,0.0
AMIE_PSEAE_Wrenbeck_2017,5,0,0,auroc@0.60,explore,explore,0.4779187409667577,0.4779187409667577,0.0
AMIE_PSEAE_Wrenbeck_2017,5,0,0,auroc@0.65,explore,explore,0.4779187409667577,0.4779187409667577,0.0
AMIE_PSEAE_Wrenbeck_2017,5,0,0,spearman@0.20,explore,explore,0.4779187409667577,0.4779187409667577,0.0
AMIE_PSEAE_Wrenbeck_2017,5,1,48,enrich@1.5,supervised,supervised,2.0,2.0,0.0
AMIE_PSEAE_Wrenbeck_2017,5,1,48,enrich@1.0,supervised,supervised,2.0,2.0,0.0
AMIE_PSEAE_Wrenbeck_2017,5,1,48,auroc@0.55,supervised,supervised,2.0,2.0,0.0
AMIE_PSEAE_Wrenbeck_2017,5,1,48,auroc@0.60,supervised,supervised,2.0,2.0,0.0
AMIE_PSEAE_Wrenbeck_2017,5,1,48,auroc@0.65,supervised,supervised,2.0,2.0,0.0
AMIE_PSEAE_Wrenbeck_2017,5,1,48,spearman@0.20,esm2_wtm,supervised,1.0,2.0,1.0
AMIE_PSEAE_Wrenbeck_2017,5,2,96,enrich@1.5,supervised,supervised,2.0,2.0,0.0
AMIE_PSEAE_Wrenbeck_2017,5,2,96,enrich@1.0,supervised,supervised,2.0,2.0,0.0
AMIE_PSEAE_Wrenbeck_2017,5,2,96,auroc@0.55,esm2_wtm,supervised,1.0,2.0,1.0
AMIE_PSEAE_Wrenbeck_2017,5,2,96,auroc@0.60,esm2_wtm,supervised,1.0,2.0,1.0
AMIE_PSEAE_Wrenbeck_2017,5,2,96,auroc@0.65,esm2_wtm,supervised,1.0,2.0,1.0
AMIE_PSEAE_Wrenbeck_2017,5,2,96,spearman@0.20,esm2_wtm,supervised,1.0,2.0,1.0
AMIE_PSEAE_Wrenbeck_2017,5,3,144,enrich@1.5,esm2_wtm,supervised,1.0,1.0,0.0
AMIE_PSEAE_Wrenbeck_2017,5,3,144,enrich@1.0,esm2_wtm,supervised,1.0,1.0,0.0
AMIE_PSEAE_Wrenbeck_2017,5,3,144,auroc@0.55,esm2_wtm,supervised,1.0,1.0,0.0
AMIE_PSEAE_Wrenbeck_2017,5,3,144,auroc@0.60,explore,supervised,0.4576689133651159,1.0,0.542331086634884
AMIE_PSEAE_Wrenbeck_2017,5,3,144,auroc@0.65,explore,supervised,0.4576689133651159,1.0,0.542331086634884
AMIE_PSEAE_Wrenbeck_2017,5,3,144,spearman@0.20,supervised,supervised,1.0,1.0,0.0
AMIE_PSEAE_Wrenbeck_2017,6,0,0,enrich@1.5,explore,explore,0.4779187409667577,0.4779187409667577,0.0
AMIE_PSEAE_Wrenbeck_2017,6,0,0,enrich@1.0,explore,explore,0.4779187409667577,0.4779187409667577,0.0
AMIE_PSEAE_Wrenbeck_2017,6,0,0,auroc@0.55,explore,explore,0.4779187409667577,0.4779187409667577,0.0
AMIE_PSEAE_Wrenbeck_2017,6,0,0,auroc@0.60,explore,explore,0.4779187409667577,0.4779187409667577,0.0
AMIE_PSEAE_Wrenbeck_2017,6,0,0,auroc@0.65,explore,explore,0.4779187409667577,0.4779187409667577,0.0
AMIE_PSEAE_Wrenbeck_2017,6,0,0,spearman@0.20,explore,explore,0.4779187409667577,0.4779187409667577,0.0
AMIE_PSEAE_Wrenbeck_2017,6,1,48,enrich@1.5,supervised,esm2_wtm,0.0,1.0,1.0
AMIE_PSEAE_Wrenbeck_2017,6,1,48,enrich@1.0,supervised,esm2_wtm,0.0,1.0,1.0
AMIE_PSEAE_Wrenbeck_2017,6,1,48,auroc@0.55,supervised,esm2_wtm,0.0,1.0,1.0
AMIE_PSEAE_Wrenbeck_2017,6,1,48,auroc@0.60,supervised,esm2_wtm,0.0,1.0,1.0
AMIE_PSEAE_Wrenbeck_2017,6,1,48,auroc@0.65,supervised,esm2_wtm,0.0,1.0,1.0
AMIE_PSEAE_Wrenbeck_2017,6,1,48,spearman@0.20,esm2_wtm,esm2_wtm,1.0,1.0,0.0
AMIE_PSEAE_Wrenbeck_2017,6,2,96,enrich@1.5,supervised,supervised,1.0,1.0,0.0
AMIE_PSEAE_Wrenbeck_2017,6,2,96,enrich@1.0,supervised,supervised,1.0,1.0,0.0
AMIE_PSEAE_Wrenbeck_2017,6,2,96,auroc@0.55,supervised,supervised,1.0,1.0,0.0
AMIE_PSEAE_Wrenbeck_2017,6,2,96,auroc@0.60,supervised,supervised,1.0,1.0,0.0
AMIE_PSEAE_Wrenbeck_2017,6,2,96,auroc@0.65,explore,supervised,0.4854020551296689,1.0,0.5145979448703311
AMIE_PSEAE_Wrenbeck_2017,6,2,96,spearman@0.20,esm2_wtm,supervised,1.0,1.0,0.0
AMIE_PSEAE_Wrenbeck_2017,6,3,144,enrich@1.5,supervised,supervised,13.0,13.0,0.0
AMIE_PSEAE_Wrenbeck_2017,6,3,144,enrich@1.0,supervised,supervised,13.0,13.0,0.0
AMIE_PSEAE_Wrenbeck_2017,6,3,144,auroc@0.55,supervised,supervised,13.0,13.0,0.0
AMIE_PSEAE_Wrenbeck_2017,6,3,144,auroc@0.60,supervised,supervised,13.0,13.0,0.0
AMIE_PSEAE_Wrenbeck_2017,6,3,144,auroc@0.65,supervised,supervised,13.0,13.0,0.0
AMIE_PSEAE_Wrenbeck_2017,6,3,144,spearman@0.20,supervised,supervised,13.0,13.0,0.0
AMIE_PSEAE_Wrenbeck_2017,7,0,0,enrich@1.5,explore,explore,0.4779187409667577,0.4779187409667577,0.0
AMIE_PSEAE_Wrenbeck_2017,7,0,0,enrich@1.0,explore,explore,0.4779187409667577,0.4779187409667577,0.0
AMIE_PSEAE_Wrenbeck_2017,7,0,0,auroc@0.55,explore,explore,0.4779187409667577,0.4779187409667577,0.0
AMIE_PSEAE_Wrenbeck_2017,7,0,0,auroc@0.60,explore,explore,0.4779187409667577,0.4779187409667577,0.0
AMIE_PSEAE_Wrenbeck_2017,7,0,0,auroc@0.65,explore,explore,0.4779187409667577,0.4779187409667577,0.0
AMIE_PSEAE_Wrenbeck_2017,7,0,0,spearman@0.20,explore,explore,0.4779187409667577,0.4779187409667577,0.0
AMIE_PSEAE_Wrenbeck_2017,7,1,48,enrich@1.5,esm2_wtm,esm2_wtm,1.0,1.0,0.0
AMIE_PSEAE_Wrenbeck_2017,7,1,48,enrich@1.0,esm2_wtm,esm2_wtm,1.0,1.0,0.0
AMIE_PSEAE_Wrenbeck_2017,7,1,48,auroc@0.55,esm2_wtm,esm2_wtm,1.0,1.0,0.0
AMIE_PSEAE_Wrenbeck_2017,7,1,48,auroc@0.60,esm2_wtm,esm2_wtm,1.0,1.0,0.0
AMIE_PSEAE_Wrenbeck_2017,7,1,48,auroc@0.65,explore,esm2_wtm,0.47386308464152777,1.0,0.5261369153584723
AMIE_PSEAE_Wrenbeck_2017,7,1,48,spearman@0.20,esm2_wtm,esm2_wtm,1.0,1.0,0.0
AMIE_PSEAE_Wrenbeck_2017,7,2,96,enrich@1.5,supervised,supervised,8.0,8.0,0.0
AMIE_PSEAE_Wrenbeck_2017,7,2,96,enrich@1.0,supervised,supervised,8.0,8.0,0.0
AMIE_PSEAE_Wrenbeck_2017,7,2,96,auroc@0.55,supervised,supervised,8.0,8.0,0.0
AMIE_PSEAE_Wrenbeck_2017,7,2,96,auroc@0.60,supervised,supervised,8.0,8.0,0.0
AMIE_PSEAE_Wrenbeck_2017,7,2,96,auroc@0.65,explore,supervised,0.4697439243190344,8.0,7.530256075680966
AMIE_PSEAE_Wrenbeck_2017,7,2,96,spearman@0.20,supervised,supervised,8.0,8.0,0.0
AMIE_PSEAE_Wrenbeck_2017,7,3,144,enrich@1.5,supervised,supervised,1.0,1.0,0.0
AMIE_PSEAE_Wrenbeck_2017,7,3,144,enrich@1.0,supervised,supervised,1.0,1.0,0.0
AMIE_PSEAE_Wrenbeck_2017,7,3,144,auroc@0.55,supervised,supervised,1.0,1.0,0.0
AMIE_PSEAE_Wrenbeck_2017,7,3,144,auroc@0.60,supervised,supervised,1.0,1.0,0.0
AMIE_PSEAE_Wrenbeck_2017,7,3,144,auroc@0.65,supervised,supervised,1.0,1.0,0.0
AMIE_PSEAE_Wrenbeck_2017,7,3,144,spearman@0.20,supervised,supervised,1.0,1.0,0.0
AMIE_PSEAE_Wrenbeck_2017,8,0,0,enrich@1.5,explore,explore,0.4779187409667577,0.4779187409667577,0.0
AMIE_PSEAE_Wrenbeck_2017,8,0,0,enrich@1.0,explore,explore,0.4779187409667577,0.4779187409667577,0.0
AMIE_PSEAE_Wrenbeck_2017,8,0,0,auroc@0.55,explore,explore,0.4779187409667577,0.4779187409667577,0.0
AMIE_PSEAE_Wrenbeck_2017,8,0,0,auroc@0.60,explore,explore,0.4779187409667577,0.4779187409667577,0.0
AMIE_PSEAE_Wrenbeck_2017,8,0,0,auroc@0.65,explore,explore,0.4779187409667577,0.4779187409667577,0.0
AMIE_PSEAE_Wrenbeck_2017,8,0,0,spearman@0.20,explore,explore,0.4779187409667577,0.4779187409667577,0.0
AMIE_PSEAE_Wrenbeck_2017,8,1,48,enrich@1.5,explore,esm2_wtm,0.48163133193073315,1.0,0.5183686680692668
AMIE_PSEAE_Wrenbeck_2017,8,1,48,enrich@1.0,explore,esm2_wtm,0.48163133193073315,1.0,0.5183686680692668
AMIE_PSEAE_Wrenbeck_2017,8,1,48,auroc@0.55,supervised,esm2_wtm,0.0,1.0,1.0
AMIE_PSEAE_Wrenbeck_2017,8,1,48,auroc@0.60,supervised,esm2_wtm,0.0,1.0,1.0
AMIE_PSEAE_Wrenbeck_2017,8,1,48,auroc@0.65,supervised,esm2_wtm,0.0,1.0,1.0
AMIE_PSEAE_Wrenbeck_2017,8,1,48,spearman@0.20,esm2_wtm,esm2_wtm,1.0,1.0,0.0
AMIE_PSEAE_Wrenbeck_2017,8,2,96,enrich@1.5,explore,esm2_wtm,0.4854020551296689,1.0,0.5145979448703311
AMIE_PSEAE_Wrenbeck_2017,8,2,96,enrich@1.0,explore,esm2_wtm,0.4854020551296689,1.0,0.5145979448703311
AMIE_PSEAE_Wrenbeck_2017,8,2,96,auroc@0.55,esm2_wtm,esm2_wtm,1.0,1.0,0.0
AMIE_PSEAE_Wrenbeck_2017,8,2,96,auroc@0.60,esm2_wtm,esm2_wtm,1.0,1.0,0.0
AMIE_PSEAE_Wrenbeck_2017,8,2,96,auroc@0.65,esm2_wtm,esm2_wtm,1.0,1.0,0.0
AMIE_PSEAE_Wrenbeck_2017,8,2,96,spearman@0.20,esm2_wtm,esm2_wtm,1.0,1.0,0.0
AMIE_PSEAE_Wrenbeck_2017,8,3,144,enrich@1.5,explore,esm2_wtm,0.4892322867006411,1.0,0.5107677132993589
AMIE_PSEAE_Wrenbeck_2017,8,3,144,enrich@1.0,explore,esm2_wtm,0.4892322867006411,1.0,0.5107677132993589
AMIE_PSEAE_Wrenbeck_2017,8,3,144,auroc@0.55,esm2_wtm,esm2_wtm,1.0,1.0,0.0
AMIE_PSEAE_Wrenbeck_2017,8,3,144,auroc@0.60,esm2_wtm,esm2_wtm,1.0,1.0,0.0
AMIE_PSEAE_Wrenbeck_2017,8,3,144,auroc@0.65,esm2_wtm,esm2_wtm,1.0,1.0,0.0
AMIE_PSEAE_Wrenbeck_2017,8,3,144,spearman@0.20,esm2_wtm,esm2_wtm,1.0,1.0,0.0
AMIE_PSEAE_Wrenbeck_2017,9,0,0,enrich@1.5,explore,explore,0.4779187409667577,0.4779187409667577,0.0
AMIE_PSEAE_Wrenbeck_2017,9,0,0,enrich@1.0,explore,explore,0.4779187409667577,0.4779187409667577,0.0
AMIE_PSEAE_Wrenbeck_2017,9,0,0,auroc@0.55,explore,explore,0.4779187409667577,0.4779187409667577,0.0
AMIE_PSEAE_Wrenbeck_2017,9,0,0,auroc@0.60,explore,explore,0.4779187409667577,0.4779187409667577,0.0
AMIE_PSEAE_Wrenbeck_2017,9,0,0,auroc@0.65,explore,explore,0.4779187409667577,0.4779187409667577,0.0
AMIE_PSEAE_Wrenbeck_2017,9,0,0,spearman@0.20,explore,explore,0.4779187409667577,0.4779187409667577,0.0
AMIE_PSEAE_Wrenbeck_2017,9,1,48,enrich@1.5,explore,esm2_wtm,0.48163133193073315,1.0,0.5183686680692668
AMIE_PSEAE_Wrenbeck_2017,9,1,48,enrich@1.0,explore,esm2_wtm,0.48163133193073315,1.0,0.5183686680692668
AMIE_PSEAE_Wrenbeck_2017,9,1,48,auroc@0.55,esm2_wtm,esm2_wtm,1.0,1.0,0.0
AMIE_PSEAE_Wrenbeck_2017,9,1,48,auroc@0.60,esm2_wtm,esm2_wtm,1.0,1.0,0.0
AMIE_PSEAE_Wrenbeck_2017,9,1,48,auroc@0.65,explore,esm2_wtm,0.48163133193073315,1.0,0.5183686680692668
AMIE_PSEAE_Wrenbeck_2017,9,1,48,spearman@0.20,esm2_wtm,esm2_wtm,1.0,1.0,0.0
AMIE_PSEAE_Wrenbeck_2017,9,2,96,enrich@1.5,explore,esm2_wtm,0.4854020551296689,1.0,0.5145979448703311
AMIE_PSEAE_Wrenbeck_2017,9,2,96,enrich@1.0,explore,esm2_wtm,0.4854020551296689,1.0,0.5145979448703311
AMIE_PSEAE_Wrenbeck_2017,9,2,96,auroc@0.55,supervised,esm2_wtm,0.0,1.0,1.0
AMIE_PSEAE_Wrenbeck_2017,9,2,96,auroc@0.60,supervised,esm2_wtm,0.0,1.0,1.0
AMIE_PSEAE_Wrenbeck_2017,9,2,96,auroc@0.65,supervised,esm2_wtm,0.0,1.0,1.0
AMIE_PSEAE_Wrenbeck_2017,9,2,96,spearman@0.20,esm2_wtm,esm2_wtm,1.0,1.0,0.0
AMIE_PSEAE_Wrenbeck_2017,9,3,144,enrich@1.5,explore,supervised,0.47345060003287853,6.0,5.526549399967122
AMIE_PSEAE_Wrenbeck_2017,9,3,144,enrich@1.0,supervised,supervised,6.0,6.0,0.0
AMIE_PSEAE_Wrenbeck_2017,9,3,144,auroc@0.55,supervised,supervised,6.0,6.0,0.0
AMIE_PSEAE_Wrenbeck_2017,9,3,144,auroc@0.60,supervised,supervised,6.0,6.0,0.0
AMIE_PSEAE_Wrenbeck_2017,9,3,144,auroc@0.65,supervised,supervised,6.0,6.0,0.0
AMIE_PSEAE_Wrenbeck_2017,9,3,144,spearman@0.20,esm2_wtm,supervised,1.0,6.0,5.0
AMIE_PSEAE_Wrenbeck_2017,10,0,0,enrich@1.5,explore,explore,0.4779187409667577,0.4779187409667577,0.0
AMIE_PSEAE_Wrenbeck_2017,10,0,0,enrich@1.0,explore,explore,0.4779187409667577,0.4779187409667577,0.0
AMIE_PSEAE_Wrenbeck_2017,10,0,0,auroc@0.55,explore,explore,0.4779187409667577,0.4779187409667577,0.0
AMIE_PSEAE_Wrenbeck_2017,10,0,0,auroc@0.60,explore,explore,0.4779187409667577,0.4779187409667577,0.0
AMIE_PSEAE_Wrenbeck_2017,10,0,0,auroc@0.65,explore,explore,0.4779187409667577,0.4779187409667577,0.0
AMIE_PSEAE_Wrenbeck_2017,10,0,0,spearman@0.20,explore,explore,0.4779187409667577,0.4779187409667577,0.0
AMIE_PSEAE_Wrenbeck_2017,10,1,48,enrich@1.5,esm2_wtm,supervised,1.0,4.0,3.0
AMIE_PSEAE_Wrenbeck_2017,10,1,48,enrich@1.0,esm2_wtm,supervised,1.0,4.0,3.0
AMIE_PSEAE_Wrenbeck_2017,10,1,48,auroc@0.55,esm2_wtm,supervised,1.0,4.0,3.0
AMIE_PSEAE_Wrenbeck_2017,10,1,48,auroc@0.60,esm2_wtm,supervised,1.0,4.0,3.0
AMIE_PSEAE_Wrenbeck_2017,10,1,48,auroc@0.65,esm2_wtm,supervised,1.0,4.0,3.0
AMIE_PSEAE_Wrenbeck_2017,10,1,48,spearman@0.20,esm2_wtm,supervised,1.0,4.0,3.0
AMIE_PSEAE_Wrenbeck_2017,10,2,96,enrich@1.5,explore,supervised,0.4697439243190344,11.0,10.530256075680965
AMIE_PSEAE_Wrenbeck_2017,10,2,96,enrich@1.0,explore,supervised,0.4697439243190344,11.0,10.530256075680965
AMIE_PSEAE_Wrenbeck_2017,10,2,96,auroc@0.55,supervised,supervised,11.0,11.0,0.0
AMIE_PSEAE_Wrenbeck_2017,10,2,96,auroc@0.60,explore,supervised,0.4697439243190344,11.0,10.530256075680965
AMIE_PSEAE_Wrenbeck_2017,10,2,96,auroc@0.65,explore,supervised,0.4697439243190344,11.0,10.530256075680965
AMIE_PSEAE_Wrenbeck_2017,10,2,96,spearman@0.20,supervised,supervised,11.0,11.0,0.0
AMIE_PSEAE_Wrenbeck_2017,10,3,144,enrich@1.5,supervised,supervised,12.0,12.0,0.0
AMIE_PSEAE_Wrenbeck_2017,10,3,144,enrich@1.0,supervised,supervised,12.0,12.0,0.0
AMIE_PSEAE_Wrenbeck_2017,10,3,144,auroc@0.55,supervised,supervised,12.0,12.0,0.0
AMIE_PSEAE_Wrenbeck_2017,10,3,144,auroc@0.60,supervised,supervised,12.0,12.0,0.0
AMIE_PSEAE_Wrenbeck_2017,10,3,144,auroc@0.65,explore,supervised,0.47345060003287853,12.0,11.526549399967122
AMIE_PSEAE_Wrenbeck_2017,10,3,144,spearman@0.20,supervised,supervised,12.0,12.0,0.0
AMIE_PSEAE_Wrenbeck_2017,11,0,0,enrich@1.5,explore,explore,0.4779187409667577,0.4779187409667577,0.0
AMIE_PSEAE_Wrenbeck_2017,11,0,0,enrich@1.0,explore,explore,0.4779187409667577,0.4779187409667577,0.0
AMIE_PSEAE_Wrenbeck_2017,11,0,0,auroc@0.55,explore,explore,0.4779187409667577,0.4779187409667577,0.0
AMIE_PSEAE_Wrenbeck_2017,11,0,0,auroc@0.60,explore,explore,0.4779187409667577,0.4779187409667577,0.0
AMIE_PSEAE_Wrenbeck_2017,11,0,0,auroc@0.65,explore,explore,0.4779187409667577,0.4779187409667577,0.0
AMIE_PSEAE_Wrenbeck_2017,11,0,0,spearman@0.20,explore,explore,0.4779187409667577,0.4779187409667577,0.0
AMIE_PSEAE_Wrenbeck_2017,11,1,48,enrich@1.5,supervised,supervised,2.0,2.0,0.0
AMIE_PSEAE_Wrenbeck_2017,11,1,48,enrich@1.0,supervised,supervised,2.0,2.0,0.0
AMIE_PSEAE_Wrenbeck_2017,11,1,48,auroc@0.55,esm2_wtm,supervised,1.0,2.0,1.0
AMIE_PSEAE_Wrenbeck_2017,11,1,48,auroc@0.60,esm2_wtm,supervised,1.0,2.0,1.0
AMIE_PSEAE_Wrenbeck_2017,11,1,48,auroc@0.65,esm2_wtm,supervised,1.0,2.0,1.0
AMIE_PSEAE_Wrenbeck_2017,11,1,48,spearman@0.20,esm2_wtm,supervised,1.0,2.0,1.0
AMIE_PSEAE_Wrenbeck_2017,11,2,96,enrich@1.5,explore,supervised,0.4697439243190344,16.0,15.530256075680965
AMIE_PSEAE_Wrenbeck_2017,11,2,96,enrich@1.0,explore,supervised,0.4697439243190344,16.0,15.530256075680965
AMIE_PSEAE_Wrenbeck_2017,11,2,96,auroc@0.55,supervised,supervised,16.0,16.0,0.0
AMIE_PSEAE_Wrenbeck_2017,11,2,96,auroc@0.60,explore,supervised,0.4697439243190344,16.0,15.530256075680965
AMIE_PSEAE_Wrenbeck_2017,11,2,96,auroc@0.65,explore,supervised,0.4697439243190344,16.0,15.530256075680965
AMIE_PSEAE_Wrenbeck_2017,11,2,96,spearman@0.20,esm2_wtm,supervised,1.0,16.0,15.0
AMIE_PSEAE_Wrenbeck_2017,11,3,144,enrich@1.5,supervised,supervised,14.0,14.0,0.0
AMIE_PSEAE_Wrenbeck_2017,11,3,144,enrich@1.0,supervised,supervised,14.0,14.0,0.0
AMIE_PSEAE_Wrenbeck_2017,11,3,144,auroc@0.55,supervised,supervised,14.0,14.0,0.0
AMIE_PSEAE_Wrenbeck_2017,11,3,144,auroc@0.60,supervised,supervised,14.0,14.0,0.0
AMIE_PSEAE_Wrenbeck_2017,11,3,144,auroc@0.65,supervised,supervised,14.0,14.0,0.0
AMIE_PSEAE_Wrenbeck_2017,11,3,144,spearman@0.20,supervised,supervised,14.0,14.0,0.0
AMIE_PSEAE_Wrenbeck_2017,12,0,0,enrich@1.5,explore,explore,0.4779187409667577,0.4779187409667577,0.0
AMIE_PSEAE_Wrenbeck_2017,12,0,0,enrich@1.0,explore,explore,0.4779187409667577,0.4779187409667577,0.0
AMIE_PSEAE_Wrenbeck_2017,12,0,0,auroc@0.55,explore,explore,0.4779187409667577,0.4779187409667577,0.0
AMIE_PSEAE_Wrenbeck_2017,12,0,0,auroc@0.60,explore,explore,0.4779187409667577,0.4779187409667577,0.0
AMIE_PSEAE_Wrenbeck_2017,12,0,0,auroc@0.65,explore,explore,0.4779187409667577,0.4779187409667577,0.0
AMIE_PSEAE_Wrenbeck_2017,12,0,0,spearman@0.20,explore,explore,0.4779187409667577,0.4779187409667577,0.0
AMIE_PSEAE_Wrenbeck_2017,12,1,48,enrich@1.5,supervised,esm2_wtm,0.0,1.0,1.0
AMIE_PSEAE_Wrenbeck_2017,12,1,48,enrich@1.0,supervised,esm2_wtm,0.0,1.0,1.0
AMIE_PSEAE_Wrenbeck_2017,12,1,48,auroc@0.55,esm2_wtm,esm2_wtm,1.0,1.0,0.0
AMIE_PSEAE_Wrenbeck_2017,12,1,48,auroc@0.60,esm2_wtm,esm2_wtm,1.0,1.0,0.0
AMIE_PSEAE_Wrenbeck_2017,12,1,48,auroc@0.65,explore,esm2_wtm,0.48163133193073315,1.0,0.5183686680692668
AMIE_PSEAE_Wrenbeck_2017,12,1,48,spearman@0.20,supervised,esm2_wtm,0.0,1.0,1.0
AMIE_PSEAE_Wrenbeck_2017,12,2,96,enrich@1.5,supervised,supervised,1.0,1.0,0.0
AMIE_PSEAE_Wrenbeck_2017,12,2,96,enrich@1.0,supervised,supervised,1.0,1.0,0.0
AMIE_PSEAE_Wrenbeck_2017,12,2,96,auroc@0.55,supervised,supervised,1.0,1.0,0.0
AMIE_PSEAE_Wrenbeck_2017,12,2,96,auroc@0.60,supervised,supervised,1.0,1.0,0.0
AMIE_PSEAE_Wrenbeck_2017,12,2,96,auroc@0.65,supervised,supervised,1.0,1.0,0.0
AMIE_PSEAE_Wrenbeck_2017,12,2,96,spearman@0.20,supervised,supervised,1.0,1.0,0.0
AMIE_PSEAE_Wrenbeck_2017,12,3,144,enrich@1.5,supervised,esm2_wtm,0.0,1.0,1.0
AMIE_PSEAE_Wrenbeck_2017,12,3,144,enrich@1.0,supervised,esm2_wtm,0.0,1.0,1.0
AMIE_PSEAE_Wrenbeck_2017,12,3,144,auroc@0.55,supervised,esm2_wtm,0.0,1.0,1.0
AMIE_PSEAE_Wrenbeck_2017,12,3,144,auroc@0.60,supervised,esm2_wtm,0.0,1.0,1.0
AMIE_PSEAE_Wrenbeck_2017,12,3,144,auroc@0.65,supervised,esm2_wtm,0.0,1.0,1.0
AMIE_PSEAE_Wrenbeck_2017,12,3,144,spearman@0.20,supervised,esm2_wtm,0.0,1.0,1.0
AMIE_PSEAE_Wrenbeck_2017,13,0,0,enrich@1.5,explore,explore,0.4779187409667577,0.4779187409667577,0.0
AMIE_PSEAE_Wrenbeck_2017,13,0,0,enrich@1.0,explore,explore,0.4779187409667577,0.4779187409667577,0.0
AMIE_PSEAE_Wrenbeck_2017,13,0,0,auroc@0.55,explore,explore,0.4779187409667577,0.4779187409667577,0.0
AMIE_PSEAE_Wrenbeck_2017,13,0,0,auroc@0.60,explore,explore,0.4779187409667577,0.4779187409667577,0.0
AMIE_PSEAE_Wrenbeck_2017,13,0,0,auroc@0.65,explore,explore,0.4779187409667577,0.4779187409667577,0.0
AMIE_PSEAE_Wrenbeck_2017,13,0,0,spearman@0.20,explore,explore,0.4779187409667577,0.4779187409667577,0.0
AMIE_PSEAE_Wrenbeck_2017,13,1,48,enrich@1.5,esm2_wtm,esm2_wtm,1.0,1.0,0.0
AMIE_PSEAE_Wrenbeck_2017,13,1,48,enrich@1.0,esm2_wtm,esm2_wtm,1.0,1.0,0.0
AMIE_PSEAE_Wrenbeck_2017,13,1,48,auroc@0.55,esm2_wtm,esm2_wtm,1.0,1.0,0.0
AMIE_PSEAE_Wrenbeck_2017,13,1,48,auroc@0.60,esm2_wtm,esm2_wtm,1.0,1.0,0.0
AMIE_PSEAE_Wrenbeck_2017,13,1,48,auroc@0.65,esm2_wtm,esm2_wtm,1.0,1.0,0.0
AMIE_PSEAE_Wrenbeck_2017,13,1,48,spearman@0.20,esm2_wtm,esm2_wtm,1.0,1.0,0.0
AMIE_PSEAE_Wrenbeck_2017,13,2,96,enrich@1.5,supervised,supervised,7.0,7.0,0.0
AMIE_PSEAE_Wrenbeck_2017,13,2,96,enrich@1.0,supervised,supervised,7.0,7.0,0.0
AMIE_PSEAE_Wrenbeck_2017,13,2,96,auroc@0.55,supervised,supervised,7.0,7.0,0.0
AMIE_PSEAE_Wrenbeck_2017,13,2,96,auroc@0.60,supervised,supervised,7.0,7.0,0.0
AMIE_PSEAE_Wrenbeck_2017,13,2,96,auroc@0.65,supervised,supervised,7.0,7.0,0.0
AMIE_PSEAE_Wrenbeck_2017,13,2,96,spearman@0.20,supervised,supervised,7.0,7.0,0.0
AMIE_PSEAE_Wrenbeck_2017,13,3,144,enrich@1.5,supervised,supervised,6.0,6.0,0.0
AMIE_PSEAE_Wrenbeck_2017,13,3,144,enrich@1.0,supervised,supervised,6.0,6.0,0.0
AMIE_PSEAE_Wrenbeck_2017,13,3,144,auroc@0.55,supervised,supervised,6.0,6.0,0.0
AMIE_PSEAE_Wrenbeck_2017,13,3,144,auroc@0.60,supervised,supervised,6.0,6.0,0.0
AMIE_PSEAE_Wrenbeck_2017,13,3,144,auroc@0.65,supervised,supervised,6.0,6.0,0.0
AMIE_PSEAE_Wrenbeck_2017,13,3,144,spearman@0.20,supervised,supervised,6.0,6.0,0.0
AMIE_PSEAE_Wrenbeck_2017,14,0,0,enrich@1.5,explore,explore,0.4779187409667577,0.4779187409667577,0.0
AMIE_PSEAE_Wrenbeck_2017,14,0,0,enrich@1.0,explore,explore,0.4779187409667577,0.4779187409667577,0.0
AMIE_PSEAE_Wrenbeck_2017,14,0,0,auroc@0.55,explore,explore,0.4779187409667577,0.4779187409667577,0.0
AMIE_PSEAE_Wrenbeck_2017,14,0,0,auroc@0.60,explore,explore,0.4779187409667577,0.4779187409667577,0.0
AMIE_PSEAE_Wrenbeck_2017,14,0,0,auroc@0.65,explore,explore,0.4779187409667577,0.4779187409667577,0.0
AMIE_PSEAE_Wrenbeck_2017,14,0,0,spearman@0.20,explore,explore,0.4779187409667577,0.4779187409667577,0.0
AMIE_PSEAE_Wrenbeck_2017,14,1,48,enrich@1.5,esm2_wtm,supervised,1.0,2.0,1.0
AMIE_PSEAE_Wrenbeck_2017,14,1,48,enrich@1.0,esm2_wtm,supervised,1.0,2.0,1.0
AMIE_PSEAE_Wrenbeck_2017,14,1,48,auroc@0.55,esm2_wtm,supervised,1.0,2.0,1.0
AMIE_PSEAE_Wrenbeck_2017,14,1,48,auroc@0.60,esm2_wtm,supervised,1.0,2.0,1.0
AMIE_PSEAE_Wrenbeck_2017,14,1,48,auroc@0.65,explore,supervised,0.4660948373523224,2.0,1.5339051626476776
AMIE_PSEAE_Wrenbeck_2017,14,1,48,spearman@0.20,esm2_wtm,supervised,1.0,2.0,1.0
AMIE_PSEAE_Wrenbeck_2017,14,2,96,enrich@1.5,supervised,supervised,1.0,1.0,0.0
AMIE_PSEAE_Wrenbeck_2017,14,2,96,enrich@1.0,supervised,supervised,1.0,1.0,0.0
AMIE_PSEAE_Wrenbeck_2017,14,2,96,auroc@0.55,supervised,supervised,1.0,1.0,0.0
AMIE_PSEAE_Wrenbeck_2017,14,2,96,auroc@0.60,supervised,supervised,1.0,1.0,0.0
AMIE_PSEAE_Wrenbeck_2017,14,2,96,auroc@0.65,supervised,supervised,1.0,1.0,0.0
AMIE_PSEAE_Wrenbeck_2017,14,2,96,spearman@0.20,supervised,supervised,1.0,1.0,0.0
AMIE_PSEAE_Wrenbeck_2017,14,3,144,enrich@1.5,explore,supervised,0.4576689133651159,9.0,8.542331086634885
AMIE_PSEAE_Wrenbeck_2017,14,3,144,enrich@1.0,supervised,supervised,9.0,9.0,0.0
AMIE_PSEAE_Wrenbeck_2017,14,3,144,auroc@0.55,explore,supervised,0.4576689133651159,9.0,8.542331086634885
AMIE_PSEAE_Wrenbeck_2017,14,3,144,auroc@0.60,explore,supervised,0.4576689133651159,9.0,8.542331086634885
AMIE_PSEAE_Wrenbeck_2017,14,3,144,auroc@0.65,explore,supervised,0.4576689133651159,9.0,8.542331086634885
AMIE_PSEAE_Wrenbeck_2017,14,3,144,spearman@0.20,supervised,supervised,9.0,9.0,0.0
AMIE_PSEAE_Wrenbeck_2017,15,0,0,enrich@1.5,explore,explore,0.4779187409667577,0.4779187409667577,0.0
AMIE_PSEAE_Wrenbeck_2017,15,0,0,enrich@1.0,explore,explore,0.4779187409667577,0.4779187409667577,0.0
AMIE_PSEAE_Wrenbeck_2017,15,0,0,auroc@0.55,explore,explore,0.4779187409667577,0.4779187409667577,0.0
AMIE_PSEAE_Wrenbeck_2017,15,0,0,auroc@0.60,explore,explore,0.4779187409667577,0.4779187409667577,0.0
AMIE_PSEAE_Wrenbeck_2017,15,0,0,auroc@0.65,explore,explore,0.4779187409667577,0.4779187409667577,0.0
AMIE_PSEAE_Wrenbeck_2017,15,0,0,spearman@0.20,explore,explore,0.4779187409667577,0.4779187409667577,0.0
AMIE_PSEAE_Wrenbeck_2017,15,1,48,enrich@1.5,esm2_wtm,esm2_wtm,1.0,1.0,0.0
AMIE_PSEAE_Wrenbeck_2017,15,1,48,enrich@1.0,esm2_wtm,esm2_wtm,1.0,1.0,0.0
AMIE_PSEAE_Wrenbeck_2017,15,1,48,auroc@0.55,esm2_wtm,esm2_wtm,1.0,1.0,0.0
AMIE_PSEAE_Wrenbeck_2017,15,1,48,auroc@0.60,esm2_wtm,esm2_wtm,1.0,1.0,0.0
AMIE_PSEAE_Wrenbeck_2017,15,1,48,auroc@0.65,esm2_wtm,esm2_wtm,1.0,1.0,0.0
AMIE_PSEAE_Wrenbeck_2017,15,1,48,spearman@0.20,esm2_wtm,esm2_wtm,1.0,1.0,0.0
AMIE_PSEAE_Wrenbeck_2017,15,2,96,enrich@1.5,explore,supervised,0.47757298972435164,6.0,5.522427010275648
AMIE_PSEAE_Wrenbeck_2017,15,2,96,enrich@1.0,explore,supervised,0.47757298972435164,6.0,5.522427010275648
AMIE_PSEAE_Wrenbeck_2017,15,2,96,auroc@0.55,supervised,supervised,6.0,6.0,0.0
AMIE_PSEAE_Wrenbeck_2017,15,2,96,auroc@0.60,supervised,supervised,6.0,6.0,0.0
AMIE_PSEAE_Wrenbeck_2017,15,2,96,auroc@0.65,supervised,supervised,6.0,6.0,0.0
AMIE_PSEAE_Wrenbeck_2017,15,2,96,spearman@0.20,supervised,supervised,6.0,6.0,0.0
AMIE_PSEAE_Wrenbeck_2017,15,3,144,enrich@1.5,supervised,supervised,5.0,5.0,0.0
AMIE_PSEAE_Wrenbeck_2017,15,3,144,enrich@1.0,supervised,supervised,5.0,5.0,0.0
AMIE_PSEAE_Wrenbeck_2017,15,3,144,auroc@0.55,supervised,supervised,5.0,5.0,0.0
AMIE_PSEAE_Wrenbeck_2017,15,3,144,auroc@0.60,supervised,supervised,5.0,5.0,0.0
AMIE_PSEAE_Wrenbeck_2017,15,3,144,auroc@0.65,supervised,supervised,5.0,5.0,0.0
AMIE_PSEAE_Wrenbeck_2017,15,3,144,spearman@0.20,supervised,supervised,5.0,5.0,0.0
AMIE_PSEAE_Wrenbeck_2017,16,0,0,enrich@1.5,explore,explore,0.4779187409667577,0.4779187409667577,0.0
AMIE_PSEAE_Wrenbeck_2017,16,0,0,enrich@1.0,explore,explore,0.4779187409667577,0.4779187409667577,0.0
AMIE_PSEAE_Wrenbeck_2017,16,0,0,auroc@0.55,explore,explore,0.4779187409667577,0.4779187409667577,0.0
AMIE_PSEAE_Wrenbeck_2017,16,0,0,auroc@0.60,explore,explore,0.4779187409667577,0.4779187409667577,0.0
AMIE_PSEAE_Wrenbeck_2017,16,0,0,auroc@0.65,explore,explore,0.4779187409667577,0.4779187409667577,0.0
AMIE_PSEAE_Wrenbeck_2017,16,0,0,spearman@0.20,explore,explore,0.4779187409667577,0.4779187409667577,0.0
AMIE_PSEAE_Wrenbeck_2017,16,1,48,enrich@1.5,supervised,supervised,2.0,2.0,0.0
AMIE_PSEAE_Wrenbeck_2017,16,1,48,enrich@1.0,supervised,supervised,2.0,2.0,0.0
AMIE_PSEAE_Wrenbeck_2017,16,1,48,auroc@0.55,supervised,supervised,2.0,2.0,0.0
AMIE_PSEAE_Wrenbeck_2017,16,1,48,auroc@0.60,supervised,supervised,2.0,2.0,0.0
AMIE_PSEAE_Wrenbeck_2017,16,1,48,auroc@0.65,supervised,supervised,2.0,2.0,0.0
AMIE_PSEAE_Wrenbeck_2017,16,1,48,spearman@0.20,esm2_wtm,supervised,1.0,2.0,1.0
AMIE_PSEAE_Wrenbeck_2017,16,2,96,enrich@1.5,supervised,supervised,4.0,4.0,0.0
AMIE_PSEAE_Wrenbeck_2017,16,2,96,enrich@1.0,supervised,supervised,4.0,4.0,0.0
AMIE_PSEAE_Wrenbeck_2017,16,2,96,auroc@0.55,supervised,supervised,4.0,4.0,0.0
AMIE_PSEAE_Wrenbeck_2017,16,2,96,auroc@0.60,supervised,supervised,4.0,4.0,0.0
AMIE_PSEAE_Wrenbeck_2017,16,2,96,auroc@0.65,supervised,supervised,4.0,4.0,0.0
AMIE_PSEAE_Wrenbeck_2017,16,2,96,spearman@0.20,supervised,supervised,4.0,4.0,0.0
AMIE_PSEAE_Wrenbeck_2017,16,3,144,enrich@1.5,supervised,supervised,6.0,6.0,0.0
AMIE_PSEAE_Wrenbeck_2017,16,3,144,enrich@1.0,supervised,supervised,6.0,6.0,0.0
AMIE_PSEAE_Wrenbeck_2017,16,3,144,auroc@0.55,supervised,supervised,6.0,6.0,0.0
AMIE_PSEAE_Wrenbeck_2017,16,3,144,auroc@0.60,supervised,supervised,6.0,6.0,0.0
AMIE_PSEAE_Wrenbeck_2017,16,3,144,auroc@0.65,supervised,supervised,6.0,6.0,0.0
AMIE_PSEAE_Wrenbeck_2017,16,3,144,spearman@0.20,supervised,supervised,6.0,6.0,0.0
AMIE_PSEAE_Wrenbeck_2017,17,0,0,enrich@1.5,explore,explore,0.4779187409667577,0.4779187409667577,0.0
AMIE_PSEAE_Wrenbeck_2017,17,0,0,enrich@1.0,explore,explore,0.4779187409667577,0.4779187409667577,0.0
AMIE_PSEAE_Wrenbeck_2017,17,0,0,auroc@0.55,explore,explore,0.4779187409667577,0.4779187409667577,0.0
AMIE_PSEAE_Wrenbeck_2017,17,0,0,auroc@0.60,explore,explore,0.4779187409667577,0.4779187409667577,0.0
AMIE_PSEAE_Wrenbeck_2017,17,0,0,auroc@0.65,explore,explore,0.4779187409667577,0.4779187409667577,0.0
AMIE_PSEAE_Wrenbeck_2017,17,0,0,spearman@0.20,explore,explore,0.4779187409667577,0.4779187409667577,0.0
AMIE_PSEAE_Wrenbeck_2017,17,1,48,enrich@1.5,esm2_wtm,supervised,1.0,5.0,4.0
AMIE_PSEAE_Wrenbeck_2017,17,1,48,enrich@1.0,esm2_wtm,supervised,1.0,5.0,4.0
AMIE_PSEAE_Wrenbeck_2017,17,1,48,auroc@0.55,esm2_wtm,supervised,1.0,5.0,4.0
AMIE_PSEAE_Wrenbeck_2017,17,1,48,auroc@0.60,esm2_wtm,supervised,1.0,5.0,4.0
AMIE_PSEAE_Wrenbeck_2017,17,1,48,auroc@0.65,esm2_wtm,supervised,1.0,5.0,4.0
AMIE_PSEAE_Wrenbeck_2017,17,1,48,spearman@0.20,esm2_wtm,supervised,1.0,5.0,4.0
AMIE_PSEAE_Wrenbeck_2017,17,2,96,enrich@1.5,supervised,supervised,10.0,10.0,0.0
AMIE_PSEAE_Wrenbeck_2017,17,2,96,enrich@1.0,supervised,supervised,10.0,10.0,0.0
AMIE_PSEAE_Wrenbeck_2017,17,2,96,auroc@0.55,supervised,supervised,10.0,10.0,0.0
AMIE_PSEAE_Wrenbeck_2017,17,2,96,auroc@0.60,supervised,supervised,10.0,10.0,0.0
AMIE_PSEAE_Wrenbeck_2017,17,2,96,auroc@0.65,supervised,supervised,10.0,10.0,0.0
AMIE_PSEAE_Wrenbeck_2017,17,2,96,spearman@0.20,supervised,supervised,10.0,10.0,0.0
AMIE_PSEAE_Wrenbeck_2017,17,3,144,enrich@1.5,supervised,supervised,4.0,4.0,0.0
AMIE_PSEAE_Wrenbeck_2017,17,3,144,enrich@1.0,supervised,supervised,4.0,4.0,0.0
AMIE_PSEAE_Wrenbeck_2017,17,3,144,auroc@0.55,supervised,supervised,4.0,4.0,0.0
AMIE_PSEAE_Wrenbeck_2017,17,3,144,auroc@0.60,supervised,supervised,4.0,4.0,0.0
AMIE_PSEAE_Wrenbeck_2017,17,3,144,auroc@0.65,supervised,supervised,4.0,4.0,0.0
AMIE_PSEAE_Wrenbeck_2017,17,3,144,spearman@0.20,supervised,supervised,4.0,4.0,0.0
AMIE_PSEAE_Wrenbeck_2017,18,0,0,enrich@1.5,explore,explore,0.4779187409667577,0.4779187409667577,0.0
AMIE_PSEAE_Wrenbeck_2017,18,0,0,enrich@1.0,explore,explore,0.4779187409667577,0.4779187409667577,0.0
AMIE_PSEAE_Wrenbeck_2017,18,0,0,auroc@0.55,explore,explore,0.4779187409667577,0.4779187409667577,0.0
AMIE_PSEAE_Wrenbeck_2017,18,0,0,auroc@0.60,explore,explore,0.4779187409667577,0.4779187409667577,0.0
AMIE_PSEAE_Wrenbeck_2017,18,0,0,auroc@0.65,explore,explore,0.4779187409667577,0.4779187409667577,0.0
AMIE_PSEAE_Wrenbeck_2017,18,0,0,spearman@0.20,explore,explore,0.4779187409667577,0.4779187409667577,0.0
AMIE_PSEAE_Wrenbeck_2017,18,1,48,enrich@1.5,explore,esm2_wtm,0.48163133193073315,1.0,0.5183686680692668
AMIE_PSEAE_Wrenbeck_2017,18,1,48,enrich@1.0,explore,esm2_wtm,0.48163133193073315,1.0,0.5183686680692668
AMIE_PSEAE_Wrenbeck_2017,18,1,48,auroc@0.55,esm2_wtm,esm2_wtm,1.0,1.0,0.0
AMIE_PSEAE_Wrenbeck_2017,18,1,48,auroc@0.60,esm2_wtm,esm2_wtm,1.0,1.0,0.0
AMIE_PSEAE_Wrenbeck_2017,18,1,48,auroc@0.65,esm2_wtm,esm2_wtm,1.0,1.0,0.0
AMIE_PSEAE_Wrenbeck_2017,18,1,48,spearman@0.20,esm2_wtm,esm2_wtm,1.0,1.0,0.0
AMIE_PSEAE_Wrenbeck_2017,18,2,96,enrich@1.5,explore,esm2_wtm,0.4854020551296689,1.0,0.5145979448703311
AMIE_PSEAE_Wrenbeck_2017,18,2,96,enrich@1.0,explore,esm2_wtm,0.4854020551296689,1.0,0.5145979448703311
AMIE_PSEAE_Wrenbeck_2017,18,2,96,auroc@0.55,esm2_wtm,esm2_wtm,1.0,1.0,0.0
AMIE_PSEAE_Wrenbeck_2017,18,2,96,auroc@0.60,esm2_wtm,esm2_wtm,1.0,1.0,0.0
AMIE_PSEAE_Wrenbeck_2017,18,2,96,auroc@0.65,esm2_wtm,esm2_wtm,1.0,1.0,0.0
AMIE_PSEAE_Wrenbeck_2017,18,2,96,spearman@0.20,esm2_wtm,esm2_wtm,1.0,1.0,0.0
AMIE_PSEAE_Wrenbeck_2017,18,3,144,enrich@1.5,explore,esm2_wtm,0.4892322867006411,1.0,0.5107677132993589
AMIE_PSEAE_Wrenbeck_2017,18,3,144,enrich@1.0,explore,esm2_wtm,0.4892322867006411,1.0,0.5107677132993589
AMIE_PSEAE_Wrenbeck_2017,18,3,144,auroc@0.55,esm2_wtm,esm2_wtm,1.0,1.0,0.0
AMIE_PSEAE_Wrenbeck_2017,18,3,144,auroc@0.60,esm2_wtm,esm2_wtm,1.0,1.0,0.0
AMIE_PSEAE_Wrenbeck_2017,18,3,144,auroc@0.65,esm2_wtm,esm2_wtm,1.0,1.0,0.0
AMIE_PSEAE_Wrenbeck_2017,18,3,144,spearman@0.20,esm2_wtm,esm2_wtm,1.0,1.0,0.0
AMIE_PSEAE_Wrenbeck_2017,19,0,0,enrich@1.5,explore,explore,0.4779187409667577,0.4779187409667577,0.0
AMIE_PSEAE_Wrenbeck_2017,19,0,0,enrich@1.0,explore,explore,0.4779187409667577,0.4779187409667577,0.0
AMIE_PSEAE_Wrenbeck_2017,19,0,0,auroc@0.55,explore,explore,0.4779187409667577,0.4779187409667577,0.0
AMIE_PSEAE_Wrenbeck_2017,19,0,0,auroc@0.60,explore,explore,0.4779187409667577,0.4779187409667577,0.0
AMIE_PSEAE_Wrenbeck_2017,19,0,0,auroc@0.65,explore,explore,0.4779187409667577,0.4779187409667577,0.0
AMIE_PSEAE_Wrenbeck_2017,19,0,0,spearman@0.20,explore,explore,0.4779187409667577,0.4779187409667577,0.0
AMIE_PSEAE_Wrenbeck_2017,19,1,48,enrich@1.5,supervised,supervised,1.0,1.0,0.0
AMIE_PSEAE_Wrenbeck_2017,19,1,48,enrich@1.0,supervised,supervised,1.0,1.0,0.0
AMIE_PSEAE_Wrenbeck_2017,19,1,48,auroc@0.55,esm2_wtm,supervised,1.0,1.0,0.0
AMIE_PSEAE_Wrenbeck_2017,19,1,48,auroc@0.60,esm2_wtm,supervised,1.0,1.0,0.0
AMIE_PSEAE_Wrenbeck_2017,19,1,48,auroc@0.65,explore,supervised,0.48163133193073315,1.0,0.5183686680692668
AMIE_PSEAE_Wrenbeck_2017,19,1,48,spearman@0.20,esm2_wtm,supervised,1.0,1.0,0.0
AMIE_PSEAE_Wrenbeck_2017,19,2,96,enrich@1.5,esm2_wtm,supervised,1.0,11.0,10.0
AMIE_PSEAE_Wrenbeck_2017,19,2,96,enrich@1.0,esm2_wtm,supervised,1.0,11.0,10.0
AMIE_PSEAE_Wrenbeck_2017,19,2,96,auroc@0.55,esm2_wtm,supervised,1.0,11.0,10.0
AMIE_PSEAE_Wrenbeck_2017,19,2,96,auroc@0.60,esm2_wtm,supervised,1.0,11.0,10.0
AMIE_PSEAE_Wrenbeck_2017,19,2,96,auroc@0.65,esm2_wtm,supervised,1.0,11.0,10.0
AMIE_PSEAE_Wrenbeck_2017,19,2,96,spearman@0.20,esm2_wtm,supervised,1.0,11.0,10.0
AMIE_PSEAE_Wrenbeck_2017,19,3,144,enrich@1.5,supervised,supervised,9.0,9.0,0.0
AMIE_PSEAE_Wrenbeck_2017,19,3,144,enrich@1.0,supervised,supervised,9.0,9.0,0.0
AMIE_PSEAE_Wrenbeck_2017,19,3,144,auroc@0.55,supervised,supervised,9.0,9.0,0.0
AMIE_PSEAE_Wrenbeck_2017,19,3,144,auroc@0.60,supervised,supervised,9.0,9.0,0.0
AMIE_PSEAE_Wrenbeck_2017,19,3,144,auroc@0.65,supervised,supervised,9.0,9.0,0.0
AMIE_PSEAE_Wrenbeck_2017,19,3,144,spearman@0.20,supervised,supervised,9.0,9.0,0.0
AMIE_PSEAE_Wrenbeck_2017,20,0,0,enrich@1.5,explore,explore,0.4779187409667577,0.4779187409667577,0.0
AMIE_PSEAE_Wrenbeck_2017,20,0,0,enrich@1.0,explore,explore,0.4779187409667577,0.4779187409667577,0.0
AMIE_PSEAE_Wrenbeck_2017,20,0,0,auroc@0.55,explore,explore,0.4779187409667577,0.4779187409667577,0.0
AMIE_PSEAE_Wrenbeck_2017,20,0,0,auroc@0.60,explore,explore,0.4779187409667577,0.4779187409667577,0.0
AMIE_PSEAE_Wrenbeck_2017,20,0,0,auroc@0.65,explore,explore,0.4779187409667577,0.4779187409667577,0.0
AMIE_PSEAE_Wrenbeck_2017,20,0,0,spearman@0.20,explore,explore,0.4779187409667577,0.4779187409667577,0.0
AMIE_PSEAE_Wrenbeck_2017,20,1,48,enrich@1.5,explore,supervised,0.48163133193073315,1.0,0.5183686680692668
AMIE_PSEAE_Wrenbeck_2017,20,1,48,enrich@1.0,explore,supervised,0.48163133193073315,1.0,0.5183686680692668
AMIE_PSEAE_Wrenbeck_2017,20,1,48,auroc@0.55,explore,supervised,0.48163133193073315,1.0,0.5183686680692668
AMIE_PSEAE_Wrenbeck_2017,20,1,48,auroc@0.60,explore,supervised,0.48163133193073315,1.0,0.5183686680692668
AMIE_PSEAE_Wrenbeck_2017,20,1,48,auroc@0.65,explore,supervised,0.48163133193073315,1.0,0.5183686680692668
AMIE_PSEAE_Wrenbeck_2017,20,1,48,spearman@0.20,esm2_wtm,supervised,1.0,1.0,0.0
AMIE_PSEAE_Wrenbeck_2017,20,2,96,enrich@1.5,esm2_wtm,esm2_wtm,1.0,1.0,0.0
AMIE_PSEAE_Wrenbeck_2017,20,2,96,enrich@1.0,esm2_wtm,esm2_wtm,1.0,1.0,0.0
AMIE_PSEAE_Wrenbeck_2017,20,2,96,auroc@0.55,esm2_wtm,esm2_wtm,1.0,1.0,0.0
AMIE_PSEAE_Wrenbeck_2017,20,2,96,auroc@0.60,esm2_wtm,esm2_wtm,1.0,1.0,0.0
AMIE_PSEAE_Wrenbeck_2017,20,2,96,auroc@0.65,esm2_wtm,esm2_wtm,1.0,1.0,0.0
AMIE_PSEAE_Wrenbeck_2017,20,2,96,spearman@0.20,esm2_wtm,esm2_wtm,1.0,1.0,0.0
AMIE_PSEAE_Wrenbeck_2017,20,3,144,enrich@1.5,supervised,supervised,8.0,8.0,0.0
AMIE_PSEAE_Wrenbeck_2017,20,3,144,enrich@1.0,supervised,supervised,8.0,8.0,0.0
AMIE_PSEAE_Wrenbeck_2017,20,3,144,auroc@0.55,supervised,supervised,8.0,8.0,0.0
AMIE_PSEAE_Wrenbeck_2017,20,3,144,auroc@0.60,supervised,supervised,8.0,8.0,0.0
AMIE_PSEAE_Wrenbeck_2017,20,3,144,auroc@0.65,supervised,supervised,8.0,8.0,0.0
AMIE_PSEAE_Wrenbeck_2017,20,3,144,spearman@0.20,esm2_wtm,supervised,0.0,8.0,8.0
AMIE_PSEAE_Wrenbeck_2017,21,0,0,enrich@1.5,explore,explore,0.4779187409667577,0.4779187409667577,0.0
AMIE_PSEAE_Wrenbeck_2017,21,0,0,enrich@1.0,explore,explore,0.4779187409667577,0.4779187409667577,0.0
AMIE_PSEAE_Wrenbeck_2017,21,0,0,auroc@0.55,explore,explore,0.4779187409667577,0.4779187409667577,0.0
AMIE_PSEAE_Wrenbeck_2017,21,0,0,auroc@0.60,explore,explore,0.4779187409667577,0.4779187409667577,0.0
AMIE_PSEAE_Wrenbeck_2017,21,0,0,auroc@0.65,explore,explore,0.4779187409667577,0.4779187409667577,0.0
AMIE_PSEAE_Wrenbeck_2017,21,0,0,spearman@0.20,explore,explore,0.4779187409667577,0.4779187409667577,0.0
AMIE_PSEAE_Wrenbeck_2017,21,1,48,enrich@1.5,supervised,esm2_wtm,0.0,1.0,1.0
AMIE_PSEAE_Wrenbeck_2017,21,1,48,enrich@1.0,supervised,esm2_wtm,0.0,1.0,1.0
AMIE_PSEAE_Wrenbeck_2017,21,1,48,auroc@0.55,supervised,esm2_wtm,0.0,1.0,1.0
AMIE_PSEAE_Wrenbeck_2017,21,1,48,auroc@0.60,supervised,esm2_wtm,0.0,1.0,1.0
AMIE_PSEAE_Wrenbeck_2017,21,1,48,auroc@0.65,supervised,esm2_wtm,0.0,1.0,1.0
AMIE_PSEAE_Wrenbeck_2017,21,1,48,spearman@0.20,esm2_wtm,esm2_wtm,1.0,1.0,0.0
AMIE_PSEAE_Wrenbeck_2017,21,2,96,enrich@1.5,supervised,supervised,1.0,1.0,0.0
AMIE_PSEAE_Wrenbeck_2017,21,2,96,enrich@1.0,supervised,supervised,1.0,1.0,0.0
AMIE_PSEAE_Wrenbeck_2017,21,2,96,auroc@0.55,esm2_wtm,supervised,1.0,1.0,0.0
AMIE_PSEAE_Wrenbeck_2017,21,2,96,auroc@0.60,esm2_wtm,supervised,1.0,1.0,0.0
AMIE_PSEAE_Wrenbeck_2017,21,2,96,auroc@0.65,esm2_wtm,supervised,1.0,1.0,0.0
AMIE_PSEAE_Wrenbeck_2017,21,2,96,spearman@0.20,esm2_wtm,supervised,1.0,1.0,0.0
AMIE_PSEAE_Wrenbeck_2017,21,3,144,enrich@1.5,supervised,esm2_wtm,0.0,1.0,1.0
AMIE_PSEAE_Wrenbeck_2017,21,3,144,enrich@1.0,supervised,esm2_wtm,0.0,1.0,1.0
AMIE_PSEAE_Wrenbeck_2017,21,3,144,auroc@0.55,supervised,esm2_wtm,0.0,1.0,1.0
AMIE_PSEAE_Wrenbeck_2017,21,3,144,auroc@0.60,supervised,esm2_wtm,0.0,1.0,1.0
AMIE_PSEAE_Wrenbeck_2017,21,3,144,auroc@0.65,supervised,esm2_wtm,0.0,1.0,1.0
AMIE_PSEAE_Wrenbeck_2017,21,3,144,spearman@0.20,supervised,esm2_wtm,0.0,1.0,1.0
AMIE_PSEAE_Wrenbeck_2017,22,0,0,enrich@1.5,explore,explore,0.4779187409667577,0.4779187409667577,0.0
AMIE_PSEAE_Wrenbeck_2017,22,0,0,enrich@1.0,explore,explore,0.4779187409667577,0.4779187409667577,0.0
AMIE_PSEAE_Wrenbeck_2017,22,0,0,auroc@0.55,explore,explore,0.4779187409667577,0.4779187409667577,0.0
AMIE_PSEAE_Wrenbeck_2017,22,0,0,auroc@0.60,explore,explore,0.4779187409667577,0.4779187409667577,0.0
AMIE_PSEAE_Wrenbeck_2017,22,0,0,auroc@0.65,explore,explore,0.4779187409667577,0.4779187409667577,0.0
AMIE_PSEAE_Wrenbeck_2017,22,0,0,spearman@0.20,explore,explore,0.4779187409667577,0.4779187409667577,0.0
AMIE_PSEAE_Wrenbeck_2017,22,1,48,enrich@1.5,explore,supervised,0.47386308464152777,8.0,7.526136915358472
AMIE_PSEAE_Wrenbeck_2017,22,1,48,enrich@1.0,explore,supervised,0.47386308464152777,8.0,7.526136915358472
AMIE_PSEAE_Wrenbeck_2017,22,1,48,auroc@0.55,esm2_wtm,supervised,1.0,8.0,7.0
AMIE_PSEAE_Wrenbeck_2017,22,1,48,auroc@0.60,esm2_wtm,supervised,1.0,8.0,7.0
AMIE_PSEAE_Wrenbeck_2017,22,1,48,auroc@0.65,esm2_wtm,supervised,1.0,8.0,7.0
AMIE_PSEAE_Wrenbeck_2017,22,1,48,spearman@0.20,esm2_wtm,supervised,1.0,8.0,7.0
AMIE_PSEAE_Wrenbeck_2017,22,2,96,enrich@1.5,esm2_wtm,supervised,1.0,10.0,9.0
AMIE_PSEAE_Wrenbeck_2017,22,2,96,enrich@1.0,esm2_wtm,supervised,1.0,10.0,9.0
AMIE_PSEAE_Wrenbeck_2017,22,2,96,auroc@0.55,esm2_wtm,supervised,1.0,10.0,9.0
AMIE_PSEAE_Wrenbeck_2017,22,2,96,auroc@0.60,esm2_wtm,supervised,1.0,10.0,9.0
AMIE_PSEAE_Wrenbeck_2017,22,2,96,auroc@0.65,esm2_wtm,supervised,1.0,10.0,9.0
AMIE_PSEAE_Wrenbeck_2017,22,2,96,spearman@0.20,esm2_wtm,supervised,1.0,10.0,9.0
AMIE_PSEAE_Wrenbeck_2017,22,3,144,enrich@1.5,supervised,supervised,9.0,9.0,0.0
AMIE_PSEAE_Wrenbeck_2017,22,3,144,enrich@1.0,supervised,supervised,9.0,9.0,0.0
AMIE_PSEAE_Wrenbeck_2017,22,3,144,auroc@0.55,supervised,supervised,9.0,9.0,0.0
AMIE_PSEAE_Wrenbeck_2017,22,3,144,auroc@0.60,supervised,supervised,9.0,9.0,0.0
AMIE_PSEAE_Wrenbeck_2017,22,3,144,auroc@0.65,explore,supervised,0.4576689133651159,9.0,8.542331086634885
AMIE_PSEAE_Wrenbeck_2017,22,3,144,spearman@0.20,supervised,supervised,9.0,9.0,0.0
AMIE_PSEAE_Wrenbeck_2017,23,0,0,enrich@1.5,explore,explore,0.4779187409667577,0.4779187409667577,0.0
AMIE_PSEAE_Wrenbeck_2017,23,0,0,enrich@1.0,explore,explore,0.4779187409667577,0.4779187409667577,0.0
AMIE_PSEAE_Wrenbeck_2017,23,0,0,auroc@0.55,explore,explore,0.4779187409667577,0.4779187409667577,0.0
AMIE_PSEAE_Wrenbeck_2017,23,0,0,auroc@0.60,explore,explore,0.4779187409667577,0.4779187409667577,0.0
AMIE_PSEAE_Wrenbeck_2017,23,0,0,auroc@0.65,explore,explore,0.4779187409667577,0.4779187409667577,0.0
AMIE_PSEAE_Wrenbeck_2017,23,0,0,spearman@0.20,explore,explore,0.4779187409667577,0.4779187409667577,0.0
AMIE_PSEAE_Wrenbeck_2017,23,1,48,enrich@1.5,esm2_wtm,supervised,1.0,9.0,8.0
AMIE_PSEAE_Wrenbeck_2017,23,1,48,enrich@1.0,esm2_wtm,supervised,1.0,9.0,8.0
AMIE_PSEAE_Wrenbeck_2017,23,1,48,auroc@0.55,esm2_wtm,supervised,1.0,9.0,8.0
AMIE_PSEAE_Wrenbeck_2017,23,1,48,auroc@0.60,esm2_wtm,supervised,1.0,9.0,8.0
AMIE_PSEAE_Wrenbeck_2017,23,1,48,auroc@0.65,esm2_wtm,supervised,1.0,9.0,8.0
AMIE_PSEAE_Wrenbeck_2017,23,1,48,spearman@0.20,esm2_wtm,supervised,1.0,9.0,8.0
AMIE_PSEAE_Wrenbeck_2017,23,2,96,enrich@1.5,explore,supervised,0.4697439243190344,8.0,7.530256075680966
AMIE_PSEAE_Wrenbeck_2017,23,2,96,enrich@1.0,explore,supervised,0.4697439243190344,8.0,7.530256075680966
AMIE_PSEAE_Wrenbeck_2017,23,2,96,auroc@0.55,supervised,supervised,8.0,8.0,0.0
AMIE_PSEAE_Wrenbeck_2017,23,2,96,auroc@0.60,supervised,supervised,8.0,8.0,0.0
AMIE_PSEAE_Wrenbeck_2017,23,2,96,auroc@0.65,supervised,supervised,8.0,8.0,0.0
AMIE_PSEAE_Wrenbeck_2017,23,2,96,spearman@0.20,esm2_wtm,supervised,0.0,8.0,8.0
AMIE_PSEAE_Wrenbeck_2017,23,3,144,enrich@1.5,supervised,supervised,9.0,9.0,0.0
AMIE_PSEAE_Wrenbeck_2017,23,3,144,enrich@1.0,supervised,supervised,9.0,9.0,0.0
AMIE_PSEAE_Wrenbeck_2017,23,3,144,auroc@0.55,supervised,supervised,9.0,9.0,0.0
AMIE_PSEAE_Wrenbeck_2017,23,3,144,auroc@0.60,supervised,supervised,9.0,9.0,0.0
AMIE_PSEAE_Wrenbeck_2017,23,3,144,auroc@0.65,supervised,supervised,9.0,9.0,0.0
AMIE_PSEAE_Wrenbeck_2017,23,3,144,spearman@0.20,supervised,supervised,9.0,9.0,0.0
AMIE_PSEAE_Wrenbeck_2017,24,0,0,enrich@1.5,explore,explore,0.4779187409667577,0.4779187409667577,0.0
AMIE_PSEAE_Wrenbeck_2017,24,0,0,enrich@1.0,explore,explore,0.4779187409667577,0.4779187409667577,0.0
AMIE_PSEAE_Wrenbeck_2017,24,0,0,auroc@0.55,explore,explore,0.4779187409667577,0.4779187409667577,0.0
AMIE_PSEAE_Wrenbeck_2017,24,0,0,auroc@0.60,explore,explore,0.4779187409667577,0.4779187409667577,0.0
AMIE_PSEAE_Wrenbeck_2017,24,0,0,auroc@0.65,explore,explore,0.4779187409667577,0.4779187409667577,0.0
AMIE_PSEAE_Wrenbeck_2017,24,0,0,spearman@0.20,explore,explore,0.4779187409667577,0.4779187409667577,0.0
AMIE_PSEAE_Wrenbeck_2017,24,1,48,enrich@1.5,esm2_wtm,esm2_wtm,1.0,1.0,0.0
AMIE_PSEAE_Wrenbeck_2017,24,1,48,enrich@1.0,esm2_wtm,esm2_wtm,1.0,1.0,0.0
AMIE_PSEAE_Wrenbeck_2017,24,1,48,auroc@0.55,esm2_wtm,esm2_wtm,1.0,1.0,0.0
AMIE_PSEAE_Wrenbeck_2017,24,1,48,auroc@0.60,esm2_wtm,esm2_wtm,1.0,1.0,0.0
AMIE_PSEAE_Wrenbeck_2017,24,1,48,auroc@0.65,esm2_wtm,esm2_wtm,1.0,1.0,0.0
AMIE_PSEAE_Wrenbeck_2017,24,1,48,spearman@0.20,esm2_wtm,esm2_wtm,1.0,1.0,0.0
AMIE_PSEAE_Wrenbeck_2017,24,2,96,enrich@1.5,supervised,supervised,8.0,8.0,0.0
AMIE_PSEAE_Wrenbeck_2017,24,2,96,enrich@1.0,supervised,supervised,8.0,8.0,0.0
AMIE_PSEAE_Wrenbeck_2017,24,2,96,auroc@0.55,supervised,supervised,8.0,8.0,0.0
AMIE_PSEAE_Wrenbeck_2017,24,2,96,auroc@0.60,supervised,supervised,8.0,8.0,0.0
AMIE_PSEAE_Wrenbeck_2017,24,2,96,auroc@0.65,supervised,supervised,8.0,8.0,0.0
AMIE_PSEAE_Wrenbeck_2017,24,2,96,spearman@0.20,supervised,supervised,8.0,8.0,0.0
AMIE_PSEAE_Wrenbeck_2017,24,3,144,enrich@1.5,supervised,supervised,2.0,2.0,0.0
AMIE_PSEAE_Wrenbeck_2017,24,3,144,enrich@1.0,supervised,supervised,2.0,2.0,0.0
AMIE_PSEAE_Wrenbeck_2017,24,3,144,auroc@0.55,supervised,supervised,2.0,2.0,0.0
AMIE_PSEAE_Wrenbeck_2017,24,3,144,auroc@0.60,supervised,supervised,2.0,2.0,0.0
AMIE_PSEAE_Wrenbeck_2017,24,3,144,auroc@0.65,supervised,supervised,2.0,2.0,0.0
AMIE_PSEAE_Wrenbeck_2017,24,3,144,spearman@0.20,supervised,supervised,2.0,2.0,0.0
AMIE_PSEAE_Wrenbeck_2017,25,0,0,enrich@1.5,explore,explore,0.4779187409667577,0.4779187409667577,0.0
AMIE_PSEAE_Wrenbeck_2017,25,0,0,enrich@1.0,explore,explore,0.4779187409667577,0.4779187409667577,0.0
AMIE_PSEAE_Wrenbeck_2017,25,0,0,auroc@0.55,explore,explore,0.4779187409667577,0.4779187409667577,0.0
AMIE_PSEAE_Wrenbeck_2017,25,0,0,auroc@0.60,explore,explore,0.4779187409667577,0.4779187409667577,0.0
AMIE_PSEAE_Wrenbeck_2017,25,0,0,auroc@0.65,explore,explore,0.4779187409667577,0.4779187409667577,0.0
AMIE_PSEAE_Wrenbeck_2017,25,0,0,spearman@0.20,explore,explore,0.4779187409667577,0.4779187409667577,0.0
AMIE_PSEAE_Wrenbeck_2017,25,1,48,enrich@1.5,esm2_wtm,esm2_wtm,1.0,1.0,0.0
AMIE_PSEAE_Wrenbeck_2017,25,1,48,enrich@1.0,esm2_wtm,esm2_wtm,1.0,1.0,0.0
AMIE_PSEAE_Wrenbeck_2017,25,1,48,auroc@0.55,esm2_wtm,esm2_wtm,1.0,1.0,0.0
AMIE_PSEAE_Wrenbeck_2017,25,1,48,auroc@0.60,esm2_wtm,esm2_wtm,1.0,1.0,0.0
AMIE_PSEAE_Wrenbeck_2017,25,1,48,auroc@0.65,esm2_wtm,esm2_wtm,1.0,1.0,0.0
AMIE_PSEAE_Wrenbeck_2017,25,1,48,spearman@0.20,esm2_wtm,esm2_wtm,1.0,1.0,0.0
AMIE_PSEAE_Wrenbeck_2017,25,2,96,enrich@1.5,supervised,supervised,1.0,1.0,0.0
AMIE_PSEAE_Wrenbeck_2017,25,2,96,enrich@1.0,supervised,supervised,1.0,1.0,0.0
AMIE_PSEAE_Wrenbeck_2017,25,2,96,auroc@0.55,supervised,supervised,1.0,1.0,0.0
AMIE_PSEAE_Wrenbeck_2017,25,2,96,auroc@0.60,supervised,supervised,1.0,1.0,0.0
AMIE_PSEAE_Wrenbeck_2017,25,2,96,auroc@0.65,supervised,supervised,1.0,1.0,0.0
AMIE_PSEAE_Wrenbeck_2017,25,2,96,spearman@0.20,supervised,supervised,1.0,1.0,0.0
AMIE_PSEAE_Wrenbeck_2017,25,3,144,enrich@1.5,supervised,supervised,9.0,9.0,0.0
AMIE_PSEAE_Wrenbeck_2017,25,3,144,enrich@1.0,supervised,supervised,9.0,9.0,0.0
AMIE_PSEAE_Wrenbeck_2017,25,3,144,auroc@0.55,supervised,supervised,9.0,9.0,0.0
AMIE_PSEAE_Wrenbeck_2017,25,3,144,auroc@0.60,supervised,supervised,9.0,9.0,0.0
AMIE_PSEAE_Wrenbeck_2017,25,3,144,auroc@0.65,supervised,supervised,9.0,9.0,0.0
AMIE_PSEAE_Wrenbeck_2017,25,3,144,spearman@0.20,supervised,supervised,9.0,9.0,0.0
AMIE_PSEAE_Wrenbeck_2017,26,0,0,enrich@1.5,explore,explore,0.4779187409667577,0.4779187409667577,0.0
AMIE_PSEAE_Wrenbeck_2017,26,0,0,enrich@1.0,explore,explore,0.4779187409667577,0.4779187409667577,0.0
AMIE_PSEAE_Wrenbeck_2017,26,0,0,auroc@0.55,explore,explore,0.4779187409667577,0.4779187409667577,0.0
AMIE_PSEAE_Wrenbeck_2017,26,0,0,auroc@0.60,explore,explore,0.4779187409667577,0.4779187409667577,0.0
AMIE_PSEAE_Wrenbeck_2017,26,0,0,auroc@0.65,explore,explore,0.4779187409667577,0.4779187409667577,0.0
AMIE_PSEAE_Wrenbeck_2017,26,0,0,spearman@0.20,explore,explore,0.4779187409667577,0.4779187409667577,0.0
AMIE_PSEAE_Wrenbeck_2017,26,1,48,enrich@1.5,esm2_wtm,esm2_wtm,1.0,1.0,0.0
AMIE_PSEAE_Wrenbeck_2017,26,1,48,enrich@1.0,esm2_wtm,esm2_wtm,1.0,1.0,0.0
AMIE_PSEAE_Wrenbeck_2017,26,1,48,auroc@0.55,supervised,esm2_wtm,0.0,1.0,1.0
AMIE_PSEAE_Wrenbeck_2017,26,1,48,auroc@0.60,supervised,esm2_wtm,0.0,1.0,1.0
AMIE_PSEAE_Wrenbeck_2017,26,1,48,auroc@0.65,supervised,esm2_wtm,0.0,1.0,1.0
AMIE_PSEAE_Wrenbeck_2017,26,1,48,spearman@0.20,esm2_wtm,esm2_wtm,1.0,1.0,0.0
AMIE_PSEAE_Wrenbeck_2017,26,2,96,enrich@1.5,explore,supervised,0.47757298972435164,2.0,1.5224270102756483
AMIE_PSEAE_Wrenbeck_2017,26,2,96,enrich@1.0,explore,supervised,0.47757298972435164,2.0,1.5224270102756483
AMIE_PSEAE_Wrenbeck_2017,26,2,96,auroc@0.55,supervised,supervised,2.0,2.0,0.0
AMIE_PSEAE_Wrenbeck_2017,26,2,96,auroc@0.60,supervised,supervised,2.0,2.0,0.0
AMIE_PSEAE_Wrenbeck_2017,26,2,96,auroc@0.65,supervised,supervised,2.0,2.0,0.0
AMIE_PSEAE_Wrenbeck_2017,26,2,96,spearman@0.20,esm2_wtm,supervised,0.0,2.0,2.0
AMIE_PSEAE_Wrenbeck_2017,26,3,144,enrich@1.5,supervised,supervised,6.0,6.0,0.0
AMIE_PSEAE_Wrenbeck_2017,26,3,144,enrich@1.0,supervised,supervised,6.0,6.0,0.0
AMIE_PSEAE_Wrenbeck_2017,26,3,144,auroc@0.55,supervised,supervised,6.0,6.0,0.0
AMIE_PSEAE_Wrenbeck_2017,26,3,144,auroc@0.60,supervised,supervised,6.0,6.0,0.0
AMIE_PSEAE_Wrenbeck_2017,26,3,144,auroc@0.65,supervised,supervised,6.0,6.0,0.0
AMIE_PSEAE_Wrenbeck_2017,26,3,144,spearman@0.20,esm2_wtm,supervised,0.0,6.0,6.0
AMIE_PSEAE_Wrenbeck_2017,27,0,0,enrich@1.5,explore,explore,0.4779187409667577,0.4779187409667577,0.0
AMIE_PSEAE_Wrenbeck_2017,27,0,0,enrich@1.0,explore,explore,0.4779187409667577,0.4779187409667577,0.0
AMIE_PSEAE_Wrenbeck_2017,27,0,0,auroc@0.55,explore,explore,0.4779187409667577,0.4779187409667577,0.0
AMIE_PSEAE_Wrenbeck_2017,27,0,0,auroc@0.60,explore,explore,0.4779187409667577,0.4779187409667577,0.0
AMIE_PSEAE_Wrenbeck_2017,27,0,0,auroc@0.65,explore,explore,0.4779187409667577,0.4779187409667577,0.0
AMIE_PSEAE_Wrenbeck_2017,27,0,0,spearman@0.20,explore,explore,0.4779187409667577,0.4779187409667577,0.0
AMIE_PSEAE_Wrenbeck_2017,27,1,48,enrich@1.5,supervised,esm2_wtm,0.0,1.0,1.0
AMIE_PSEAE_Wrenbeck_2017,27,1,48,enrich@1.0,supervised,esm2_wtm,0.0,1.0,1.0
AMIE_PSEAE_Wrenbeck_2017,27,1,48,auroc@0.55,esm2_wtm,esm2_wtm,1.0,1.0,0.0
AMIE_PSEAE_Wrenbeck_2017,27,1,48,auroc@0.60,esm2_wtm,esm2_wtm,1.0,1.0,0.0
AMIE_PSEAE_Wrenbeck_2017,27,1,48,auroc@0.65,esm2_wtm,esm2_wtm,1.0,1.0,0.0
AMIE_PSEAE_Wrenbeck_2017,27,1,48,spearman@0.20,esm2_wtm,esm2_wtm,1.0,1.0,0.0
AMIE_PSEAE_Wrenbeck_2017,27,2,96,enrich@1.5,supervised,supervised,2.0,2.0,0.0
AMIE_PSEAE_Wrenbeck_2017,27,2,96,enrich@1.0,supervised,supervised,2.0,2.0,0.0
AMIE_PSEAE_Wrenbeck_2017,27,2,96,auroc@0.55,supervised,supervised,2.0,2.0,0.0
AMIE_PSEAE_Wrenbeck_2017,27,2,96,auroc@0.60,supervised,supervised,2.0,2.0,0.0
AMIE_PSEAE_Wrenbeck_2017,27,2,96,auroc@0.65,supervised,supervised,2.0,2.0,0.0
AMIE_PSEAE_Wrenbeck_2017,27,2,96,spearman@0.20,supervised,supervised,2.0,2.0,0.0
AMIE_PSEAE_Wrenbeck_2017,27,3,144,enrich@1.5,supervised,supervised,4.0,4.0,0.0
AMIE_PSEAE_Wrenbeck_2017,27,3,144,enrich@1.0,supervised,supervised,4.0,4.0,0.0
AMIE_PSEAE_Wrenbeck_2017,27,3,144,auroc@0.55,supervised,supervised,4.0,4.0,0.0
AMIE_PSEAE_Wrenbeck_2017,27,3,144,auroc@0.60,supervised,supervised,4.0,4.0,0.0
AMIE_PSEAE_Wrenbeck_2017,27,3,144,auroc@0.65,supervised,supervised,4.0,4.0,0.0
AMIE_PSEAE_Wrenbeck_2017,27,3,144,spearman@0.20,supervised,supervised,4.0,4.0,0.0
AMIE_PSEAE_Wrenbeck_2017,28,0,0,enrich@1.5,explore,explore,0.4779187409667577,0.4779187409667577,0.0
AMIE_PSEAE_Wrenbeck_2017,28,0,0,enrich@1.0,explore,explore,0.4779187409667577,0.4779187409667577,0.0
AMIE_PSEAE_Wrenbeck_2017,28,0,0,auroc@0.55,explore,explore,0.4779187409667577,0.4779187409667577,0.0
AMIE_PSEAE_Wrenbeck_2017,28,0,0,auroc@0.60,explore,explore,0.4779187409667577,0.4779187409667577,0.0
AMIE_PSEAE_Wrenbeck_2017,28,0,0,auroc@0.65,explore,explore,0.4779187409667577,0.4779187409667577,0.0
AMIE_PSEAE_Wrenbeck_2017,28,0,0,spearman@0.20,explore,explore,0.4779187409667577,0.4779187409667577,0.0
AMIE_PSEAE_Wrenbeck_2017,28,1,48,enrich@1.5,supervised,supervised,9.0,9.0,0.0
AMIE_PSEAE_Wrenbeck_2017,28,1,48,enrich@1.0,supervised,supervised,9.0,9.0,0.0
AMIE_PSEAE_Wrenbeck_2017,28,1,48,auroc@0.55,supervised,supervised,9.0,9.0,0.0
AMIE_PSEAE_Wrenbeck_2017,28,1,48,auroc@0.60,supervised,supervised,9.0,9.0,0.0
AMIE_PSEAE_Wrenbeck_2017,28,1,48,auroc@0.65,supervised,supervised,9.0,9.0,0.0
AMIE_PSEAE_Wrenbeck_2017,28,1,48,spearman@0.20,esm2_wtm,supervised,0.0,9.0,9.0
AMIE_PSEAE_Wrenbeck_2017,28,2,96,enrich@1.5,supervised,supervised,6.0,6.0,0.0
AMIE_PSEAE_Wrenbeck_2017,28,2,96,enrich@1.0,supervised,supervised,6.0,6.0,0.0
AMIE_PSEAE_Wrenbeck_2017,28,2,96,auroc@0.55,supervised,supervised,6.0,6.0,0.0
AMIE_PSEAE_Wrenbeck_2017,28,2,96,auroc@0.60,supervised,supervised,6.0,6.0,0.0
AMIE_PSEAE_Wrenbeck_2017,28,2,96,auroc@0.65,supervised,supervised,6.0,6.0,0.0
AMIE_PSEAE_Wrenbeck_2017,28,2,96,spearman@0.20,supervised,supervised,6.0,6.0,0.0
AMIE_PSEAE_Wrenbeck_2017,28,3,144,enrich@1.5,supervised,supervised,1.0,1.0,0.0
AMIE_PSEAE_Wrenbeck_2017,28,3,144,enrich@1.0,supervised,supervised,1.0,1.0,0.0
AMIE_PSEAE_Wrenbeck_2017,28,3,144,auroc@0.55,supervised,supervised,1.0,1.0,0.0
AMIE_PSEAE_Wrenbeck_2017,28,3,144,auroc@0.60,supervised,supervised,1.0,1.0,0.0
AMIE_PSEAE_Wrenbeck_2017,28,3,144,auroc@0.65,supervised,supervised,1.0,1.0,0.0
AMIE_PSEAE_Wrenbeck_2017,28,3,144,spearman@0.20,supervised,supervised,1.0,1.0,0.0
AMIE_PSEAE_Wrenbeck_2017,29,0,0,enrich@1.5,explore,explore,0.4779187409667577,0.4779187409667577,0.0
AMIE_PSEAE_Wrenbeck_2017,29,0,0,enrich@1.0,explore,explore,0.4779187409667577,0.4779187409667577,0.0
AMIE_PSEAE_Wrenbeck_2017,29,0,0,auroc@0.55,explore,explore,0.4779187409667577,0.4779187409667577,0.0
AMIE_PSEAE_Wrenbeck_2017,29,0,0,auroc@0.60,explore,explore,0.4779187409667577,0.4779187409667577,0.0
AMIE_PSEAE_Wrenbeck_2017,29,0,0,auroc@0.65,explore,explore,0.4779187409667577,0.4779187409667577,0.0
AMIE_PSEAE_Wrenbeck_2017,29,0,0,spearman@0.20,explore,explore,0.4779187409667577,0.4779187409667577,0.0
AMIE_PSEAE_Wrenbeck_2017,29,1,48,enrich@1.5,explore,esm2_wtm,0.4660948373523224,1.0,0.5339051626476776
AMIE_PSEAE_Wrenbeck_2017,29,1,48,enrich@1.0,explore,esm2_wtm,0.4660948373523224,1.0,0.5339051626476776
AMIE_PSEAE_Wrenbeck_2017,29,1,48,auroc@0.55,esm2_wtm,esm2_wtm,1.0,1.0,0.0
AMIE_PSEAE_Wrenbeck_2017,29,1,48,auroc@0.60,esm2_wtm,esm2_wtm,1.0,1.0,0.0
AMIE_PSEAE_Wrenbeck_2017,29,1,48,auroc@0.65,esm2_wtm,esm2_wtm,1.0,1.0,0.0
AMIE_PSEAE_Wrenbeck_2017,29,1,48,spearman@0.20,esm2_wtm,esm2_wtm,1.0,1.0,0.0
AMIE_PSEAE_Wrenbeck_2017,29,2,96,enrich@1.5,esm2_wtm,supervised,1.0,10.0,9.0
AMIE_PSEAE_Wrenbeck_2017,29,2,96,enrich@1.0,esm2_wtm,supervised,1.0,10.0,9.0
AMIE_PSEAE_Wrenbeck_2017,29,2,96,auroc@0.55,esm2_wtm,supervised,1.0,10.0,9.0
AMIE_PSEAE_Wrenbeck_2017,29,2,96,auroc@0.60,esm2_wtm,supervised,1.0,10.0,9.0
AMIE_PSEAE_Wrenbeck_2017,29,2,96,auroc@0.65,esm2_wtm,supervised,1.0,10.0,9.0
AMIE_PSEAE_Wrenbeck_2017,29,2,96,spearman@0.20,esm2_wtm,supervised,1.0,10.0,9.0
AMIE_PSEAE_Wrenbeck_2017,29,3,144,enrich@1.5,explore,supervised,0.4576689133651159,11.0,10.542331086634885
AMIE_PSEAE_Wrenbeck_2017,29,3,144,enrich@1.0,supervised,supervised,11.0,11.0,0.0
AMIE_PSEAE_Wrenbeck_2017,29,3,144,auroc@0.55,esm2_wtm,supervised,0.0,11.0,11.0
AMIE_PSEAE_Wrenbeck_2017,29,3,144,auroc@0.60,explore,supervised,0.4576689133651159,11.0,10.542331086634885
AMIE_PSEAE_Wrenbeck_2017,29,3,144,auroc@0.65,explore,supervised,0.4576689133651159,11.0,10.542331086634885
AMIE_PSEAE_Wrenbeck_2017,29,3,144,spearman@0.20,esm2_wtm,supervised,0.0,11.0,11.0
AMIE_PSEAE_Wrenbeck_2017,30,0,0,enrich@1.5,explore,explore,0.4779187409667577,0.4779187409667577,0.0
AMIE_PSEAE_Wrenbeck_2017,30,0,0,enrich@1.0,explore,explore,0.4779187409667577,0.4779187409667577,0.0
AMIE_PSEAE_Wrenbeck_2017,30,0,0,auroc@0.55,explore,explore,0.4779187409667577,0.4779187409667577,0.0
AMIE_PSEAE_Wrenbeck_2017,30,0,0,auroc@0.60,explore,explore,0.4779187409667577,0.4779187409667577,0.0
AMIE_PSEAE_Wrenbeck_2017,30,0,0,auroc@0.65,explore,explore,0.4779187409667577,0.4779187409667577,0.0
AMIE_PSEAE_Wrenbeck_2017,30,0,0,spearman@0.20,explore,explore,0.4779187409667577,0.4779187409667577,0.0
AMIE_PSEAE_Wrenbeck_2017,30,1,48,enrich@1.5,supervised,esm2_wtm,0.0,1.0,1.0
AMIE_PSEAE_Wrenbeck_2017,30,1,48,enrich@1.0,supervised,esm2_wtm,0.0,1.0,1.0
AMIE_PSEAE_Wrenbeck_2017,30,1,48,auroc@0.55,esm2_wtm,esm2_wtm,1.0,1.0,0.0
AMIE_PSEAE_Wrenbeck_2017,30,1,48,auroc@0.60,esm2_wtm,esm2_wtm,1.0,1.0,0.0
AMIE_PSEAE_Wrenbeck_2017,30,1,48,auroc@0.65,esm2_wtm,esm2_wtm,1.0,1.0,0.0
AMIE_PSEAE_Wrenbeck_2017,30,1,48,spearman@0.20,esm2_wtm,esm2_wtm,1.0,1.0,0.0
AMIE_PSEAE_Wrenbeck_2017,30,2,96,enrich@1.5,supervised,supervised,1.0,1.0,0.0
AMIE_PSEAE_Wrenbeck_2017,30,2,96,enrich@1.0,supervised,supervised,1.0,1.0,0.0
AMIE_PSEAE_Wrenbeck_2017,30,2,96,auroc@0.55,supervised,supervised,1.0,1.0,0.0
AMIE_PSEAE_Wrenbeck_2017,30,2,96,auroc@0.60,supervised,supervised,1.0,1.0,0.0
AMIE_PSEAE_Wrenbeck_2017,30,2,96,auroc@0.65,explore,supervised,0.4854020551296689,1.0,0.5145979448703311
AMIE_PSEAE_Wrenbeck_2017,30,2,96,spearman@0.20,supervised,supervised,1.0,1.0,0.0
AMIE_PSEAE_Wrenbeck_2017,30,3,144,enrich@1.5,supervised,supervised,1.0,1.0,0.0
AMIE_PSEAE_Wrenbeck_2017,30,3,144,enrich@1.0,supervised,supervised,1.0,1.0,0.0
AMIE_PSEAE_Wrenbeck_2017,30,3,144,auroc@0.55,supervised,supervised,1.0,1.0,0.0
AMIE_PSEAE_Wrenbeck_2017,30,3,144,auroc@0.60,supervised,supervised,1.0,1.0,0.0
AMIE_PSEAE_Wrenbeck_2017,30,3,144,auroc@0.65,supervised,supervised,1.0,1.0,0.0
AMIE_PSEAE_Wrenbeck_2017,30,3,144,spearman@0.20,supervised,supervised,1.0,1.0,0.0
AMIE_PSEAE_Wrenbeck_2017,31,0,0,enrich@1.5,explore,explore,0.4779187409667577,0.4779187409667577,0.0
AMIE_PSEAE_Wrenbeck_2017,31,0,0,enrich@1.0,explore,explore,0.4779187409667577,0.4779187409667577,0.0
AMIE_PSEAE_Wrenbeck_2017,31,0,0,auroc@0.55,explore,explore,0.4779187409667577,0.4779187409667577,0.0
AMIE_PSEAE_Wrenbeck_2017,31,0,0,auroc@0.60,explore,explore,0.4779187409667577,0.4779187409667577,0.0
AMIE_PSEAE_Wrenbeck_2017,31,0,0,auroc@0.65,explore,explore,0.4779187409667577,0.4779187409667577,0.0
AMIE_PSEAE_Wrenbeck_2017,31,0,0,spearman@0.20,explore,explore,0.4779187409667577,0.4779187409667577,0.0
AMIE_PSEAE_Wrenbeck_2017,31,1,48,enrich@1.5,esm2_wtm,esm2_wtm,1.0,1.0,0.0
AMIE_PSEAE_Wrenbeck_2017,31,1,48,enrich@1.0,esm2_wtm,esm2_wtm,1.0,1.0,0.0
AMIE_PSEAE_Wrenbeck_2017,31,1,48,auroc@0.55,supervised,esm2_wtm,0.0,1.0,1.0
AMIE_PSEAE_Wrenbeck_2017,31,1,48,auroc@0.60,supervised,esm2_wtm,0.0,1.0,1.0
AMIE_PSEAE_Wrenbeck_2017,31,1,48,auroc@0.65,supervised,esm2_wtm,0.0,1.0,1.0
AMIE_PSEAE_Wrenbeck_2017,31,1,48,spearman@0.20,esm2_wtm,esm2_wtm,1.0,1.0,0.0
AMIE_PSEAE_Wrenbeck_2017,31,2,96,enrich@1.5,supervised,supervised,5.0,5.0,0.0
AMIE_PSEAE_Wrenbeck_2017,31,2,96,enrich@1.0,supervised,supervised,5.0,5.0,0.0
AMIE_PSEAE_Wrenbeck_2017,31,2,96,auroc@0.55,supervised,supervised,5.0,5.0,0.0
AMIE_PSEAE_Wrenbeck_2017,31,2,96,auroc@0.60,supervised,supervised,5.0,5.0,0.0
AMIE_PSEAE_Wrenbeck_2017,31,2,96,auroc@0.65,supervised,supervised,5.0,5.0,0.0
AMIE_PSEAE_Wrenbeck_2017,31,2,96,spearman@0.20,supervised,supervised,5.0,5.0,0.0
AMIE_PSEAE_Wrenbeck_2017,31,3,144,enrich@1.5,supervised,supervised,5.0,5.0,0.0
AMIE_PSEAE_Wrenbeck_2017,31,3,144,enrich@1.0,supervised,supervised,5.0,5.0,0.0
AMIE_PSEAE_Wrenbeck_2017,31,3,144,auroc@0.55,supervised,supervised,5.0,5.0,0.0
AMIE_PSEAE_Wrenbeck_2017,31,3,144,auroc@0.60,supervised,supervised,5.0,5.0,0.0
AMIE_PSEAE_Wrenbeck_2017,31,3,144,auroc@0.65,supervised,supervised,5.0,5.0,0.0
AMIE_PSEAE_Wrenbeck_2017,31,3,144,spearman@0.20,supervised,supervised,5.0,5.0,0.0
AMIE_PSEAE_Wrenbeck_2017,32,0,0,enrich@1.5,explore,explore,0.4779187409667577,0.4779187409667577,0.0
AMIE_PSEAE_Wrenbeck_2017,32,0,0,enrich@1.0,explore,explore,0.4779187409667577,0.4779187409667577,0.0
AMIE_PSEAE_Wrenbeck_2017,32,0,0,auroc@0.55,explore,explore,0.4779187409667577,0.4779187409667577,0.0
AMIE_PSEAE_Wrenbeck_2017,32,0,0,auroc@0.60,explore,explore,0.4779187409667577,0.4779187409667577,0.0
AMIE_PSEAE_Wrenbeck_2017,32,0,0,auroc@0.65,explore,explore,0.4779187409667577,0.4779187409667577,0.0
AMIE_PSEAE_Wrenbeck_2017,32,0,0,spearman@0.20,explore,explore,0.4779187409667577,0.4779187409667577,0.0
AMIE_PSEAE_Wrenbeck_2017,32,1,48,enrich@1.5,supervised,supervised,2.0,2.0,0.0
AMIE_PSEAE_Wrenbeck_2017,32,1,48,enrich@1.0,supervised,supervised,2.0,2.0,0.0
AMIE_PSEAE_Wrenbeck_2017,32,1,48,auroc@0.55,esm2_wtm,supervised,1.0,2.0,1.0
AMIE_PSEAE_Wrenbeck_2017,32,1,48,auroc@0.60,esm2_wtm,supervised,1.0,2.0,1.0
AMIE_PSEAE_Wrenbeck_2017,32,1,48,auroc@0.65,esm2_wtm,supervised,1.0,2.0,1.0
AMIE_PSEAE_Wrenbeck_2017,32,1,48,spearman@0.20,esm2_wtm,supervised,1.0,2.0,1.0
AMIE_PSEAE_Wrenbeck_2017,32,2,96,enrich@1.5,explore,supervised,0.4697439243190344,3.0,2.5302560756809656
AMIE_PSEAE_Wrenbeck_2017,32,2,96,enrich@1.0,explore,supervised,0.4697439243190344,3.0,2.5302560756809656
AMIE_PSEAE_Wrenbeck_2017,32,2,96,auroc@0.55,supervised,supervised,3.0,3.0,0.0
AMIE_PSEAE_Wrenbeck_2017,32,2,96,auroc@0.60,supervised,supervised,3.0,3.0,0.0
AMIE_PSEAE_Wrenbeck_2017,32,2,96,auroc@0.65,supervised,supervised,3.0,3.0,0.0
AMIE_PSEAE_Wrenbeck_2017,32,2,96,spearman@0.20,supervised,supervised,3.0,3.0,0.0
AMIE_PSEAE_Wrenbeck_2017,32,3,144,enrich@1.5,supervised,supervised,1.0,1.0,0.0
AMIE_PSEAE_Wrenbeck_2017,32,3,144,enrich@1.0,supervised,supervised,1.0,1.0,0.0
AMIE_PSEAE_Wrenbeck_2017,32,3,144,auroc@0.55,supervised,supervised,1.0,1.0,0.0
AMIE_PSEAE_Wrenbeck_2017,32,3,144,auroc@0.60,supervised,supervised,1.0,1.0,0.0
AMIE_PSEAE_Wrenbeck_2017,32,3,144,auroc@0.65,supervised,supervised,1.0,1.0,0.0
AMIE_PSEAE_Wrenbeck_2017,32,3,144,spearman@0.20,supervised,supervised,1.0,1.0,0.0
AMIE_PSEAE_Wrenbeck_2017,33,0,0,enrich@1.5,explore,explore,0.4779187409667577,0.4779187409667577,0.0
AMIE_PSEAE_Wrenbeck_2017,33,0,0,enrich@1.0,explore,explore,0.4779187409667577,0.4779187409667577,0.0
AMIE_PSEAE_Wrenbeck_2017,33,0,0,auroc@0.55,explore,explore,0.4779187409667577,0.4779187409667577,0.0
AMIE_PSEAE_Wrenbeck_2017,33,0,0,auroc@0.60,explore,explore,0.4779187409667577,0.4779187409667577,0.0
AMIE_PSEAE_Wrenbeck_2017,33,0,0,auroc@0.65,explore,explore,0.4779187409667577,0.4779187409667577,0.0
AMIE_PSEAE_Wrenbeck_2017,33,0,0,spearman@0.20,explore,explore,0.4779187409667577,0.4779187409667577,0.0
AMIE_PSEAE_Wrenbeck_2017,33,1,48,enrich@1.5,esm2_wtm,supervised,1.0,4.0,3.0
AMIE_PSEAE_Wrenbeck_2017,33,1,48,enrich@1.0,esm2_wtm,supervised,1.0,4.0,3.0
AMIE_PSEAE_Wrenbeck_2017,33,1,48,auroc@0.55,esm2_wtm,supervised,1.0,4.0,3.0
AMIE_PSEAE_Wrenbeck_2017,33,1,48,auroc@0.60,esm2_wtm,supervised,1.0,4.0,3.0
AMIE_PSEAE_Wrenbeck_2017,33,1,48,auroc@0.65,esm2_wtm,supervised,1.0,4.0,3.0
AMIE_PSEAE_Wrenbeck_2017,33,1,48,spearman@0.20,esm2_wtm,supervised,1.0,4.0,3.0
AMIE_PSEAE_Wrenbeck_2017,33,2,96,enrich@1.5,supervised,supervised,11.0,11.0,0.0
AMIE_PSEAE_Wrenbeck_2017,33,2,96,enrich@1.0,supervised,supervised,11.0,11.0,0.0
AMIE_PSEAE_Wrenbeck_2017,33,2,96,auroc@0.55,supervised,supervised,11.0,11.0,0.0
AMIE_PSEAE_Wrenbeck_2017,33,2,96,auroc@0.60,supervised,supervised,11.0,11.0,0.0
AMIE_PSEAE_Wrenbeck_2017,33,2,96,auroc@0.65,supervised,supervised,11.0,11.0,0.0
AMIE_PSEAE_Wrenbeck_2017,33,2,96,spearman@0.20,supervised,supervised,11.0,11.0,0.0
AMIE_PSEAE_Wrenbeck_2017,33,3,144,enrich@1.5,supervised,supervised,3.0,3.0,0.0
AMIE_PSEAE_Wrenbeck_2017,33,3,144,enrich@1.0,supervised,supervised,3.0,3.0,0.0
AMIE_PSEAE_Wrenbeck_2017,33,3,144,auroc@0.55,supervised,supervised,3.0,3.0,0.0
AMIE_PSEAE_Wrenbeck_2017,33,3,144,auroc@0.60,supervised,supervised,3.0,3.0,0.0
AMIE_PSEAE_Wrenbeck_2017,33,3,144,auroc@0.65,supervised,supervised,3.0,3.0,0.0
AMIE_PSEAE_Wrenbeck_2017,33,3,144,spearman@0.20,supervised,supervised,3.0,3.0,0.0
AMIE_PSEAE_Wrenbeck_2017,34,0,0,enrich@1.5,explore,explore,0.4779187409667577,0.4779187409667577,0.0
AMIE_PSEAE_Wrenbeck_2017,34,0,0,enrich@1.0,explore,explore,0.4779187409667577,0.4779187409667577,0.0
AMIE_PSEAE_Wrenbeck_2017,34,0,0,auroc@0.55,explore,explore,0.4779187409667577,0.4779187409667577,0.0
AMIE_PSEAE_Wrenbeck_2017,34,0,0,auroc@0.60,explore,explore,0.4779187409667577,0.4779187409667577,0.0
AMIE_PSEAE_Wrenbeck_2017,34,0,0,auroc@0.65,explore,explore,0.4779187409667577,0.4779187409667577,0.0
AMIE_PSEAE_Wrenbeck_2017,34,0,0,spearman@0.20,explore,explore,0.4779187409667577,0.4779187409667577,0.0
AMIE_PSEAE_Wrenbeck_2017,34,1,48,enrich@1.5,explore,esm2_wtm,0.48163133193073315,1.0,0.5183686680692668
AMIE_PSEAE_Wrenbeck_2017,34,1,48,enrich@1.0,explore,esm2_wtm,0.48163133193073315,1.0,0.5183686680692668
AMIE_PSEAE_Wrenbeck_2017,34,1,48,auroc@0.55,esm2_wtm,esm2_wtm,1.0,1.0,0.0
AMIE_PSEAE_Wrenbeck_2017,34,1,48,auroc@0.60,esm2_wtm,esm2_wtm,1.0,1.0,0.0
AMIE_PSEAE_Wrenbeck_2017,34,1,48,auroc@0.65,explore,esm2_wtm,0.48163133193073315,1.0,0.5183686680692668
AMIE_PSEAE_Wrenbeck_2017,34,1,48,spearman@0.20,esm2_wtm,esm2_wtm,1.0,1.0,0.0
AMIE_PSEAE_Wrenbeck_2017,34,2,96,enrich@1.5,explore,esm2_wtm,0.4854020551296689,1.0,0.5145979448703311
AMIE_PSEAE_Wrenbeck_2017,34,2,96,enrich@1.0,explore,esm2_wtm,0.4854020551296689,1.0,0.5145979448703311
AMIE_PSEAE_Wrenbeck_2017,34,2,96,auroc@0.55,esm2_wtm,esm2_wtm,1.0,1.0,0.0
AMIE_PSEAE_Wrenbeck_2017,34,2,96,auroc@0.60,esm2_wtm,esm2_wtm,1.0,1.0,0.0
AMIE_PSEAE_Wrenbeck_2017,34,2,96,auroc@0.65,esm2_wtm,esm2_wtm,1.0,1.0,0.0
AMIE_PSEAE_Wrenbeck_2017,34,2,96,spearman@0.20,esm2_wtm,esm2_wtm,1.0,1.0,0.0
AMIE_PSEAE_Wrenbeck_2017,34,3,144,enrich@1.5,explore,supervised,0.4813414433667598,4.0,3.5186585566332402
AMIE_PSEAE_Wrenbeck_2017,34,3,144,enrich@1.0,supervised,supervised,4.0,4.0,0.0
AMIE_PSEAE_Wrenbeck_2017,34,3,144,auroc@0.55,esm2_wtm,supervised,1.0,4.0,3.0
AMIE_PSEAE_Wrenbeck_2017,34,3,144,auroc@0.60,esm2_wtm,supervised,1.0,4.0,3.0
AMIE_PSEAE_Wrenbeck_2017,34,3,144,auroc@0.65,esm2_wtm,supervised,1.0,4.0,3.0
AMIE_PSEAE_Wrenbeck_2017,34,3,144,spearman@0.20,esm2_wtm,supervised,1.0,4.0,3.0
AMIE_PSEAE_Wrenbeck_2017,35,0,0,enrich@1.5,explore,explore,0.4779187409667577,0.4779187409667577,0.0
AMIE_PSEAE_Wrenbeck_2017,35,0,0,enrich@1.0,explore,explore,0.4779187409667577,0.4779187409667577,0.0
AMIE_PSEAE_Wrenbeck_2017,35,0,0,auroc@0.55,explore,explore,0.4779187409667577,0.4779187409667577,0.0
AMIE_PSEAE_Wrenbeck_2017,35,0,0,auroc@0.60,explore,explore,0.4779187409667577,0.4779187409667577,0.0
AMIE_PSEAE_Wrenbeck_2017,35,0,0,auroc@0.65,explore,explore,0.4779187409667577,0.4779187409667577,0.0
AMIE_PSEAE_Wrenbeck_2017,35,0,0,spearman@0.20,explore,explore,0.4779187409667577,0.4779187409667577,0.0
AMIE_PSEAE_Wrenbeck_2017,35,1,48,enrich@1.5,esm2_wtm,esm2_wtm,1.0,1.0,0.0
AMIE_PSEAE_Wrenbeck_2017,35,1,48,enrich@1.0,esm2_wtm,esm2_wtm,1.0,1.0,0.0
AMIE_PSEAE_Wrenbeck_2017,35,1,48,auroc@0.55,esm2_wtm,esm2_wtm,1.0,1.0,0.0
AMIE_PSEAE_Wrenbeck_2017,35,1,48,auroc@0.60,esm2_wtm,esm2_wtm,1.0,1.0,0.0
AMIE_PSEAE_Wrenbeck_2017,35,1,48,auroc@0.65,esm2_wtm,esm2_wtm,1.0,1.0,0.0
AMIE_PSEAE_Wrenbeck_2017,35,1,48,spearman@0.20,esm2_wtm,esm2_wtm,1.0,1.0,0.0
AMIE_PSEAE_Wrenbeck_2017,35,2,96,enrich@1.5,supervised,supervised,3.0,3.0,0.0
AMIE_PSEAE_Wrenbeck_2017,35,2,96,enrich@1.0,supervised,supervised,3.0,3.0,0.0
AMIE_PSEAE_Wrenbeck_2017,35,2,96,auroc@0.55,supervised,supervised,3.0,3.0,0.0
AMIE_PSEAE_Wrenbeck_2017,35,2,96,auroc@0.60,supervised,supervised,3.0,3.0,0.0
AMIE_PSEAE_Wrenbeck_2017,35,2,96,auroc@0.65,supervised,supervised,3.0,3.0,0.0
AMIE_PSEAE_Wrenbeck_2017,35,2,96,spearman@0.20,supervised,supervised,3.0,3.0,0.0
AMIE_PSEAE_Wrenbeck_2017,35,3,144,enrich@1.5,supervised,supervised,8.0,8.0,0.0
AMIE_PSEAE_Wrenbeck_2017,35,3,144,enrich@1.0,supervised,supervised,8.0,8.0,0.0
AMIE_PSEAE_Wrenbeck_2017,35,3,144,auroc@0.55,supervised,supervised,8.0,8.0,0.0
AMIE_PSEAE_Wrenbeck_2017,35,3,144,auroc@0.60,supervised,supervised,8.0,8.0,0.0
AMIE_PSEAE_Wrenbeck_2017,35,3,144,auroc@0.65,supervised,supervised,8.0,8.0,0.0
AMIE_PSEAE_Wrenbeck_2017,35,3,144,spearman@0.20,supervised,supervised,8.0,8.0,0.0
AMIE_PSEAE_Wrenbeck_2017,36,0,0,enrich@1.5,explore,explore,0.4779187409667577,0.4779187409667577,0.0
AMIE_PSEAE_Wrenbeck_2017,36,0,0,enrich@1.0,explore,explore,0.4779187409667577,0.4779187409667577,0.0
AMIE_PSEAE_Wrenbeck_2017,36,0,0,auroc@0.55,explore,explore,0.4779187409667577,0.4779187409667577,0.0
AMIE_PSEAE_Wrenbeck_2017,36,0,0,auroc@0.60,explore,explore,0.4779187409667577,0.4779187409667577,0.0
AMIE_PSEAE_Wrenbeck_2017,36,0,0,auroc@0.65,explore,explore,0.4779187409667577,0.4779187409667577,0.0
AMIE_PSEAE_Wrenbeck_2017,36,0,0,spearman@0.20,explore,explore,0.4779187409667577,0.4779187409667577,0.0
AMIE_PSEAE_Wrenbeck_2017,36,1,48,enrich@1.5,esm2_wtm,supervised,1.0,2.0,1.0
AMIE_PSEAE_Wrenbeck_2017,36,1,48,enrich@1.0,esm2_wtm,supervised,1.0,2.0,1.0
AMIE_PSEAE_Wrenbeck_2017,36,1,48,auroc@0.55,esm2_wtm,supervised,1.0,2.0,1.0
AMIE_PSEAE_Wrenbeck_2017,36,1,48,auroc@0.60,esm2_wtm,supervised,1.0,2.0,1.0
AMIE_PSEAE_Wrenbeck_2017,36,1,48,auroc@0.65,esm2_wtm,supervised,1.0,2.0,1.0
AMIE_PSEAE_Wrenbeck_2017,36,1,48,spearman@0.20,esm2_wtm,supervised,1.0,2.0,1.0
AMIE_PSEAE_Wrenbeck_2017,36,2,96,enrich@1.5,supervised,supervised,9.0,9.0,0.0
AMIE_PSEAE_Wrenbeck_2017,36,2,96,enrich@1.0,supervised,supervised,9.0,9.0,0.0
AMIE_PSEAE_Wrenbeck_2017,36,2,96,auroc@0.55,supervised,supervised,9.0,9.0,0.0
AMIE_PSEAE_Wrenbeck_2017,36,2,96,auroc@0.60,supervised,supervised,9.0,9.0,0.0
AMIE_PSEAE_Wrenbeck_2017,36,2,96,auroc@0.65,supervised,supervised,9.0,9.0,0.0
AMIE_PSEAE_Wrenbeck_2017,36,2,96,spearman@0.20,supervised,supervised,9.0,9.0,0.0
AMIE_PSEAE_Wrenbeck_2017,36,3,144,enrich@1.5,supervised,supervised,6.0,6.0,0.0
AMIE_PSEAE_Wrenbeck_2017,36,3,144,enrich@1.0,supervised,supervised,6.0,6.0,0.0
AMIE_PSEAE_Wrenbeck_2017,36,3,144,auroc@0.55,supervised,supervised,6.0,6.0,0.0
AMIE_PSEAE_Wrenbeck_2017,36,3,144,auroc@0.60,supervised,supervised,6.0,6.0,0.0
AMIE_PSEAE_Wrenbeck_2017,36,3,144,auroc@0.65,supervised,supervised,6.0,6.0,0.0
AMIE_PSEAE_Wrenbeck_2017,36,3,144,spearman@0.20,supervised,supervised,6.0,6.0,0.0
AMIE_PSEAE_Wrenbeck_2017,37,0,0,enrich@1.5,explore,explore,0.4779187409667577,0.4779187409667577,0.0
AMIE_PSEAE_Wrenbeck_2017,37,0,0,enrich@1.0,explore,explore,0.4779187409667577,0.4779187409667577,0.0
AMIE_PSEAE_Wrenbeck_2017,37,0,0,auroc@0.55,explore,explore,0.4779187409667577,0.4779187409667577,0.0
AMIE_PSEAE_Wrenbeck_2017,37,0,0,auroc@0.60,explore,explore,0.4779187409667577,0.4779187409667577,0.0
AMIE_PSEAE_Wrenbeck_2017,37,0,0,auroc@0.65,explore,explore,0.4779187409667577,0.4779187409667577,0.0
AMIE_PSEAE_Wrenbeck_2017,37,0,0,spearman@0.20,explore,explore,0.4779187409667577,0.4779187409667577,0.0
AMIE_PSEAE_Wrenbeck_2017,37,1,48,enrich@1.5,esm2_wtm,supervised,1.0,9.0,8.0
AMIE_PSEAE_Wrenbeck_2017,37,1,48,enrich@1.0,esm2_wtm,supervised,1.0,9.0,8.0
AMIE_PSEAE_Wrenbeck_2017,37,1,48,auroc@0.55,esm2_wtm,supervised,1.0,9.0,8.0
AMIE_PSEAE_Wrenbeck_2017,37,1,48,auroc@0.60,esm2_wtm,supervised,1.0,9.0,8.0
AMIE_PSEAE_Wrenbeck_2017,37,1,48,auroc@0.65,esm2_wtm,supervised,1.0,9.0,8.0
AMIE_PSEAE_Wrenbeck_2017,37,1,48,spearman@0.20,esm2_wtm,supervised,1.0,9.0,8.0
AMIE_PSEAE_Wrenbeck_2017,37,2,96,enrich@1.5,supervised,supervised,9.0,9.0,0.0
AMIE_PSEAE_Wrenbeck_2017,37,2,96,enrich@1.0,supervised,supervised,9.0,9.0,0.0
AMIE_PSEAE_Wrenbeck_2017,37,2,96,auroc@0.55,supervised,supervised,9.0,9.0,0.0
AMIE_PSEAE_Wrenbeck_2017,37,2,96,auroc@0.60,supervised,supervised,9.0,9.0,0.0
AMIE_PSEAE_Wrenbeck_2017,37,2,96,auroc@0.65,supervised,supervised,9.0,9.0,0.0
AMIE_PSEAE_Wrenbeck_2017,37,2,96,spearman@0.20,esm2_wtm,supervised,0.0,9.0,9.0
AMIE_PSEAE_Wrenbeck_2017,37,3,144,enrich@1.5,supervised,supervised,1.0,1.0,0.0
AMIE_PSEAE_Wrenbeck_2017,37,3,144,enrich@1.0,supervised,supervised,1.0,1.0,0.0
AMIE_PSEAE_Wrenbeck_2017,37,3,144,auroc@0.55,supervised,supervised,1.0,1.0,0.0
AMIE_PSEAE_Wrenbeck_2017,37,3,144,auroc@0.60,supervised,supervised,1.0,1.0,0.0
AMIE_PSEAE_Wrenbeck_2017,37,3,144,auroc@0.65,supervised,supervised,1.0,1.0,0.0
AMIE_PSEAE_Wrenbeck_2017,37,3,144,spearman@0.20,supervised,supervised,1.0,1.0,0.0
AMIE_PSEAE_Wrenbeck_2017,38,0,0,enrich@1.5,explore,explore,0.4779187409667577,0.4779187409667577,0.0
AMIE_PSEAE_Wrenbeck_2017,38,0,0,enrich@1.0,explore,explore,0.4779187409667577,0.4779187409667577,0.0
AMIE_PSEAE_Wrenbeck_2017,38,0,0,auroc@0.55,explore,explore,0.4779187409667577,0.4779187409667577,0.0
AMIE_PSEAE_Wrenbeck_2017,38,0,0,auroc@0.60,explore,explore,0.4779187409667577,0.4779187409667577,0.0
AMIE_PSEAE_Wrenbeck_2017,38,0,0,auroc@0.65,explore,explore,0.4779187409667577,0.4779187409667577,0.0
AMIE_PSEAE_Wrenbeck_2017,38,0,0,spearman@0.20,explore,explore,0.4779187409667577,0.4779187409667577,0.0
AMIE_PSEAE_Wrenbeck_2017,38,1,48,enrich@1.5,supervised,esm2_wtm,0.0,1.0,1.0
AMIE_PSEAE_Wrenbeck_2017,38,1,48,enrich@1.0,supervised,esm2_wtm,0.0,1.0,1.0
AMIE_PSEAE_Wrenbeck_2017,38,1,48,auroc@0.55,esm2_wtm,esm2_wtm,1.0,1.0,0.0
AMIE_PSEAE_Wrenbeck_2017,38,1,48,auroc@0.60,esm2_wtm,esm2_wtm,1.0,1.0,0.0
AMIE_PSEAE_Wrenbeck_2017,38,1,48,auroc@0.65,esm2_wtm,esm2_wtm,1.0,1.0,0.0
AMIE_PSEAE_Wrenbeck_2017,38,1,48,spearman@0.20,esm2_wtm,esm2_wtm,1.0,1.0,0.0
AMIE_PSEAE_Wrenbeck_2017,38,2,96,enrich@1.5,esm2_wtm,esm2_wtm,1.0,1.0,0.0
AMIE_PSEAE_Wrenbeck_2017,38,2,96,enrich@1.0,esm2_wtm,esm2_wtm,1.0,1.0,0.0
AMIE_PSEAE_Wrenbeck_2017,38,2,96,auroc@0.55,esm2_wtm,esm2_wtm,1.0,1.0,0.0
AMIE_PSEAE_Wrenbeck_2017,38,2,96,auroc@0.60,esm2_wtm,esm2_wtm,1.0,1.0,0.0
AMIE_PSEAE_Wrenbeck_2017,38,2,96,auroc@0.65,esm2_wtm,esm2_wtm,1.0,1.0,0.0
AMIE_PSEAE_Wrenbeck_2017,38,2,96,spearman@0.20,esm2_wtm,esm2_wtm,1.0,1.0,0.0
AMIE_PSEAE_Wrenbeck_2017,38,3,144,enrich@1.5,supervised,supervised,9.0,9.0,0.0
AMIE_PSEAE_Wrenbeck_2017,38,3,144,enrich@1.0,supervised,supervised,9.0,9.0,0.0
AMIE_PSEAE_Wrenbeck_2017,38,3,144,auroc@0.55,supervised,supervised,9.0,9.0,0.0
AMIE_PSEAE_Wrenbeck_2017,38,3,144,auroc@0.60,supervised,supervised,9.0,9.0,0.0
AMIE_PSEAE_Wrenbeck_2017,38,3,144,auroc@0.65,supervised,supervised,9.0,9.0,0.0
AMIE_PSEAE_Wrenbeck_2017,38,3,144,spearman@0.20,supervised,supervised,9.0,9.0,0.0
AMIE_PSEAE_Wrenbeck_2017,39,0,0,enrich@1.5,explore,explore,0.4779187409667577,0.4779187409667577,0.0
AMIE_PSEAE_Wrenbeck_2017,39,0,0,enrich@1.0,explore,explore,0.4779187409667577,0.4779187409667577,0.0
AMIE_PSEAE_Wrenbeck_2017,39,0,0,auroc@0.55,explore,explore,0.4779187409667577,0.4779187409667577,0.0
AMIE_PSEAE_Wrenbeck_2017,39,0,0,auroc@0.60,explore,explore,0.4779187409667577,0.4779187409667577,0.0
AMIE_PSEAE_Wrenbeck_2017,39,0,0,auroc@0.65,explore,explore,0.4779187409667577,0.4779187409667577,0.0
AMIE_PSEAE_Wrenbeck_2017,39,0,0,spearman@0.20,explore,explore,0.4779187409667577,0.4779187409667577,0.0
AMIE_PSEAE_Wrenbeck_2017,39,1,48,enrich@1.5,supervised,esm2_wtm,0.0,1.0,1.0
AMIE_PSEAE_Wrenbeck_2017,39,1,48,enrich@1.0,supervised,esm2_wtm,0.0,1.0,1.0
AMIE_PSEAE_Wrenbeck_2017,39,1,48,auroc@0.55,esm2_wtm,esm2_wtm,1.0,1.0,0.0
AMIE_PSEAE_Wrenbeck_2017,39,1,48,auroc@0.60,esm2_wtm,esm2_wtm,1.0,1.0,0.0
AMIE_PSEAE_Wrenbeck_2017,39,1,48,auroc@0.65,esm2_wtm,esm2_wtm,1.0,1.0,0.0
AMIE_PSEAE_Wrenbeck_2017,39,1,48,spearman@0.20,esm2_wtm,esm2_wtm,1.0,1.0,0.0
AMIE_PSEAE_Wrenbeck_2017,39,2,96,enrich@1.5,supervised,esm2_wtm,0.0,1.0,1.0
AMIE_PSEAE_Wrenbeck_2017,39,2,96,enrich@1.0,supervised,esm2_wtm,0.0,1.0,1.0
AMIE_PSEAE_Wrenbeck_2017,39,2,96,auroc@0.55,supervised,esm2_wtm,0.0,1.0,1.0
AMIE_PSEAE_Wrenbeck_2017,39,2,96,auroc@0.60,supervised,esm2_wtm,0.0,1.0,1.0
AMIE_PSEAE_Wrenbeck_2017,39,2,96,auroc@0.65,supervised,esm2_wtm,0.0,1.0,1.0
AMIE_PSEAE_Wrenbeck_2017,39,2,96,spearman@0.20,esm2_wtm,esm2_wtm,1.0,1.0,0.0
AMIE_PSEAE_Wrenbeck_2017,39,3,144,enrich@1.5,supervised,esm2_wtm,0.0,1.0,1.0
AMIE_PSEAE_Wrenbeck_2017,39,3,144,enrich@1.0,supervised,esm2_wtm,0.0,1.0,1.0
AMIE_PSEAE_Wrenbeck_2017,39,3,144,auroc@0.55,supervised,esm2_wtm,0.0,1.0,1.0
AMIE_PSEAE_Wrenbeck_2017,39,3,144,auroc@0.60,supervised,esm2_wtm,0.0,1.0,1.0
AMIE_PSEAE_Wrenbeck_2017,39,3,144,auroc@0.65,supervised,esm2_wtm,0.0,1.0,1.0
AMIE_PSEAE_Wrenbeck_2017,39,3,144,spearman@0.20,supervised,esm2_wtm,0.0,1.0,1.0
DYR_ECOLI_Thompson_plusLon_2019,0,0,0,enrich@1.5,explore,explore,0.4875158696572154,0.4875158696572154,0.0
DYR_ECOLI_Thompson_plusLon_2019,0,0,0,enrich@1.0,explore,explore,0.4875158696572154,0.4875158696572154,0.0
DYR_ECOLI_Thompson_plusLon_2019,0,0,0,auroc@0.55,explore,explore,0.4875158696572154,0.4875158696572154,0.0
DYR_ECOLI_Thompson_plusLon_2019,0,0,0,auroc@0.60,explore,explore,0.4875158696572154,0.4875158696572154,0.0
DYR_ECOLI_Thompson_plusLon_2019,0,0,0,auroc@0.65,explore,explore,0.4875158696572154,0.4875158696572154,0.0
DYR_ECOLI_Thompson_plusLon_2019,0,0,0,spearman@0.20,explore,explore,0.4875158696572154,0.4875158696572154,0.0
DYR_ECOLI_Thompson_plusLon_2019,0,1,48,enrich@1.5,esm2_wtm,explore,0.0,0.4976241900647948,0.4976241900647948
DYR_ECOLI_Thompson_plusLon_2019,0,1,48,enrich@1.0,esm2_wtm,explore,0.0,0.4976241900647948,0.4976241900647948
DYR_ECOLI_Thompson_plusLon_2019,0,1,48,auroc@0.55,esm2_wtm,explore,0.0,0.4976241900647948,0.4976241900647948
DYR_ECOLI_Thompson_plusLon_2019,0,1,48,auroc@0.60,esm2_wtm,explore,0.0,0.4976241900647948,0.4976241900647948
DYR_ECOLI_Thompson_plusLon_2019,0,1,48,auroc@0.65,esm2_wtm,explore,0.0,0.4976241900647948,0.4976241900647948
DYR_ECOLI_Thompson_plusLon_2019,0,1,48,spearman@0.20,esm2_wtm,explore,0.0,0.4976241900647948,0.4976241900647948
DYR_ECOLI_Thompson_plusLon_2019,0,2,96,enrich@1.5,explore,esm2_wtm,0.5081605646228495,1.0,0.49183943537715047
DYR_ECOLI_Thompson_plusLon_2019,0,2,96,enrich@1.0,explore,esm2_wtm,0.5081605646228495,1.0,0.49183943537715047
DYR_ECOLI_Thompson_plusLon_2019,0,2,96,auroc@0.55,esm2_wtm,esm2_wtm,1.0,1.0,0.0
DYR_ECOLI_Thompson_plusLon_2019,0,2,96,auroc@0.60,esm2_wtm,esm2_wtm,1.0,1.0,0.0
DYR_ECOLI_Thompson_plusLon_2019,0,2,96,auroc@0.65,esm2_wtm,esm2_wtm,1.0,1.0,0.0
DYR_ECOLI_Thompson_plusLon_2019,0,2,96,spearman@0.20,esm2_wtm,esm2_wtm,1.0,1.0,0.0
DYR_ECOLI_Thompson_plusLon_2019,0,3,144,enrich@1.5,explore,supervised,0.5191527715187021,1.0,0.4808472284812979
DYR_ECOLI_Thompson_plusLon_2019,0,3,144,enrich@1.0,explore,supervised,0.5191527715187021,1.0,0.4808472284812979
DYR_ECOLI_Thompson_plusLon_2019,0,3,144,auroc@0.55,esm2_wtm,supervised,1.0,1.0,0.0
DYR_ECOLI_Thompson_plusLon_2019,0,3,144,auroc@0.60,esm2_wtm,supervised,1.0,1.0,0.0
DYR_ECOLI_Thompson_plusLon_2019,0,3,144,auroc@0.65,explore,supervised,0.5191527715187021,1.0,0.4808472284812979
DYR_ECOLI_Thompson_plusLon_2019,0,3,144,spearman@0.20,esm2_wtm,supervised,1.0,1.0,0.0
DYR_ECOLI_Thompson_plusLon_2019,1,0,0,enrich@1.5,explore,explore,0.4875158696572154,0.4875158696572154,0.0
DYR_ECOLI_Thompson_plusLon_2019,1,0,0,enrich@1.0,explore,explore,0.4875158696572154,0.4875158696572154,0.0
DYR_ECOLI_Thompson_plusLon_2019,1,0,0,auroc@0.55,explore,explore,0.4875158696572154,0.4875158696572154,0.0
DYR_ECOLI_Thompson_plusLon_2019,1,0,0,auroc@0.60,explore,explore,0.4875158696572154,0.4875158696572154,0.0
DYR_ECOLI_Thompson_plusLon_2019,1,0,0,auroc@0.65,explore,explore,0.4875158696572154,0.4875158696572154,0.0
DYR_ECOLI_Thompson_plusLon_2019,1,0,0,spearman@0.20,explore,explore,0.4875158696572154,0.4875158696572154,0.0
DYR_ECOLI_Thompson_plusLon_2019,1,1,48,enrich@1.5,explore,supervised,0.4976241900647948,2.0,1.5023758099352051
DYR_ECOLI_Thompson_plusLon_2019,1,1,48,enrich@1.0,explore,supervised,0.4976241900647948,2.0,1.5023758099352051
DYR_ECOLI_Thompson_plusLon_2019,1,1,48,auroc@0.55,esm2_wtm,supervised,0.0,2.0,2.0
DYR_ECOLI_Thompson_plusLon_2019,1,1,48,auroc@0.60,esm2_wtm,supervised,0.0,2.0,2.0
DYR_ECOLI_Thompson_plusLon_2019,1,1,48,auroc@0.65,explore,supervised,0.4976241900647948,2.0,1.5023758099352051
DYR_ECOLI_Thompson_plusLon_2019,1,1,48,spearman@0.20,explore,supervised,0.4976241900647948,2.0,1.5023758099352051
DYR_ECOLI_Thompson_plusLon_2019,1,2,96,enrich@1.5,supervised,explore,0.0,0.5081605646228495,0.5081605646228495
DYR_ECOLI_Thompson_plusLon_2019,1,2,96,enrich@1.0,supervised,explore,0.0,0.5081605646228495,0.5081605646228495
DYR_ECOLI_Thompson_plusLon_2019,1,2,96,auroc@0.55,supervised,explore,0.0,0.5081605646228495,0.5081605646228495
DYR_ECOLI_Thompson_plusLon_2019,1,2,96,auroc@0.60,supervised,explore,0.0,0.5081605646228495,0.5081605646228495
DYR_ECOLI_Thompson_plusLon_2019,1,2,96,auroc@0.65,explore,explore,0.5081605646228495,0.5081605646228495,0.0
DYR_ECOLI_Thompson_plusLon_2019,1,2,96,spearman@0.20,supervised,explore,0.0,0.5081605646228495,0.5081605646228495
DYR_ECOLI_Thompson_plusLon_2019,1,3,144,enrich@1.5,supervised,supervised,1.0,1.0,0.0
DYR_ECOLI_Thompson_plusLon_2019,1,3,144,enrich@1.0,supervised,supervised,1.0,1.0,0.0
DYR_ECOLI_Thompson_plusLon_2019,1,3,144,auroc@0.55,supervised,supervised,1.0,1.0,0.0
DYR_ECOLI_Thompson_plusLon_2019,1,3,144,auroc@0.60,supervised,supervised,1.0,1.0,0.0
DYR_ECOLI_Thompson_plusLon_2019,1,3,144,auroc@0.65,explore,supervised,0.5191527715187021,1.0,0.4808472284812979
DYR_ECOLI_Thompson_plusLon_2019,1,3,144,spearman@0.20,supervised,supervised,1.0,1.0,0.0
DYR_ECOLI_Thompson_plusLon_2019,2,0,0,enrich@1.5,explore,explore,0.4875158696572154,0.4875158696572154,0.0
DYR_ECOLI_Thompson_plusLon_2019,2,0,0,enrich@1.0,explore,explore,0.4875158696572154,0.4875158696572154,0.0
DYR_ECOLI_Thompson_plusLon_2019,2,0,0,auroc@0.55,explore,explore,0.4875158696572154,0.4875158696572154,0.0
DYR_ECOLI_Thompson_plusLon_2019,2,0,0,auroc@0.60,explore,explore,0.4875158696572154,0.4875158696572154,0.0
DYR_ECOLI_Thompson_plusLon_2019,2,0,0,auroc@0.65,explore,explore,0.4875158696572154,0.4875158696572154,0.0
DYR_ECOLI_Thompson_plusLon_2019,2,0,0,spearman@0.20,explore,explore,0.4875158696572154,0.4875158696572154,0.0
DYR_ECOLI_Thompson_plusLon_2019,2,1,48,enrich@1.5,esm2_wtm,supervised,0.0,1.0,1.0
DYR_ECOLI_Thompson_plusLon_2019,2,1,48,enrich@1.0,esm2_wtm,supervised,0.0,1.0,1.0
DYR_ECOLI_Thompson_plusLon_2019,2,1,48,auroc@0.55,esm2_wtm,supervised,0.0,1.0,1.0
DYR_ECOLI_Thompson_plusLon_2019,2,1,48,auroc@0.60,esm2_wtm,supervised,0.0,1.0,1.0
DYR_ECOLI_Thompson_plusLon_2019,2,1,48,auroc@0.65,esm2_wtm,supervised,0.0,1.0,1.0
DYR_ECOLI_Thompson_plusLon_2019,2,1,48,spearman@0.20,esm2_wtm,supervised,0.0,1.0,1.0
DYR_ECOLI_Thompson_plusLon_2019,2,2,96,enrich@1.5,supervised,esm2_wtm,0.0,1.0,1.0
DYR_ECOLI_Thompson_plusLon_2019,2,2,96,enrich@1.0,supervised,esm2_wtm,0.0,1.0,1.0
DYR_ECOLI_Thompson_plusLon_2019,2,2,96,auroc@0.55,explore,esm2_wtm,0.5081605646228495,1.0,0.49183943537715047
DYR_ECOLI_Thompson_plusLon_2019,2,2,96,auroc@0.60,explore,esm2_wtm,0.5081605646228495,1.0,0.49183943537715047
DYR_ECOLI_Thompson_plusLon_2019,2,2,96,auroc@0.65,explore,esm2_wtm,0.5081605646228495,1.0,0.49183943537715047
DYR_ECOLI_Thompson_plusLon_2019,2,2,96,spearman@0.20,explore,esm2_wtm,0.5081605646228495,1.0,0.49183943537715047
DYR_ECOLI_Thompson_plusLon_2019,2,3,144,enrich@1.5,explore,esm2_wtm,0.5191527715187021,1.0,0.4808472284812979
DYR_ECOLI_Thompson_plusLon_2019,2,3,144,enrich@1.0,supervised,esm2_wtm,0.0,1.0,1.0
DYR_ECOLI_Thompson_plusLon_2019,2,3,144,auroc@0.55,esm2_wtm,esm2_wtm,1.0,1.0,0.0
DYR_ECOLI_Thompson_plusLon_2019,2,3,144,auroc@0.60,explore,esm2_wtm,0.5191527715187021,1.0,0.4808472284812979
DYR_ECOLI_Thompson_plusLon_2019,2,3,144,auroc@0.65,explore,esm2_wtm,0.5191527715187021,1.0,0.4808472284812979
DYR_ECOLI_Thompson_plusLon_2019,2,3,144,spearman@0.20,esm2_wtm,esm2_wtm,1.0,1.0,0.0
DYR_ECOLI_Thompson_plusLon_2019,3,0,0,enrich@1.5,explore,explore,0.4875158696572154,0.4875158696572154,0.0
DYR_ECOLI_Thompson_plusLon_2019,3,0,0,enrich@1.0,explore,explore,0.4875158696572154,0.4875158696572154,0.0
DYR_ECOLI_Thompson_plusLon_2019,3,0,0,auroc@0.55,explore,explore,0.4875158696572154,0.4875158696572154,0.0
DYR_ECOLI_Thompson_plusLon_2019,3,0,0,auroc@0.60,explore,explore,0.4875158696572154,0.4875158696572154,0.0
DYR_ECOLI_Thompson_plusLon_2019,3,0,0,auroc@0.65,explore,explore,0.4875158696572154,0.4875158696572154,0.0
DYR_ECOLI_Thompson_plusLon_2019,3,0,0,spearman@0.20,explore,explore,0.4875158696572154,0.4875158696572154,0.0
DYR_ECOLI_Thompson_plusLon_2019,3,1,48,enrich@1.5,explore,supervised,0.45615550755939527,1.0,0.5438444924406047
DYR_ECOLI_Thompson_plusLon_2019,3,1,48,enrich@1.0,explore,supervised,0.45615550755939527,1.0,0.5438444924406047
DYR_ECOLI_Thompson_plusLon_2019,3,1,48,auroc@0.55,esm2_wtm,supervised,0.0,1.0,1.0
DYR_ECOLI_Thompson_plusLon_2019,3,1,48,auroc@0.60,esm2_wtm,supervised,0.0,1.0,1.0
DYR_ECOLI_Thompson_plusLon_2019,3,1,48,auroc@0.65,esm2_wtm,supervised,0.0,1.0,1.0
DYR_ECOLI_Thompson_plusLon_2019,3,1,48,spearman@0.20,esm2_wtm,supervised,0.0,1.0,1.0
DYR_ECOLI_Thompson_plusLon_2019,3,2,96,enrich@1.5,explore,supervised,0.4658138509042788,1.0,0.5341861490957212
DYR_ECOLI_Thompson_plusLon_2019,3,2,96,enrich@1.0,explore,supervised,0.4658138509042788,1.0,0.5341861490957212
DYR_ECOLI_Thompson_plusLon_2019,3,2,96,auroc@0.55,esm2_wtm,supervised,0.0,1.0,1.0
DYR_ECOLI_Thompson_plusLon_2019,3,2,96,auroc@0.60,esm2_wtm,supervised,0.0,1.0,1.0
DYR_ECOLI_Thompson_plusLon_2019,3,2,96,auroc@0.65,esm2_wtm,supervised,0.0,1.0,1.0
DYR_ECOLI_Thompson_plusLon_2019,3,2,96,spearman@0.20,esm2_wtm,supervised,0.0,1.0,1.0
DYR_ECOLI_Thompson_plusLon_2019,3,3,144,enrich@1.5,explore,supervised,0.4758900405588103,1.0,0.5241099594411898
DYR_ECOLI_Thompson_plusLon_2019,3,3,144,enrich@1.0,esm2_wtm,supervised,0.0,1.0,1.0
DYR_ECOLI_Thompson_plusLon_2019,3,3,144,auroc@0.55,esm2_wtm,supervised,0.0,1.0,1.0
DYR_ECOLI_Thompson_plusLon_2019,3,3,144,auroc@0.60,esm2_wtm,supervised,0.0,1.0,1.0
DYR_ECOLI_Thompson_plusLon_2019,3,3,144,auroc@0.65,esm2_wtm,supervised,0.0,1.0,1.0
DYR_ECOLI_Thompson_plusLon_2019,3,3,144,spearman@0.20,esm2_wtm,supervised,0.0,1.0,1.0
DYR_ECOLI_Thompson_plusLon_2019,4,0,0,enrich@1.5,explore,explore,0.4875158696572154,0.4875158696572154,0.0
DYR_ECOLI_Thompson_plusLon_2019,4,0,0,enrich@1.0,explore,explore,0.4875158696572154,0.4875158696572154,0.0
DYR_ECOLI_Thompson_plusLon_2019,4,0,0,auroc@0.55,explore,explore,0.4875158696572154,0.4875158696572154,0.0
DYR_ECOLI_Thompson_plusLon_2019,4,0,0,auroc@0.60,explore,explore,0.4875158696572154,0.4875158696572154,0.0
DYR_ECOLI_Thompson_plusLon_2019,4,0,0,auroc@0.65,explore,explore,0.4875158696572154,0.4875158696572154,0.0
DYR_ECOLI_Thompson_plusLon_2019,4,0,0,spearman@0.20,explore,explore,0.4875158696572154,0.4875158696572154,0.0
DYR_ECOLI_Thompson_plusLon_2019,4,1,48,enrich@1.5,explore,explore,0.4976241900647948,0.4976241900647948,0.0
DYR_ECOLI_Thompson_plusLon_2019,4,1,48,enrich@1.0,explore,explore,0.4976241900647948,0.4976241900647948,0.0
DYR_ECOLI_Thompson_plusLon_2019,4,1,48,auroc@0.55,esm2_wtm,explore,0.0,0.4976241900647948,0.4976241900647948
DYR_ECOLI_Thompson_plusLon_2019,4,1,48,auroc@0.60,explore,explore,0.4976241900647948,0.4976241900647948,0.0
DYR_ECOLI_Thompson_plusLon_2019,4,1,48,auroc@0.65,explore,explore,0.4976241900647948,0.4976241900647948,0.0
DYR_ECOLI_Thompson_plusLon_2019,4,1,48,spearman@0.20,esm2_wtm,explore,0.0,0.4976241900647948,0.4976241900647948
DYR_ECOLI_Thompson_plusLon_2019,4,2,96,enrich@1.5,explore,explore,0.4869872077635642,0.4869872077635642,0.0
DYR_ECOLI_Thompson_plusLon_2019,4,2,96,enrich@1.0,explore,explore,0.4869872077635642,0.4869872077635642,0.0
DYR_ECOLI_Thompson_plusLon_2019,4,2,96,auroc@0.55,supervised,explore,0.0,0.4869872077635642,0.4869872077635642
DYR_ECOLI_Thompson_plusLon_2019,4,2,96,auroc@0.60,supervised,explore,0.0,0.4869872077635642,0.4869872077635642
DYR_ECOLI_Thompson_plusLon_2019,4,2,96,auroc@0.65,supervised,explore,0.0,0.4869872077635642,0.4869872077635642
DYR_ECOLI_Thompson_plusLon_2019,4,2,96,spearman@0.20,supervised,explore,0.0,0.4869872077635642,0.4869872077635642
DYR_ECOLI_Thompson_plusLon_2019,4,3,144,enrich@1.5,supervised,supervised,1.0,1.0,0.0
DYR_ECOLI_Thompson_plusLon_2019,4,3,144,enrich@1.0,supervised,supervised,1.0,1.0,0.0
DYR_ECOLI_Thompson_plusLon_2019,4,3,144,auroc@0.55,supervised,supervised,1.0,1.0,0.0
DYR_ECOLI_Thompson_plusLon_2019,4,3,144,auroc@0.60,supervised,supervised,1.0,1.0,0.0
DYR_ECOLI_Thompson_plusLon_2019,4,3,144,auroc@0.65,supervised,supervised,1.0,1.0,0.0
DYR_ECOLI_Thompson_plusLon_2019,4,3,144,spearman@0.20,esm2_wtm,supervised,0.0,1.0,1.0
DYR_ECOLI_Thompson_plusLon_2019,5,0,0,enrich@1.5,explore,explore,0.4875158696572154,0.4875158696572154,0.0
DYR_ECOLI_Thompson_plusLon_2019,5,0,0,enrich@1.0,explore,explore,0.4875158696572154,0.4875158696572154,0.0
DYR_ECOLI_Thompson_plusLon_2019,5,0,0,auroc@0.55,explore,explore,0.4875158696572154,0.4875158696572154,0.0
DYR_ECOLI_Thompson_plusLon_2019,5,0,0,auroc@0.60,explore,explore,0.4875158696572154,0.4875158696572154,0.0
DYR_ECOLI_Thompson_plusLon_2019,5,0,0,auroc@0.65,explore,explore,0.4875158696572154,0.4875158696572154,0.0
DYR_ECOLI_Thompson_plusLon_2019,5,0,0,spearman@0.20,explore,explore,0.4875158696572154,0.4875158696572154,0.0
DYR_ECOLI_Thompson_plusLon_2019,5,1,48,enrich@1.5,explore,supervised,0.45615550755939527,2.0,1.5438444924406047
DYR_ECOLI_Thompson_plusLon_2019,5,1,48,enrich@1.0,explore,supervised,0.45615550755939527,2.0,1.5438444924406047
DYR_ECOLI_Thompson_plusLon_2019,5,1,48,auroc@0.55,explore,supervised,0.45615550755939527,2.0,1.5438444924406047
DYR_ECOLI_Thompson_plusLon_2019,5,1,48,auroc@0.60,explore,supervised,0.45615550755939527,2.0,1.5438444924406047
DYR_ECOLI_Thompson_plusLon_2019,5,1,48,auroc@0.65,explore,supervised,0.45615550755939527,2.0,1.5438444924406047
DYR_ECOLI_Thompson_plusLon_2019,5,1,48,spearman@0.20,esm2_wtm,supervised,0.0,2.0,2.0
DYR_ECOLI_Thompson_plusLon_2019,5,2,96,enrich@1.5,supervised,supervised,3.0,3.0,0.0
DYR_ECOLI_Thompson_plusLon_2019,5,2,96,enrich@1.0,supervised,supervised,3.0,3.0,0.0
DYR_ECOLI_Thompson_plusLon_2019,5,2,96,auroc@0.55,supervised,supervised,3.0,3.0,0.0
DYR_ECOLI_Thompson_plusLon_2019,5,2,96,auroc@0.60,supervised,supervised,3.0,3.0,0.0
DYR_ECOLI_Thompson_plusLon_2019,5,2,96,auroc@0.65,supervised,supervised,3.0,3.0,0.0
DYR_ECOLI_Thompson_plusLon_2019,5,2,96,spearman@0.20,supervised,supervised,3.0,3.0,0.0
DYR_ECOLI_Thompson_plusLon_2019,5,3,144,enrich@1.5,explore,supervised,0.38936457863902657,1.0,0.6106354213609735
DYR_ECOLI_Thompson_plusLon_2019,5,3,144,enrich@1.0,supervised,supervised,1.0,1.0,0.0
DYR_ECOLI_Thompson_plusLon_2019,5,3,144,auroc@0.55,supervised,supervised,1.0,1.0,0.0
DYR_ECOLI_Thompson_plusLon_2019,5,3,144,auroc@0.60,explore,supervised,0.38936457863902657,1.0,0.6106354213609735
DYR_ECOLI_Thompson_plusLon_2019,5,3,144,auroc@0.65,explore,supervised,0.38936457863902657,1.0,0.6106354213609735
DYR_ECOLI_Thompson_plusLon_2019,5,3,144,spearman@0.20,supervised,supervised,1.0,1.0,0.0
DYR_ECOLI_Thompson_plusLon_2019,6,0,0,enrich@1.5,explore,explore,0.4875158696572154,0.4875158696572154,0.0
DYR_ECOLI_Thompson_plusLon_2019,6,0,0,enrich@1.0,explore,explore,0.4875158696572154,0.4875158696572154,0.0
DYR_ECOLI_Thompson_plusLon_2019,6,0,0,auroc@0.55,explore,explore,0.4875158696572154,0.4875158696572154,0.0
DYR_ECOLI_Thompson_plusLon_2019,6,0,0,auroc@0.60,explore,explore,0.4875158696572154,0.4875158696572154,0.0
DYR_ECOLI_Thompson_plusLon_2019,6,0,0,auroc@0.65,explore,explore,0.4875158696572154,0.4875158696572154,0.0
DYR_ECOLI_Thompson_plusLon_2019,6,0,0,spearman@0.20,explore,explore,0.4875158696572154,0.4875158696572154,0.0
DYR_ECOLI_Thompson_plusLon_2019,6,1,48,enrich@1.5,esm2_wtm,explore,0.0,0.4976241900647948,0.4976241900647948
DYR_ECOLI_Thompson_plusLon_2019,6,1,48,enrich@1.0,esm2_wtm,explore,0.0,0.4976241900647948,0.4976241900647948
DYR_ECOLI_Thompson_plusLon_2019,6,1,48,auroc@0.55,esm2_wtm,explore,0.0,0.4976241900647948,0.4976241900647948
DYR_ECOLI_Thompson_plusLon_2019,6,1,48,auroc@0.60,esm2_wtm,explore,0.0,0.4976241900647948,0.4976241900647948
DYR_ECOLI_Thompson_plusLon_2019,6,1,48,auroc@0.65,esm2_wtm,explore,0.0,0.4976241900647948,0.4976241900647948
DYR_ECOLI_Thompson_plusLon_2019,6,1,48,spearman@0.20,esm2_wtm,explore,0.0,0.4976241900647948,0.4976241900647948
DYR_ECOLI_Thompson_plusLon_2019,6,2,96,enrich@1.5,explore,esm2_wtm,0.5081605646228495,1.0,0.49183943537715047
DYR_ECOLI_Thompson_plusLon_2019,6,2,96,enrich@1.0,explore,esm2_wtm,0.5081605646228495,1.0,0.49183943537715047
DYR_ECOLI_Thompson_plusLon_2019,6,2,96,auroc@0.55,esm2_wtm,esm2_wtm,1.0,1.0,0.0
DYR_ECOLI_Thompson_plusLon_2019,6,2,96,auroc@0.60,esm2_wtm,esm2_wtm,1.0,1.0,0.0
DYR_ECOLI_Thompson_plusLon_2019,6,2,96,auroc@0.65,esm2_wtm,esm2_wtm,1.0,1.0,0.0
DYR_ECOLI_Thompson_plusLon_2019,6,2,96,spearman@0.20,supervised,esm2_wtm,0.0,1.0,1.0
DYR_ECOLI_Thompson_plusLon_2019,6,3,144,enrich@1.5,explore,supervised,0.5191527715187021,1.0,0.4808472284812979
DYR_ECOLI_Thompson_plusLon_2019,6,3,144,enrich@1.0,explore,supervised,0.5191527715187021,1.0,0.4808472284812979
DYR_ECOLI_Thompson_plusLon_2019,6,3,144,auroc@0.55,explore,supervised,0.5191527715187021,1.0,0.4808472284812979
DYR_ECOLI_Thompson_plusLon_2019,6,3,144,auroc@0.60,explore,supervised,0.5191527715187021,1.0,0.4808472284812979
DYR_ECOLI_Thompson_plusLon_2019,6,3,144,auroc@0.65,explore,supervised,0.5191527715187021,1.0,0.4808472284812979
DYR_ECOLI_Thompson_plusLon_2019,6,3,144,spearman@0.20,supervised,supervised,1.0,1.0,0.0
DYR_ECOLI_Thompson_plusLon_2019,7,0,0,enrich@1.5,explore,explore,0.4875158696572154,0.4875158696572154,0.0
DYR_ECOLI_Thompson_plusLon_2019,7,0,0,enrich@1.0,explore,explore,0.4875158696572154,0.4875158696572154,0.0
DYR_ECOLI_Thompson_plusLon_2019,7,0,0,auroc@0.55,explore,explore,0.4875158696572154,0.4875158696572154,0.0
DYR_ECOLI_Thompson_plusLon_2019,7,0,0,auroc@0.60,explore,explore,0.4875158696572154,0.4875158696572154,0.0
DYR_ECOLI_Thompson_plusLon_2019,7,0,0,auroc@0.65,explore,explore,0.4875158696572154,0.4875158696572154,0.0
DYR_ECOLI_Thompson_plusLon_2019,7,0,0,spearman@0.20,explore,explore,0.4875158696572154,0.4875158696572154,0.0
DYR_ECOLI_Thompson_plusLon_2019,7,1,48,enrich@1.5,supervised,supervised,3.0,3.0,0.0
DYR_ECOLI_Thompson_plusLon_2019,7,1,48,enrich@1.0,supervised,supervised,3.0,3.0,0.0
DYR_ECOLI_Thompson_plusLon_2019,7,1,48,auroc@0.55,supervised,supervised,3.0,3.0,0.0
DYR_ECOLI_Thompson_plusLon_2019,7,1,48,auroc@0.60,supervised,supervised,3.0,3.0,0.0
DYR_ECOLI_Thompson_plusLon_2019,7,1,48,auroc@0.65,explore,supervised,0.4976241900647948,3.0,2.5023758099352054
DYR_ECOLI_Thompson_plusLon_2019,7,1,48,spearman@0.20,esm2_wtm,supervised,0.0,3.0,3.0
DYR_ECOLI_Thompson_plusLon_2019,7,2,96,enrich@1.5,esm2_wtm,supervised,0.0,2.0,2.0
DYR_ECOLI_Thompson_plusLon_2019,7,2,96,enrich@1.0,esm2_wtm,supervised,0.0,2.0,2.0
DYR_ECOLI_Thompson_plusLon_2019,7,2,96,auroc@0.55,supervised,supervised,2.0,2.0,0.0
DYR_ECOLI_Thompson_plusLon_2019,7,2,96,auroc@0.60,supervised,supervised,2.0,2.0,0.0
DYR_ECOLI_Thompson_plusLon_2019,7,2,96,auroc@0.65,explore,supervised,0.4446404940449934,2.0,1.5553595059550065
DYR_ECOLI_Thompson_plusLon_2019,7,2,96,spearman@0.20,supervised,supervised,2.0,2.0,0.0
DYR_ECOLI_Thompson_plusLon_2019,7,3,144,enrich@1.5,supervised,supervised,2.0,2.0,0.0
DYR_ECOLI_Thompson_plusLon_2019,7,3,144,enrich@1.0,supervised,supervised,2.0,2.0,0.0
DYR_ECOLI_Thompson_plusLon_2019,7,3,144,auroc@0.55,supervised,supervised,2.0,2.0,0.0
DYR_ECOLI_Thompson_plusLon_2019,7,3,144,auroc@0.60,supervised,supervised,2.0,2.0,0.0
DYR_ECOLI_Thompson_plusLon_2019,7,3,144,auroc@0.65,supervised,supervised,2.0,2.0,0.0
DYR_ECOLI_Thompson_plusLon_2019,7,3,144,spearman@0.20,supervised,supervised,2.0,2.0,0.0
DYR_ECOLI_Thompson_plusLon_2019,8,0,0,enrich@1.5,explore,explore,0.4875158696572154,0.4875158696572154,0.0
DYR_ECOLI_Thompson_plusLon_2019,8,0,0,enrich@1.0,explore,explore,0.4875158696572154,0.4875158696572154,0.0
DYR_ECOLI_Thompson_plusLon_2019,8,0,0,auroc@0.55,explore,explore,0.4875158696572154,0.4875158696572154,0.0
DYR_ECOLI_Thompson_plusLon_2019,8,0,0,auroc@0.60,explore,explore,0.4875158696572154,0.4875158696572154,0.0
DYR_ECOLI_Thompson_plusLon_2019,8,0,0,auroc@0.65,explore,explore,0.4875158696572154,0.4875158696572154,0.0
DYR_ECOLI_Thompson_plusLon_2019,8,0,0,spearman@0.20,explore,explore,0.4875158696572154,0.4875158696572154,0.0
DYR_ECOLI_Thompson_plusLon_2019,8,1,48,enrich@1.5,esm2_wtm,supervised,0.0,2.0,2.0
DYR_ECOLI_Thompson_plusLon_2019,8,1,48,enrich@1.0,esm2_wtm,supervised,0.0,2.0,2.0
DYR_ECOLI_Thompson_plusLon_2019,8,1,48,auroc@0.55,esm2_wtm,supervised,0.0,2.0,2.0
DYR_ECOLI_Thompson_plusLon_2019,8,1,48,auroc@0.60,esm2_wtm,supervised,0.0,2.0,2.0
DYR_ECOLI_Thompson_plusLon_2019,8,1,48,auroc@0.65,esm2_wtm,supervised,0.0,2.0,2.0
DYR_ECOLI_Thompson_plusLon_2019,8,1,48,spearman@0.20,esm2_wtm,supervised,0.0,2.0,2.0
DYR_ECOLI_Thompson_plusLon_2019,8,2,96,enrich@1.5,explore,esm2_wtm,0.5081605646228495,1.0,0.49183943537715047
DYR_ECOLI_Thompson_plusLon_2019,8,2,96,enrich@1.0,explore,esm2_wtm,0.5081605646228495,1.0,0.49183943537715047
DYR_ECOLI_Thompson_plusLon_2019,8,2,96,auroc@0.55,esm2_wtm,esm2_wtm,1.0,1.0,0.0
DYR_ECOLI_Thompson_plusLon_2019,8,2,96,auroc@0.60,explore,esm2_wtm,0.5081605646228495,1.0,0.49183943537715047
DYR_ECOLI_Thompson_plusLon_2019,8,2,96,auroc@0.65,explore,esm2_wtm,0.5081605646228495,1.0,0.49183943537715047
DYR_ECOLI_Thompson_plusLon_2019,8,2,96,spearman@0.20,supervised,esm2_wtm,0.0,1.0,1.0
DYR_ECOLI_Thompson_plusLon_2019,8,3,144,enrich@1.5,supervised,supervised,2.0,2.0,0.0
DYR_ECOLI_Thompson_plusLon_2019,8,3,144,enrich@1.0,supervised,supervised,2.0,2.0,0.0
DYR_ECOLI_Thompson_plusLon_2019,8,3,144,auroc@0.55,supervised,supervised,2.0,2.0,0.0
DYR_ECOLI_Thompson_plusLon_2019,8,3,144,auroc@0.60,supervised,supervised,2.0,2.0,0.0
DYR_ECOLI_Thompson_plusLon_2019,8,3,144,auroc@0.65,explore,supervised,0.5191527715187021,2.0,1.480847228481298
DYR_ECOLI_Thompson_plusLon_2019,8,3,144,spearman@0.20,supervised,supervised,2.0,2.0,0.0
DYR_ECOLI_Thompson_plusLon_2019,9,0,0,enrich@1.5,explore,explore,0.4875158696572154,0.4875158696572154,0.0
DYR_ECOLI_Thompson_plusLon_2019,9,0,0,enrich@1.0,explore,explore,0.4875158696572154,0.4875158696572154,0.0
DYR_ECOLI_Thompson_plusLon_2019,9,0,0,auroc@0.55,explore,explore,0.4875158696572154,0.4875158696572154,0.0
DYR_ECOLI_Thompson_plusLon_2019,9,0,0,auroc@0.60,explore,explore,0.4875158696572154,0.4875158696572154,0.0
DYR_ECOLI_Thompson_plusLon_2019,9,0,0,auroc@0.65,explore,explore,0.4875158696572154,0.4875158696572154,0.0
DYR_ECOLI_Thompson_plusLon_2019,9,0,0,spearman@0.20,explore,explore,0.4875158696572154,0.4875158696572154,0.0
DYR_ECOLI_Thompson_plusLon_2019,9,1,48,enrich@1.5,supervised,explore,0.0,0.4976241900647948,0.4976241900647948
DYR_ECOLI_Thompson_plusLon_2019,9,1,48,enrich@1.0,supervised,explore,0.0,0.4976241900647948,0.4976241900647948
DYR_ECOLI_Thompson_plusLon_2019,9,1,48,auroc@0.55,supervised,explore,0.0,0.4976241900647948,0.4976241900647948
DYR_ECOLI_Thompson_plusLon_2019,9,1,48,auroc@0.60,supervised,explore,0.0,0.4976241900647948,0.4976241900647948
DYR_ECOLI_Thompson_plusLon_2019,9,1,48,auroc@0.65,supervised,explore,0.0,0.4976241900647948,0.4976241900647948
DYR_ECOLI_Thompson_plusLon_2019,9,1,48,spearman@0.20,esm2_wtm,explore,0.0,0.4976241900647948,0.4976241900647948
DYR_ECOLI_Thompson_plusLon_2019,9,2,96,enrich@1.5,supervised,supervised,1.0,1.0,0.0
DYR_ECOLI_Thompson_plusLon_2019,9,2,96,enrich@1.0,supervised,supervised,1.0,1.0,0.0
DYR_ECOLI_Thompson_plusLon_2019,9,2,96,auroc@0.55,supervised,supervised,1.0,1.0,0.0
DYR_ECOLI_Thompson_plusLon_2019,9,2,96,auroc@0.60,supervised,supervised,1.0,1.0,0.0
DYR_ECOLI_Thompson_plusLon_2019,9,2,96,auroc@0.65,supervised,supervised,1.0,1.0,0.0
DYR_ECOLI_Thompson_plusLon_2019,9,2,96,spearman@0.20,supervised,supervised,1.0,1.0,0.0
DYR_ECOLI_Thompson_plusLon_2019,9,3,144,enrich@1.5,supervised,supervised,1.0,1.0,0.0
DYR_ECOLI_Thompson_plusLon_2019,9,3,144,enrich@1.0,supervised,supervised,1.0,1.0,0.0
DYR_ECOLI_Thompson_plusLon_2019,9,3,144,auroc@0.55,supervised,supervised,1.0,1.0,0.0
DYR_ECOLI_Thompson_plusLon_2019,9,3,144,auroc@0.60,supervised,supervised,1.0,1.0,0.0
DYR_ECOLI_Thompson_plusLon_2019,9,3,144,auroc@0.65,supervised,supervised,1.0,1.0,0.0
DYR_ECOLI_Thompson_plusLon_2019,9,3,144,spearman@0.20,supervised,supervised,1.0,1.0,0.0
DYR_ECOLI_Thompson_plusLon_2019,10,0,0,enrich@1.5,explore,explore,0.4875158696572154,0.4875158696572154,0.0
DYR_ECOLI_Thompson_plusLon_2019,10,0,0,enrich@1.0,explore,explore,0.4875158696572154,0.4875158696572154,0.0
DYR_ECOLI_Thompson_plusLon_2019,10,0,0,auroc@0.55,explore,explore,0.4875158696572154,0.4875158696572154,0.0
DYR_ECOLI_Thompson_plusLon_2019,10,0,0,auroc@0.60,explore,explore,0.4875158696572154,0.4875158696572154,0.0
DYR_ECOLI_Thompson_plusLon_2019,10,0,0,auroc@0.65,explore,explore,0.4875158696572154,0.4875158696572154,0.0
DYR_ECOLI_Thompson_plusLon_2019,10,0,0,spearman@0.20,explore,explore,0.4875158696572154,0.4875158696572154,0.0
DYR_ECOLI_Thompson_plusLon_2019,10,1,48,enrich@1.5,esm2_wtm,explore,0.0,0.4976241900647948,0.4976241900647948
DYR_ECOLI_Thompson_plusLon_2019,10,1,48,enrich@1.0,esm2_wtm,explore,0.0,0.4976241900647948,0.4976241900647948
DYR_ECOLI_Thompson_plusLon_2019,10,1,48,auroc@0.55,esm2_wtm,explore,0.0,0.4976241900647948,0.4976241900647948
DYR_ECOLI_Thompson_plusLon_2019,10,1,48,auroc@0.60,esm2_wtm,explore,0.0,0.4976241900647948,0.4976241900647948
DYR_ECOLI_Thompson_plusLon_2019,10,1,48,auroc@0.65,esm2_wtm,explore,0.0,0.4976241900647948,0.4976241900647948
DYR_ECOLI_Thompson_plusLon_2019,10,1,48,spearman@0.20,esm2_wtm,explore,0.0,0.4976241900647948,0.4976241900647948
DYR_ECOLI_Thompson_plusLon_2019,10,2,96,enrich@1.5,explore,esm2_wtm,0.5081605646228495,1.0,0.49183943537715047
DYR_ECOLI_Thompson_plusLon_2019,10,2,96,enrich@1.0,explore,esm2_wtm,0.5081605646228495,1.0,0.49183943537715047
DYR_ECOLI_Thompson_plusLon_2019,10,2,96,auroc@0.55,esm2_wtm,esm2_wtm,1.0,1.0,0.0
DYR_ECOLI_Thompson_plusLon_2019,10,2,96,auroc@0.60,explore,esm2_wtm,0.5081605646228495,1.0,0.49183943537715047
DYR_ECOLI_Thompson_plusLon_2019,10,2,96,auroc@0.65,explore,esm2_wtm,0.5081605646228495,1.0,0.49183943537715047
DYR_ECOLI_Thompson_plusLon_2019,10,2,96,spearman@0.20,explore,esm2_wtm,0.5081605646228495,1.0,0.49183943537715047
DYR_ECOLI_Thompson_plusLon_2019,10,3,144,enrich@1.5,explore,esm2_wtm,0.5191527715187021,1.0,0.4808472284812979
DYR_ECOLI_Thompson_plusLon_2019,10,3,144,enrich@1.0,explore,esm2_wtm,0.5191527715187021,1.0,0.4808472284812979
DYR_ECOLI_Thompson_plusLon_2019,10,3,144,auroc@0.55,esm2_wtm,esm2_wtm,1.0,1.0,0.0
DYR_ECOLI_Thompson_plusLon_2019,10,3,144,auroc@0.60,explore,esm2_wtm,0.5191527715187021,1.0,0.4808472284812979
DYR_ECOLI_Thompson_plusLon_2019,10,3,144,auroc@0.65,explore,esm2_wtm,0.5191527715187021,1.0,0.4808472284812979
DYR_ECOLI_Thompson_plusLon_2019,10,3,144,spearman@0.20,esm2_wtm,esm2_wtm,1.0,1.0,0.0
DYR_ECOLI_Thompson_plusLon_2019,11,0,0,enrich@1.5,explore,explore,0.4875158696572154,0.4875158696572154,0.0
DYR_ECOLI_Thompson_plusLon_2019,11,0,0,enrich@1.0,explore,explore,0.4875158696572154,0.4875158696572154,0.0
DYR_ECOLI_Thompson_plusLon_2019,11,0,0,auroc@0.55,explore,explore,0.4875158696572154,0.4875158696572154,0.0
DYR_ECOLI_Thompson_plusLon_2019,11,0,0,auroc@0.60,explore,explore,0.4875158696572154,0.4875158696572154,0.0
DYR_ECOLI_Thompson_plusLon_2019,11,0,0,auroc@0.65,explore,explore,0.4875158696572154,0.4875158696572154,0.0
DYR_ECOLI_Thompson_plusLon_2019,11,0,0,spearman@0.20,explore,explore,0.4875158696572154,0.4875158696572154,0.0
DYR_ECOLI_Thompson_plusLon_2019,11,1,48,enrich@1.5,explore,explore,0.476889848812095,0.476889848812095,0.0
DYR_ECOLI_Thompson_plusLon_2019,11,1,48,enrich@1.0,explore,explore,0.476889848812095,0.476889848812095,0.0
DYR_ECOLI_Thompson_plusLon_2019,11,1,48,auroc@0.55,esm2_wtm,explore,0.0,0.476889848812095,0.476889848812095
DYR_ECOLI_Thompson_plusLon_2019,11,1,48,auroc@0.60,esm2_wtm,explore,0.0,0.476889848812095,0.476889848812095
DYR_ECOLI_Thompson_plusLon_2019,11,1,48,auroc@0.65,explore,explore,0.476889848812095,0.476889848812095,0.0
DYR_ECOLI_Thompson_plusLon_2019,11,1,48,spearman@0.20,esm2_wtm,explore,0.0,0.476889848812095,0.476889848812095
DYR_ECOLI_Thompson_plusLon_2019,11,2,96,enrich@1.5,explore,supervised,0.4869872077635642,2.0,1.5130127922364358
DYR_ECOLI_Thompson_plusLon_2019,11,2,96,enrich@1.0,explore,supervised,0.4869872077635642,2.0,1.5130127922364358
DYR_ECOLI_Thompson_plusLon_2019,11,2,96,auroc@0.55,esm2_wtm,supervised,0.0,2.0,2.0
DYR_ECOLI_Thompson_plusLon_2019,11,2,96,auroc@0.60,esm2_wtm,supervised,0.0,2.0,2.0
DYR_ECOLI_Thompson_plusLon_2019,11,2,96,auroc@0.65,explore,supervised,0.4869872077635642,2.0,1.5130127922364358
DYR_ECOLI_Thompson_plusLon_2019,11,2,96,spearman@0.20,esm2_wtm,supervised,0.0,2.0,2.0
DYR_ECOLI_Thompson_plusLon_2019,11,3,144,enrich@1.5,supervised,supervised,1.0,1.0,0.0
DYR_ECOLI_Thompson_plusLon_2019,11,3,144,enrich@1.0,supervised,supervised,1.0,1.0,0.0
DYR_ECOLI_Thompson_plusLon_2019,11,3,144,auroc@0.55,esm2_wtm,supervised,0.0,1.0,1.0
DYR_ECOLI_Thompson_plusLon_2019,11,3,144,auroc@0.60,explore,supervised,0.4975214060387562,1.0,0.5024785939612437
DYR_ECOLI_Thompson_plusLon_2019,11,3,144,auroc@0.65,explore,supervised,0.4975214060387562,1.0,0.5024785939612437
DYR_ECOLI_Thompson_plusLon_2019,11,3,144,spearman@0.20,esm2_wtm,supervised,0.0,1.0,1.0
DYR_ECOLI_Thompson_plusLon_2019,12,0,0,enrich@1.5,explore,explore,0.4875158696572154,0.4875158696572154,0.0
DYR_ECOLI_Thompson_plusLon_2019,12,0,0,enrich@1.0,explore,explore,0.4875158696572154,0.4875158696572154,0.0
DYR_ECOLI_Thompson_plusLon_2019,12,0,0,auroc@0.55,explore,explore,0.4875158696572154,0.4875158696572154,0.0
DYR_ECOLI_Thompson_plusLon_2019,12,0,0,auroc@0.60,explore,explore,0.4875158696572154,0.4875158696572154,0.0
DYR_ECOLI_Thompson_plusLon_2019,12,0,0,auroc@0.65,explore,explore,0.4875158696572154,0.4875158696572154,0.0
DYR_ECOLI_Thompson_plusLon_2019,12,0,0,spearman@0.20,explore,explore,0.4875158696572154,0.4875158696572154,0.0
DYR_ECOLI_Thompson_plusLon_2019,12,1,48,enrich@1.5,supervised,supervised,1.0,1.0,0.0
DYR_ECOLI_Thompson_plusLon_2019,12,1,48,enrich@1.0,supervised,supervised,1.0,1.0,0.0
DYR_ECOLI_Thompson_plusLon_2019,12,1,48,auroc@0.55,esm2_wtm,supervised,0.0,1.0,1.0
DYR_ECOLI_Thompson_plusLon_2019,12,1,48,auroc@0.60,esm2_wtm,supervised,0.0,1.0,1.0
DYR_ECOLI_Thompson_plusLon_2019,12,1,48,auroc@0.65,esm2_wtm,supervised,0.0,1.0,1.0
DYR_ECOLI_Thompson_plusLon_2019,12,1,48,spearman@0.20,esm2_wtm,supervised,0.0,1.0,1.0
DYR_ECOLI_Thompson_plusLon_2019,12,2,96,enrich@1.5,supervised,supervised,2.0,2.0,0.0
DYR_ECOLI_Thompson_plusLon_2019,12,2,96,enrich@1.0,supervised,supervised,2.0,2.0,0.0
DYR_ECOLI_Thompson_plusLon_2019,12,2,96,auroc@0.55,supervised,supervised,2.0,2.0,0.0
DYR_ECOLI_Thompson_plusLon_2019,12,2,96,auroc@0.60,supervised,supervised,2.0,2.0,0.0
DYR_ECOLI_Thompson_plusLon_2019,12,2,96,auroc@0.65,supervised,supervised,2.0,2.0,0.0
DYR_ECOLI_Thompson_plusLon_2019,12,2,96,spearman@0.20,esm2_wtm,supervised,0.0,2.0,2.0
DYR_ECOLI_Thompson_plusLon_2019,12,3,144,enrich@1.5,explore,supervised,0.45425867507886436,1.0,0.5457413249211356
DYR_ECOLI_Thompson_plusLon_2019,12,3,144,enrich@1.0,esm2_wtm,supervised,0.0,1.0,1.0
DYR_ECOLI_Thompson_plusLon_2019,12,3,144,auroc@0.55,supervised,supervised,1.0,1.0,0.0
DYR_ECOLI_Thompson_plusLon_2019,12,3,144,auroc@0.60,supervised,supervised,1.0,1.0,0.0
DYR_ECOLI_Thompson_plusLon_2019,12,3,144,auroc@0.65,supervised,supervised,1.0,1.0,0.0
DYR_ECOLI_Thompson_plusLon_2019,12,3,144,spearman@0.20,esm2_wtm,supervised,0.0,1.0,1.0
DYR_ECOLI_Thompson_plusLon_2019,13,0,0,enrich@1.5,explore,explore,0.4875158696572154,0.4875158696572154,0.0
DYR_ECOLI_Thompson_plusLon_2019,13,0,0,enrich@1.0,explore,explore,0.4875158696572154,0.4875158696572154,0.0
DYR_ECOLI_Thompson_plusLon_2019,13,0,0,auroc@0.55,explore,explore,0.4875158696572154,0.4875158696572154,0.0
DYR_ECOLI_Thompson_plusLon_2019,13,0,0,auroc@0.60,explore,explore,0.4875158696572154,0.4875158696572154,0.0
DYR_ECOLI_Thompson_plusLon_2019,13,0,0,auroc@0.65,explore,explore,0.4875158696572154,0.4875158696572154,0.0
DYR_ECOLI_Thompson_plusLon_2019,13,0,0,spearman@0.20,explore,explore,0.4875158696572154,0.4875158696572154,0.0
DYR_ECOLI_Thompson_plusLon_2019,13,1,48,enrich@1.5,supervised,explore,0.0,0.4976241900647948,0.4976241900647948
DYR_ECOLI_Thompson_plusLon_2019,13,1,48,enrich@1.0,supervised,explore,0.0,0.4976241900647948,0.4976241900647948
DYR_ECOLI_Thompson_plusLon_2019,13,1,48,auroc@0.55,explore,explore,0.4976241900647948,0.4976241900647948,0.0
DYR_ECOLI_Thompson_plusLon_2019,13,1,48,auroc@0.60,explore,explore,0.4976241900647948,0.4976241900647948,0.0
DYR_ECOLI_Thompson_plusLon_2019,13,1,48,auroc@0.65,explore,explore,0.4976241900647948,0.4976241900647948,0.0
DYR_ECOLI_Thompson_plusLon_2019,13,1,48,spearman@0.20,esm2_wtm,explore,0.0,0.4976241900647948,0.4976241900647948
DYR_ECOLI_Thompson_plusLon_2019,13,2,96,enrich@1.5,supervised,supervised,2.0,2.0,0.0
DYR_ECOLI_Thompson_plusLon_2019,13,2,96,enrich@1.0,supervised,supervised,2.0,2.0,0.0
DYR_ECOLI_Thompson_plusLon_2019,13,2,96,auroc@0.55,supervised,supervised,2.0,2.0,0.0
DYR_ECOLI_Thompson_plusLon_2019,13,2,96,auroc@0.60,supervised,supervised,2.0,2.0,0.0
DYR_ECOLI_Thompson_plusLon_2019,13,2,96,auroc@0.65,supervised,supervised,2.0,2.0,0.0
DYR_ECOLI_Thompson_plusLon_2019,13,2,96,spearman@0.20,supervised,supervised,2.0,2.0,0.0
DYR_ECOLI_Thompson_plusLon_2019,13,3,144,enrich@1.5,supervised,supervised,1.0,1.0,0.0
DYR_ECOLI_Thompson_plusLon_2019,13,3,144,enrich@1.0,supervised,supervised,1.0,1.0,0.0
DYR_ECOLI_Thompson_plusLon_2019,13,3,144,auroc@0.55,supervised,supervised,1.0,1.0,0.0
DYR_ECOLI_Thompson_plusLon_2019,13,3,144,auroc@0.60,supervised,supervised,1.0,1.0,0.0
DYR_ECOLI_Thompson_plusLon_2019,13,3,144,auroc@0.65,supervised,supervised,1.0,1.0,0.0
DYR_ECOLI_Thompson_plusLon_2019,13,3,144,spearman@0.20,supervised,supervised,1.0,1.0,0.0
DYR_ECOLI_Thompson_plusLon_2019,14,0,0,enrich@1.5,explore,explore,0.4875158696572154,0.4875158696572154,0.0
DYR_ECOLI_Thompson_plusLon_2019,14,0,0,enrich@1.0,explore,explore,0.4875158696572154,0.4875158696572154,0.0
DYR_ECOLI_Thompson_plusLon_2019,14,0,0,auroc@0.55,explore,explore,0.4875158696572154,0.4875158696572154,0.0
DYR_ECOLI_Thompson_plusLon_2019,14,0,0,auroc@0.60,explore,explore,0.4875158696572154,0.4875158696572154,0.0
DYR_ECOLI_Thompson_plusLon_2019,14,0,0,auroc@0.65,explore,explore,0.4875158696572154,0.4875158696572154,0.0
DYR_ECOLI_Thompson_plusLon_2019,14,0,0,spearman@0.20,explore,explore,0.4875158696572154,0.4875158696572154,0.0
DYR_ECOLI_Thompson_plusLon_2019,14,1,48,enrich@1.5,explore,supervised,0.476889848812095,1.0,0.523110151187905
DYR_ECOLI_Thompson_plusLon_2019,14,1,48,enrich@1.0,explore,supervised,0.476889848812095,1.0,0.523110151187905
DYR_ECOLI_Thompson_plusLon_2019,14,1,48,auroc@0.55,explore,supervised,0.476889848812095,1.0,0.523110151187905
DYR_ECOLI_Thompson_plusLon_2019,14,1,48,auroc@0.60,explore,supervised,0.476889848812095,1.0,0.523110151187905
DYR_ECOLI_Thompson_plusLon_2019,14,1,48,auroc@0.65,explore,supervised,0.476889848812095,1.0,0.523110151187905
DYR_ECOLI_Thompson_plusLon_2019,14,1,48,spearman@0.20,esm2_wtm,supervised,0.0,1.0,1.0
DYR_ECOLI_Thompson_plusLon_2019,14,2,96,enrich@1.5,explore,supervised,0.4869872077635642,1.0,0.5130127922364358
DYR_ECOLI_Thompson_plusLon_2019,14,2,96,enrich@1.0,explore,supervised,0.4869872077635642,1.0,0.5130127922364358
DYR_ECOLI_Thompson_plusLon_2019,14,2,96,auroc@0.55,esm2_wtm,supervised,0.0,1.0,1.0
DYR_ECOLI_Thompson_plusLon_2019,14,2,96,auroc@0.60,esm2_wtm,supervised,0.0,1.0,1.0
DYR_ECOLI_Thompson_plusLon_2019,14,2,96,auroc@0.65,esm2_wtm,supervised,0.0,1.0,1.0
DYR_ECOLI_Thompson_plusLon_2019,14,2,96,spearman@0.20,esm2_wtm,supervised,0.0,1.0,1.0
DYR_ECOLI_Thompson_plusLon_2019,14,3,144,enrich@1.5,explore,explore,0.4758900405588103,0.4758900405588103,0.0
DYR_ECOLI_Thompson_plusLon_2019,14,3,144,enrich@1.0,supervised,explore,0.0,0.4758900405588103,0.4758900405588103
DYR_ECOLI_Thompson_plusLon_2019,14,3,144,auroc@0.55,esm2_wtm,explore,0.0,0.4758900405588103,0.4758900405588103
DYR_ECOLI_Thompson_plusLon_2019,14,3,144,auroc@0.60,esm2_wtm,explore,0.0,0.4758900405588103,0.4758900405588103
DYR_ECOLI_Thompson_plusLon_2019,14,3,144,auroc@0.65,explore,explore,0.4758900405588103,0.4758900405588103,0.0
DYR_ECOLI_Thompson_plusLon_2019,14,3,144,spearman@0.20,esm2_wtm,explore,0.0,0.4758900405588103,0.4758900405588103
DYR_ECOLI_Thompson_plusLon_2019,15,0,0,enrich@1.5,explore,explore,0.4875158696572154,0.4875158696572154,0.0
DYR_ECOLI_Thompson_plusLon_2019,15,0,0,enrich@1.0,explore,explore,0.4875158696572154,0.4875158696572154,0.0
DYR_ECOLI_Thompson_plusLon_2019,15,0,0,auroc@0.55,explore,explore,0.4875158696572154,0.4875158696572154,0.0
DYR_ECOLI_Thompson_plusLon_2019,15,0,0,auroc@0.60,explore,explore,0.4875158696572154,0.4875158696572154,0.0
DYR_ECOLI_Thompson_plusLon_2019,15,0,0,auroc@0.65,explore,explore,0.4875158696572154,0.4875158696572154,0.0
DYR_ECOLI_Thompson_plusLon_2019,15,0,0,spearman@0.20,explore,explore,0.4875158696572154,0.4875158696572154,0.0
DYR_ECOLI_Thompson_plusLon_2019,15,1,48,enrich@1.5,explore,supervised,0.4976241900647948,1.0,0.5023758099352051
DYR_ECOLI_Thompson_plusLon_2019,15,1,48,enrich@1.0,explore,supervised,0.4976241900647948,1.0,0.5023758099352051
DYR_ECOLI_Thompson_plusLon_2019,15,1,48,auroc@0.55,esm2_wtm,supervised,0.0,1.0,1.0
DYR_ECOLI_Thompson_plusLon_2019,15,1,48,auroc@0.60,explore,supervised,0.4976241900647948,1.0,0.5023758099352051
DYR_ECOLI_Thompson_plusLon_2019,15,1,48,auroc@0.65,explore,supervised,0.4976241900647948,1.0,0.5023758099352051
DYR_ECOLI_Thompson_plusLon_2019,15,1,48,spearman@0.20,esm2_wtm,supervised,0.0,1.0,1.0
DYR_ECOLI_Thompson_plusLon_2019,15,2,96,enrich@1.5,esm2_wtm,explore,0.0,0.5081605646228495,0.5081605646228495
DYR_ECOLI_Thompson_plusLon_2019,15,2,96,enrich@1.0,esm2_wtm,explore,0.0,0.5081605646228495,0.5081605646228495
DYR_ECOLI_Thompson_plusLon_2019,15,2,96,auroc@0.55,esm2_wtm,explore,0.0,0.5081605646228495,0.5081605646228495
DYR_ECOLI_Thompson_plusLon_2019,15,2,96,auroc@0.60,esm2_wtm,explore,0.0,0.5081605646228495,0.5081605646228495
DYR_ECOLI_Thompson_plusLon_2019,15,2,96,auroc@0.65,explore,explore,0.5081605646228495,0.5081605646228495,0.0
DYR_ECOLI_Thompson_plusLon_2019,15,2,96,spearman@0.20,esm2_wtm,explore,0.0,0.5081605646228495,0.5081605646228495
DYR_ECOLI_Thompson_plusLon_2019,15,3,144,enrich@1.5,explore,esm2_wtm,0.5191527715187021,1.0,0.4808472284812979
DYR_ECOLI_Thompson_plusLon_2019,15,3,144,enrich@1.0,esm2_wtm,esm2_wtm,1.0,1.0,0.0
DYR_ECOLI_Thompson_plusLon_2019,15,3,144,auroc@0.55,esm2_wtm,esm2_wtm,1.0,1.0,0.0
DYR_ECOLI_Thompson_plusLon_2019,15,3,144,auroc@0.60,esm2_wtm,esm2_wtm,1.0,1.0,0.0
DYR_ECOLI_Thompson_plusLon_2019,15,3,144,auroc@0.65,explore,esm2_wtm,0.5191527715187021,1.0,0.4808472284812979
DYR_ECOLI_Thompson_plusLon_2019,15,3,144,spearman@0.20,esm2_wtm,esm2_wtm,1.0,1.0,0.0
DYR_ECOLI_Thompson_plusLon_2019,16,0,0,enrich@1.5,explore,explore,0.4875158696572154,0.4875158696572154,0.0
DYR_ECOLI_Thompson_plusLon_2019,16,0,0,enrich@1.0,explore,explore,0.4875158696572154,0.4875158696572154,0.0
DYR_ECOLI_Thompson_plusLon_2019,16,0,0,auroc@0.55,explore,explore,0.4875158696572154,0.4875158696572154,0.0
DYR_ECOLI_Thompson_plusLon_2019,16,0,0,auroc@0.60,explore,explore,0.4875158696572154,0.4875158696572154,0.0
DYR_ECOLI_Thompson_plusLon_2019,16,0,0,auroc@0.65,explore,explore,0.4875158696572154,0.4875158696572154,0.0
DYR_ECOLI_Thompson_plusLon_2019,16,0,0,spearman@0.20,explore,explore,0.4875158696572154,0.4875158696572154,0.0
DYR_ECOLI_Thompson_plusLon_2019,16,1,48,enrich@1.5,supervised,explore,0.0,0.4976241900647948,0.4976241900647948
DYR_ECOLI_Thompson_plusLon_2019,16,1,48,enrich@1.0,supervised,explore,0.0,0.4976241900647948,0.4976241900647948
DYR_ECOLI_Thompson_plusLon_2019,16,1,48,auroc@0.55,supervised,explore,0.0,0.4976241900647948,0.4976241900647948
DYR_ECOLI_Thompson_plusLon_2019,16,1,48,auroc@0.60,explore,explore,0.4976241900647948,0.4976241900647948,0.0
DYR_ECOLI_Thompson_plusLon_2019,16,1,48,auroc@0.65,explore,explore,0.4976241900647948,0.4976241900647948,0.0
DYR_ECOLI_Thompson_plusLon_2019,16,1,48,spearman@0.20,supervised,explore,0.0,0.4976241900647948,0.4976241900647948
DYR_ECOLI_Thompson_plusLon_2019,16,2,96,enrich@1.5,esm2_wtm,explore,0.0,0.5081605646228495,0.5081605646228495
DYR_ECOLI_Thompson_plusLon_2019,16,2,96,enrich@1.0,esm2_wtm,explore,0.0,0.5081605646228495,0.5081605646228495
DYR_ECOLI_Thompson_plusLon_2019,16,2,96,auroc@0.55,explore,explore,0.5081605646228495,0.5081605646228495,0.0
DYR_ECOLI_Thompson_plusLon_2019,16,2,96,auroc@0.60,explore,explore,0.5081605646228495,0.5081605646228495,0.0
DYR_ECOLI_Thompson_plusLon_2019,16,2,96,auroc@0.65,explore,explore,0.5081605646228495,0.5081605646228495,0.0
DYR_ECOLI_Thompson_plusLon_2019,16,2,96,spearman@0.20,esm2_wtm,explore,0.0,0.5081605646228495,0.5081605646228495
DYR_ECOLI_Thompson_plusLon_2019,16,3,144,enrich@1.5,explore,esm2_wtm,0.5191527715187021,1.0,0.4808472284812979
DYR_ECOLI_Thompson_plusLon_2019,16,3,144,enrich@1.0,esm2_wtm,esm2_wtm,1.0,1.0,0.0
DYR_ECOLI_Thompson_plusLon_2019,16,3,144,auroc@0.55,esm2_wtm,esm2_wtm,1.0,1.0,0.0
DYR_ECOLI_Thompson_plusLon_2019,16,3,144,auroc@0.60,esm2_wtm,esm2_wtm,1.0,1.0,0.0
DYR_ECOLI_Thompson_plusLon_2019,16,3,144,auroc@0.65,explore,esm2_wtm,0.5191527715187021,1.0,0.4808472284812979
DYR_ECOLI_Thompson_plusLon_2019,16,3,144,spearman@0.20,supervised,esm2_wtm,0.0,1.0,1.0
DYR_ECOLI_Thompson_plusLon_2019,17,0,0,enrich@1.5,explore,explore,0.4875158696572154,0.4875158696572154,0.0
DYR_ECOLI_Thompson_plusLon_2019,17,0,0,enrich@1.0,explore,explore,0.4875158696572154,0.4875158696572154,0.0
DYR_ECOLI_Thompson_plusLon_2019,17,0,0,auroc@0.55,explore,explore,0.4875158696572154,0.4875158696572154,0.0
DYR_ECOLI_Thompson_plusLon_2019,17,0,0,auroc@0.60,explore,explore,0.4875158696572154,0.4875158696572154,0.0
DYR_ECOLI_Thompson_plusLon_2019,17,0,0,auroc@0.65,explore,explore,0.4875158696572154,0.4875158696572154,0.0
DYR_ECOLI_Thompson_plusLon_2019,17,0,0,spearman@0.20,explore,explore,0.4875158696572154,0.4875158696572154,0.0
DYR_ECOLI_Thompson_plusLon_2019,17,1,48,enrich@1.5,supervised,explore,0.0,0.4976241900647948,0.4976241900647948
DYR_ECOLI_Thompson_plusLon_2019,17,1,48,enrich@1.0,supervised,explore,0.0,0.4976241900647948,0.4976241900647948
DYR_ECOLI_Thompson_plusLon_2019,17,1,48,auroc@0.55,esm2_wtm,explore,0.0,0.4976241900647948,0.4976241900647948
DYR_ECOLI_Thompson_plusLon_2019,17,1,48,auroc@0.60,esm2_wtm,explore,0.0,0.4976241900647948,0.4976241900647948
DYR_ECOLI_Thompson_plusLon_2019,17,1,48,auroc@0.65,explore,explore,0.4976241900647948,0.4976241900647948,0.0
DYR_ECOLI_Thompson_plusLon_2019,17,1,48,spearman@0.20,esm2_wtm,explore,0.0,0.4976241900647948,0.4976241900647948
DYR_ECOLI_Thompson_plusLon_2019,17,2,96,enrich@1.5,esm2_wtm,explore,0.0,0.5081605646228495,0.5081605646228495
DYR_ECOLI_Thompson_plusLon_2019,17,2,96,enrich@1.0,esm2_wtm,explore,0.0,0.5081605646228495,0.5081605646228495
DYR_ECOLI_Thompson_plusLon_2019,17,2,96,auroc@0.55,esm2_wtm,explore,0.0,0.5081605646228495,0.5081605646228495
DYR_ECOLI_Thompson_plusLon_2019,17,2,96,auroc@0.60,esm2_wtm,explore,0.0,0.5081605646228495,0.5081605646228495
DYR_ECOLI_Thompson_plusLon_2019,17,2,96,auroc@0.65,explore,explore,0.5081605646228495,0.5081605646228495,0.0
DYR_ECOLI_Thompson_plusLon_2019,17,2,96,spearman@0.20,esm2_wtm,explore,0.0,0.5081605646228495,0.5081605646228495
DYR_ECOLI_Thompson_plusLon_2019,17,3,144,enrich@1.5,explore,esm2_wtm,0.5191527715187021,1.0,0.4808472284812979
DYR_ECOLI_Thompson_plusLon_2019,17,3,144,enrich@1.0,explore,esm2_wtm,0.5191527715187021,1.0,0.4808472284812979
DYR_ECOLI_Thompson_plusLon_2019,17,3,144,auroc@0.55,supervised,esm2_wtm,0.0,1.0,1.0
DYR_ECOLI_Thompson_plusLon_2019,17,3,144,auroc@0.60,explore,esm2_wtm,0.5191527715187021,1.0,0.4808472284812979
DYR_ECOLI_Thompson_plusLon_2019,17,3,144,auroc@0.65,explore,esm2_wtm,0.5191527715187021,1.0,0.4808472284812979
DYR_ECOLI_Thompson_plusLon_2019,17,3,144,spearman@0.20,supervised,esm2_wtm,0.0,1.0,1.0
DYR_ECOLI_Thompson_plusLon_2019,18,0,0,enrich@1.5,explore,explore,0.4875158696572154,0.4875158696572154,0.0
DYR_ECOLI_Thompson_plusLon_2019,18,0,0,enrich@1.0,explore,explore,0.4875158696572154,0.4875158696572154,0.0
DYR_ECOLI_Thompson_plusLon_2019,18,0,0,auroc@0.55,explore,explore,0.4875158696572154,0.4875158696572154,0.0
DYR_ECOLI_Thompson_plusLon_2019,18,0,0,auroc@0.60,explore,explore,0.4875158696572154,0.4875158696572154,0.0
DYR_ECOLI_Thompson_plusLon_2019,18,0,0,auroc@0.65,explore,explore,0.4875158696572154,0.4875158696572154,0.0
DYR_ECOLI_Thompson_plusLon_2019,18,0,0,spearman@0.20,explore,explore,0.4875158696572154,0.4875158696572154,0.0
DYR_ECOLI_Thompson_plusLon_2019,18,1,48,enrich@1.5,esm2_wtm,supervised,0.0,1.0,1.0
DYR_ECOLI_Thompson_plusLon_2019,18,1,48,enrich@1.0,esm2_wtm,supervised,0.0,1.0,1.0
DYR_ECOLI_Thompson_plusLon_2019,18,1,48,auroc@0.55,esm2_wtm,supervised,0.0,1.0,1.0
DYR_ECOLI_Thompson_plusLon_2019,18,1,48,auroc@0.60,explore,supervised,0.4976241900647948,1.0,0.5023758099352051
DYR_ECOLI_Thompson_plusLon_2019,18,1,48,auroc@0.65,explore,supervised,0.4976241900647948,1.0,0.5023758099352051
DYR_ECOLI_Thompson_plusLon_2019,18,1,48,spearman@0.20,esm2_wtm,supervised,0.0,1.0,1.0
DYR_ECOLI_Thompson_plusLon_2019,18,2,96,enrich@1.5,explore,esm2_wtm,0.5081605646228495,1.0,0.49183943537715047
DYR_ECOLI_Thompson_plusLon_2019,18,2,96,enrich@1.0,explore,esm2_wtm,0.5081605646228495,1.0,0.49183943537715047
DYR_ECOLI_Thompson_plusLon_2019,18,2,96,auroc@0.55,esm2_wtm,esm2_wtm,1.0,1.0,0.0
DYR_ECOLI_Thompson_plusLon_2019,18,2,96,auroc@0.60,explore,esm2_wtm,0.5081605646228495,1.0,0.49183943537715047
DYR_ECOLI_Thompson_plusLon_2019,18,2,96,auroc@0.65,explore,esm2_wtm,0.5081605646228495,1.0,0.49183943537715047
DYR_ECOLI_Thompson_plusLon_2019,18,2,96,spearman@0.20,explore,esm2_wtm,0.5081605646228495,1.0,0.49183943537715047
DYR_ECOLI_Thompson_plusLon_2019,18,3,144,enrich@1.5,explore,esm2_wtm,0.5191527715187021,1.0,0.4808472284812979
DYR_ECOLI_Thompson_plusLon_2019,18,3,144,enrich@1.0,explore,esm2_wtm,0.5191527715187021,1.0,0.4808472284812979
DYR_ECOLI_Thompson_plusLon_2019,18,3,144,auroc@0.55,esm2_wtm,esm2_wtm,1.0,1.0,0.0
DYR_ECOLI_Thompson_plusLon_2019,18,3,144,auroc@0.60,explore,esm2_wtm,0.5191527715187021,1.0,0.4808472284812979
DYR_ECOLI_Thompson_plusLon_2019,18,3,144,auroc@0.65,explore,esm2_wtm,0.5191527715187021,1.0,0.4808472284812979
DYR_ECOLI_Thompson_plusLon_2019,18,3,144,spearman@0.20,esm2_wtm,esm2_wtm,1.0,1.0,0.0
DYR_ECOLI_Thompson_plusLon_2019,19,0,0,enrich@1.5,explore,explore,0.4875158696572154,0.4875158696572154,0.0
DYR_ECOLI_Thompson_plusLon_2019,19,0,0,enrich@1.0,explore,explore,0.4875158696572154,0.4875158696572154,0.0
DYR_ECOLI_Thompson_plusLon_2019,19,0,0,auroc@0.55,explore,explore,0.4875158696572154,0.4875158696572154,0.0
DYR_ECOLI_Thompson_plusLon_2019,19,0,0,auroc@0.60,explore,explore,0.4875158696572154,0.4875158696572154,0.0
DYR_ECOLI_Thompson_plusLon_2019,19,0,0,auroc@0.65,explore,explore,0.4875158696572154,0.4875158696572154,0.0
DYR_ECOLI_Thompson_plusLon_2019,19,0,0,spearman@0.20,explore,explore,0.4875158696572154,0.4875158696572154,0.0
DYR_ECOLI_Thompson_plusLon_2019,19,1,48,enrich@1.5,supervised,supervised,1.0,1.0,0.0
DYR_ECOLI_Thompson_plusLon_2019,19,1,48,enrich@1.0,supervised,supervised,1.0,1.0,0.0
DYR_ECOLI_Thompson_plusLon_2019,19,1,48,auroc@0.55,esm2_wtm,supervised,0.0,1.0,1.0
DYR_ECOLI_Thompson_plusLon_2019,19,1,48,auroc@0.60,esm2_wtm,supervised,0.0,1.0,1.0
DYR_ECOLI_Thompson_plusLon_2019,19,1,48,auroc@0.65,esm2_wtm,supervised,0.0,1.0,1.0
DYR_ECOLI_Thompson_plusLon_2019,19,1,48,spearman@0.20,esm2_wtm,supervised,0.0,1.0,1.0
DYR_ECOLI_Thompson_plusLon_2019,19,2,96,enrich@1.5,supervised,supervised,2.0,2.0,0.0
DYR_ECOLI_Thompson_plusLon_2019,19,2,96,enrich@1.0,supervised,supervised,2.0,2.0,0.0
DYR_ECOLI_Thompson_plusLon_2019,19,2,96,auroc@0.55,supervised,supervised,2.0,2.0,0.0
DYR_ECOLI_Thompson_plusLon_2019,19,2,96,auroc@0.60,supervised,supervised,2.0,2.0,0.0
DYR_ECOLI_Thompson_plusLon_2019,19,2,96,auroc@0.65,supervised,supervised,2.0,2.0,0.0
DYR_ECOLI_Thompson_plusLon_2019,19,2,96,spearman@0.20,supervised,supervised,2.0,2.0,0.0
DYR_ECOLI_Thompson_plusLon_2019,19,3,144,enrich@1.5,esm2_wtm,supervised,0.0,1.0,1.0
DYR_ECOLI_Thompson_plusLon_2019,19,3,144,enrich@1.0,esm2_wtm,supervised,0.0,1.0,1.0
DYR_ECOLI_Thompson_plusLon_2019,19,3,144,auroc@0.55,supervised,supervised,1.0,1.0,0.0
DYR_ECOLI_Thompson_plusLon_2019,19,3,144,auroc@0.60,supervised,supervised,1.0,1.0,0.0
DYR_ECOLI_Thompson_plusLon_2019,19,3,144,auroc@0.65,supervised,supervised,1.0,1.0,0.0
DYR_ECOLI_Thompson_plusLon_2019,19,3,144,spearman@0.20,supervised,supervised,1.0,1.0,0.0
DYR_ECOLI_Thompson_plusLon_2019,20,0,0,enrich@1.5,explore,explore,0.4875158696572154,0.4875158696572154,0.0
DYR_ECOLI_Thompson_plusLon_2019,20,0,0,enrich@1.0,explore,explore,0.4875158696572154,0.4875158696572154,0.0
DYR_ECOLI_Thompson_plusLon_2019,20,0,0,auroc@0.55,explore,explore,0.4875158696572154,0.4875158696572154,0.0
DYR_ECOLI_Thompson_plusLon_2019,20,0,0,auroc@0.60,explore,explore,0.4875158696572154,0.4875158696572154,0.0
DYR_ECOLI_Thompson_plusLon_2019,20,0,0,auroc@0.65,explore,explore,0.4875158696572154,0.4875158696572154,0.0
DYR_ECOLI_Thompson_plusLon_2019,20,0,0,spearman@0.20,explore,explore,0.4875158696572154,0.4875158696572154,0.0
DYR_ECOLI_Thompson_plusLon_2019,20,1,48,enrich@1.5,supervised,supervised,1.0,1.0,0.0
DYR_ECOLI_Thompson_plusLon_2019,20,1,48,enrich@1.0,supervised,supervised,1.0,1.0,0.0
DYR_ECOLI_Thompson_plusLon_2019,20,1,48,auroc@0.55,supervised,supervised,1.0,1.0,0.0
DYR_ECOLI_Thompson_plusLon_2019,20,1,48,auroc@0.60,supervised,supervised,1.0,1.0,0.0
DYR_ECOLI_Thompson_plusLon_2019,20,1,48,auroc@0.65,supervised,supervised,1.0,1.0,0.0
DYR_ECOLI_Thompson_plusLon_2019,20,1,48,spearman@0.20,supervised,supervised,1.0,1.0,0.0
DYR_ECOLI_Thompson_plusLon_2019,20,2,96,enrich@1.5,supervised,supervised,1.0,1.0,0.0
DYR_ECOLI_Thompson_plusLon_2019,20,2,96,enrich@1.0,supervised,supervised,1.0,1.0,0.0
DYR_ECOLI_Thompson_plusLon_2019,20,2,96,auroc@0.55,supervised,supervised,1.0,1.0,0.0
DYR_ECOLI_Thompson_plusLon_2019,20,2,96,auroc@0.60,supervised,supervised,1.0,1.0,0.0
DYR_ECOLI_Thompson_plusLon_2019,20,2,96,auroc@0.65,supervised,supervised,1.0,1.0,0.0
DYR_ECOLI_Thompson_plusLon_2019,20,2,96,spearman@0.20,esm2_wtm,supervised,0.0,1.0,1.0
DYR_ECOLI_Thompson_plusLon_2019,20,3,144,enrich@1.5,esm2_wtm,supervised,0.0,2.0,2.0
DYR_ECOLI_Thompson_plusLon_2019,20,3,144,enrich@1.0,esm2_wtm,supervised,0.0,2.0,2.0
DYR_ECOLI_Thompson_plusLon_2019,20,3,144,auroc@0.55,supervised,supervised,2.0,2.0,0.0
DYR_ECOLI_Thompson_plusLon_2019,20,3,144,auroc@0.60,supervised,supervised,2.0,2.0,0.0
DYR_ECOLI_Thompson_plusLon_2019,20,3,144,auroc@0.65,supervised,supervised,2.0,2.0,0.0
DYR_ECOLI_Thompson_plusLon_2019,20,3,144,spearman@0.20,supervised,supervised,2.0,2.0,0.0
DYR_ECOLI_Thompson_plusLon_2019,21,0,0,enrich@1.5,explore,explore,0.4875158696572154,0.4875158696572154,0.0
DYR_ECOLI_Thompson_plusLon_2019,21,0,0,enrich@1.0,explore,explore,0.4875158696572154,0.4875158696572154,0.0
DYR_ECOLI_Thompson_plusLon_2019,21,0,0,auroc@0.55,explore,explore,0.4875158696572154,0.4875158696572154,0.0
DYR_ECOLI_Thompson_plusLon_2019,21,0,0,auroc@0.60,explore,explore,0.4875158696572154,0.4875158696572154,0.0
DYR_ECOLI_Thompson_plusLon_2019,21,0,0,auroc@0.65,explore,explore,0.4875158696572154,0.4875158696572154,0.0
DYR_ECOLI_Thompson_plusLon_2019,21,0,0,spearman@0.20,explore,explore,0.4875158696572154,0.4875158696572154,0.0
DYR_ECOLI_Thompson_plusLon_2019,21,1,48,enrich@1.5,esm2_wtm,explore,0.0,0.4976241900647948,0.4976241900647948
DYR_ECOLI_Thompson_plusLon_2019,21,1,48,enrich@1.0,esm2_wtm,explore,0.0,0.4976241900647948,0.4976241900647948
DYR_ECOLI_Thompson_plusLon_2019,21,1,48,auroc@0.55,supervised,explore,0.0,0.4976241900647948,0.4976241900647948
DYR_ECOLI_Thompson_plusLon_2019,21,1,48,auroc@0.60,supervised,explore,0.0,0.4976241900647948,0.4976241900647948
DYR_ECOLI_Thompson_plusLon_2019,21,1,48,auroc@0.65,supervised,explore,0.0,0.4976241900647948,0.4976241900647948
DYR_ECOLI_Thompson_plusLon_2019,21,1,48,spearman@0.20,esm2_wtm,explore,0.0,0.4976241900647948,0.4976241900647948
DYR_ECOLI_Thompson_plusLon_2019,21,2,96,enrich@1.5,explore,esm2_wtm,0.5081605646228495,1.0,0.49183943537715047
DYR_ECOLI_Thompson_plusLon_2019,21,2,96,enrich@1.0,explore,esm2_wtm,0.5081605646228495,1.0,0.49183943537715047
DYR_ECOLI_Thompson_plusLon_2019,21,2,96,auroc@0.55,esm2_wtm,esm2_wtm,1.0,1.0,0.0
DYR_ECOLI_Thompson_plusLon_2019,21,2,96,auroc@0.60,explore,esm2_wtm,0.5081605646228495,1.0,0.49183943537715047
DYR_ECOLI_Thompson_plusLon_2019,21,2,96,auroc@0.65,explore,esm2_wtm,0.5081605646228495,1.0,0.49183943537715047
DYR_ECOLI_Thompson_plusLon_2019,21,2,96,spearman@0.20,supervised,esm2_wtm,0.0,1.0,1.0
DYR_ECOLI_Thompson_plusLon_2019,21,3,144,enrich@1.5,explore,esm2_wtm,0.4975214060387562,1.0,0.5024785939612437
DYR_ECOLI_Thompson_plusLon_2019,21,3,144,enrich@1.0,supervised,esm2_wtm,0.0,1.0,1.0
DYR_ECOLI_Thompson_plusLon_2019,21,3,144,auroc@0.55,esm2_wtm,esm2_wtm,1.0,1.0,0.0
DYR_ECOLI_Thompson_plusLon_2019,21,3,144,auroc@0.60,esm2_wtm,esm2_wtm,1.0,1.0,0.0
DYR_ECOLI_Thompson_plusLon_2019,21,3,144,auroc@0.65,explore,esm2_wtm,0.4975214060387562,1.0,0.5024785939612437
DYR_ECOLI_Thompson_plusLon_2019,21,3,144,spearman@0.20,supervised,esm2_wtm,0.0,1.0,1.0
DYR_ECOLI_Thompson_plusLon_2019,22,0,0,enrich@1.5,explore,explore,0.4875158696572154,0.4875158696572154,0.0
DYR_ECOLI_Thompson_plusLon_2019,22,0,0,enrich@1.0,explore,explore,0.4875158696572154,0.4875158696572154,0.0
DYR_ECOLI_Thompson_plusLon_2019,22,0,0,auroc@0.55,explore,explore,0.4875158696572154,0.4875158696572154,0.0
DYR_ECOLI_Thompson_plusLon_2019,22,0,0,auroc@0.60,explore,explore,0.4875158696572154,0.4875158696572154,0.0
DYR_ECOLI_Thompson_plusLon_2019,22,0,0,auroc@0.65,explore,explore,0.4875158696572154,0.4875158696572154,0.0
DYR_ECOLI_Thompson_plusLon_2019,22,0,0,spearman@0.20,explore,explore,0.4875158696572154,0.4875158696572154,0.0
DYR_ECOLI_Thompson_plusLon_2019,22,1,48,enrich@1.5,esm2_wtm,supervised,0.0,1.0,1.0
DYR_ECOLI_Thompson_plusLon_2019,22,1,48,enrich@1.0,esm2_wtm,supervised,0.0,1.0,1.0
DYR_ECOLI_Thompson_plusLon_2019,22,1,48,auroc@0.55,esm2_wtm,supervised,0.0,1.0,1.0
DYR_ECOLI_Thompson_plusLon_2019,22,1,48,auroc@0.60,esm2_wtm,supervised,0.0,1.0,1.0
DYR_ECOLI_Thompson_plusLon_2019,22,1,48,auroc@0.65,esm2_wtm,supervised,0.0,1.0,1.0
DYR_ECOLI_Thompson_plusLon_2019,22,1,48,spearman@0.20,esm2_wtm,supervised,0.0,1.0,1.0
DYR_ECOLI_Thompson_plusLon_2019,22,2,96,enrich@1.5,explore,esm2_wtm,0.5081605646228495,1.0,0.49183943537715047
DYR_ECOLI_Thompson_plusLon_2019,22,2,96,enrich@1.0,explore,esm2_wtm,0.5081605646228495,1.0,0.49183943537715047
DYR_ECOLI_Thompson_plusLon_2019,22,2,96,auroc@0.55,supervised,esm2_wtm,0.0,1.0,1.0
DYR_ECOLI_Thompson_plusLon_2019,22,2,96,auroc@0.60,supervised,esm2_wtm,0.0,1.0,1.0
DYR_ECOLI_Thompson_plusLon_2019,22,2,96,auroc@0.65,explore,esm2_wtm,0.5081605646228495,1.0,0.49183943537715047
DYR_ECOLI_Thompson_plusLon_2019,22,2,96,spearman@0.20,supervised,esm2_wtm,0.0,1.0,1.0
DYR_ECOLI_Thompson_plusLon_2019,22,3,144,enrich@1.5,explore,esm2_wtm,0.5191527715187021,1.0,0.4808472284812979
DYR_ECOLI_Thompson_plusLon_2019,22,3,144,enrich@1.0,explore,esm2_wtm,0.5191527715187021,1.0,0.4808472284812979
DYR_ECOLI_Thompson_plusLon_2019,22,3,144,auroc@0.55,supervised,esm2_wtm,0.0,1.0,1.0
DYR_ECOLI_Thompson_plusLon_2019,22,3,144,auroc@0.60,supervised,esm2_wtm,0.0,1.0,1.0
DYR_ECOLI_Thompson_plusLon_2019,22,3,144,auroc@0.65,supervised,esm2_wtm,0.0,1.0,1.0
DYR_ECOLI_Thompson_plusLon_2019,22,3,144,spearman@0.20,supervised,esm2_wtm,0.0,1.0,1.0
DYR_ECOLI_Thompson_plusLon_2019,23,0,0,enrich@1.5,explore,explore,0.4875158696572154,0.4875158696572154,0.0
DYR_ECOLI_Thompson_plusLon_2019,23,0,0,enrich@1.0,explore,explore,0.4875158696572154,0.4875158696572154,0.0
DYR_ECOLI_Thompson_plusLon_2019,23,0,0,auroc@0.55,explore,explore,0.4875158696572154,0.4875158696572154,0.0
DYR_ECOLI_Thompson_plusLon_2019,23,0,0,auroc@0.60,explore,explore,0.4875158696572154,0.4875158696572154,0.0
DYR_ECOLI_Thompson_plusLon_2019,23,0,0,auroc@0.65,explore,explore,0.4875158696572154,0.4875158696572154,0.0
DYR_ECOLI_Thompson_plusLon_2019,23,0,0,spearman@0.20,explore,explore,0.4875158696572154,0.4875158696572154,0.0
DYR_ECOLI_Thompson_plusLon_2019,23,1,48,enrich@1.5,supervised,explore,0.0,0.476889848812095,0.476889848812095
DYR_ECOLI_Thompson_plusLon_2019,23,1,48,enrich@1.0,supervised,explore,0.0,0.476889848812095,0.476889848812095
DYR_ECOLI_Thompson_plusLon_2019,23,1,48,auroc@0.55,supervised,explore,0.0,0.476889848812095,0.476889848812095
DYR_ECOLI_Thompson_plusLon_2019,23,1,48,auroc@0.60,supervised,explore,0.0,0.476889848812095,0.476889848812095
DYR_ECOLI_Thompson_plusLon_2019,23,1,48,auroc@0.65,explore,explore,0.476889848812095,0.476889848812095,0.0
DYR_ECOLI_Thompson_plusLon_2019,23,1,48,spearman@0.20,esm2_wtm,explore,0.0,0.476889848812095,0.476889848812095
DYR_ECOLI_Thompson_plusLon_2019,23,2,96,enrich@1.5,supervised,explore,0.0,0.4869872077635642,0.4869872077635642
DYR_ECOLI_Thompson_plusLon_2019,23,2,96,enrich@1.0,supervised,explore,0.0,0.4869872077635642,0.4869872077635642
DYR_ECOLI_Thompson_plusLon_2019,23,2,96,auroc@0.55,supervised,explore,0.0,0.4869872077635642,0.4869872077635642
DYR_ECOLI_Thompson_plusLon_2019,23,2,96,auroc@0.60,supervised,explore,0.0,0.4869872077635642,0.4869872077635642
DYR_ECOLI_Thompson_plusLon_2019,23,2,96,auroc@0.65,explore,explore,0.4869872077635642,0.4869872077635642,0.0
DYR_ECOLI_Thompson_plusLon_2019,23,2,96,spearman@0.20,esm2_wtm,explore,0.0,0.4869872077635642,0.4869872077635642
DYR_ECOLI_Thompson_plusLon_2019,23,3,144,enrich@1.5,esm2_wtm,explore,0.0,0.4975214060387562,0.4975214060387562
DYR_ECOLI_Thompson_plusLon_2019,23,3,144,enrich@1.0,esm2_wtm,explore,0.0,0.4975214060387562,0.4975214060387562
DYR_ECOLI_Thompson_plusLon_2019,23,3,144,auroc@0.55,supervised,explore,0.0,0.4975214060387562,0.4975214060387562
DYR_ECOLI_Thompson_plusLon_2019,23,3,144,auroc@0.60,supervised,explore,0.0,0.4975214060387562,0.4975214060387562
DYR_ECOLI_Thompson_plusLon_2019,23,3,144,auroc@0.65,explore,explore,0.4975214060387562,0.4975214060387562,0.0
DYR_ECOLI_Thompson_plusLon_2019,23,3,144,spearman@0.20,esm2_wtm,explore,0.0,0.4975214060387562,0.4975214060387562
DYR_ECOLI_Thompson_plusLon_2019,24,0,0,enrich@1.5,explore,explore,0.4875158696572154,0.4875158696572154,0.0
DYR_ECOLI_Thompson_plusLon_2019,24,0,0,enrich@1.0,explore,explore,0.4875158696572154,0.4875158696572154,0.0
DYR_ECOLI_Thompson_plusLon_2019,24,0,0,auroc@0.55,explore,explore,0.4875158696572154,0.4875158696572154,0.0
DYR_ECOLI_Thompson_plusLon_2019,24,0,0,auroc@0.60,explore,explore,0.4875158696572154,0.4875158696572154,0.0
DYR_ECOLI_Thompson_plusLon_2019,24,0,0,auroc@0.65,explore,explore,0.4875158696572154,0.4875158696572154,0.0
DYR_ECOLI_Thompson_plusLon_2019,24,0,0,spearman@0.20,explore,explore,0.4875158696572154,0.4875158696572154,0.0
DYR_ECOLI_Thompson_plusLon_2019,24,1,48,enrich@1.5,esm2_wtm,explore,0.0,0.476889848812095,0.476889848812095
DYR_ECOLI_Thompson_plusLon_2019,24,1,48,enrich@1.0,esm2_wtm,explore,0.0,0.476889848812095,0.476889848812095
DYR_ECOLI_Thompson_plusLon_2019,24,1,48,auroc@0.55,esm2_wtm,explore,0.0,0.476889848812095,0.476889848812095
DYR_ECOLI_Thompson_plusLon_2019,24,1,48,auroc@0.60,esm2_wtm,explore,0.0,0.476889848812095,0.476889848812095
DYR_ECOLI_Thompson_plusLon_2019,24,1,48,auroc@0.65,esm2_wtm,explore,0.0,0.476889848812095,0.476889848812095
DYR_ECOLI_Thompson_plusLon_2019,24,1,48,spearman@0.20,esm2_wtm,explore,0.0,0.476889848812095,0.476889848812095
DYR_ECOLI_Thompson_plusLon_2019,24,2,96,enrich@1.5,explore,esm2_wtm,0.4869872077635642,1.0,0.5130127922364358
DYR_ECOLI_Thompson_plusLon_2019,24,2,96,enrich@1.0,explore,esm2_wtm,0.4869872077635642,1.0,0.5130127922364358
DYR_ECOLI_Thompson_plusLon_2019,24,2,96,auroc@0.55,esm2_wtm,esm2_wtm,1.0,1.0,0.0
DYR_ECOLI_Thompson_plusLon_2019,24,2,96,auroc@0.60,esm2_wtm,esm2_wtm,1.0,1.0,0.0
DYR_ECOLI_Thompson_plusLon_2019,24,2,96,auroc@0.65,explore,esm2_wtm,0.4869872077635642,1.0,0.5130127922364358
DYR_ECOLI_Thompson_plusLon_2019,24,2,96,spearman@0.20,supervised,esm2_wtm,0.0,1.0,1.0
DYR_ECOLI_Thompson_plusLon_2019,24,3,144,enrich@1.5,explore,esm2_wtm,0.4975214060387562,1.0,0.5024785939612437
DYR_ECOLI_Thompson_plusLon_2019,24,3,144,enrich@1.0,supervised,esm2_wtm,0.0,1.0,1.0
DYR_ECOLI_Thompson_plusLon_2019,24,3,144,auroc@0.55,supervised,esm2_wtm,0.0,1.0,1.0
DYR_ECOLI_Thompson_plusLon_2019,24,3,144,auroc@0.60,supervised,esm2_wtm,0.0,1.0,1.0
DYR_ECOLI_Thompson_plusLon_2019,24,3,144,auroc@0.65,explore,esm2_wtm,0.4975214060387562,1.0,0.5024785939612437
DYR_ECOLI_Thompson_plusLon_2019,24,3,144,spearman@0.20,supervised,esm2_wtm,0.0,1.0,1.0
DYR_ECOLI_Thompson_plusLon_2019,25,0,0,enrich@1.5,explore,explore,0.4875158696572154,0.4875158696572154,0.0
DYR_ECOLI_Thompson_plusLon_2019,25,0,0,enrich@1.0,explore,explore,0.4875158696572154,0.4875158696572154,0.0
DYR_ECOLI_Thompson_plusLon_2019,25,0,0,auroc@0.55,explore,explore,0.4875158696572154,0.4875158696572154,0.0
DYR_ECOLI_Thompson_plusLon_2019,25,0,0,auroc@0.60,explore,explore,0.4875158696572154,0.4875158696572154,0.0
DYR_ECOLI_Thompson_plusLon_2019,25,0,0,auroc@0.65,explore,explore,0.4875158696572154,0.4875158696572154,0.0
DYR_ECOLI_Thompson_plusLon_2019,25,0,0,spearman@0.20,explore,explore,0.4875158696572154,0.4875158696572154,0.0
DYR_ECOLI_Thompson_plusLon_2019,25,1,48,enrich@1.5,explore,explore,0.4976241900647948,0.4976241900647948,0.0
DYR_ECOLI_Thompson_plusLon_2019,25,1,48,enrich@1.0,explore,explore,0.4976241900647948,0.4976241900647948,0.0
DYR_ECOLI_Thompson_plusLon_2019,25,1,48,auroc@0.55,esm2_wtm,explore,0.0,0.4976241900647948,0.4976241900647948
DYR_ECOLI_Thompson_plusLon_2019,25,1,48,auroc@0.60,esm2_wtm,explore,0.0,0.4976241900647948,0.4976241900647948
DYR_ECOLI_Thompson_plusLon_2019,25,1,48,auroc@0.65,explore,explore,0.4976241900647948,0.4976241900647948,0.0
DYR_ECOLI_Thompson_plusLon_2019,25,1,48,spearman@0.20,esm2_wtm,explore,0.0,0.4976241900647948,0.4976241900647948
DYR_ECOLI_Thompson_plusLon_2019,25,2,96,enrich@1.5,explore,explore,0.5081605646228495,0.5081605646228495,0.0
DYR_ECOLI_Thompson_plusLon_2019,25,2,96,enrich@1.0,explore,explore,0.5081605646228495,0.5081605646228495,0.0
DYR_ECOLI_Thompson_plusLon_2019,25,2,96,auroc@0.55,explore,explore,0.5081605646228495,0.5081605646228495,0.0
DYR_ECOLI_Thompson_plusLon_2019,25,2,96,auroc@0.60,explore,explore,0.5081605646228495,0.5081605646228495,0.0
DYR_ECOLI_Thompson_plusLon_2019,25,2,96,auroc@0.65,explore,explore,0.5081605646228495,0.5081605646228495,0.0
DYR_ECOLI_Thompson_plusLon_2019,25,2,96,spearman@0.20,esm2_wtm,explore,0.0,0.5081605646228495,0.5081605646228495
DYR_ECOLI_Thompson_plusLon_2019,25,3,144,enrich@1.5,explore,explore,0.5191527715187021,0.5191527715187021,0.0
DYR_ECOLI_Thompson_plusLon_2019,25,3,144,enrich@1.0,esm2_wtm,explore,0.0,0.5191527715187021,0.5191527715187021
DYR_ECOLI_Thompson_plusLon_2019,25,3,144,auroc@0.55,supervised,explore,0.0,0.5191527715187021,0.5191527715187021
DYR_ECOLI_Thompson_plusLon_2019,25,3,144,auroc@0.60,explore,explore,0.5191527715187021,0.5191527715187021,0.0
DYR_ECOLI_Thompson_plusLon_2019,25,3,144,auroc@0.65,explore,explore,0.5191527715187021,0.5191527715187021,0.0
DYR_ECOLI_Thompson_plusLon_2019,25,3,144,spearman@0.20,esm2_wtm,explore,0.0,0.5191527715187021,0.5191527715187021
DYR_ECOLI_Thompson_plusLon_2019,26,0,0,enrich@1.5,explore,explore,0.4875158696572154,0.4875158696572154,0.0
DYR_ECOLI_Thompson_plusLon_2019,26,0,0,enrich@1.0,explore,explore,0.4875158696572154,0.4875158696572154,0.0
DYR_ECOLI_Thompson_plusLon_2019,26,0,0,auroc@0.55,explore,explore,0.4875158696572154,0.4875158696572154,0.0
DYR_ECOLI_Thompson_plusLon_2019,26,0,0,auroc@0.60,explore,explore,0.4875158696572154,0.4875158696572154,0.0
DYR_ECOLI_Thompson_plusLon_2019,26,0,0,auroc@0.65,explore,explore,0.4875158696572154,0.4875158696572154,0.0
DYR_ECOLI_Thompson_plusLon_2019,26,0,0,spearman@0.20,explore,explore,0.4875158696572154,0.4875158696572154,0.0
DYR_ECOLI_Thompson_plusLon_2019,26,1,48,enrich@1.5,explore,explore,0.4976241900647948,0.4976241900647948,0.0
DYR_ECOLI_Thompson_plusLon_2019,26,1,48,enrich@1.0,explore,explore,0.4976241900647948,0.4976241900647948,0.0
DYR_ECOLI_Thompson_plusLon_2019,26,1,48,auroc@0.55,esm2_wtm,explore,0.0,0.4976241900647948,0.4976241900647948
DYR_ECOLI_Thompson_plusLon_2019,26,1,48,auroc@0.60,esm2_wtm,explore,0.0,0.4976241900647948,0.4976241900647948
DYR_ECOLI_Thompson_plusLon_2019,26,1,48,auroc@0.65,esm2_wtm,explore,0.0,0.4976241900647948,0.4976241900647948
DYR_ECOLI_Thompson_plusLon_2019,26,1,48,spearman@0.20,esm2_wtm,explore,0.0,0.4976241900647948,0.4976241900647948
DYR_ECOLI_Thompson_plusLon_2019,26,2,96,enrich@1.5,explore,explore,0.4869872077635642,0.4869872077635642,0.0
DYR_ECOLI_Thompson_plusLon_2019,26,2,96,enrich@1.0,explore,explore,0.4869872077635642,0.4869872077635642,0.0
DYR_ECOLI_Thompson_plusLon_2019,26,2,96,auroc@0.55,esm2_wtm,explore,0.0,0.4869872077635642,0.4869872077635642
DYR_ECOLI_Thompson_plusLon_2019,26,2,96,auroc@0.60,esm2_wtm,explore,0.0,0.4869872077635642,0.4869872077635642
DYR_ECOLI_Thompson_plusLon_2019,26,2,96,auroc@0.65,esm2_wtm,explore,0.0,0.4869872077635642,0.4869872077635642
DYR_ECOLI_Thompson_plusLon_2019,26,2,96,spearman@0.20,esm2_wtm,explore,0.0,0.4869872077635642,0.4869872077635642
DYR_ECOLI_Thompson_plusLon_2019,26,3,144,enrich@1.5,explore,explore,0.4758900405588103,0.4758900405588103,0.0
DYR_ECOLI_Thompson_plusLon_2019,26,3,144,enrich@1.0,supervised,explore,0.0,0.4758900405588103,0.4758900405588103
DYR_ECOLI_Thompson_plusLon_2019,26,3,144,auroc@0.55,esm2_wtm,explore,0.0,0.4758900405588103,0.4758900405588103
DYR_ECOLI_Thompson_plusLon_2019,26,3,144,auroc@0.60,esm2_wtm,explore,0.0,0.4758900405588103,0.4758900405588103
DYR_ECOLI_Thompson_plusLon_2019,26,3,144,auroc@0.65,esm2_wtm,explore,0.0,0.4758900405588103,0.4758900405588103
DYR_ECOLI_Thompson_plusLon_2019,26,3,144,spearman@0.20,esm2_wtm,explore,0.0,0.4758900405588103,0.4758900405588103
DYR_ECOLI_Thompson_plusLon_2019,27,0,0,enrich@1.5,explore,explore,0.4875158696572154,0.4875158696572154,0.0
DYR_ECOLI_Thompson_plusLon_2019,27,0,0,enrich@1.0,explore,explore,0.4875158696572154,0.4875158696572154,0.0
DYR_ECOLI_Thompson_plusLon_2019,27,0,0,auroc@0.55,explore,explore,0.4875158696572154,0.4875158696572154,0.0
DYR_ECOLI_Thompson_plusLon_2019,27,0,0,auroc@0.60,explore,explore,0.4875158696572154,0.4875158696572154,0.0
DYR_ECOLI_Thompson_plusLon_2019,27,0,0,auroc@0.65,explore,explore,0.4875158696572154,0.4875158696572154,0.0
DYR_ECOLI_Thompson_plusLon_2019,27,0,0,spearman@0.20,explore,explore,0.4875158696572154,0.4875158696572154,0.0
DYR_ECOLI_Thompson_plusLon_2019,27,1,48,enrich@1.5,supervised,explore,0.0,0.4976241900647948,0.4976241900647948
DYR_ECOLI_Thompson_plusLon_2019,27,1,48,enrich@1.0,supervised,explore,0.0,0.4976241900647948,0.4976241900647948
DYR_ECOLI_Thompson_plusLon_2019,27,1,48,auroc@0.55,esm2_wtm,explore,0.0,0.4976241900647948,0.4976241900647948
DYR_ECOLI_Thompson_plusLon_2019,27,1,48,auroc@0.60,esm2_wtm,explore,0.0,0.4976241900647948,0.4976241900647948
DYR_ECOLI_Thompson_plusLon_2019,27,1,48,auroc@0.65,esm2_wtm,explore,0.0,0.4976241900647948,0.4976241900647948
DYR_ECOLI_Thompson_plusLon_2019,27,1,48,spearman@0.20,esm2_wtm,explore,0.0,0.4976241900647948,0.4976241900647948
DYR_ECOLI_Thompson_plusLon_2019,27,2,96,enrich@1.5,esm2_wtm,explore,0.0,0.5081605646228495,0.5081605646228495
DYR_ECOLI_Thompson_plusLon_2019,27,2,96,enrich@1.0,esm2_wtm,explore,0.0,0.5081605646228495,0.5081605646228495
DYR_ECOLI_Thompson_plusLon_2019,27,2,96,auroc@0.55,supervised,explore,0.0,0.5081605646228495,0.5081605646228495
DYR_ECOLI_Thompson_plusLon_2019,27,2,96,auroc@0.60,supervised,explore,0.0,0.5081605646228495,0.5081605646228495
DYR_ECOLI_Thompson_plusLon_2019,27,2,96,auroc@0.65,supervised,explore,0.0,0.5081605646228495,0.5081605646228495
DYR_ECOLI_Thompson_plusLon_2019,27,2,96,spearman@0.20,supervised,explore,0.0,0.5081605646228495,0.5081605646228495
DYR_ECOLI_Thompson_plusLon_2019,27,3,144,enrich@1.5,supervised,esm2_wtm,0.0,1.0,1.0
DYR_ECOLI_Thompson_plusLon_2019,27,3,144,enrich@1.0,supervised,esm2_wtm,0.0,1.0,1.0
DYR_ECOLI_Thompson_plusLon_2019,27,3,144,auroc@0.55,supervised,esm2_wtm,0.0,1.0,1.0
DYR_ECOLI_Thompson_plusLon_2019,27,3,144,auroc@0.60,supervised,esm2_wtm,0.0,1.0,1.0
DYR_ECOLI_Thompson_plusLon_2019,27,3,144,auroc@0.65,supervised,esm2_wtm,0.0,1.0,1.0
DYR_ECOLI_Thompson_plusLon_2019,27,3,144,spearman@0.20,supervised,esm2_wtm,0.0,1.0,1.0
DYR_ECOLI_Thompson_plusLon_2019,28,0,0,enrich@1.5,explore,explore,0.4875158696572154,0.4875158696572154,0.0
DYR_ECOLI_Thompson_plusLon_2019,28,0,0,enrich@1.0,explore,explore,0.4875158696572154,0.4875158696572154,0.0
DYR_ECOLI_Thompson_plusLon_2019,28,0,0,auroc@0.55,explore,explore,0.4875158696572154,0.4875158696572154,0.0
DYR_ECOLI_Thompson_plusLon_2019,28,0,0,auroc@0.60,explore,explore,0.4875158696572154,0.4875158696572154,0.0
DYR_ECOLI_Thompson_plusLon_2019,28,0,0,auroc@0.65,explore,explore,0.4875158696572154,0.4875158696572154,0.0
DYR_ECOLI_Thompson_plusLon_2019,28,0,0,spearman@0.20,explore,explore,0.4875158696572154,0.4875158696572154,0.0
DYR_ECOLI_Thompson_plusLon_2019,28,1,48,enrich@1.5,esm2_wtm,explore,0.0,0.476889848812095,0.476889848812095
DYR_ECOLI_Thompson_plusLon_2019,28,1,48,enrich@1.0,esm2_wtm,explore,0.0,0.476889848812095,0.476889848812095
DYR_ECOLI_Thompson_plusLon_2019,28,1,48,auroc@0.55,esm2_wtm,explore,0.0,0.476889848812095,0.476889848812095
DYR_ECOLI_Thompson_plusLon_2019,28,1,48,auroc@0.60,esm2_wtm,explore,0.0,0.476889848812095,0.476889848812095
DYR_ECOLI_Thompson_plusLon_2019,28,1,48,auroc@0.65,explore,explore,0.476889848812095,0.476889848812095,0.0
DYR_ECOLI_Thompson_plusLon_2019,28,1,48,spearman@0.20,esm2_wtm,explore,0.0,0.476889848812095,0.476889848812095
DYR_ECOLI_Thompson_plusLon_2019,28,2,96,enrich@1.5,explore,esm2_wtm,0.4869872077635642,1.0,0.5130127922364358
DYR_ECOLI_Thompson_plusLon_2019,28,2,96,enrich@1.0,explore,esm2_wtm,0.4869872077635642,1.0,0.5130127922364358
DYR_ECOLI_Thompson_plusLon_2019,28,2,96,auroc@0.55,esm2_wtm,esm2_wtm,1.0,1.0,0.0
DYR_ECOLI_Thompson_plusLon_2019,28,2,96,auroc@0.60,esm2_wtm,esm2_wtm,1.0,1.0,0.0
DYR_ECOLI_Thompson_plusLon_2019,28,2,96,auroc@0.65,esm2_wtm,esm2_wtm,1.0,1.0,0.0
DYR_ECOLI_Thompson_plusLon_2019,28,2,96,spearman@0.20,esm2_wtm,esm2_wtm,1.0,1.0,0.0
DYR_ECOLI_Thompson_plusLon_2019,28,3,144,enrich@1.5,explore,supervised,0.4975214060387562,1.0,0.5024785939612437
DYR_ECOLI_Thompson_plusLon_2019,28,3,144,enrich@1.0,esm2_wtm,supervised,1.0,1.0,0.0
DYR_ECOLI_Thompson_plusLon_2019,28,3,144,auroc@0.55,esm2_wtm,supervised,1.0,1.0,0.0
DYR_ECOLI_Thompson_plusLon_2019,28,3,144,auroc@0.60,esm2_wtm,supervised,1.0,1.0,0.0
DYR_ECOLI_Thompson_plusLon_2019,28,3,144,auroc@0.65,esm2_wtm,supervised,1.0,1.0,0.0
DYR_ECOLI_Thompson_plusLon_2019,28,3,144,spearman@0.20,esm2_wtm,supervised,1.0,1.0,0.0
DYR_ECOLI_Thompson_plusLon_2019,29,0,0,enrich@1.5,explore,explore,0.4875158696572154,0.4875158696572154,0.0
DYR_ECOLI_Thompson_plusLon_2019,29,0,0,enrich@1.0,explore,explore,0.4875158696572154,0.4875158696572154,0.0
DYR_ECOLI_Thompson_plusLon_2019,29,0,0,auroc@0.55,explore,explore,0.4875158696572154,0.4875158696572154,0.0
DYR_ECOLI_Thompson_plusLon_2019,29,0,0,auroc@0.60,explore,explore,0.4875158696572154,0.4875158696572154,0.0
DYR_ECOLI_Thompson_plusLon_2019,29,0,0,auroc@0.65,explore,explore,0.4875158696572154,0.4875158696572154,0.0
DYR_ECOLI_Thompson_plusLon_2019,29,0,0,spearman@0.20,explore,explore,0.4875158696572154,0.4875158696572154,0.0
DYR_ECOLI_Thompson_plusLon_2019,29,1,48,enrich@1.5,supervised,explore,0.0,0.4976241900647948,0.4976241900647948
DYR_ECOLI_Thompson_plusLon_2019,29,1,48,enrich@1.0,supervised,explore,0.0,0.4976241900647948,0.4976241900647948
DYR_ECOLI_Thompson_plusLon_2019,29,1,48,auroc@0.55,esm2_wtm,explore,0.0,0.4976241900647948,0.4976241900647948
DYR_ECOLI_Thompson_plusLon_2019,29,1,48,auroc@0.60,esm2_wtm,explore,0.0,0.4976241900647948,0.4976241900647948
DYR_ECOLI_Thompson_plusLon_2019,29,1,48,auroc@0.65,esm2_wtm,explore,0.0,0.4976241900647948,0.4976241900647948
DYR_ECOLI_Thompson_plusLon_2019,29,1,48,spearman@0.20,esm2_wtm,explore,0.0,0.4976241900647948,0.4976241900647948
DYR_ECOLI_Thompson_plusLon_2019,29,2,96,enrich@1.5,explore,explore,0.5081605646228495,0.5081605646228495,0.0
DYR_ECOLI_Thompson_plusLon_2019,29,2,96,enrich@1.0,explore,explore,0.5081605646228495,0.5081605646228495,0.0
DYR_ECOLI_Thompson_plusLon_2019,29,2,96,auroc@0.55,supervised,explore,0.0,0.5081605646228495,0.5081605646228495
DYR_ECOLI_Thompson_plusLon_2019,29,2,96,auroc@0.60,supervised,explore,0.0,0.5081605646228495,0.5081605646228495
DYR_ECOLI_Thompson_plusLon_2019,29,2,96,auroc@0.65,supervised,explore,0.0,0.5081605646228495,0.5081605646228495
DYR_ECOLI_Thompson_plusLon_2019,29,2,96,spearman@0.20,esm2_wtm,explore,0.0,0.5081605646228495,0.5081605646228495
DYR_ECOLI_Thompson_plusLon_2019,29,3,144,enrich@1.5,explore,supervised,0.4758900405588103,1.0,0.5241099594411898
DYR_ECOLI_Thompson_plusLon_2019,29,3,144,enrich@1.0,explore,supervised,0.4758900405588103,1.0,0.5241099594411898
DYR_ECOLI_Thompson_plusLon_2019,29,3,144,auroc@0.55,esm2_wtm,supervised,0.0,1.0,1.0
DYR_ECOLI_Thompson_plusLon_2019,29,3,144,auroc@0.60,esm2_wtm,supervised,0.0,1.0,1.0
DYR_ECOLI_Thompson_plusLon_2019,29,3,144,auroc@0.65,esm2_wtm,supervised,0.0,1.0,1.0
DYR_ECOLI_Thompson_plusLon_2019,29,3,144,spearman@0.20,esm2_wtm,supervised,0.0,1.0,1.0
DYR_ECOLI_Thompson_plusLon_2019,30,0,0,enrich@1.5,explore,explore,0.4875158696572154,0.4875158696572154,0.0
DYR_ECOLI_Thompson_plusLon_2019,30,0,0,enrich@1.0,explore,explore,0.4875158696572154,0.4875158696572154,0.0
DYR_ECOLI_Thompson_plusLon_2019,30,0,0,auroc@0.55,explore,explore,0.4875158696572154,0.4875158696572154,0.0
DYR_ECOLI_Thompson_plusLon_2019,30,0,0,auroc@0.60,explore,explore,0.4875158696572154,0.4875158696572154,0.0
DYR_ECOLI_Thompson_plusLon_2019,30,0,0,auroc@0.65,explore,explore,0.4875158696572154,0.4875158696572154,0.0
DYR_ECOLI_Thompson_plusLon_2019,30,0,0,spearman@0.20,explore,explore,0.4875158696572154,0.4875158696572154,0.0
DYR_ECOLI_Thompson_plusLon_2019,30,1,48,enrich@1.5,esm2_wtm,explore,0.0,0.4976241900647948,0.4976241900647948
DYR_ECOLI_Thompson_plusLon_2019,30,1,48,enrich@1.0,esm2_wtm,explore,0.0,0.4976241900647948,0.4976241900647948
DYR_ECOLI_Thompson_plusLon_2019,30,1,48,auroc@0.55,esm2_wtm,explore,0.0,0.4976241900647948,0.4976241900647948
DYR_ECOLI_Thompson_plusLon_2019,30,1,48,auroc@0.60,esm2_wtm,explore,0.0,0.4976241900647948,0.4976241900647948
DYR_ECOLI_Thompson_plusLon_2019,30,1,48,auroc@0.65,esm2_wtm,explore,0.0,0.4976241900647948,0.4976241900647948
DYR_ECOLI_Thompson_plusLon_2019,30,1,48,spearman@0.20,esm2_wtm,explore,0.0,0.4976241900647948,0.4976241900647948
DYR_ECOLI_Thompson_plusLon_2019,30,2,96,enrich@1.5,supervised,esm2_wtm,0.0,1.0,1.0
DYR_ECOLI_Thompson_plusLon_2019,30,2,96,enrich@1.0,supervised,esm2_wtm,0.0,1.0,1.0
DYR_ECOLI_Thompson_plusLon_2019,30,2,96,auroc@0.55,explore,esm2_wtm,0.5081605646228495,1.0,0.49183943537715047
DYR_ECOLI_Thompson_plusLon_2019,30,2,96,auroc@0.60,explore,esm2_wtm,0.5081605646228495,1.0,0.49183943537715047
DYR_ECOLI_Thompson_plusLon_2019,30,2,96,auroc@0.65,explore,esm2_wtm,0.5081605646228495,1.0,0.49183943537715047
DYR_ECOLI_Thompson_plusLon_2019,30,2,96,spearman@0.20,esm2_wtm,esm2_wtm,1.0,1.0,0.0
DYR_ECOLI_Thompson_plusLon_2019,30,3,144,enrich@1.5,explore,supervised,0.5191527715187021,1.0,0.4808472284812979
DYR_ECOLI_Thompson_plusLon_2019,30,3,144,enrich@1.0,explore,supervised,0.5191527715187021,1.0,0.4808472284812979
DYR_ECOLI_Thompson_plusLon_2019,30,3,144,auroc@0.55,explore,supervised,0.5191527715187021,1.0,0.4808472284812979
DYR_ECOLI_Thompson_plusLon_2019,30,3,144,auroc@0.60,explore,supervised,0.5191527715187021,1.0,0.4808472284812979
DYR_ECOLI_Thompson_plusLon_2019,30,3,144,auroc@0.65,explore,supervised,0.5191527715187021,1.0,0.4808472284812979
DYR_ECOLI_Thompson_plusLon_2019,30,3,144,spearman@0.20,supervised,supervised,1.0,1.0,0.0
DYR_ECOLI_Thompson_plusLon_2019,31,0,0,enrich@1.5,explore,explore,0.4875158696572154,0.4875158696572154,0.0
DYR_ECOLI_Thompson_plusLon_2019,31,0,0,enrich@1.0,explore,explore,0.4875158696572154,0.4875158696572154,0.0
DYR_ECOLI_Thompson_plusLon_2019,31,0,0,auroc@0.55,explore,explore,0.4875158696572154,0.4875158696572154,0.0
DYR_ECOLI_Thompson_plusLon_2019,31,0,0,auroc@0.60,explore,explore,0.4875158696572154,0.4875158696572154,0.0
DYR_ECOLI_Thompson_plusLon_2019,31,0,0,auroc@0.65,explore,explore,0.4875158696572154,0.4875158696572154,0.0
DYR_ECOLI_Thompson_plusLon_2019,31,0,0,spearman@0.20,explore,explore,0.4875158696572154,0.4875158696572154,0.0
DYR_ECOLI_Thompson_plusLon_2019,31,1,48,enrich@1.5,supervised,supervised,2.0,2.0,0.0
DYR_ECOLI_Thompson_plusLon_2019,31,1,48,enrich@1.0,supervised,supervised,2.0,2.0,0.0
DYR_ECOLI_Thompson_plusLon_2019,31,1,48,auroc@0.55,supervised,supervised,2.0,2.0,0.0
DYR_ECOLI_Thompson_plusLon_2019,31,1,48,auroc@0.60,supervised,supervised,2.0,2.0,0.0
DYR_ECOLI_Thompson_plusLon_2019,31,1,48,auroc@0.65,explore,supervised,0.476889848812095,2.0,1.523110151187905
DYR_ECOLI_Thompson_plusLon_2019,31,1,48,spearman@0.20,esm2_wtm,supervised,0.0,2.0,2.0
DYR_ECOLI_Thompson_plusLon_2019,31,2,96,enrich@1.5,explore,supervised,0.4446404940449934,1.0,0.5553595059550066
DYR_ECOLI_Thompson_plusLon_2019,31,2,96,enrich@1.0,explore,supervised,0.4446404940449934,1.0,0.5553595059550066
DYR_ECOLI_Thompson_plusLon_2019,31,2,96,auroc@0.55,supervised,supervised,1.0,1.0,0.0
DYR_ECOLI_Thompson_plusLon_2019,31,2,96,auroc@0.60,supervised,supervised,1.0,1.0,0.0
DYR_ECOLI_Thompson_plusLon_2019,31,2,96,auroc@0.65,explore,supervised,0.4446404940449934,1.0,0.5553595059550066
DYR_ECOLI_Thompson_plusLon_2019,31,2,96,spearman@0.20,supervised,supervised,1.0,1.0,0.0
DYR_ECOLI_Thompson_plusLon_2019,31,3,144,enrich@1.5,explore,supervised,0.45425867507886436,2.0,1.5457413249211356
DYR_ECOLI_Thompson_plusLon_2019,31,3,144,enrich@1.0,supervised,supervised,2.0,2.0,0.0
DYR_ECOLI_Thompson_plusLon_2019,31,3,144,auroc@0.55,supervised,supervised,2.0,2.0,0.0
DYR_ECOLI_Thompson_plusLon_2019,31,3,144,auroc@0.60,supervised,supervised,2.0,2.0,0.0
DYR_ECOLI_Thompson_plusLon_2019,31,3,144,auroc@0.65,supervised,supervised,2.0,2.0,0.0
DYR_ECOLI_Thompson_plusLon_2019,31,3,144,spearman@0.20,supervised,supervised,2.0,2.0,0.0
DYR_ECOLI_Thompson_plusLon_2019,32,0,0,enrich@1.5,explore,explore,0.4875158696572154,0.4875158696572154,0.0
DYR_ECOLI_Thompson_plusLon_2019,32,0,0,enrich@1.0,explore,explore,0.4875158696572154,0.4875158696572154,0.0
DYR_ECOLI_Thompson_plusLon_2019,32,0,0,auroc@0.55,explore,explore,0.4875158696572154,0.4875158696572154,0.0
DYR_ECOLI_Thompson_plusLon_2019,32,0,0,auroc@0.60,explore,explore,0.4875158696572154,0.4875158696572154,0.0
DYR_ECOLI_Thompson_plusLon_2019,32,0,0,auroc@0.65,explore,explore,0.4875158696572154,0.4875158696572154,0.0
DYR_ECOLI_Thompson_plusLon_2019,32,0,0,spearman@0.20,explore,explore,0.4875158696572154,0.4875158696572154,0.0
DYR_ECOLI_Thompson_plusLon_2019,32,1,48,enrich@1.5,supervised,explore,0.0,0.4976241900647948,0.4976241900647948
DYR_ECOLI_Thompson_plusLon_2019,32,1,48,enrich@1.0,supervised,explore,0.0,0.4976241900647948,0.4976241900647948
DYR_ECOLI_Thompson_plusLon_2019,32,1,48,auroc@0.55,supervised,explore,0.0,0.4976241900647948,0.4976241900647948
DYR_ECOLI_Thompson_plusLon_2019,32,1,48,auroc@0.60,supervised,explore,0.0,0.4976241900647948,0.4976241900647948
DYR_ECOLI_Thompson_plusLon_2019,32,1,48,auroc@0.65,supervised,explore,0.0,0.4976241900647948,0.4976241900647948
DYR_ECOLI_Thompson_plusLon_2019,32,1,48,spearman@0.20,esm2_wtm,explore,0.0,0.4976241900647948,0.4976241900647948
DYR_ECOLI_Thompson_plusLon_2019,32,2,96,enrich@1.5,supervised,explore,0.0,0.5081605646228495,0.5081605646228495
DYR_ECOLI_Thompson_plusLon_2019,32,2,96,enrich@1.0,supervised,explore,0.0,0.5081605646228495,0.5081605646228495
DYR_ECOLI_Thompson_plusLon_2019,32,2,96,auroc@0.55,supervised,explore,0.0,0.5081605646228495,0.5081605646228495
DYR_ECOLI_Thompson_plusLon_2019,32,2,96,auroc@0.60,supervised,explore,0.0,0.5081605646228495,0.5081605646228495
DYR_ECOLI_Thompson_plusLon_2019,32,2,96,auroc@0.65,explore,explore,0.5081605646228495,0.5081605646228495,0.0
DYR_ECOLI_Thompson_plusLon_2019,32,2,96,spearman@0.20,esm2_wtm,explore,0.0,0.5081605646228495,0.5081605646228495
DYR_ECOLI_Thompson_plusLon_2019,32,3,144,enrich@1.5,supervised,supervised,1.0,1.0,0.0
DYR_ECOLI_Thompson_plusLon_2019,32,3,144,enrich@1.0,supervised,supervised,1.0,1.0,0.0
DYR_ECOLI_Thompson_plusLon_2019,32,3,144,auroc@0.55,supervised,supervised,1.0,1.0,0.0
DYR_ECOLI_Thompson_plusLon_2019,32,3,144,auroc@0.60,supervised,supervised,1.0,1.0,0.0
DYR_ECOLI_Thompson_plusLon_2019,32,3,144,auroc@0.65,supervised,supervised,1.0,1.0,0.0
DYR_ECOLI_Thompson_plusLon_2019,32,3,144,spearman@0.20,supervised,supervised,1.0,1.0,0.0
DYR_ECOLI_Thompson_plusLon_2019,33,0,0,enrich@1.5,explore,explore,0.4875158696572154,0.4875158696572154,0.0
DYR_ECOLI_Thompson_plusLon_2019,33,0,0,enrich@1.0,explore,explore,0.4875158696572154,0.4875158696572154,0.0
DYR_ECOLI_Thompson_plusLon_2019,33,0,0,auroc@0.55,explore,explore,0.4875158696572154,0.4875158696572154,0.0
DYR_ECOLI_Thompson_plusLon_2019,33,0,0,auroc@0.60,explore,explore,0.4875158696572154,0.4875158696572154,0.0
DYR_ECOLI_Thompson_plusLon_2019,33,0,0,auroc@0.65,explore,explore,0.4875158696572154,0.4875158696572154,0.0
DYR_ECOLI_Thompson_plusLon_2019,33,0,0,spearman@0.20,explore,explore,0.4875158696572154,0.4875158696572154,0.0
DYR_ECOLI_Thompson_plusLon_2019,33,1,48,enrich@1.5,esm2_wtm,supervised,0.0,3.0,3.0
DYR_ECOLI_Thompson_plusLon_2019,33,1,48,enrich@1.0,esm2_wtm,supervised,0.0,3.0,3.0
DYR_ECOLI_Thompson_plusLon_2019,33,1,48,auroc@0.55,esm2_wtm,supervised,0.0,3.0,3.0
DYR_ECOLI_Thompson_plusLon_2019,33,1,48,auroc@0.60,esm2_wtm,supervised,0.0,3.0,3.0
DYR_ECOLI_Thompson_plusLon_2019,33,1,48,auroc@0.65,esm2_wtm,supervised,0.0,3.0,3.0
DYR_ECOLI_Thompson_plusLon_2019,33,1,48,spearman@0.20,esm2_wtm,supervised,0.0,3.0,3.0
DYR_ECOLI_Thompson_plusLon_2019,33,2,96,enrich@1.5,explore,supervised,0.4869872077635642,2.0,1.5130127922364358
DYR_ECOLI_Thompson_plusLon_2019,33,2,96,enrich@1.0,explore,supervised,0.4869872077635642,2.0,1.5130127922364358
DYR_ECOLI_Thompson_plusLon_2019,33,2,96,auroc@0.55,supervised,supervised,2.0,2.0,0.0
DYR_ECOLI_Thompson_plusLon_2019,33,2,96,auroc@0.60,supervised,supervised,2.0,2.0,0.0
DYR_ECOLI_Thompson_plusLon_2019,33,2,96,auroc@0.65,explore,supervised,0.4869872077635642,2.0,1.5130127922364358
DYR_ECOLI_Thompson_plusLon_2019,33,2,96,spearman@0.20,supervised,supervised,2.0,2.0,0.0
DYR_ECOLI_Thompson_plusLon_2019,33,3,144,enrich@1.5,explore,supervised,0.4975214060387562,2.0,1.5024785939612437
DYR_ECOLI_Thompson_plusLon_2019,33,3,144,enrich@1.0,supervised,supervised,2.0,2.0,0.0
DYR_ECOLI_Thompson_plusLon_2019,33,3,144,auroc@0.55,supervised,supervised,2.0,2.0,0.0
DYR_ECOLI_Thompson_plusLon_2019,33,3,144,auroc@0.60,supervised,supervised,2.0,2.0,0.0
DYR_ECOLI_Thompson_plusLon_2019,33,3,144,auroc@0.65,explore,supervised,0.4975214060387562,2.0,1.5024785939612437
DYR_ECOLI_Thompson_plusLon_2019,33,3,144,spearman@0.20,supervised,supervised,2.0,2.0,0.0
DYR_ECOLI_Thompson_plusLon_2019,34,0,0,enrich@1.5,explore,explore,0.4875158696572154,0.4875158696572154,0.0
DYR_ECOLI_Thompson_plusLon_2019,34,0,0,enrich@1.0,explore,explore,0.4875158696572154,0.4875158696572154,0.0
DYR_ECOLI_Thompson_plusLon_2019,34,0,0,auroc@0.55,explore,explore,0.4875158696572154,0.4875158696572154,0.0
DYR_ECOLI_Thompson_plusLon_2019,34,0,0,auroc@0.60,explore,explore,0.4875158696572154,0.4875158696572154,0.0
DYR_ECOLI_Thompson_plusLon_2019,34,0,0,auroc@0.65,explore,explore,0.4875158696572154,0.4875158696572154,0.0
DYR_ECOLI_Thompson_plusLon_2019,34,0,0,spearman@0.20,explore,explore,0.4875158696572154,0.4875158696572154,0.0
DYR_ECOLI_Thompson_plusLon_2019,34,1,48,enrich@1.5,esm2_wtm,supervised,0.0,2.0,2.0
DYR_ECOLI_Thompson_plusLon_2019,34,1,48,enrich@1.0,esm2_wtm,supervised,0.0,2.0,2.0
DYR_ECOLI_Thompson_plusLon_2019,34,1,48,auroc@0.55,esm2_wtm,supervised,0.0,2.0,2.0
DYR_ECOLI_Thompson_plusLon_2019,34,1,48,auroc@0.60,esm2_wtm,supervised,0.0,2.0,2.0
DYR_ECOLI_Thompson_plusLon_2019,34,1,48,auroc@0.65,explore,supervised,0.4976241900647948,2.0,1.5023758099352051
DYR_ECOLI_Thompson_plusLon_2019,34,1,48,spearman@0.20,esm2_wtm,supervised,0.0,2.0,2.0
DYR_ECOLI_Thompson_plusLon_2019,34,2,96,enrich@1.5,explore,esm2_wtm,0.5081605646228495,1.0,0.49183943537715047
DYR_ECOLI_Thompson_plusLon_2019,34,2,96,enrich@1.0,explore,esm2_wtm,0.5081605646228495,1.0,0.49183943537715047
DYR_ECOLI_Thompson_plusLon_2019,34,2,96,auroc@0.55,esm2_wtm,esm2_wtm,1.0,1.0,0.0
DYR_ECOLI_Thompson_plusLon_2019,34,2,96,auroc@0.60,esm2_wtm,esm2_wtm,1.0,1.0,0.0
DYR_ECOLI_Thompson_plusLon_2019,34,2,96,auroc@0.65,esm2_wtm,esm2_wtm,1.0,1.0,0.0
DYR_ECOLI_Thompson_plusLon_2019,34,2,96,spearman@0.20,supervised,esm2_wtm,0.0,1.0,1.0
DYR_ECOLI_Thompson_plusLon_2019,34,3,144,enrich@1.5,explore,esm2_wtm,0.4975214060387562,1.0,0.5024785939612437
DYR_ECOLI_Thompson_plusLon_2019,34,3,144,enrich@1.0,supervised,esm2_wtm,0.0,1.0,1.0
DYR_ECOLI_Thompson_plusLon_2019,34,3,144,auroc@0.55,esm2_wtm,esm2_wtm,1.0,1.0,0.0
DYR_ECOLI_Thompson_plusLon_2019,34,3,144,auroc@0.60,explore,esm2_wtm,0.4975214060387562,1.0,0.5024785939612437
DYR_ECOLI_Thompson_plusLon_2019,34,3,144,auroc@0.65,explore,esm2_wtm,0.4975214060387562,1.0,0.5024785939612437
DYR_ECOLI_Thompson_plusLon_2019,34,3,144,spearman@0.20,supervised,esm2_wtm,0.0,1.0,1.0
DYR_ECOLI_Thompson_plusLon_2019,35,0,0,enrich@1.5,explore,explore,0.4875158696572154,0.4875158696572154,0.0
DYR_ECOLI_Thompson_plusLon_2019,35,0,0,enrich@1.0,explore,explore,0.4875158696572154,0.4875158696572154,0.0
DYR_ECOLI_Thompson_plusLon_2019,35,0,0,auroc@0.55,explore,explore,0.4875158696572154,0.4875158696572154,0.0
DYR_ECOLI_Thompson_plusLon_2019,35,0,0,auroc@0.60,explore,explore,0.4875158696572154,0.4875158696572154,0.0
DYR_ECOLI_Thompson_plusLon_2019,35,0,0,auroc@0.65,explore,explore,0.4875158696572154,0.4875158696572154,0.0
DYR_ECOLI_Thompson_plusLon_2019,35,0,0,spearman@0.20,explore,explore,0.4875158696572154,0.4875158696572154,0.0
DYR_ECOLI_Thompson_plusLon_2019,35,1,48,enrich@1.5,explore,supervised,0.476889848812095,1.0,0.523110151187905
DYR_ECOLI_Thompson_plusLon_2019,35,1,48,enrich@1.0,explore,supervised,0.476889848812095,1.0,0.523110151187905
DYR_ECOLI_Thompson_plusLon_2019,35,1,48,auroc@0.55,explore,supervised,0.476889848812095,1.0,0.523110151187905
DYR_ECOLI_Thompson_plusLon_2019,35,1,48,auroc@0.60,explore,supervised,0.476889848812095,1.0,0.523110151187905
DYR_ECOLI_Thompson_plusLon_2019,35,1,48,auroc@0.65,explore,supervised,0.476889848812095,1.0,0.523110151187905
DYR_ECOLI_Thompson_plusLon_2019,35,1,48,spearman@0.20,explore,supervised,0.476889848812095,1.0,0.523110151187905
DYR_ECOLI_Thompson_plusLon_2019,35,2,96,enrich@1.5,explore,explore,0.4869872077635642,0.4869872077635642,0.0
DYR_ECOLI_Thompson_plusLon_2019,35,2,96,enrich@1.0,explore,explore,0.4869872077635642,0.4869872077635642,0.0
DYR_ECOLI_Thompson_plusLon_2019,35,2,96,auroc@0.55,explore,explore,0.4869872077635642,0.4869872077635642,0.0
DYR_ECOLI_Thompson_plusLon_2019,35,2,96,auroc@0.60,explore,explore,0.4869872077635642,0.4869872077635642,0.0
DYR_ECOLI_Thompson_plusLon_2019,35,2,96,auroc@0.65,explore,explore,0.4869872077635642,0.4869872077635642,0.0
DYR_ECOLI_Thompson_plusLon_2019,35,2,96,spearman@0.20,esm2_wtm,explore,0.0,0.4869872077635642,0.4869872077635642
DYR_ECOLI_Thompson_plusLon_2019,35,3,144,enrich@1.5,supervised,supervised,1.0,1.0,0.0
DYR_ECOLI_Thompson_plusLon_2019,35,3,144,enrich@1.0,supervised,supervised,1.0,1.0,0.0
DYR_ECOLI_Thompson_plusLon_2019,35,3,144,auroc@0.55,supervised,supervised,1.0,1.0,0.0
DYR_ECOLI_Thompson_plusLon_2019,35,3,144,auroc@0.60,supervised,supervised,1.0,1.0,0.0
DYR_ECOLI_Thompson_plusLon_2019,35,3,144,auroc@0.65,explore,supervised,0.4758900405588103,1.0,0.5241099594411898
DYR_ECOLI_Thompson_plusLon_2019,35,3,144,spearman@0.20,supervised,supervised,1.0,1.0,0.0
DYR_ECOLI_Thompson_plusLon_2019,36,0,0,enrich@1.5,explore,explore,0.4875158696572154,0.4875158696572154,0.0
DYR_ECOLI_Thompson_plusLon_2019,36,0,0,enrich@1.0,explore,explore,0.4875158696572154,0.4875158696572154,0.0
DYR_ECOLI_Thompson_plusLon_2019,36,0,0,auroc@0.55,explore,explore,0.4875158696572154,0.4875158696572154,0.0
DYR_ECOLI_Thompson_plusLon_2019,36,0,0,auroc@0.60,explore,explore,0.4875158696572154,0.4875158696572154,0.0
DYR_ECOLI_Thompson_plusLon_2019,36,0,0,auroc@0.65,explore,explore,0.4875158696572154,0.4875158696572154,0.0
DYR_ECOLI_Thompson_plusLon_2019,36,0,0,spearman@0.20,explore,explore,0.4875158696572154,0.4875158696572154,0.0
DYR_ECOLI_Thompson_plusLon_2019,36,1,48,enrich@1.5,explore,supervised,0.45615550755939527,2.0,1.5438444924406047
DYR_ECOLI_Thompson_plusLon_2019,36,1,48,enrich@1.0,explore,supervised,0.45615550755939527,2.0,1.5438444924406047
DYR_ECOLI_Thompson_plusLon_2019,36,1,48,auroc@0.55,esm2_wtm,supervised,0.0,2.0,2.0
DYR_ECOLI_Thompson_plusLon_2019,36,1,48,auroc@0.60,explore,supervised,0.45615550755939527,2.0,1.5438444924406047
DYR_ECOLI_Thompson_plusLon_2019,36,1,48,auroc@0.65,explore,supervised,0.45615550755939527,2.0,1.5438444924406047
DYR_ECOLI_Thompson_plusLon_2019,36,1,48,spearman@0.20,esm2_wtm,supervised,0.0,2.0,2.0
DYR_ECOLI_Thompson_plusLon_2019,36,2,96,enrich@1.5,explore,supervised,0.4658138509042788,3.0,2.534186149095721
DYR_ECOLI_Thompson_plusLon_2019,36,2,96,enrich@1.0,explore,supervised,0.4658138509042788,3.0,2.534186149095721
DYR_ECOLI_Thompson_plusLon_2019,36,2,96,auroc@0.55,esm2_wtm,supervised,0.0,3.0,3.0
DYR_ECOLI_Thompson_plusLon_2019,36,2,96,auroc@0.60,explore,supervised,0.4658138509042788,3.0,2.534186149095721
DYR_ECOLI_Thompson_plusLon_2019,36,2,96,auroc@0.65,explore,supervised,0.4658138509042788,3.0,2.534186149095721
DYR_ECOLI_Thompson_plusLon_2019,36,2,96,spearman@0.20,esm2_wtm,supervised,0.0,3.0,3.0
DYR_ECOLI_Thompson_plusLon_2019,36,3,144,enrich@1.5,supervised,supervised,2.0,2.0,0.0
DYR_ECOLI_Thompson_plusLon_2019,36,3,144,enrich@1.0,supervised,supervised,2.0,2.0,0.0
DYR_ECOLI_Thompson_plusLon_2019,36,3,144,auroc@0.55,esm2_wtm,supervised,0.0,2.0,2.0
DYR_ECOLI_Thompson_plusLon_2019,36,3,144,auroc@0.60,esm2_wtm,supervised,0.0,2.0,2.0
DYR_ECOLI_Thompson_plusLon_2019,36,3,144,auroc@0.65,explore,supervised,0.4758900405588103,2.0,1.5241099594411898
DYR_ECOLI_Thompson_plusLon_2019,36,3,144,spearman@0.20,esm2_wtm,supervised,0.0,2.0,2.0
DYR_ECOLI_Thompson_plusLon_2019,37,0,0,enrich@1.5,explore,explore,0.4875158696572154,0.4875158696572154,0.0
DYR_ECOLI_Thompson_plusLon_2019,37,0,0,enrich@1.0,explore,explore,0.4875158696572154,0.4875158696572154,0.0
DYR_ECOLI_Thompson_plusLon_2019,37,0,0,auroc@0.55,explore,explore,0.4875158696572154,0.4875158696572154,0.0
DYR_ECOLI_Thompson_plusLon_2019,37,0,0,auroc@0.60,explore,explore,0.4875158696572154,0.4875158696572154,0.0
DYR_ECOLI_Thompson_plusLon_2019,37,0,0,auroc@0.65,explore,explore,0.4875158696572154,0.4875158696572154,0.0
DYR_ECOLI_Thompson_plusLon_2019,37,0,0,spearman@0.20,explore,explore,0.4875158696572154,0.4875158696572154,0.0
DYR_ECOLI_Thompson_plusLon_2019,37,1,48,enrich@1.5,esm2_wtm,supervised,0.0,1.0,1.0
DYR_ECOLI_Thompson_plusLon_2019,37,1,48,enrich@1.0,esm2_wtm,supervised,0.0,1.0,1.0
DYR_ECOLI_Thompson_plusLon_2019,37,1,48,auroc@0.55,esm2_wtm,supervised,0.0,1.0,1.0
DYR_ECOLI_Thompson_plusLon_2019,37,1,48,auroc@0.60,esm2_wtm,supervised,0.0,1.0,1.0
DYR_ECOLI_Thompson_plusLon_2019,37,1,48,auroc@0.65,esm2_wtm,supervised,0.0,1.0,1.0
DYR_ECOLI_Thompson_plusLon_2019,37,1,48,spearman@0.20,esm2_wtm,supervised,0.0,1.0,1.0
DYR_ECOLI_Thompson_plusLon_2019,37,2,96,enrich@1.5,supervised,supervised,1.0,1.0,0.0
DYR_ECOLI_Thompson_plusLon_2019,37,2,96,enrich@1.0,supervised,supervised,1.0,1.0,0.0
DYR_ECOLI_Thompson_plusLon_2019,37,2,96,auroc@0.55,esm2_wtm,supervised,1.0,1.0,0.0
DYR_ECOLI_Thompson_plusLon_2019,37,2,96,auroc@0.60,explore,supervised,0.5081605646228495,1.0,0.49183943537715047
DYR_ECOLI_Thompson_plusLon_2019,37,2,96,auroc@0.65,explore,supervised,0.5081605646228495,1.0,0.49183943537715047
DYR_ECOLI_Thompson_plusLon_2019,37,2,96,spearman@0.20,supervised,supervised,1.0,1.0,0.0
DYR_ECOLI_Thompson_plusLon_2019,37,3,144,enrich@1.5,explore,esm2_wtm,0.4975214060387562,1.0,0.5024785939612437
DYR_ECOLI_Thompson_plusLon_2019,37,3,144,enrich@1.0,supervised,esm2_wtm,0.0,1.0,1.0
DYR_ECOLI_Thompson_plusLon_2019,37,3,144,auroc@0.55,supervised,esm2_wtm,0.0,1.0,1.0
DYR_ECOLI_Thompson_plusLon_2019,37,3,144,auroc@0.60,explore,esm2_wtm,0.4975214060387562,1.0,0.5024785939612437
DYR_ECOLI_Thompson_plusLon_2019,37,3,144,auroc@0.65,explore,esm2_wtm,0.4975214060387562,1.0,0.5024785939612437
DYR_ECOLI_Thompson_plusLon_2019,37,3,144,spearman@0.20,supervised,esm2_wtm,0.0,1.0,1.0
DYR_ECOLI_Thompson_plusLon_2019,38,0,0,enrich@1.5,explore,explore,0.4875158696572154,0.4875158696572154,0.0
DYR_ECOLI_Thompson_plusLon_2019,38,0,0,enrich@1.0,explore,explore,0.4875158696572154,0.4875158696572154,0.0
DYR_ECOLI_Thompson_plusLon_2019,38,0,0,auroc@0.55,explore,explore,0.4875158696572154,0.4875158696572154,0.0
DYR_ECOLI_Thompson_plusLon_2019,38,0,0,auroc@0.60,explore,explore,0.4875158696572154,0.4875158696572154,0.0
DYR_ECOLI_Thompson_plusLon_2019,38,0,0,auroc@0.65,explore,explore,0.4875158696572154,0.4875158696572154,0.0
DYR_ECOLI_Thompson_plusLon_2019,38,0,0,spearman@0.20,explore,explore,0.4875158696572154,0.4875158696572154,0.0
DYR_ECOLI_Thompson_plusLon_2019,38,1,48,enrich@1.5,explore,supervised,0.476889848812095,2.0,1.523110151187905
DYR_ECOLI_Thompson_plusLon_2019,38,1,48,enrich@1.0,explore,supervised,0.476889848812095,2.0,1.523110151187905
DYR_ECOLI_Thompson_plusLon_2019,38,1,48,auroc@0.55,explore,supervised,0.476889848812095,2.0,1.523110151187905
DYR_ECOLI_Thompson_plusLon_2019,38,1,48,auroc@0.60,explore,supervised,0.476889848812095,2.0,1.523110151187905
DYR_ECOLI_Thompson_plusLon_2019,38,1,48,auroc@0.65,explore,supervised,0.476889848812095,2.0,1.523110151187905
DYR_ECOLI_Thompson_plusLon_2019,38,1,48,spearman@0.20,esm2_wtm,supervised,0.0,2.0,2.0
DYR_ECOLI_Thompson_plusLon_2019,38,2,96,enrich@1.5,supervised,supervised,1.0,1.0,0.0
DYR_ECOLI_Thompson_plusLon_2019,38,2,96,enrich@1.0,supervised,supervised,1.0,1.0,0.0
DYR_ECOLI_Thompson_plusLon_2019,38,2,96,auroc@0.55,esm2_wtm,supervised,0.0,1.0,1.0
DYR_ECOLI_Thompson_plusLon_2019,38,2,96,auroc@0.60,explore,supervised,0.4869872077635642,1.0,0.5130127922364358
DYR_ECOLI_Thompson_plusLon_2019,38,2,96,auroc@0.65,explore,supervised,0.4869872077635642,1.0,0.5130127922364358
DYR_ECOLI_Thompson_plusLon_2019,38,2,96,spearman@0.20,esm2_wtm,supervised,0.0,1.0,1.0
DYR_ECOLI_Thompson_plusLon_2019,38,3,144,enrich@1.5,supervised,explore,0.0,0.4758900405588103,0.4758900405588103
DYR_ECOLI_Thompson_plusLon_2019,38,3,144,enrich@1.0,supervised,explore,0.0,0.4758900405588103,0.4758900405588103
DYR_ECOLI_Thompson_plusLon_2019,38,3,144,auroc@0.55,supervised,explore,0.0,0.4758900405588103,0.4758900405588103
DYR_ECOLI_Thompson_plusLon_2019,38,3,144,auroc@0.60,supervised,explore,0.0,0.4758900405588103,0.4758900405588103
DYR_ECOLI_Thompson_plusLon_2019,38,3,144,auroc@0.65,explore,explore,0.4758900405588103,0.4758900405588103,0.0
DYR_ECOLI_Thompson_plusLon_2019,38,3,144,spearman@0.20,supervised,explore,0.0,0.4758900405588103,0.4758900405588103
DYR_ECOLI_Thompson_plusLon_2019,39,0,0,enrich@1.5,explore,explore,0.4875158696572154,0.4875158696572154,0.0
DYR_ECOLI_Thompson_plusLon_2019,39,0,0,enrich@1.0,explore,explore,0.4875158696572154,0.4875158696572154,0.0
DYR_ECOLI_Thompson_plusLon_2019,39,0,0,auroc@0.55,explore,explore,0.4875158696572154,0.4875158696572154,0.0
DYR_ECOLI_Thompson_plusLon_2019,39,0,0,auroc@0.60,explore,explore,0.4875158696572154,0.4875158696572154,0.0
DYR_ECOLI_Thompson_plusLon_2019,39,0,0,auroc@0.65,explore,explore,0.4875158696572154,0.4875158696572154,0.0
DYR_ECOLI_Thompson_plusLon_2019,39,0,0,spearman@0.20,explore,explore,0.4875158696572154,0.4875158696572154,0.0
DYR_ECOLI_Thompson_plusLon_2019,39,1,48,enrich@1.5,esm2_wtm,supervised,0.0,2.0,2.0
DYR_ECOLI_Thompson_plusLon_2019,39,1,48,enrich@1.0,esm2_wtm,supervised,0.0,2.0,2.0
DYR_ECOLI_Thompson_plusLon_2019,39,1,48,auroc@0.55,esm2_wtm,supervised,0.0,2.0,2.0
DYR_ECOLI_Thompson_plusLon_2019,39,1,48,auroc@0.60,esm2_wtm,supervised,0.0,2.0,2.0
DYR_ECOLI_Thompson_plusLon_2019,39,1,48,auroc@0.65,explore,supervised,0.4976241900647948,2.0,1.5023758099352051
DYR_ECOLI_Thompson_plusLon_2019,39,1,48,spearman@0.20,esm2_wtm,supervised,0.0,2.0,2.0
DYR_ECOLI_Thompson_plusLon_2019,39,2,96,enrich@1.5,explore,esm2_wtm,0.5081605646228495,1.0,0.49183943537715047
DYR_ECOLI_Thompson_plusLon_2019,39,2,96,enrich@1.0,explore,esm2_wtm,0.5081605646228495,1.0,0.49183943537715047
DYR_ECOLI_Thompson_plusLon_2019,39,2,96,auroc@0.55,supervised,esm2_wtm,0.0,1.0,1.0
DYR_ECOLI_Thompson_plusLon_2019,39,2,96,auroc@0.60,explore,esm2_wtm,0.5081605646228495,1.0,0.49183943537715047
DYR_ECOLI_Thompson_plusLon_2019,39,2,96,auroc@0.65,explore,esm2_wtm,0.5081605646228495,1.0,0.49183943537715047
DYR_ECOLI_Thompson_plusLon_2019,39,2,96,spearman@0.20,supervised,esm2_wtm,0.0,1.0,1.0
DYR_ECOLI_Thompson_plusLon_2019,39,3,144,enrich@1.5,explore,supervised,0.4758900405588103,1.0,0.5241099594411898
DYR_ECOLI_Thompson_plusLon_2019,39,3,144,enrich@1.0,explore,supervised,0.4758900405588103,1.0,0.5241099594411898
DYR_ECOLI_Thompson_plusLon_2019,39,3,144,auroc@0.55,supervised,supervised,1.0,1.0,0.0
DYR_ECOLI_Thompson_plusLon_2019,39,3,144,auroc@0.60,explore,supervised,0.4758900405588103,1.0,0.5241099594411898
DYR_ECOLI_Thompson_plusLon_2019,39,3,144,auroc@0.65,explore,supervised,0.4758900405588103,1.0,0.5241099594411898
DYR_ECOLI_Thompson_plusLon_2019,39,3,144,spearman@0.20,supervised,supervised,1.0,1.0,0.0
ESTA_BACSU_Nutschel_2020,0,0,0,enrich@1.5,explore,explore,0.4861878453038674,0.4861878453038674,0.0
ESTA_BACSU_Nutschel_2020,0,0,0,enrich@1.0,explore,explore,0.4861878453038674,0.4861878453038674,0.0
ESTA_BACSU_Nutschel_2020,0,0,0,auroc@0.55,explore,explore,0.4861878453038674,0.4861878453038674,0.0
ESTA_BACSU_Nutschel_2020,0,0,0,auroc@0.60,explore,explore,0.4861878453038674,0.4861878453038674,0.0
ESTA_BACSU_Nutschel_2020,0,0,0,auroc@0.65,explore,explore,0.4861878453038674,0.4861878453038674,0.0
ESTA_BACSU_Nutschel_2020,0,0,0,spearman@0.20,explore,explore,0.4861878453038674,0.4861878453038674,0.0
ESTA_BACSU_Nutschel_2020,0,1,48,enrich@1.5,esm2_wtm,supervised,2.0,4.0,2.0
ESTA_BACSU_Nutschel_2020,0,1,48,enrich@1.0,esm2_wtm,supervised,2.0,4.0,2.0
ESTA_BACSU_Nutschel_2020,0,1,48,auroc@0.55,esm2_wtm,supervised,2.0,4.0,2.0
ESTA_BACSU_Nutschel_2020,0,1,48,auroc@0.60,esm2_wtm,supervised,2.0,4.0,2.0
ESTA_BACSU_Nutschel_2020,0,1,48,auroc@0.65,esm2_wtm,supervised,2.0,4.0,2.0
ESTA_BACSU_Nutschel_2020,0,1,48,spearman@0.20,supervised,supervised,4.0,4.0,0.0
ESTA_BACSU_Nutschel_2020,0,2,96,enrich@1.5,supervised,supervised,8.0,8.0,0.0
ESTA_BACSU_Nutschel_2020,0,2,96,enrich@1.0,supervised,supervised,8.0,8.0,0.0
ESTA_BACSU_Nutschel_2020,0,2,96,auroc@0.55,supervised,supervised,8.0,8.0,0.0
ESTA_BACSU_Nutschel_2020,0,2,96,auroc@0.60,supervised,supervised,8.0,8.0,0.0
ESTA_BACSU_Nutschel_2020,0,2,96,auroc@0.65,supervised,supervised,8.0,8.0,0.0
ESTA_BACSU_Nutschel_2020,0,2,96,spearman@0.20,supervised,supervised,8.0,8.0,0.0
ESTA_BACSU_Nutschel_2020,0,3,144,enrich@1.5,supervised,supervised,1.0,1.0,0.0
ESTA_BACSU_Nutschel_2020,0,3,144,enrich@1.0,supervised,supervised,1.0,1.0,0.0
ESTA_BACSU_Nutschel_2020,0,3,144,auroc@0.55,supervised,supervised,1.0,1.0,0.0
ESTA_BACSU_Nutschel_2020,0,3,144,auroc@0.60,supervised,supervised,1.0,1.0,0.0
ESTA_BACSU_Nutschel_2020,0,3,144,auroc@0.65,supervised,supervised,1.0,1.0,0.0
ESTA_BACSU_Nutschel_2020,0,3,144,spearman@0.20,supervised,supervised,1.0,1.0,0.0
ESTA_BACSU_Nutschel_2020,1,0,0,enrich@1.5,explore,explore,0.4861878453038674,0.4861878453038674,0.0
ESTA_BACSU_Nutschel_2020,1,0,0,enrich@1.0,explore,explore,0.4861878453038674,0.4861878453038674,0.0
ESTA_BACSU_Nutschel_2020,1,0,0,auroc@0.55,explore,explore,0.4861878453038674,0.4861878453038674,0.0
ESTA_BACSU_Nutschel_2020,1,0,0,auroc@0.60,explore,explore,0.4861878453038674,0.4861878453038674,0.0
ESTA_BACSU_Nutschel_2020,1,0,0,auroc@0.65,explore,explore,0.4861878453038674,0.4861878453038674,0.0
ESTA_BACSU_Nutschel_2020,1,0,0,spearman@0.20,explore,explore,0.4861878453038674,0.4861878453038674,0.0
ESTA_BACSU_Nutschel_2020,1,1,48,enrich@1.5,esm2_wtm,supervised,2.0,3.0,1.0
ESTA_BACSU_Nutschel_2020,1,1,48,enrich@1.0,esm2_wtm,supervised,2.0,3.0,1.0
ESTA_BACSU_Nutschel_2020,1,1,48,auroc@0.55,esm2_wtm,supervised,2.0,3.0,1.0
ESTA_BACSU_Nutschel_2020,1,1,48,auroc@0.60,esm2_wtm,supervised,2.0,3.0,1.0
ESTA_BACSU_Nutschel_2020,1,1,48,auroc@0.65,esm2_wtm,supervised,2.0,3.0,1.0
ESTA_BACSU_Nutschel_2020,1,1,48,spearman@0.20,esm2_wtm,supervised,2.0,3.0,1.0
ESTA_BACSU_Nutschel_2020,1,2,96,enrich@1.5,supervised,supervised,8.0,8.0,0.0
ESTA_BACSU_Nutschel_2020,1,2,96,enrich@1.0,supervised,supervised,8.0,8.0,0.0
ESTA_BACSU_Nutschel_2020,1,2,96,auroc@0.55,esm2_wtm,supervised,1.0,8.0,7.0
ESTA_BACSU_Nutschel_2020,1,2,96,auroc@0.60,esm2_wtm,supervised,1.0,8.0,7.0
ESTA_BACSU_Nutschel_2020,1,2,96,auroc@0.65,esm2_wtm,supervised,1.0,8.0,7.0
ESTA_BACSU_Nutschel_2020,1,2,96,spearman@0.20,esm2_wtm,supervised,1.0,8.0,7.0
ESTA_BACSU_Nutschel_2020,1,3,144,enrich@1.5,supervised,supervised,2.0,2.0,0.0
ESTA_BACSU_Nutschel_2020,1,3,144,enrich@1.0,supervised,supervised,2.0,2.0,0.0
ESTA_BACSU_Nutschel_2020,1,3,144,auroc@0.55,supervised,supervised,2.0,2.0,0.0
ESTA_BACSU_Nutschel_2020,1,3,144,auroc@0.60,supervised,supervised,2.0,2.0,0.0
ESTA_BACSU_Nutschel_2020,1,3,144,auroc@0.65,supervised,supervised,2.0,2.0,0.0
ESTA_BACSU_Nutschel_2020,1,3,144,spearman@0.20,supervised,supervised,2.0,2.0,0.0
ESTA_BACSU_Nutschel_2020,2,0,0,enrich@1.5,explore,explore,0.4861878453038674,0.4861878453038674,0.0
ESTA_BACSU_Nutschel_2020,2,0,0,enrich@1.0,explore,explore,0.4861878453038674,0.4861878453038674,0.0
ESTA_BACSU_Nutschel_2020,2,0,0,auroc@0.55,explore,explore,0.4861878453038674,0.4861878453038674,0.0
ESTA_BACSU_Nutschel_2020,2,0,0,auroc@0.60,explore,explore,0.4861878453038674,0.4861878453038674,0.0
ESTA_BACSU_Nutschel_2020,2,0,0,auroc@0.65,explore,explore,0.4861878453038674,0.4861878453038674,0.0
ESTA_BACSU_Nutschel_2020,2,0,0,spearman@0.20,explore,explore,0.4861878453038674,0.4861878453038674,0.0
ESTA_BACSU_Nutschel_2020,2,1,48,enrich@1.5,supervised,supervised,3.0,3.0,0.0
ESTA_BACSU_Nutschel_2020,2,1,48,enrich@1.0,supervised,supervised,3.0,3.0,0.0
ESTA_BACSU_Nutschel_2020,2,1,48,auroc@0.55,supervised,supervised,3.0,3.0,0.0
ESTA_BACSU_Nutschel_2020,2,1,48,auroc@0.60,supervised,supervised,3.0,3.0,0.0
ESTA_BACSU_Nutschel_2020,2,1,48,auroc@0.65,supervised,supervised,3.0,3.0,0.0
ESTA_BACSU_Nutschel_2020,2,1,48,spearman@0.20,esm2_wtm,supervised,2.0,3.0,1.0
ESTA_BACSU_Nutschel_2020,2,2,96,enrich@1.5,supervised,supervised,4.0,4.0,0.0
ESTA_BACSU_Nutschel_2020,2,2,96,enrich@1.0,supervised,supervised,4.0,4.0,0.0
ESTA_BACSU_Nutschel_2020,2,2,96,auroc@0.55,supervised,supervised,4.0,4.0,0.0
ESTA_BACSU_Nutschel_2020,2,2,96,auroc@0.60,supervised,supervised,4.0,4.0,0.0
ESTA_BACSU_Nutschel_2020,2,2,96,auroc@0.65,supervised,supervised,4.0,4.0,0.0
ESTA_BACSU_Nutschel_2020,2,2,96,spearman@0.20,supervised,supervised,4.0,4.0,0.0
ESTA_BACSU_Nutschel_2020,2,3,144,enrich@1.5,supervised,supervised,3.0,3.0,0.0
ESTA_BACSU_Nutschel_2020,2,3,144,enrich@1.0,supervised,supervised,3.0,3.0,0.0
ESTA_BACSU_Nutschel_2020,2,3,144,auroc@0.55,supervised,supervised,3.0,3.0,0.0
ESTA_BACSU_Nutschel_2020,2,3,144,auroc@0.60,supervised,supervised,3.0,3.0,0.0
ESTA_BACSU_Nutschel_2020,2,3,144,auroc@0.65,supervised,supervised,3.0,3.0,0.0
ESTA_BACSU_Nutschel_2020,2,3,144,spearman@0.20,supervised,supervised,3.0,3.0,0.0
ESTA_BACSU_Nutschel_2020,3,0,0,enrich@1.5,explore,explore,0.4861878453038674,0.4861878453038674,0.0
ESTA_BACSU_Nutschel_2020,3,0,0,enrich@1.0,explore,explore,0.4861878453038674,0.4861878453038674,0.0
ESTA_BACSU_Nutschel_2020,3,0,0,auroc@0.55,explore,explore,0.4861878453038674,0.4861878453038674,0.0
ESTA_BACSU_Nutschel_2020,3,0,0,auroc@0.60,explore,explore,0.4861878453038674,0.4861878453038674,0.0
ESTA_BACSU_Nutschel_2020,3,0,0,auroc@0.65,explore,explore,0.4861878453038674,0.4861878453038674,0.0
ESTA_BACSU_Nutschel_2020,3,0,0,spearman@0.20,explore,explore,0.4861878453038674,0.4861878453038674,0.0
ESTA_BACSU_Nutschel_2020,3,1,48,enrich@1.5,supervised,esm2_wtm,1.0,2.0,1.0
ESTA_BACSU_Nutschel_2020,3,1,48,enrich@1.0,supervised,esm2_wtm,1.0,2.0,1.0
ESTA_BACSU_Nutschel_2020,3,1,48,auroc@0.55,esm2_wtm,esm2_wtm,2.0,2.0,0.0
ESTA_BACSU_Nutschel_2020,3,1,48,auroc@0.60,esm2_wtm,esm2_wtm,2.0,2.0,0.0
ESTA_BACSU_Nutschel_2020,3,1,48,auroc@0.65,esm2_wtm,esm2_wtm,2.0,2.0,0.0
ESTA_BACSU_Nutschel_2020,3,1,48,spearman@0.20,supervised,esm2_wtm,1.0,2.0,1.0
ESTA_BACSU_Nutschel_2020,3,2,96,enrich@1.5,supervised,esm2_wtm,1.0,2.0,1.0
ESTA_BACSU_Nutschel_2020,3,2,96,enrich@1.0,supervised,esm2_wtm,1.0,2.0,1.0
ESTA_BACSU_Nutschel_2020,3,2,96,auroc@0.55,supervised,esm2_wtm,1.0,2.0,1.0
ESTA_BACSU_Nutschel_2020,3,2,96,auroc@0.60,supervised,esm2_wtm,1.0,2.0,1.0
ESTA_BACSU_Nutschel_2020,3,2,96,auroc@0.65,supervised,esm2_wtm,1.0,2.0,1.0
ESTA_BACSU_Nutschel_2020,3,2,96,spearman@0.20,esm2_wtm,esm2_wtm,2.0,2.0,0.0
ESTA_BACSU_Nutschel_2020,3,3,144,enrich@1.5,supervised,supervised,5.0,5.0,0.0
ESTA_BACSU_Nutschel_2020,3,3,144,enrich@1.0,supervised,supervised,5.0,5.0,0.0
ESTA_BACSU_Nutschel_2020,3,3,144,auroc@0.55,supervised,supervised,5.0,5.0,0.0
ESTA_BACSU_Nutschel_2020,3,3,144,auroc@0.60,supervised,supervised,5.0,5.0,0.0
ESTA_BACSU_Nutschel_2020,3,3,144,auroc@0.65,supervised,supervised,5.0,5.0,0.0
ESTA_BACSU_Nutschel_2020,3,3,144,spearman@0.20,supervised,supervised,5.0,5.0,0.0
ESTA_BACSU_Nutschel_2020,4,0,0,enrich@1.5,explore,explore,0.4861878453038674,0.4861878453038674,0.0
ESTA_BACSU_Nutschel_2020,4,0,0,enrich@1.0,explore,explore,0.4861878453038674,0.4861878453038674,0.0
ESTA_BACSU_Nutschel_2020,4,0,0,auroc@0.55,explore,explore,0.4861878453038674,0.4861878453038674,0.0
ESTA_BACSU_Nutschel_2020,4,0,0,auroc@0.60,explore,explore,0.4861878453038674,0.4861878453038674,0.0
ESTA_BACSU_Nutschel_2020,4,0,0,auroc@0.65,explore,explore,0.4861878453038674,0.4861878453038674,0.0
ESTA_BACSU_Nutschel_2020,4,0,0,spearman@0.20,explore,explore,0.4861878453038674,0.4861878453038674,0.0
ESTA_BACSU_Nutschel_2020,4,1,48,enrich@1.5,supervised,supervised,10.0,10.0,0.0
ESTA_BACSU_Nutschel_2020,4,1,48,enrich@1.0,supervised,supervised,10.0,10.0,0.0
ESTA_BACSU_Nutschel_2020,4,1,48,auroc@0.55,esm2_wtm,supervised,2.0,10.0,8.0
ESTA_BACSU_Nutschel_2020,4,1,48,auroc@0.60,esm2_wtm,supervised,2.0,10.0,8.0
ESTA_BACSU_Nutschel_2020,4,1,48,auroc@0.65,esm2_wtm,supervised,2.0,10.0,8.0
ESTA_BACSU_Nutschel_2020,4,1,48,spearman@0.20,esm2_wtm,supervised,2.0,10.0,8.0
ESTA_BACSU_Nutschel_2020,4,2,96,enrich@1.5,supervised,supervised,3.0,3.0,0.0
ESTA_BACSU_Nutschel_2020,4,2,96,enrich@1.0,supervised,supervised,3.0,3.0,0.0
ESTA_BACSU_Nutschel_2020,4,2,96,auroc@0.55,supervised,supervised,3.0,3.0,0.0
ESTA_BACSU_Nutschel_2020,4,2,96,auroc@0.60,supervised,supervised,3.0,3.0,0.0
ESTA_BACSU_Nutschel_2020,4,2,96,auroc@0.65,supervised,supervised,3.0,3.0,0.0
ESTA_BACSU_Nutschel_2020,4,2,96,spearman@0.20,supervised,supervised,3.0,3.0,0.0
ESTA_BACSU_Nutschel_2020,4,3,144,enrich@1.5,supervised,explore,0.0,0.21301775147928995,0.21301775147928995
ESTA_BACSU_Nutschel_2020,4,3,144,enrich@1.0,supervised,explore,0.0,0.21301775147928995,0.21301775147928995
ESTA_BACSU_Nutschel_2020,4,3,144,auroc@0.55,supervised,explore,0.0,0.21301775147928995,0.21301775147928995
ESTA_BACSU_Nutschel_2020,4,3,144,auroc@0.60,supervised,explore,0.0,0.21301775147928995,0.21301775147928995
ESTA_BACSU_Nutschel_2020,4,3,144,auroc@0.65,supervised,explore,0.0,0.21301775147928995,0.21301775147928995
ESTA_BACSU_Nutschel_2020,4,3,144,spearman@0.20,supervised,explore,0.0,0.21301775147928995,0.21301775147928995
ESTA_BACSU_Nutschel_2020,5,0,0,enrich@1.5,explore,explore,0.4861878453038674,0.4861878453038674,0.0
ESTA_BACSU_Nutschel_2020,5,0,0,enrich@1.0,explore,explore,0.4861878453038674,0.4861878453038674,0.0
ESTA_BACSU_Nutschel_2020,5,0,0,auroc@0.55,explore,explore,0.4861878453038674,0.4861878453038674,0.0
ESTA_BACSU_Nutschel_2020,5,0,0,auroc@0.60,explore,explore,0.4861878453038674,0.4861878453038674,0.0
ESTA_BACSU_Nutschel_2020,5,0,0,auroc@0.65,explore,explore,0.4861878453038674,0.4861878453038674,0.0
ESTA_BACSU_Nutschel_2020,5,0,0,spearman@0.20,explore,explore,0.4861878453038674,0.4861878453038674,0.0
ESTA_BACSU_Nutschel_2020,5,1,48,enrich@1.5,supervised,esm2_wtm,0.0,2.0,2.0
ESTA_BACSU_Nutschel_2020,5,1,48,enrich@1.0,supervised,esm2_wtm,0.0,2.0,2.0
ESTA_BACSU_Nutschel_2020,5,1,48,auroc@0.55,supervised,esm2_wtm,0.0,2.0,2.0
ESTA_BACSU_Nutschel_2020,5,1,48,auroc@0.60,supervised,esm2_wtm,0.0,2.0,2.0
ESTA_BACSU_Nutschel_2020,5,1,48,auroc@0.65,supervised,esm2_wtm,0.0,2.0,2.0
ESTA_BACSU_Nutschel_2020,5,1,48,spearman@0.20,supervised,esm2_wtm,0.0,2.0,2.0
ESTA_BACSU_Nutschel_2020,5,2,96,enrich@1.5,supervised,esm2_wtm,0.0,2.0,2.0
ESTA_BACSU_Nutschel_2020,5,2,96,enrich@1.0,supervised,esm2_wtm,0.0,2.0,2.0
ESTA_BACSU_Nutschel_2020,5,2,96,auroc@0.55,supervised,esm2_wtm,0.0,2.0,2.0
ESTA_BACSU_Nutschel_2020,5,2,96,auroc@0.60,supervised,esm2_wtm,0.0,2.0,2.0
ESTA_BACSU_Nutschel_2020,5,2,96,auroc@0.65,supervised,esm2_wtm,0.0,2.0,2.0
ESTA_BACSU_Nutschel_2020,5,2,96,spearman@0.20,supervised,esm2_wtm,0.0,2.0,2.0
ESTA_BACSU_Nutschel_2020,5,3,144,enrich@1.5,explore,esm2_wtm,0.4970414201183432,2.0,1.502958579881657
ESTA_BACSU_Nutschel_2020,5,3,144,enrich@1.0,supervised,esm2_wtm,0.0,2.0,2.0
ESTA_BACSU_Nutschel_2020,5,3,144,auroc@0.55,supervised,esm2_wtm,0.0,2.0,2.0
ESTA_BACSU_Nutschel_2020,5,3,144,auroc@0.60,supervised,esm2_wtm,0.0,2.0,2.0
ESTA_BACSU_Nutschel_2020,5,3,144,auroc@0.65,supervised,esm2_wtm,0.0,2.0,2.0
ESTA_BACSU_Nutschel_2020,5,3,144,spearman@0.20,supervised,esm2_wtm,0.0,2.0,2.0
ESTA_BACSU_Nutschel_2020,6,0,0,enrich@1.5,explore,explore,0.4861878453038674,0.4861878453038674,0.0
ESTA_BACSU_Nutschel_2020,6,0,0,enrich@1.0,explore,explore,0.4861878453038674,0.4861878453038674,0.0
ESTA_BACSU_Nutschel_2020,6,0,0,auroc@0.55,explore,explore,0.4861878453038674,0.4861878453038674,0.0
ESTA_BACSU_Nutschel_2020,6,0,0,auroc@0.60,explore,explore,0.4861878453038674,0.4861878453038674,0.0
ESTA_BACSU_Nutschel_2020,6,0,0,auroc@0.65,explore,explore,0.4861878453038674,0.4861878453038674,0.0
ESTA_BACSU_Nutschel_2020,6,0,0,spearman@0.20,explore,explore,0.4861878453038674,0.4861878453038674,0.0
ESTA_BACSU_Nutschel_2020,6,1,48,enrich@1.5,esm2_wtm,supervised,2.0,6.0,4.0
ESTA_BACSU_Nutschel_2020,6,1,48,enrich@1.0,esm2_wtm,supervised,2.0,6.0,4.0
ESTA_BACSU_Nutschel_2020,6,1,48,auroc@0.55,esm2_wtm,supervised,2.0,6.0,4.0
ESTA_BACSU_Nutschel_2020,6,1,48,auroc@0.60,esm2_wtm,supervised,2.0,6.0,4.0
ESTA_BACSU_Nutschel_2020,6,1,48,auroc@0.65,esm2_wtm,supervised,2.0,6.0,4.0
ESTA_BACSU_Nutschel_2020,6,1,48,spearman@0.20,esm2_wtm,supervised,2.0,6.0,4.0
ESTA_BACSU_Nutschel_2020,6,2,96,enrich@1.5,supervised,supervised,8.0,8.0,0.0
ESTA_BACSU_Nutschel_2020,6,2,96,enrich@1.0,supervised,supervised,8.0,8.0,0.0
ESTA_BACSU_Nutschel_2020,6,2,96,auroc@0.55,supervised,supervised,8.0,8.0,0.0
ESTA_BACSU_Nutschel_2020,6,2,96,auroc@0.60,supervised,supervised,8.0,8.0,0.0
ESTA_BACSU_Nutschel_2020,6,2,96,auroc@0.65,supervised,supervised,8.0,8.0,0.0
ESTA_BACSU_Nutschel_2020,6,2,96,spearman@0.20,supervised,supervised,8.0,8.0,0.0
ESTA_BACSU_Nutschel_2020,6,3,144,enrich@1.5,supervised,supervised,1.0,1.0,0.0
ESTA_BACSU_Nutschel_2020,6,3,144,enrich@1.0,supervised,supervised,1.0,1.0,0.0
ESTA_BACSU_Nutschel_2020,6,3,144,auroc@0.55,supervised,supervised,1.0,1.0,0.0
ESTA_BACSU_Nutschel_2020,6,3,144,auroc@0.60,supervised,supervised,1.0,1.0,0.0
ESTA_BACSU_Nutschel_2020,6,3,144,auroc@0.65,supervised,supervised,1.0,1.0,0.0
ESTA_BACSU_Nutschel_2020,6,3,144,spearman@0.20,supervised,supervised,1.0,1.0,0.0
ESTA_BACSU_Nutschel_2020,7,0,0,enrich@1.5,explore,explore,0.4861878453038674,0.4861878453038674,0.0
ESTA_BACSU_Nutschel_2020,7,0,0,enrich@1.0,explore,explore,0.4861878453038674,0.4861878453038674,0.0
ESTA_BACSU_Nutschel_2020,7,0,0,auroc@0.55,explore,explore,0.4861878453038674,0.4861878453038674,0.0
ESTA_BACSU_Nutschel_2020,7,0,0,auroc@0.60,explore,explore,0.4861878453038674,0.4861878453038674,0.0
ESTA_BACSU_Nutschel_2020,7,0,0,auroc@0.65,explore,explore,0.4861878453038674,0.4861878453038674,0.0
ESTA_BACSU_Nutschel_2020,7,0,0,spearman@0.20,explore,explore,0.4861878453038674,0.4861878453038674,0.0
ESTA_BACSU_Nutschel_2020,7,1,48,enrich@1.5,supervised,esm2_wtm,0.0,2.0,2.0
ESTA_BACSU_Nutschel_2020,7,1,48,enrich@1.0,supervised,esm2_wtm,0.0,2.0,2.0
ESTA_BACSU_Nutschel_2020,7,1,48,auroc@0.55,esm2_wtm,esm2_wtm,2.0,2.0,0.0
ESTA_BACSU_Nutschel_2020,7,1,48,auroc@0.60,esm2_wtm,esm2_wtm,2.0,2.0,0.0
ESTA_BACSU_Nutschel_2020,7,1,48,auroc@0.65,esm2_wtm,esm2_wtm,2.0,2.0,0.0
ESTA_BACSU_Nutschel_2020,7,1,48,spearman@0.20,esm2_wtm,esm2_wtm,2.0,2.0,0.0
ESTA_BACSU_Nutschel_2020,7,2,96,enrich@1.5,supervised,esm2_wtm,0.0,2.0,2.0
ESTA_BACSU_Nutschel_2020,7,2,96,enrich@1.0,supervised,esm2_wtm,0.0,2.0,2.0
ESTA_BACSU_Nutschel_2020,7,2,96,auroc@0.55,supervised,esm2_wtm,0.0,2.0,2.0
ESTA_BACSU_Nutschel_2020,7,2,96,auroc@0.60,supervised,esm2_wtm,0.0,2.0,2.0
ESTA_BACSU_Nutschel_2020,7,2,96,auroc@0.65,supervised,esm2_wtm,0.0,2.0,2.0
ESTA_BACSU_Nutschel_2020,7,2,96,spearman@0.20,supervised,esm2_wtm,0.0,2.0,2.0
ESTA_BACSU_Nutschel_2020,7,3,144,enrich@1.5,supervised,esm2_wtm,1.0,2.0,1.0
ESTA_BACSU_Nutschel_2020,7,3,144,enrich@1.0,supervised,esm2_wtm,1.0,2.0,1.0
ESTA_BACSU_Nutschel_2020,7,3,144,auroc@0.55,esm2_wtm,esm2_wtm,2.0,2.0,0.0
ESTA_BACSU_Nutschel_2020,7,3,144,auroc@0.60,esm2_wtm,esm2_wtm,2.0,2.0,0.0
ESTA_BACSU_Nutschel_2020,7,3,144,auroc@0.65,esm2_wtm,esm2_wtm,2.0,2.0,0.0
ESTA_BACSU_Nutschel_2020,7,3,144,spearman@0.20,supervised,esm2_wtm,1.0,2.0,1.0
ESTA_BACSU_Nutschel_2020,8,0,0,enrich@1.5,explore,explore,0.4861878453038674,0.4861878453038674,0.0
ESTA_BACSU_Nutschel_2020,8,0,0,enrich@1.0,explore,explore,0.4861878453038674,0.4861878453038674,0.0
ESTA_BACSU_Nutschel_2020,8,0,0,auroc@0.55,explore,explore,0.4861878453038674,0.4861878453038674,0.0
ESTA_BACSU_Nutschel_2020,8,0,0,auroc@0.60,explore,explore,0.4861878453038674,0.4861878453038674,0.0
ESTA_BACSU_Nutschel_2020,8,0,0,auroc@0.65,explore,explore,0.4861878453038674,0.4861878453038674,0.0
ESTA_BACSU_Nutschel_2020,8,0,0,spearman@0.20,explore,explore,0.4861878453038674,0.4861878453038674,0.0
ESTA_BACSU_Nutschel_2020,8,1,48,enrich@1.5,esm2_wtm,esm2_wtm,2.0,2.0,0.0
ESTA_BACSU_Nutschel_2020,8,1,48,enrich@1.0,esm2_wtm,esm2_wtm,2.0,2.0,0.0
ESTA_BACSU_Nutschel_2020,8,1,48,auroc@0.55,esm2_wtm,esm2_wtm,2.0,2.0,0.0
ESTA_BACSU_Nutschel_2020,8,1,48,auroc@0.60,esm2_wtm,esm2_wtm,2.0,2.0,0.0
ESTA_BACSU_Nutschel_2020,8,1,48,auroc@0.65,esm2_wtm,esm2_wtm,2.0,2.0,0.0
ESTA_BACSU_Nutschel_2020,8,1,48,spearman@0.20,explore,esm2_wtm,0.4971751412429379,2.0,1.502824858757062
ESTA_BACSU_Nutschel_2020,8,2,96,enrich@1.5,supervised,supervised,7.0,7.0,0.0
ESTA_BACSU_Nutschel_2020,8,2,96,enrich@1.0,supervised,supervised,7.0,7.0,0.0
ESTA_BACSU_Nutschel_2020,8,2,96,auroc@0.55,supervised,supervised,7.0,7.0,0.0
ESTA_BACSU_Nutschel_2020,8,2,96,auroc@0.60,supervised,supervised,7.0,7.0,0.0
ESTA_BACSU_Nutschel_2020,8,2,96,auroc@0.65,supervised,supervised,7.0,7.0,0.0
ESTA_BACSU_Nutschel_2020,8,2,96,spearman@0.20,esm2_wtm,supervised,1.0,7.0,6.0
ESTA_BACSU_Nutschel_2020,8,3,144,enrich@1.5,supervised,supervised,3.0,3.0,0.0
ESTA_BACSU_Nutschel_2020,8,3,144,enrich@1.0,supervised,supervised,3.0,3.0,0.0
ESTA_BACSU_Nutschel_2020,8,3,144,auroc@0.55,supervised,supervised,3.0,3.0,0.0
ESTA_BACSU_Nutschel_2020,8,3,144,auroc@0.60,supervised,supervised,3.0,3.0,0.0
ESTA_BACSU_Nutschel_2020,8,3,144,auroc@0.65,supervised,supervised,3.0,3.0,0.0
ESTA_BACSU_Nutschel_2020,8,3,144,spearman@0.20,supervised,supervised,3.0,3.0,0.0
ESTA_BACSU_Nutschel_2020,9,0,0,enrich@1.5,explore,explore,0.4861878453038674,0.4861878453038674,0.0
ESTA_BACSU_Nutschel_2020,9,0,0,enrich@1.0,explore,explore,0.4861878453038674,0.4861878453038674,0.0
ESTA_BACSU_Nutschel_2020,9,0,0,auroc@0.55,explore,explore,0.4861878453038674,0.4861878453038674,0.0
ESTA_BACSU_Nutschel_2020,9,0,0,auroc@0.60,explore,explore,0.4861878453038674,0.4861878453038674,0.0
ESTA_BACSU_Nutschel_2020,9,0,0,auroc@0.65,explore,explore,0.4861878453038674,0.4861878453038674,0.0
ESTA_BACSU_Nutschel_2020,9,0,0,spearman@0.20,explore,explore,0.4861878453038674,0.4861878453038674,0.0
ESTA_BACSU_Nutschel_2020,9,1,48,enrich@1.5,supervised,supervised,2.0,2.0,0.0
ESTA_BACSU_Nutschel_2020,9,1,48,enrich@1.0,supervised,supervised,2.0,2.0,0.0
ESTA_BACSU_Nutschel_2020,9,1,48,auroc@0.55,esm2_wtm,supervised,2.0,2.0,0.0
ESTA_BACSU_Nutschel_2020,9,1,48,auroc@0.60,explore,supervised,0.4519774011299435,2.0,1.5480225988700564
ESTA_BACSU_Nutschel_2020,9,1,48,auroc@0.65,explore,supervised,0.4519774011299435,2.0,1.5480225988700564
ESTA_BACSU_Nutschel_2020,9,1,48,spearman@0.20,explore,supervised,0.4519774011299435,2.0,1.5480225988700564
ESTA_BACSU_Nutschel_2020,9,2,96,enrich@1.5,supervised,supervised,4.0,4.0,0.0
ESTA_BACSU_Nutschel_2020,9,2,96,enrich@1.0,supervised,supervised,4.0,4.0,0.0
ESTA_BACSU_Nutschel_2020,9,2,96,auroc@0.55,supervised,supervised,4.0,4.0,0.0
ESTA_BACSU_Nutschel_2020,9,2,96,auroc@0.60,supervised,supervised,4.0,4.0,0.0
ESTA_BACSU_Nutschel_2020,9,2,96,auroc@0.65,supervised,supervised,4.0,4.0,0.0
ESTA_BACSU_Nutschel_2020,9,2,96,spearman@0.20,supervised,supervised,4.0,4.0,0.0
ESTA_BACSU_Nutschel_2020,9,3,144,enrich@1.5,supervised,esm2_wtm,0.0,1.0,1.0
ESTA_BACSU_Nutschel_2020,9,3,144,enrich@1.0,supervised,esm2_wtm,0.0,1.0,1.0
ESTA_BACSU_Nutschel_2020,9,3,144,auroc@0.55,supervised,esm2_wtm,0.0,1.0,1.0
ESTA_BACSU_Nutschel_2020,9,3,144,auroc@0.60,supervised,esm2_wtm,0.0,1.0,1.0
ESTA_BACSU_Nutschel_2020,9,3,144,auroc@0.65,supervised,esm2_wtm,0.0,1.0,1.0
ESTA_BACSU_Nutschel_2020,9,3,144,spearman@0.20,supervised,esm2_wtm,0.0,1.0,1.0
ESTA_BACSU_Nutschel_2020,10,0,0,enrich@1.5,explore,explore,0.4861878453038674,0.4861878453038674,0.0
ESTA_BACSU_Nutschel_2020,10,0,0,enrich@1.0,explore,explore,0.4861878453038674,0.4861878453038674,0.0
ESTA_BACSU_Nutschel_2020,10,0,0,auroc@0.55,explore,explore,0.4861878453038674,0.4861878453038674,0.0
ESTA_BACSU_Nutschel_2020,10,0,0,auroc@0.60,explore,explore,0.4861878453038674,0.4861878453038674,0.0
ESTA_BACSU_Nutschel_2020,10,0,0,auroc@0.65,explore,explore,0.4861878453038674,0.4861878453038674,0.0
ESTA_BACSU_Nutschel_2020,10,0,0,spearman@0.20,explore,explore,0.4861878453038674,0.4861878453038674,0.0
ESTA_BACSU_Nutschel_2020,10,1,48,enrich@1.5,esm2_wtm,supervised,2.0,3.0,1.0
ESTA_BACSU_Nutschel_2020,10,1,48,enrich@1.0,esm2_wtm,supervised,2.0,3.0,1.0
ESTA_BACSU_Nutschel_2020,10,1,48,auroc@0.55,esm2_wtm,supervised,2.0,3.0,1.0
ESTA_BACSU_Nutschel_2020,10,1,48,auroc@0.60,esm2_wtm,supervised,2.0,3.0,1.0
ESTA_BACSU_Nutschel_2020,10,1,48,auroc@0.65,esm2_wtm,supervised,2.0,3.0,1.0
ESTA_BACSU_Nutschel_2020,10,1,48,spearman@0.20,esm2_wtm,supervised,2.0,3.0,1.0
ESTA_BACSU_Nutschel_2020,10,2,96,enrich@1.5,supervised,supervised,11.0,11.0,0.0
ESTA_BACSU_Nutschel_2020,10,2,96,enrich@1.0,supervised,supervised,11.0,11.0,0.0
ESTA_BACSU_Nutschel_2020,10,2,96,auroc@0.55,supervised,supervised,11.0,11.0,0.0
ESTA_BACSU_Nutschel_2020,10,2,96,auroc@0.60,supervised,supervised,11.0,11.0,0.0
ESTA_BACSU_Nutschel_2020,10,2,96,auroc@0.65,supervised,supervised,11.0,11.0,0.0
ESTA_BACSU_Nutschel_2020,10,2,96,spearman@0.20,esm2_wtm,supervised,1.0,11.0,10.0
ESTA_BACSU_Nutschel_2020,10,3,144,enrich@1.5,supervised,esm2_wtm,0.0,1.0,1.0
ESTA_BACSU_Nutschel_2020,10,3,144,enrich@1.0,supervised,esm2_wtm,0.0,1.0,1.0
ESTA_BACSU_Nutschel_2020,10,3,144,auroc@0.55,supervised,esm2_wtm,0.0,1.0,1.0
ESTA_BACSU_Nutschel_2020,10,3,144,auroc@0.60,supervised,esm2_wtm,0.0,1.0,1.0
ESTA_BACSU_Nutschel_2020,10,3,144,auroc@0.65,supervised,esm2_wtm,0.0,1.0,1.0
ESTA_BACSU_Nutschel_2020,10,3,144,spearman@0.20,supervised,esm2_wtm,0.0,1.0,1.0
ESTA_BACSU_Nutschel_2020,11,0,0,enrich@1.5,explore,explore,0.4861878453038674,0.4861878453038674,0.0
ESTA_BACSU_Nutschel_2020,11,0,0,enrich@1.0,explore,explore,0.4861878453038674,0.4861878453038674,0.0
ESTA_BACSU_Nutschel_2020,11,0,0,auroc@0.55,explore,explore,0.4861878453038674,0.4861878453038674,0.0
ESTA_BACSU_Nutschel_2020,11,0,0,auroc@0.60,explore,explore,0.4861878453038674,0.4861878453038674,0.0
ESTA_BACSU_Nutschel_2020,11,0,0,auroc@0.65,explore,explore,0.4861878453038674,0.4861878453038674,0.0
ESTA_BACSU_Nutschel_2020,11,0,0,spearman@0.20,explore,explore,0.4861878453038674,0.4861878453038674,0.0
ESTA_BACSU_Nutschel_2020,11,1,48,enrich@1.5,explore,esm2_wtm,0.4971751412429379,2.0,1.502824858757062
ESTA_BACSU_Nutschel_2020,11,1,48,enrich@1.0,explore,esm2_wtm,0.4971751412429379,2.0,1.502824858757062
ESTA_BACSU_Nutschel_2020,11,1,48,auroc@0.55,explore,esm2_wtm,0.4971751412429379,2.0,1.502824858757062
ESTA_BACSU_Nutschel_2020,11,1,48,auroc@0.60,explore,esm2_wtm,0.4971751412429379,2.0,1.502824858757062
ESTA_BACSU_Nutschel_2020,11,1,48,auroc@0.65,explore,esm2_wtm,0.4971751412429379,2.0,1.502824858757062
ESTA_BACSU_Nutschel_2020,11,1,48,spearman@0.20,explore,esm2_wtm,0.4971751412429379,2.0,1.502824858757062
ESTA_BACSU_Nutschel_2020,11,2,96,enrich@1.5,esm2_wtm,supervised,2.0,4.0,2.0
ESTA_BACSU_Nutschel_2020,11,2,96,enrich@1.0,esm2_wtm,supervised,2.0,4.0,2.0
ESTA_BACSU_Nutschel_2020,11,2,96,auroc@0.55,supervised,supervised,4.0,4.0,0.0
ESTA_BACSU_Nutschel_2020,11,2,96,auroc@0.60,supervised,supervised,4.0,4.0,0.0
ESTA_BACSU_Nutschel_2020,11,2,96,auroc@0.65,explore,supervised,0.5086705202312138,4.0,3.491329479768786
ESTA_BACSU_Nutschel_2020,11,2,96,spearman@0.20,supervised,supervised,4.0,4.0,0.0
ESTA_BACSU_Nutschel_2020,11,3,144,enrich@1.5,supervised,supervised,9.0,9.0,0.0
ESTA_BACSU_Nutschel_2020,11,3,144,enrich@1.0,supervised,supervised,9.0,9.0,0.0
ESTA_BACSU_Nutschel_2020,11,3,144,auroc@0.55,supervised,supervised,9.0,9.0,0.0
ESTA_BACSU_Nutschel_2020,11,3,144,auroc@0.60,supervised,supervised,9.0,9.0,0.0
ESTA_BACSU_Nutschel_2020,11,3,144,auroc@0.65,explore,supervised,0.47337278106508873,9.0,8.52662721893491
ESTA_BACSU_Nutschel_2020,11,3,144,spearman@0.20,esm2_wtm,supervised,1.0,9.0,8.0
ESTA_BACSU_Nutschel_2020,12,0,0,enrich@1.5,explore,explore,0.4861878453038674,0.4861878453038674,0.0
ESTA_BACSU_Nutschel_2020,12,0,0,enrich@1.0,explore,explore,0.4861878453038674,0.4861878453038674,0.0
ESTA_BACSU_Nutschel_2020,12,0,0,auroc@0.55,explore,explore,0.4861878453038674,0.4861878453038674,0.0
ESTA_BACSU_Nutschel_2020,12,0,0,auroc@0.60,explore,explore,0.4861878453038674,0.4861878453038674,0.0
ESTA_BACSU_Nutschel_2020,12,0,0,auroc@0.65,explore,explore,0.4861878453038674,0.4861878453038674,0.0
ESTA_BACSU_Nutschel_2020,12,0,0,spearman@0.20,explore,explore,0.4861878453038674,0.4861878453038674,0.0
ESTA_BACSU_Nutschel_2020,12,1,48,enrich@1.5,supervised,supervised,3.0,3.0,0.0
ESTA_BACSU_Nutschel_2020,12,1,48,enrich@1.0,supervised,supervised,3.0,3.0,0.0
ESTA_BACSU_Nutschel_2020,12,1,48,auroc@0.55,esm2_wtm,supervised,2.0,3.0,1.0
ESTA_BACSU_Nutschel_2020,12,1,48,auroc@0.60,esm2_wtm,supervised,2.0,3.0,1.0
ESTA_BACSU_Nutschel_2020,12,1,48,auroc@0.65,explore,supervised,0.4971751412429379,3.0,2.5028248587570623
ESTA_BACSU_Nutschel_2020,12,1,48,spearman@0.20,esm2_wtm,supervised,2.0,3.0,1.0
ESTA_BACSU_Nutschel_2020,12,2,96,enrich@1.5,supervised,supervised,2.0,2.0,0.0
ESTA_BACSU_Nutschel_2020,12,2,96,enrich@1.0,supervised,supervised,2.0,2.0,0.0
ESTA_BACSU_Nutschel_2020,12,2,96,auroc@0.55,esm2_wtm,supervised,2.0,2.0,0.0
ESTA_BACSU_Nutschel_2020,12,2,96,auroc@0.60,esm2_wtm,supervised,2.0,2.0,0.0
ESTA_BACSU_Nutschel_2020,12,2,96,auroc@0.65,esm2_wtm,supervised,2.0,2.0,0.0
ESTA_BACSU_Nutschel_2020,12,2,96,spearman@0.20,esm2_wtm,supervised,2.0,2.0,0.0
ESTA_BACSU_Nutschel_2020,12,3,144,enrich@1.5,supervised,supervised,2.0,2.0,0.0
ESTA_BACSU_Nutschel_2020,12,3,144,enrich@1.0,supervised,supervised,2.0,2.0,0.0
ESTA_BACSU_Nutschel_2020,12,3,144,auroc@0.55,supervised,supervised,2.0,2.0,0.0
ESTA_BACSU_Nutschel_2020,12,3,144,auroc@0.60,supervised,supervised,2.0,2.0,0.0
ESTA_BACSU_Nutschel_2020,12,3,144,auroc@0.65,supervised,supervised,2.0,2.0,0.0
ESTA_BACSU_Nutschel_2020,12,3,144,spearman@0.20,supervised,supervised,2.0,2.0,0.0
ESTA_BACSU_Nutschel_2020,13,0,0,enrich@1.5,explore,explore,0.4861878453038674,0.4861878453038674,0.0
ESTA_BACSU_Nutschel_2020,13,0,0,enrich@1.0,explore,explore,0.4861878453038674,0.4861878453038674,0.0
ESTA_BACSU_Nutschel_2020,13,0,0,auroc@0.55,explore,explore,0.4861878453038674,0.4861878453038674,0.0
ESTA_BACSU_Nutschel_2020,13,0,0,auroc@0.60,explore,explore,0.4861878453038674,0.4861878453038674,0.0
ESTA_BACSU_Nutschel_2020,13,0,0,auroc@0.65,explore,explore,0.4861878453038674,0.4861878453038674,0.0
ESTA_BACSU_Nutschel_2020,13,0,0,spearman@0.20,explore,explore,0.4861878453038674,0.4861878453038674,0.0
ESTA_BACSU_Nutschel_2020,13,1,48,enrich@1.5,supervised,supervised,5.0,5.0,0.0
ESTA_BACSU_Nutschel_2020,13,1,48,enrich@1.0,supervised,supervised,5.0,5.0,0.0
ESTA_BACSU_Nutschel_2020,13,1,48,auroc@0.55,esm2_wtm,supervised,1.0,5.0,4.0
ESTA_BACSU_Nutschel_2020,13,1,48,auroc@0.60,esm2_wtm,supervised,1.0,5.0,4.0
ESTA_BACSU_Nutschel_2020,13,1,48,auroc@0.65,esm2_wtm,supervised,1.0,5.0,4.0
ESTA_BACSU_Nutschel_2020,13,1,48,spearman@0.20,supervised,supervised,5.0,5.0,0.0
ESTA_BACSU_Nutschel_2020,13,2,96,enrich@1.5,supervised,supervised,2.0,2.0,0.0
ESTA_BACSU_Nutschel_2020,13,2,96,enrich@1.0,supervised,supervised,2.0,2.0,0.0
ESTA_BACSU_Nutschel_2020,13,2,96,auroc@0.55,supervised,supervised,2.0,2.0,0.0
ESTA_BACSU_Nutschel_2020,13,2,96,auroc@0.60,supervised,supervised,2.0,2.0,0.0
ESTA_BACSU_Nutschel_2020,13,2,96,auroc@0.65,supervised,supervised,2.0,2.0,0.0
ESTA_BACSU_Nutschel_2020,13,2,96,spearman@0.20,supervised,supervised,2.0,2.0,0.0
ESTA_BACSU_Nutschel_2020,13,3,144,enrich@1.5,supervised,supervised,1.0,1.0,0.0
ESTA_BACSU_Nutschel_2020,13,3,144,enrich@1.0,supervised,supervised,1.0,1.0,0.0
ESTA_BACSU_Nutschel_2020,13,3,144,auroc@0.55,supervised,supervised,1.0,1.0,0.0
ESTA_BACSU_Nutschel_2020,13,3,144,auroc@0.60,supervised,supervised,1.0,1.0,0.0
ESTA_BACSU_Nutschel_2020,13,3,144,auroc@0.65,supervised,supervised,1.0,1.0,0.0
ESTA_BACSU_Nutschel_2020,13,3,144,spearman@0.20,supervised,supervised,1.0,1.0,0.0
ESTA_BACSU_Nutschel_2020,14,0,0,enrich@1.5,explore,explore,0.4861878453038674,0.4861878453038674,0.0
ESTA_BACSU_Nutschel_2020,14,0,0,enrich@1.0,explore,explore,0.4861878453038674,0.4861878453038674,0.0
ESTA_BACSU_Nutschel_2020,14,0,0,auroc@0.55,explore,explore,0.4861878453038674,0.4861878453038674,0.0
ESTA_BACSU_Nutschel_2020,14,0,0,auroc@0.60,explore,explore,0.4861878453038674,0.4861878453038674,0.0
ESTA_BACSU_Nutschel_2020,14,0,0,auroc@0.65,explore,explore,0.4861878453038674,0.4861878453038674,0.0
ESTA_BACSU_Nutschel_2020,14,0,0,spearman@0.20,explore,explore,0.4861878453038674,0.4861878453038674,0.0
ESTA_BACSU_Nutschel_2020,14,1,48,enrich@1.5,supervised,supervised,4.0,4.0,0.0
ESTA_BACSU_Nutschel_2020,14,1,48,enrich@1.0,supervised,supervised,4.0,4.0,0.0
ESTA_BACSU_Nutschel_2020,14,1,48,auroc@0.55,esm2_wtm,supervised,2.0,4.0,2.0
ESTA_BACSU_Nutschel_2020,14,1,48,auroc@0.60,esm2_wtm,supervised,2.0,4.0,2.0
ESTA_BACSU_Nutschel_2020,14,1,48,auroc@0.65,esm2_wtm,supervised,2.0,4.0,2.0
ESTA_BACSU_Nutschel_2020,14,1,48,spearman@0.20,esm2_wtm,supervised,2.0,4.0,2.0
ESTA_BACSU_Nutschel_2020,14,2,96,enrich@1.5,supervised,supervised,2.0,2.0,0.0
ESTA_BACSU_Nutschel_2020,14,2,96,enrich@1.0,supervised,supervised,2.0,2.0,0.0
ESTA_BACSU_Nutschel_2020,14,2,96,auroc@0.55,supervised,supervised,2.0,2.0,0.0
ESTA_BACSU_Nutschel_2020,14,2,96,auroc@0.60,supervised,supervised,2.0,2.0,0.0
ESTA_BACSU_Nutschel_2020,14,2,96,auroc@0.65,supervised,supervised,2.0,2.0,0.0
ESTA_BACSU_Nutschel_2020,14,2,96,spearman@0.20,supervised,supervised,2.0,2.0,0.0
ESTA_BACSU_Nutschel_2020,14,3,144,enrich@1.5,supervised,esm2_wtm,0.0,1.0,1.0
ESTA_BACSU_Nutschel_2020,14,3,144,enrich@1.0,supervised,esm2_wtm,0.0,1.0,1.0
ESTA_BACSU_Nutschel_2020,14,3,144,auroc@0.55,supervised,esm2_wtm,0.0,1.0,1.0
ESTA_BACSU_Nutschel_2020,14,3,144,auroc@0.60,supervised,esm2_wtm,0.0,1.0,1.0
ESTA_BACSU_Nutschel_2020,14,3,144,auroc@0.65,supervised,esm2_wtm,0.0,1.0,1.0
ESTA_BACSU_Nutschel_2020,14,3,144,spearman@0.20,supervised,esm2_wtm,0.0,1.0,1.0
ESTA_BACSU_Nutschel_2020,15,0,0,enrich@1.5,explore,explore,0.4861878453038674,0.4861878453038674,0.0
ESTA_BACSU_Nutschel_2020,15,0,0,enrich@1.0,explore,explore,0.4861878453038674,0.4861878453038674,0.0
ESTA_BACSU_Nutschel_2020,15,0,0,auroc@0.55,explore,explore,0.4861878453038674,0.4861878453038674,0.0
ESTA_BACSU_Nutschel_2020,15,0,0,auroc@0.60,explore,explore,0.4861878453038674,0.4861878453038674,0.0
ESTA_BACSU_Nutschel_2020,15,0,0,auroc@0.65,explore,explore,0.4861878453038674,0.4861878453038674,0.0
ESTA_BACSU_Nutschel_2020,15,0,0,spearman@0.20,explore,explore,0.4861878453038674,0.4861878453038674,0.0
ESTA_BACSU_Nutschel_2020,15,1,48,enrich@1.5,supervised,esm2_wtm,0.0,2.0,2.0
ESTA_BACSU_Nutschel_2020,15,1,48,enrich@1.0,supervised,esm2_wtm,0.0,2.0,2.0
ESTA_BACSU_Nutschel_2020,15,1,48,auroc@0.55,esm2_wtm,esm2_wtm,2.0,2.0,0.0
ESTA_BACSU_Nutschel_2020,15,1,48,auroc@0.60,esm2_wtm,esm2_wtm,2.0,2.0,0.0
ESTA_BACSU_Nutschel_2020,15,1,48,auroc@0.65,esm2_wtm,esm2_wtm,2.0,2.0,0.0
ESTA_BACSU_Nutschel_2020,15,1,48,spearman@0.20,esm2_wtm,esm2_wtm,2.0,2.0,0.0
ESTA_BACSU_Nutschel_2020,15,2,96,enrich@1.5,explore,esm2_wtm,0.5086705202312138,2.0,1.4913294797687862
ESTA_BACSU_Nutschel_2020,15,2,96,enrich@1.0,explore,esm2_wtm,0.5086705202312138,2.0,1.4913294797687862
ESTA_BACSU_Nutschel_2020,15,2,96,auroc@0.55,supervised,esm2_wtm,0.0,2.0,2.0
ESTA_BACSU_Nutschel_2020,15,2,96,auroc@0.60,supervised,esm2_wtm,0.0,2.0,2.0
ESTA_BACSU_Nutschel_2020,15,2,96,auroc@0.65,supervised,esm2_wtm,0.0,2.0,2.0
ESTA_BACSU_Nutschel_2020,15,2,96,spearman@0.20,supervised,esm2_wtm,0.0,2.0,2.0
ESTA_BACSU_Nutschel_2020,15,3,144,enrich@1.5,explore,supervised,0.5207100591715976,2.0,1.4792899408284024
ESTA_BACSU_Nutschel_2020,15,3,144,enrich@1.0,supervised,supervised,2.0,2.0,0.0
ESTA_BACSU_Nutschel_2020,15,3,144,auroc@0.55,supervised,supervised,2.0,2.0,0.0
ESTA_BACSU_Nutschel_2020,15,3,144,auroc@0.60,supervised,supervised,2.0,2.0,0.0
ESTA_BACSU_Nutschel_2020,15,3,144,auroc@0.65,explore,supervised,0.5207100591715976,2.0,1.4792899408284024
ESTA_BACSU_Nutschel_2020,15,3,144,spearman@0.20,supervised,supervised,2.0,2.0,0.0
ESTA_BACSU_Nutschel_2020,16,0,0,enrich@1.5,explore,explore,0.4861878453038674,0.4861878453038674,0.0
ESTA_BACSU_Nutschel_2020,16,0,0,enrich@1.0,explore,explore,0.4861878453038674,0.4861878453038674,0.0
ESTA_BACSU_Nutschel_2020,16,0,0,auroc@0.55,explore,explore,0.4861878453038674,0.4861878453038674,0.0
ESTA_BACSU_Nutschel_2020,16,0,0,auroc@0.60,explore,explore,0.4861878453038674,0.4861878453038674,0.0
ESTA_BACSU_Nutschel_2020,16,0,0,auroc@0.65,explore,explore,0.4861878453038674,0.4861878453038674,0.0
ESTA_BACSU_Nutschel_2020,16,0,0,spearman@0.20,explore,explore,0.4861878453038674,0.4861878453038674,0.0
ESTA_BACSU_Nutschel_2020,16,1,48,enrich@1.5,esm2_wtm,supervised,2.0,2.0,0.0
ESTA_BACSU_Nutschel_2020,16,1,48,enrich@1.0,esm2_wtm,supervised,2.0,2.0,0.0
ESTA_BACSU_Nutschel_2020,16,1,48,auroc@0.55,esm2_wtm,supervised,2.0,2.0,0.0
ESTA_BACSU_Nutschel_2020,16,1,48,auroc@0.60,esm2_wtm,supervised,2.0,2.0,0.0
ESTA_BACSU_Nutschel_2020,16,1,48,auroc@0.65,esm2_wtm,supervised,2.0,2.0,0.0
ESTA_BACSU_Nutschel_2020,16,1,48,spearman@0.20,esm2_wtm,supervised,2.0,2.0,0.0
ESTA_BACSU_Nutschel_2020,16,2,96,enrich@1.5,supervised,supervised,9.0,9.0,0.0
ESTA_BACSU_Nutschel_2020,16,2,96,enrich@1.0,supervised,supervised,9.0,9.0,0.0
ESTA_BACSU_Nutschel_2020,16,2,96,auroc@0.55,supervised,supervised,9.0,9.0,0.0
ESTA_BACSU_Nutschel_2020,16,2,96,auroc@0.60,supervised,supervised,9.0,9.0,0.0
ESTA_BACSU_Nutschel_2020,16,2,96,auroc@0.65,supervised,supervised,9.0,9.0,0.0
ESTA_BACSU_Nutschel_2020,16,2,96,spearman@0.20,supervised,supervised,9.0,9.0,0.0
ESTA_BACSU_Nutschel_2020,16,3,144,enrich@1.5,supervised,supervised,1.0,1.0,0.0
ESTA_BACSU_Nutschel_2020,16,3,144,enrich@1.0,supervised,supervised,1.0,1.0,0.0
ESTA_BACSU_Nutschel_2020,16,3,144,auroc@0.55,supervised,supervised,1.0,1.0,0.0
ESTA_BACSU_Nutschel_2020,16,3,144,auroc@0.60,supervised,supervised,1.0,1.0,0.0
ESTA_BACSU_Nutschel_2020,16,3,144,auroc@0.65,supervised,supervised,1.0,1.0,0.0
ESTA_BACSU_Nutschel_2020,16,3,144,spearman@0.20,supervised,supervised,1.0,1.0,0.0
ESTA_BACSU_Nutschel_2020,17,0,0,enrich@1.5,explore,explore,0.4861878453038674,0.4861878453038674,0.0
ESTA_BACSU_Nutschel_2020,17,0,0,enrich@1.0,explore,explore,0.4861878453038674,0.4861878453038674,0.0
ESTA_BACSU_Nutschel_2020,17,0,0,auroc@0.55,explore,explore,0.4861878453038674,0.4861878453038674,0.0
ESTA_BACSU_Nutschel_2020,17,0,0,auroc@0.60,explore,explore,0.4861878453038674,0.4861878453038674,0.0
ESTA_BACSU_Nutschel_2020,17,0,0,auroc@0.65,explore,explore,0.4861878453038674,0.4861878453038674,0.0
ESTA_BACSU_Nutschel_2020,17,0,0,spearman@0.20,explore,explore,0.4861878453038674,0.4861878453038674,0.0
ESTA_BACSU_Nutschel_2020,17,1,48,enrich@1.5,esm2_wtm,supervised,2.0,2.0,0.0
ESTA_BACSU_Nutschel_2020,17,1,48,enrich@1.0,esm2_wtm,supervised,2.0,2.0,0.0
ESTA_BACSU_Nutschel_2020,17,1,48,auroc@0.55,supervised,supervised,2.0,2.0,0.0
ESTA_BACSU_Nutschel_2020,17,1,48,auroc@0.60,supervised,supervised,2.0,2.0,0.0
ESTA_BACSU_Nutschel_2020,17,1,48,auroc@0.65,supervised,supervised,2.0,2.0,0.0
ESTA_BACSU_Nutschel_2020,17,1,48,spearman@0.20,supervised,supervised,2.0,2.0,0.0
ESTA_BACSU_Nutschel_2020,17,2,96,enrich@1.5,supervised,supervised,9.0,9.0,0.0
ESTA_BACSU_Nutschel_2020,17,2,96,enrich@1.0,supervised,supervised,9.0,9.0,0.0
ESTA_BACSU_Nutschel_2020,17,2,96,auroc@0.55,supervised,supervised,9.0,9.0,0.0
ESTA_BACSU_Nutschel_2020,17,2,96,auroc@0.60,supervised,supervised,9.0,9.0,0.0
ESTA_BACSU_Nutschel_2020,17,2,96,auroc@0.65,supervised,supervised,9.0,9.0,0.0
ESTA_BACSU_Nutschel_2020,17,2,96,spearman@0.20,esm2_wtm,supervised,1.0,9.0,8.0
ESTA_BACSU_Nutschel_2020,17,3,144,enrich@1.5,supervised,supervised,1.0,1.0,0.0
ESTA_BACSU_Nutschel_2020,17,3,144,enrich@1.0,supervised,supervised,1.0,1.0,0.0
ESTA_BACSU_Nutschel_2020,17,3,144,auroc@0.55,supervised,supervised,1.0,1.0,0.0
ESTA_BACSU_Nutschel_2020,17,3,144,auroc@0.60,supervised,supervised,1.0,1.0,0.0
ESTA_BACSU_Nutschel_2020,17,3,144,auroc@0.65,supervised,supervised,1.0,1.0,0.0
ESTA_BACSU_Nutschel_2020,17,3,144,spearman@0.20,supervised,supervised,1.0,1.0,0.0
ESTA_BACSU_Nutschel_2020,18,0,0,enrich@1.5,explore,explore,0.4861878453038674,0.4861878453038674,0.0
ESTA_BACSU_Nutschel_2020,18,0,0,enrich@1.0,explore,explore,0.4861878453038674,0.4861878453038674,0.0
ESTA_BACSU_Nutschel_2020,18,0,0,auroc@0.55,explore,explore,0.4861878453038674,0.4861878453038674,0.0
ESTA_BACSU_Nutschel_2020,18,0,0,auroc@0.60,explore,explore,0.4861878453038674,0.4861878453038674,0.0
ESTA_BACSU_Nutschel_2020,18,0,0,auroc@0.65,explore,explore,0.4861878453038674,0.4861878453038674,0.0
ESTA_BACSU_Nutschel_2020,18,0,0,spearman@0.20,explore,explore,0.4861878453038674,0.4861878453038674,0.0
ESTA_BACSU_Nutschel_2020,18,1,48,enrich@1.5,supervised,esm2_wtm,0.0,2.0,2.0
ESTA_BACSU_Nutschel_2020,18,1,48,enrich@1.0,supervised,esm2_wtm,0.0,2.0,2.0
ESTA_BACSU_Nutschel_2020,18,1,48,auroc@0.55,explore,esm2_wtm,0.4971751412429379,2.0,1.502824858757062
ESTA_BACSU_Nutschel_2020,18,1,48,auroc@0.60,explore,esm2_wtm,0.4971751412429379,2.0,1.502824858757062
ESTA_BACSU_Nutschel_2020,18,1,48,auroc@0.65,explore,esm2_wtm,0.4971751412429379,2.0,1.502824858757062
ESTA_BACSU_Nutschel_2020,18,1,48,spearman@0.20,supervised,esm2_wtm,0.0,2.0,2.0
ESTA_BACSU_Nutschel_2020,18,2,96,enrich@1.5,explore,supervised,0.5086705202312138,3.0,2.491329479768786
ESTA_BACSU_Nutschel_2020,18,2,96,enrich@1.0,explore,supervised,0.5086705202312138,3.0,2.491329479768786
ESTA_BACSU_Nutschel_2020,18,2,96,auroc@0.55,supervised,supervised,3.0,3.0,0.0
ESTA_BACSU_Nutschel_2020,18,2,96,auroc@0.60,supervised,supervised,3.0,3.0,0.0
ESTA_BACSU_Nutschel_2020,18,2,96,auroc@0.65,supervised,supervised,3.0,3.0,0.0
ESTA_BACSU_Nutschel_2020,18,2,96,spearman@0.20,supervised,supervised,3.0,3.0,0.0
ESTA_BACSU_Nutschel_2020,18,3,144,enrich@1.5,supervised,supervised,3.0,3.0,0.0
ESTA_BACSU_Nutschel_2020,18,3,144,enrich@1.0,supervised,supervised,3.0,3.0,0.0
ESTA_BACSU_Nutschel_2020,18,3,144,auroc@0.55,supervised,supervised,3.0,3.0,0.0
ESTA_BACSU_Nutschel_2020,18,3,144,auroc@0.60,supervised,supervised,3.0,3.0,0.0
ESTA_BACSU_Nutschel_2020,18,3,144,auroc@0.65,supervised,supervised,3.0,3.0,0.0
ESTA_BACSU_Nutschel_2020,18,3,144,spearman@0.20,supervised,supervised,3.0,3.0,0.0
ESTA_BACSU_Nutschel_2020,19,0,0,enrich@1.5,explore,explore,0.4861878453038674,0.4861878453038674,0.0
ESTA_BACSU_Nutschel_2020,19,0,0,enrich@1.0,explore,explore,0.4861878453038674,0.4861878453038674,0.0
ESTA_BACSU_Nutschel_2020,19,0,0,auroc@0.55,explore,explore,0.4861878453038674,0.4861878453038674,0.0
ESTA_BACSU_Nutschel_2020,19,0,0,auroc@0.60,explore,explore,0.4861878453038674,0.4861878453038674,0.0
ESTA_BACSU_Nutschel_2020,19,0,0,auroc@0.65,explore,explore,0.4861878453038674,0.4861878453038674,0.0
ESTA_BACSU_Nutschel_2020,19,0,0,spearman@0.20,explore,explore,0.4861878453038674,0.4861878453038674,0.0
ESTA_BACSU_Nutschel_2020,19,1,48,enrich@1.5,esm2_wtm,supervised,2.0,3.0,1.0
ESTA_BACSU_Nutschel_2020,19,1,48,enrich@1.0,esm2_wtm,supervised,2.0,3.0,1.0
ESTA_BACSU_Nutschel_2020,19,1,48,auroc@0.55,esm2_wtm,supervised,2.0,3.0,1.0
ESTA_BACSU_Nutschel_2020,19,1,48,auroc@0.60,esm2_wtm,supervised,2.0,3.0,1.0
ESTA_BACSU_Nutschel_2020,19,1,48,auroc@0.65,esm2_wtm,supervised,2.0,3.0,1.0
ESTA_BACSU_Nutschel_2020,19,1,48,spearman@0.20,explore,supervised,0.4971751412429379,3.0,2.5028248587570623
ESTA_BACSU_Nutschel_2020,19,2,96,enrich@1.5,supervised,supervised,9.0,9.0,0.0
ESTA_BACSU_Nutschel_2020,19,2,96,enrich@1.0,supervised,supervised,9.0,9.0,0.0
ESTA_BACSU_Nutschel_2020,19,2,96,auroc@0.55,supervised,supervised,9.0,9.0,0.0
ESTA_BACSU_Nutschel_2020,19,2,96,auroc@0.60,supervised,supervised,9.0,9.0,0.0
ESTA_BACSU_Nutschel_2020,19,2,96,auroc@0.65,supervised,supervised,9.0,9.0,0.0
ESTA_BACSU_Nutschel_2020,19,2,96,spearman@0.20,supervised,supervised,9.0,9.0,0.0
ESTA_BACSU_Nutschel_2020,19,3,144,enrich@1.5,supervised,supervised,2.0,2.0,0.0
ESTA_BACSU_Nutschel_2020,19,3,144,enrich@1.0,supervised,supervised,2.0,2.0,0.0
ESTA_BACSU_Nutschel_2020,19,3,144,auroc@0.55,supervised,supervised,2.0,2.0,0.0
ESTA_BACSU_Nutschel_2020,19,3,144,auroc@0.60,supervised,supervised,2.0,2.0,0.0
ESTA_BACSU_Nutschel_2020,19,3,144,auroc@0.65,supervised,supervised,2.0,2.0,0.0
ESTA_BACSU_Nutschel_2020,19,3,144,spearman@0.20,supervised,supervised,2.0,2.0,0.0
ESTA_BACSU_Nutschel_2020,20,0,0,enrich@1.5,explore,explore,0.4861878453038674,0.4861878453038674,0.0
ESTA_BACSU_Nutschel_2020,20,0,0,enrich@1.0,explore,explore,0.4861878453038674,0.4861878453038674,0.0
ESTA_BACSU_Nutschel_2020,20,0,0,auroc@0.55,explore,explore,0.4861878453038674,0.4861878453038674,0.0
ESTA_BACSU_Nutschel_2020,20,0,0,auroc@0.60,explore,explore,0.4861878453038674,0.4861878453038674,0.0
ESTA_BACSU_Nutschel_2020,20,0,0,auroc@0.65,explore,explore,0.4861878453038674,0.4861878453038674,0.0
ESTA_BACSU_Nutschel_2020,20,0,0,spearman@0.20,explore,explore,0.4861878453038674,0.4861878453038674,0.0
ESTA_BACSU_Nutschel_2020,20,1,48,enrich@1.5,esm2_wtm,supervised,2.0,6.0,4.0
ESTA_BACSU_Nutschel_2020,20,1,48,enrich@1.0,esm2_wtm,supervised,2.0,6.0,4.0
ESTA_BACSU_Nutschel_2020,20,1,48,auroc@0.55,esm2_wtm,supervised,2.0,6.0,4.0
ESTA_BACSU_Nutschel_2020,20,1,48,auroc@0.60,esm2_wtm,supervised,2.0,6.0,4.0
ESTA_BACSU_Nutschel_2020,20,1,48,auroc@0.65,esm2_wtm,supervised,2.0,6.0,4.0
ESTA_BACSU_Nutschel_2020,20,1,48,spearman@0.20,esm2_wtm,supervised,2.0,6.0,4.0
ESTA_BACSU_Nutschel_2020,20,2,96,enrich@1.5,supervised,supervised,9.0,9.0,0.0
ESTA_BACSU_Nutschel_2020,20,2,96,enrich@1.0,supervised,supervised,9.0,9.0,0.0
ESTA_BACSU_Nutschel_2020,20,2,96,auroc@0.55,supervised,supervised,9.0,9.0,0.0
ESTA_BACSU_Nutschel_2020,20,2,96,auroc@0.60,supervised,supervised,9.0,9.0,0.0
ESTA_BACSU_Nutschel_2020,20,2,96,auroc@0.65,supervised,supervised,9.0,9.0,0.0
ESTA_BACSU_Nutschel_2020,20,2,96,spearman@0.20,esm2_wtm,supervised,1.0,9.0,8.0
ESTA_BACSU_Nutschel_2020,20,3,144,enrich@1.5,supervised,supervised,2.0,2.0,0.0
ESTA_BACSU_Nutschel_2020,20,3,144,enrich@1.0,supervised,supervised,2.0,2.0,0.0
ESTA_BACSU_Nutschel_2020,20,3,144,auroc@0.55,supervised,supervised,2.0,2.0,0.0
ESTA_BACSU_Nutschel_2020,20,3,144,auroc@0.60,supervised,supervised,2.0,2.0,0.0
ESTA_BACSU_Nutschel_2020,20,3,144,auroc@0.65,supervised,supervised,2.0,2.0,0.0
ESTA_BACSU_Nutschel_2020,20,3,144,spearman@0.20,supervised,supervised,2.0,2.0,0.0
ESTA_BACSU_Nutschel_2020,21,0,0,enrich@1.5,explore,explore,0.4861878453038674,0.4861878453038674,0.0
ESTA_BACSU_Nutschel_2020,21,0,0,enrich@1.0,explore,explore,0.4861878453038674,0.4861878453038674,0.0
ESTA_BACSU_Nutschel_2020,21,0,0,auroc@0.55,explore,explore,0.4861878453038674,0.4861878453038674,0.0
ESTA_BACSU_Nutschel_2020,21,0,0,auroc@0.60,explore,explore,0.4861878453038674,0.4861878453038674,0.0
ESTA_BACSU_Nutschel_2020,21,0,0,auroc@0.65,explore,explore,0.4861878453038674,0.4861878453038674,0.0
ESTA_BACSU_Nutschel_2020,21,0,0,spearman@0.20,explore,explore,0.4861878453038674,0.4861878453038674,0.0
ESTA_BACSU_Nutschel_2020,21,1,48,enrich@1.5,supervised,supervised,7.0,7.0,0.0
ESTA_BACSU_Nutschel_2020,21,1,48,enrich@1.0,supervised,supervised,7.0,7.0,0.0
ESTA_BACSU_Nutschel_2020,21,1,48,auroc@0.55,supervised,supervised,7.0,7.0,0.0
ESTA_BACSU_Nutschel_2020,21,1,48,auroc@0.60,supervised,supervised,7.0,7.0,0.0
ESTA_BACSU_Nutschel_2020,21,1,48,auroc@0.65,supervised,supervised,7.0,7.0,0.0
ESTA_BACSU_Nutschel_2020,21,1,48,spearman@0.20,explore,supervised,0.4971751412429379,7.0,6.502824858757062
ESTA_BACSU_Nutschel_2020,21,2,96,enrich@1.5,supervised,supervised,6.0,6.0,0.0
ESTA_BACSU_Nutschel_2020,21,2,96,enrich@1.0,supervised,supervised,6.0,6.0,0.0
ESTA_BACSU_Nutschel_2020,21,2,96,auroc@0.55,supervised,supervised,6.0,6.0,0.0
ESTA_BACSU_Nutschel_2020,21,2,96,auroc@0.60,supervised,supervised,6.0,6.0,0.0
ESTA_BACSU_Nutschel_2020,21,2,96,auroc@0.65,supervised,supervised,6.0,6.0,0.0
ESTA_BACSU_Nutschel_2020,21,2,96,spearman@0.20,supervised,supervised,6.0,6.0,0.0
ESTA_BACSU_Nutschel_2020,21,3,144,enrich@1.5,supervised,supervised,1.0,1.0,0.0
ESTA_BACSU_Nutschel_2020,21,3,144,enrich@1.0,supervised,supervised,1.0,1.0,0.0
ESTA_BACSU_Nutschel_2020,21,3,144,auroc@0.55,supervised,supervised,1.0,1.0,0.0
ESTA_BACSU_Nutschel_2020,21,3,144,auroc@0.60,supervised,supervised,1.0,1.0,0.0
ESTA_BACSU_Nutschel_2020,21,3,144,auroc@0.65,supervised,supervised,1.0,1.0,0.0
ESTA_BACSU_Nutschel_2020,21,3,144,spearman@0.20,supervised,supervised,1.0,1.0,0.0
ESTA_BACSU_Nutschel_2020,22,0,0,enrich@1.5,explore,explore,0.4861878453038674,0.4861878453038674,0.0
ESTA_BACSU_Nutschel_2020,22,0,0,enrich@1.0,explore,explore,0.4861878453038674,0.4861878453038674,0.0
ESTA_BACSU_Nutschel_2020,22,0,0,auroc@0.55,explore,explore,0.4861878453038674,0.4861878453038674,0.0
ESTA_BACSU_Nutschel_2020,22,0,0,auroc@0.60,explore,explore,0.4861878453038674,0.4861878453038674,0.0
ESTA_BACSU_Nutschel_2020,22,0,0,auroc@0.65,explore,explore,0.4861878453038674,0.4861878453038674,0.0
ESTA_BACSU_Nutschel_2020,22,0,0,spearman@0.20,explore,explore,0.4861878453038674,0.4861878453038674,0.0
ESTA_BACSU_Nutschel_2020,22,1,48,enrich@1.5,esm2_wtm,supervised,2.0,2.0,0.0
ESTA_BACSU_Nutschel_2020,22,1,48,enrich@1.0,esm2_wtm,supervised,2.0,2.0,0.0
ESTA_BACSU_Nutschel_2020,22,1,48,auroc@0.55,esm2_wtm,supervised,2.0,2.0,0.0
ESTA_BACSU_Nutschel_2020,22,1,48,auroc@0.60,esm2_wtm,supervised,2.0,2.0,0.0
ESTA_BACSU_Nutschel_2020,22,1,48,auroc@0.65,esm2_wtm,supervised,2.0,2.0,0.0
ESTA_BACSU_Nutschel_2020,22,1,48,spearman@0.20,esm2_wtm,supervised,2.0,2.0,0.0
ESTA_BACSU_Nutschel_2020,22,2,96,enrich@1.5,supervised,supervised,6.0,6.0,0.0
ESTA_BACSU_Nutschel_2020,22,2,96,enrich@1.0,supervised,supervised,6.0,6.0,0.0
ESTA_BACSU_Nutschel_2020,22,2,96,auroc@0.55,supervised,supervised,6.0,6.0,0.0
ESTA_BACSU_Nutschel_2020,22,2,96,auroc@0.60,supervised,supervised,6.0,6.0,0.0
ESTA_BACSU_Nutschel_2020,22,2,96,auroc@0.65,supervised,supervised,6.0,6.0,0.0
ESTA_BACSU_Nutschel_2020,22,2,96,spearman@0.20,supervised,supervised,6.0,6.0,0.0
ESTA_BACSU_Nutschel_2020,22,3,144,enrich@1.5,supervised,supervised,3.0,3.0,0.0
ESTA_BACSU_Nutschel_2020,22,3,144,enrich@1.0,supervised,supervised,3.0,3.0,0.0
ESTA_BACSU_Nutschel_2020,22,3,144,auroc@0.55,supervised,supervised,3.0,3.0,0.0
ESTA_BACSU_Nutschel_2020,22,3,144,auroc@0.60,supervised,supervised,3.0,3.0,0.0
ESTA_BACSU_Nutschel_2020,22,3,144,auroc@0.65,supervised,supervised,3.0,3.0,0.0
ESTA_BACSU_Nutschel_2020,22,3,144,spearman@0.20,supervised,supervised,3.0,3.0,0.0
ESTA_BACSU_Nutschel_2020,23,0,0,enrich@1.5,explore,explore,0.4861878453038674,0.4861878453038674,0.0
ESTA_BACSU_Nutschel_2020,23,0,0,enrich@1.0,explore,explore,0.4861878453038674,0.4861878453038674,0.0
ESTA_BACSU_Nutschel_2020,23,0,0,auroc@0.55,explore,explore,0.4861878453038674,0.4861878453038674,0.0
ESTA_BACSU_Nutschel_2020,23,0,0,auroc@0.60,explore,explore,0.4861878453038674,0.4861878453038674,0.0
ESTA_BACSU_Nutschel_2020,23,0,0,auroc@0.65,explore,explore,0.4861878453038674,0.4861878453038674,0.0
ESTA_BACSU_Nutschel_2020,23,0,0,spearman@0.20,explore,explore,0.4861878453038674,0.4861878453038674,0.0
ESTA_BACSU_Nutschel_2020,23,1,48,enrich@1.5,esm2_wtm,esm2_wtm,2.0,2.0,0.0
ESTA_BACSU_Nutschel_2020,23,1,48,enrich@1.0,esm2_wtm,esm2_wtm,2.0,2.0,0.0
ESTA_BACSU_Nutschel_2020,23,1,48,auroc@0.55,esm2_wtm,esm2_wtm,2.0,2.0,0.0
ESTA_BACSU_Nutschel_2020,23,1,48,auroc@0.60,esm2_wtm,esm2_wtm,2.0,2.0,0.0
ESTA_BACSU_Nutschel_2020,23,1,48,auroc@0.65,esm2_wtm,esm2_wtm,2.0,2.0,0.0
ESTA_BACSU_Nutschel_2020,23,1,48,spearman@0.20,esm2_wtm,esm2_wtm,2.0,2.0,0.0
ESTA_BACSU_Nutschel_2020,23,2,96,enrich@1.5,supervised,supervised,9.0,9.0,0.0
ESTA_BACSU_Nutschel_2020,23,2,96,enrich@1.0,supervised,supervised,9.0,9.0,0.0
ESTA_BACSU_Nutschel_2020,23,2,96,auroc@0.55,supervised,supervised,9.0,9.0,0.0
ESTA_BACSU_Nutschel_2020,23,2,96,auroc@0.60,supervised,supervised,9.0,9.0,0.0
ESTA_BACSU_Nutschel_2020,23,2,96,auroc@0.65,supervised,supervised,9.0,9.0,0.0
ESTA_BACSU_Nutschel_2020,23,2,96,spearman@0.20,esm2_wtm,supervised,1.0,9.0,8.0
ESTA_BACSU_Nutschel_2020,23,3,144,enrich@1.5,supervised,esm2_wtm,0.0,1.0,1.0
ESTA_BACSU_Nutschel_2020,23,3,144,enrich@1.0,supervised,esm2_wtm,0.0,1.0,1.0
ESTA_BACSU_Nutschel_2020,23,3,144,auroc@0.55,supervised,esm2_wtm,0.0,1.0,1.0
ESTA_BACSU_Nutschel_2020,23,3,144,auroc@0.60,supervised,esm2_wtm,0.0,1.0,1.0
ESTA_BACSU_Nutschel_2020,23,3,144,auroc@0.65,supervised,esm2_wtm,0.0,1.0,1.0
ESTA_BACSU_Nutschel_2020,23,3,144,spearman@0.20,supervised,esm2_wtm,0.0,1.0,1.0
ESTA_BACSU_Nutschel_2020,24,0,0,enrich@1.5,explore,explore,0.4861878453038674,0.4861878453038674,0.0
ESTA_BACSU_Nutschel_2020,24,0,0,enrich@1.0,explore,explore,0.4861878453038674,0.4861878453038674,0.0
ESTA_BACSU_Nutschel_2020,24,0,0,auroc@0.55,explore,explore,0.4861878453038674,0.4861878453038674,0.0
ESTA_BACSU_Nutschel_2020,24,0,0,auroc@0.60,explore,explore,0.4861878453038674,0.4861878453038674,0.0
ESTA_BACSU_Nutschel_2020,24,0,0,auroc@0.65,explore,explore,0.4861878453038674,0.4861878453038674,0.0
ESTA_BACSU_Nutschel_2020,24,0,0,spearman@0.20,explore,explore,0.4861878453038674,0.4861878453038674,0.0
ESTA_BACSU_Nutschel_2020,24,1,48,enrich@1.5,esm2_wtm,supervised,2.0,5.0,3.0
ESTA_BACSU_Nutschel_2020,24,1,48,enrich@1.0,esm2_wtm,supervised,2.0,5.0,3.0
ESTA_BACSU_Nutschel_2020,24,1,48,auroc@0.55,esm2_wtm,supervised,2.0,5.0,3.0
ESTA_BACSU_Nutschel_2020,24,1,48,auroc@0.60,esm2_wtm,supervised,2.0,5.0,3.0
ESTA_BACSU_Nutschel_2020,24,1,48,auroc@0.65,esm2_wtm,supervised,2.0,5.0,3.0
ESTA_BACSU_Nutschel_2020,24,1,48,spearman@0.20,supervised,supervised,5.0,5.0,0.0
ESTA_BACSU_Nutschel_2020,24,2,96,enrich@1.5,supervised,supervised,9.0,9.0,0.0
ESTA_BACSU_Nutschel_2020,24,2,96,enrich@1.0,supervised,supervised,9.0,9.0,0.0
ESTA_BACSU_Nutschel_2020,24,2,96,auroc@0.55,supervised,supervised,9.0,9.0,0.0
ESTA_BACSU_Nutschel_2020,24,2,96,auroc@0.60,supervised,supervised,9.0,9.0,0.0
ESTA_BACSU_Nutschel_2020,24,2,96,auroc@0.65,supervised,supervised,9.0,9.0,0.0
ESTA_BACSU_Nutschel_2020,24,2,96,spearman@0.20,supervised,supervised,9.0,9.0,0.0
ESTA_BACSU_Nutschel_2020,24,3,144,enrich@1.5,supervised,supervised,2.0,2.0,0.0
ESTA_BACSU_Nutschel_2020,24,3,144,enrich@1.0,supervised,supervised,2.0,2.0,0.0
ESTA_BACSU_Nutschel_2020,24,3,144,auroc@0.55,supervised,supervised,2.0,2.0,0.0
ESTA_BACSU_Nutschel_2020,24,3,144,auroc@0.60,supervised,supervised,2.0,2.0,0.0
ESTA_BACSU_Nutschel_2020,24,3,144,auroc@0.65,supervised,supervised,2.0,2.0,0.0
ESTA_BACSU_Nutschel_2020,24,3,144,spearman@0.20,supervised,supervised,2.0,2.0,0.0
ESTA_BACSU_Nutschel_2020,25,0,0,enrich@1.5,explore,explore,0.4861878453038674,0.4861878453038674,0.0
ESTA_BACSU_Nutschel_2020,25,0,0,enrich@1.0,explore,explore,0.4861878453038674,0.4861878453038674,0.0
ESTA_BACSU_Nutschel_2020,25,0,0,auroc@0.55,explore,explore,0.4861878453038674,0.4861878453038674,0.0
ESTA_BACSU_Nutschel_2020,25,0,0,auroc@0.60,explore,explore,0.4861878453038674,0.4861878453038674,0.0
ESTA_BACSU_Nutschel_2020,25,0,0,auroc@0.65,explore,explore,0.4861878453038674,0.4861878453038674,0.0
ESTA_BACSU_Nutschel_2020,25,0,0,spearman@0.20,explore,explore,0.4861878453038674,0.4861878453038674,0.0
ESTA_BACSU_Nutschel_2020,25,1,48,enrich@1.5,supervised,supervised,8.0,8.0,0.0
ESTA_BACSU_Nutschel_2020,25,1,48,enrich@1.0,supervised,supervised,8.0,8.0,0.0
ESTA_BACSU_Nutschel_2020,25,1,48,auroc@0.55,esm2_wtm,supervised,2.0,8.0,6.0
ESTA_BACSU_Nutschel_2020,25,1,48,auroc@0.60,esm2_wtm,supervised,2.0,8.0,6.0
ESTA_BACSU_Nutschel_2020,25,1,48,auroc@0.65,esm2_wtm,supervised,2.0,8.0,6.0
ESTA_BACSU_Nutschel_2020,25,1,48,spearman@0.20,esm2_wtm,supervised,2.0,8.0,6.0
ESTA_BACSU_Nutschel_2020,25,2,96,enrich@1.5,supervised,supervised,2.0,2.0,0.0
ESTA_BACSU_Nutschel_2020,25,2,96,enrich@1.0,supervised,supervised,2.0,2.0,0.0
ESTA_BACSU_Nutschel_2020,25,2,96,auroc@0.55,supervised,supervised,2.0,2.0,0.0
ESTA_BACSU_Nutschel_2020,25,2,96,auroc@0.60,supervised,supervised,2.0,2.0,0.0
ESTA_BACSU_Nutschel_2020,25,2,96,auroc@0.65,supervised,supervised,2.0,2.0,0.0
ESTA_BACSU_Nutschel_2020,25,2,96,spearman@0.20,supervised,supervised,2.0,2.0,0.0
ESTA_BACSU_Nutschel_2020,25,3,144,enrich@1.5,supervised,esm2_wtm,0.0,1.0,1.0
ESTA_BACSU_Nutschel_2020,25,3,144,enrich@1.0,supervised,esm2_wtm,0.0,1.0,1.0
ESTA_BACSU_Nutschel_2020,25,3,144,auroc@0.55,supervised,esm2_wtm,0.0,1.0,1.0
ESTA_BACSU_Nutschel_2020,25,3,144,auroc@0.60,supervised,esm2_wtm,0.0,1.0,1.0
ESTA_BACSU_Nutschel_2020,25,3,144,auroc@0.65,supervised,esm2_wtm,0.0,1.0,1.0
ESTA_BACSU_Nutschel_2020,25,3,144,spearman@0.20,supervised,esm2_wtm,0.0,1.0,1.0
ESTA_BACSU_Nutschel_2020,26,0,0,enrich@1.5,explore,explore,0.4861878453038674,0.4861878453038674,0.0
ESTA_BACSU_Nutschel_2020,26,0,0,enrich@1.0,explore,explore,0.4861878453038674,0.4861878453038674,0.0
ESTA_BACSU_Nutschel_2020,26,0,0,auroc@0.55,explore,explore,0.4861878453038674,0.4861878453038674,0.0
ESTA_BACSU_Nutschel_2020,26,0,0,auroc@0.60,explore,explore,0.4861878453038674,0.4861878453038674,0.0
ESTA_BACSU_Nutschel_2020,26,0,0,auroc@0.65,explore,explore,0.4861878453038674,0.4861878453038674,0.0
ESTA_BACSU_Nutschel_2020,26,0,0,spearman@0.20,explore,explore,0.4861878453038674,0.4861878453038674,0.0
ESTA_BACSU_Nutschel_2020,26,1,48,enrich@1.5,explore,supervised,0.4971751412429379,4.0,3.5028248587570623
ESTA_BACSU_Nutschel_2020,26,1,48,enrich@1.0,explore,supervised,0.4971751412429379,4.0,3.5028248587570623
ESTA_BACSU_Nutschel_2020,26,1,48,auroc@0.55,explore,supervised,0.4971751412429379,4.0,3.5028248587570623
ESTA_BACSU_Nutschel_2020,26,1,48,auroc@0.60,explore,supervised,0.4971751412429379,4.0,3.5028248587570623
ESTA_BACSU_Nutschel_2020,26,1,48,auroc@0.65,explore,supervised,0.4971751412429379,4.0,3.5028248587570623
ESTA_BACSU_Nutschel_2020,26,1,48,spearman@0.20,explore,supervised,0.4971751412429379,4.0,3.5028248587570623
ESTA_BACSU_Nutschel_2020,26,2,96,enrich@1.5,supervised,supervised,3.0,3.0,0.0
ESTA_BACSU_Nutschel_2020,26,2,96,enrich@1.0,supervised,supervised,3.0,3.0,0.0
ESTA_BACSU_Nutschel_2020,26,2,96,auroc@0.55,esm2_wtm,supervised,2.0,3.0,1.0
ESTA_BACSU_Nutschel_2020,26,2,96,auroc@0.60,explore,supervised,0.5086705202312138,3.0,2.491329479768786
ESTA_BACSU_Nutschel_2020,26,2,96,auroc@0.65,explore,supervised,0.5086705202312138,3.0,2.491329479768786
ESTA_BACSU_Nutschel_2020,26,2,96,spearman@0.20,explore,supervised,0.5086705202312138,3.0,2.491329479768786
ESTA_BACSU_Nutschel_2020,26,3,144,enrich@1.5,supervised,supervised,3.0,3.0,0.0
ESTA_BACSU_Nutschel_2020,26,3,144,enrich@1.0,supervised,supervised,3.0,3.0,0.0
ESTA_BACSU_Nutschel_2020,26,3,144,auroc@0.55,supervised,supervised,3.0,3.0,0.0
ESTA_BACSU_Nutschel_2020,26,3,144,auroc@0.60,supervised,supervised,3.0,3.0,0.0
ESTA_BACSU_Nutschel_2020,26,3,144,auroc@0.65,supervised,supervised,3.0,3.0,0.0
ESTA_BACSU_Nutschel_2020,26,3,144,spearman@0.20,supervised,supervised,3.0,3.0,0.0
ESTA_BACSU_Nutschel_2020,27,0,0,enrich@1.5,explore,explore,0.4861878453038674,0.4861878453038674,0.0
ESTA_BACSU_Nutschel_2020,27,0,0,enrich@1.0,explore,explore,0.4861878453038674,0.4861878453038674,0.0
ESTA_BACSU_Nutschel_2020,27,0,0,auroc@0.55,explore,explore,0.4861878453038674,0.4861878453038674,0.0
ESTA_BACSU_Nutschel_2020,27,0,0,auroc@0.60,explore,explore,0.4861878453038674,0.4861878453038674,0.0
ESTA_BACSU_Nutschel_2020,27,0,0,auroc@0.65,explore,explore,0.4861878453038674,0.4861878453038674,0.0
ESTA_BACSU_Nutschel_2020,27,0,0,spearman@0.20,explore,explore,0.4861878453038674,0.4861878453038674,0.0
ESTA_BACSU_Nutschel_2020,27,1,48,enrich@1.5,explore,esm2_wtm,0.4519774011299435,2.0,1.5480225988700564
ESTA_BACSU_Nutschel_2020,27,1,48,enrich@1.0,explore,esm2_wtm,0.4519774011299435,2.0,1.5480225988700564
ESTA_BACSU_Nutschel_2020,27,1,48,auroc@0.55,supervised,esm2_wtm,0.0,2.0,2.0
ESTA_BACSU_Nutschel_2020,27,1,48,auroc@0.60,supervised,esm2_wtm,0.0,2.0,2.0
ESTA_BACSU_Nutschel_2020,27,1,48,auroc@0.65,supervised,esm2_wtm,0.0,2.0,2.0
ESTA_BACSU_Nutschel_2020,27,1,48,spearman@0.20,esm2_wtm,esm2_wtm,2.0,2.0,0.0
ESTA_BACSU_Nutschel_2020,27,2,96,enrich@1.5,supervised,supervised,3.0,3.0,0.0
ESTA_BACSU_Nutschel_2020,27,2,96,enrich@1.0,supervised,supervised,3.0,3.0,0.0
ESTA_BACSU_Nutschel_2020,27,2,96,auroc@0.55,supervised,supervised,3.0,3.0,0.0
ESTA_BACSU_Nutschel_2020,27,2,96,auroc@0.60,supervised,supervised,3.0,3.0,0.0
ESTA_BACSU_Nutschel_2020,27,2,96,auroc@0.65,explore,supervised,0.4393063583815029,3.0,2.560693641618497
ESTA_BACSU_Nutschel_2020,27,2,96,spearman@0.20,esm2_wtm,supervised,1.0,3.0,2.0
ESTA_BACSU_Nutschel_2020,27,3,144,enrich@1.5,supervised,supervised,4.0,4.0,0.0
ESTA_BACSU_Nutschel_2020,27,3,144,enrich@1.0,supervised,supervised,4.0,4.0,0.0
ESTA_BACSU_Nutschel_2020,27,3,144,auroc@0.55,supervised,supervised,4.0,4.0,0.0
ESTA_BACSU_Nutschel_2020,27,3,144,auroc@0.60,supervised,supervised,4.0,4.0,0.0
ESTA_BACSU_Nutschel_2020,27,3,144,auroc@0.65,supervised,supervised,4.0,4.0,0.0
ESTA_BACSU_Nutschel_2020,27,3,144,spearman@0.20,esm2_wtm,supervised,1.0,4.0,3.0
ESTA_BACSU_Nutschel_2020,28,0,0,enrich@1.5,explore,explore,0.4861878453038674,0.4861878453038674,0.0
ESTA_BACSU_Nutschel_2020,28,0,0,enrich@1.0,explore,explore,0.4861878453038674,0.4861878453038674,0.0
ESTA_BACSU_Nutschel_2020,28,0,0,auroc@0.55,explore,explore,0.4861878453038674,0.4861878453038674,0.0
ESTA_BACSU_Nutschel_2020,28,0,0,auroc@0.60,explore,explore,0.4861878453038674,0.4861878453038674,0.0
ESTA_BACSU_Nutschel_2020,28,0,0,auroc@0.65,explore,explore,0.4861878453038674,0.4861878453038674,0.0
ESTA_BACSU_Nutschel_2020,28,0,0,spearman@0.20,explore,explore,0.4861878453038674,0.4861878453038674,0.0
ESTA_BACSU_Nutschel_2020,28,1,48,enrich@1.5,esm2_wtm,supervised,1.0,4.0,3.0
ESTA_BACSU_Nutschel_2020,28,1,48,enrich@1.0,esm2_wtm,supervised,1.0,4.0,3.0
ESTA_BACSU_Nutschel_2020,28,1,48,auroc@0.55,supervised,supervised,4.0,4.0,0.0
ESTA_BACSU_Nutschel_2020,28,1,48,auroc@0.60,supervised,supervised,4.0,4.0,0.0
ESTA_BACSU_Nutschel_2020,28,1,48,auroc@0.65,supervised,supervised,4.0,4.0,0.0
ESTA_BACSU_Nutschel_2020,28,1,48,spearman@0.20,supervised,supervised,4.0,4.0,0.0
ESTA_BACSU_Nutschel_2020,28,2,96,enrich@1.5,supervised,supervised,9.0,9.0,0.0
ESTA_BACSU_Nutschel_2020,28,2,96,enrich@1.0,supervised,supervised,9.0,9.0,0.0
ESTA_BACSU_Nutschel_2020,28,2,96,auroc@0.55,supervised,supervised,9.0,9.0,0.0
ESTA_BACSU_Nutschel_2020,28,2,96,auroc@0.60,supervised,supervised,9.0,9.0,0.0
ESTA_BACSU_Nutschel_2020,28,2,96,auroc@0.65,supervised,supervised,9.0,9.0,0.0
ESTA_BACSU_Nutschel_2020,28,2,96,spearman@0.20,supervised,supervised,9.0,9.0,0.0
ESTA_BACSU_Nutschel_2020,28,3,144,enrich@1.5,supervised,supervised,1.0,1.0,0.0
ESTA_BACSU_Nutschel_2020,28,3,144,enrich@1.0,supervised,supervised,1.0,1.0,0.0
ESTA_BACSU_Nutschel_2020,28,3,144,auroc@0.55,supervised,supervised,1.0,1.0,0.0
ESTA_BACSU_Nutschel_2020,28,3,144,auroc@0.60,supervised,supervised,1.0,1.0,0.0
ESTA_BACSU_Nutschel_2020,28,3,144,auroc@0.65,supervised,supervised,1.0,1.0,0.0
ESTA_BACSU_Nutschel_2020,28,3,144,spearman@0.20,supervised,supervised,1.0,1.0,0.0
ESTA_BACSU_Nutschel_2020,29,0,0,enrich@1.5,explore,explore,0.4861878453038674,0.4861878453038674,0.0
ESTA_BACSU_Nutschel_2020,29,0,0,enrich@1.0,explore,explore,0.4861878453038674,0.4861878453038674,0.0
ESTA_BACSU_Nutschel_2020,29,0,0,auroc@0.55,explore,explore,0.4861878453038674,0.4861878453038674,0.0
ESTA_BACSU_Nutschel_2020,29,0,0,auroc@0.60,explore,explore,0.4861878453038674,0.4861878453038674,0.0
ESTA_BACSU_Nutschel_2020,29,0,0,auroc@0.65,explore,explore,0.4861878453038674,0.4861878453038674,0.0
ESTA_BACSU_Nutschel_2020,29,0,0,spearman@0.20,explore,explore,0.4861878453038674,0.4861878453038674,0.0
ESTA_BACSU_Nutschel_2020,29,1,48,enrich@1.5,explore,esm2_wtm,0.4745762711864407,2.0,1.5254237288135593
ESTA_BACSU_Nutschel_2020,29,1,48,enrich@1.0,explore,esm2_wtm,0.4745762711864407,2.0,1.5254237288135593
ESTA_BACSU_Nutschel_2020,29,1,48,auroc@0.55,esm2_wtm,esm2_wtm,2.0,2.0,0.0
ESTA_BACSU_Nutschel_2020,29,1,48,auroc@0.60,esm2_wtm,esm2_wtm,2.0,2.0,0.0
ESTA_BACSU_Nutschel_2020,29,1,48,auroc@0.65,explore,esm2_wtm,0.4745762711864407,2.0,1.5254237288135593
ESTA_BACSU_Nutschel_2020,29,1,48,spearman@0.20,esm2_wtm,esm2_wtm,2.0,2.0,0.0
ESTA_BACSU_Nutschel_2020,29,2,96,enrich@1.5,esm2_wtm,supervised,2.0,7.0,5.0
ESTA_BACSU_Nutschel_2020,29,2,96,enrich@1.0,esm2_wtm,supervised,2.0,7.0,5.0
ESTA_BACSU_Nutschel_2020,29,2,96,auroc@0.55,esm2_wtm,supervised,2.0,7.0,5.0
ESTA_BACSU_Nutschel_2020,29,2,96,auroc@0.60,esm2_wtm,supervised,2.0,7.0,5.0
ESTA_BACSU_Nutschel_2020,29,2,96,auroc@0.65,esm2_wtm,supervised,2.0,7.0,5.0
ESTA_BACSU_Nutschel_2020,29,2,96,spearman@0.20,supervised,supervised,7.0,7.0,0.0
ESTA_BACSU_Nutschel_2020,29,3,144,enrich@1.5,supervised,supervised,9.0,9.0,0.0
ESTA_BACSU_Nutschel_2020,29,3,144,enrich@1.0,supervised,supervised,9.0,9.0,0.0
ESTA_BACSU_Nutschel_2020,29,3,144,auroc@0.55,supervised,supervised,9.0,9.0,0.0
ESTA_BACSU_Nutschel_2020,29,3,144,auroc@0.60,supervised,supervised,9.0,9.0,0.0
ESTA_BACSU_Nutschel_2020,29,3,144,auroc@0.65,supervised,supervised,9.0,9.0,0.0
ESTA_BACSU_Nutschel_2020,29,3,144,spearman@0.20,esm2_wtm,supervised,1.0,9.0,8.0
ESTA_BACSU_Nutschel_2020,30,0,0,enrich@1.5,explore,explore,0.4861878453038674,0.4861878453038674,0.0
ESTA_BACSU_Nutschel_2020,30,0,0,enrich@1.0,explore,explore,0.4861878453038674,0.4861878453038674,0.0
ESTA_BACSU_Nutschel_2020,30,0,0,auroc@0.55,explore,explore,0.4861878453038674,0.4861878453038674,0.0
ESTA_BACSU_Nutschel_2020,30,0,0,auroc@0.60,explore,explore,0.4861878453038674,0.4861878453038674,0.0
ESTA_BACSU_Nutschel_2020,30,0,0,auroc@0.65,explore,explore,0.4861878453038674,0.4861878453038674,0.0
ESTA_BACSU_Nutschel_2020,30,0,0,spearman@0.20,explore,explore,0.4861878453038674,0.4861878453038674,0.0
ESTA_BACSU_Nutschel_2020,30,1,48,enrich@1.5,esm2_wtm,esm2_wtm,2.0,2.0,0.0
ESTA_BACSU_Nutschel_2020,30,1,48,enrich@1.0,esm2_wtm,esm2_wtm,2.0,2.0,0.0
ESTA_BACSU_Nutschel_2020,30,1,48,auroc@0.55,explore,esm2_wtm,0.4971751412429379,2.0,1.502824858757062
ESTA_BACSU_Nutschel_2020,30,1,48,auroc@0.60,explore,esm2_wtm,0.4971751412429379,2.0,1.502824858757062
ESTA_BACSU_Nutschel_2020,30,1,48,auroc@0.65,explore,esm2_wtm,0.4971751412429379,2.0,1.502824858757062
ESTA_BACSU_Nutschel_2020,30,1,48,spearman@0.20,explore,esm2_wtm,0.4971751412429379,2.0,1.502824858757062
ESTA_BACSU_Nutschel_2020,30,2,96,enrich@1.5,supervised,supervised,8.0,8.0,0.0
ESTA_BACSU_Nutschel_2020,30,2,96,enrich@1.0,supervised,supervised,8.0,8.0,0.0
ESTA_BACSU_Nutschel_2020,30,2,96,auroc@0.55,supervised,supervised,8.0,8.0,0.0
ESTA_BACSU_Nutschel_2020,30,2,96,auroc@0.60,supervised,supervised,8.0,8.0,0.0
ESTA_BACSU_Nutschel_2020,30,2,96,auroc@0.65,supervised,supervised,8.0,8.0,0.0
ESTA_BACSU_Nutschel_2020,30,2,96,spearman@0.20,supervised,supervised,8.0,8.0,0.0
ESTA_BACSU_Nutschel_2020,30,3,144,enrich@1.5,supervised,supervised,3.0,3.0,0.0
ESTA_BACSU_Nutschel_2020,30,3,144,enrich@1.0,supervised,supervised,3.0,3.0,0.0
ESTA_BACSU_Nutschel_2020,30,3,144,auroc@0.55,supervised,supervised,3.0,3.0,0.0
ESTA_BACSU_Nutschel_2020,30,3,144,auroc@0.60,supervised,supervised,3.0,3.0,0.0
ESTA_BACSU_Nutschel_2020,30,3,144,auroc@0.65,supervised,supervised,3.0,3.0,0.0
ESTA_BACSU_Nutschel_2020,30,3,144,spearman@0.20,supervised,supervised,3.0,3.0,0.0
ESTA_BACSU_Nutschel_2020,31,0,0,enrich@1.5,explore,explore,0.4861878453038674,0.4861878453038674,0.0
ESTA_BACSU_Nutschel_2020,31,0,0,enrich@1.0,explore,explore,0.4861878453038674,0.4861878453038674,0.0
ESTA_BACSU_Nutschel_2020,31,0,0,auroc@0.55,explore,explore,0.4861878453038674,0.4861878453038674,0.0
ESTA_BACSU_Nutschel_2020,31,0,0,auroc@0.60,explore,explore,0.4861878453038674,0.4861878453038674,0.0
ESTA_BACSU_Nutschel_2020,31,0,0,auroc@0.65,explore,explore,0.4861878453038674,0.4861878453038674,0.0
ESTA_BACSU_Nutschel_2020,31,0,0,spearman@0.20,explore,explore,0.4861878453038674,0.4861878453038674,0.0
ESTA_BACSU_Nutschel_2020,31,1,48,enrich@1.5,esm2_wtm,esm2_wtm,2.0,2.0,0.0
ESTA_BACSU_Nutschel_2020,31,1,48,enrich@1.0,esm2_wtm,esm2_wtm,2.0,2.0,0.0
ESTA_BACSU_Nutschel_2020,31,1,48,auroc@0.55,explore,esm2_wtm,0.4745762711864407,2.0,1.5254237288135593
ESTA_BACSU_Nutschel_2020,31,1,48,auroc@0.60,explore,esm2_wtm,0.4745762711864407,2.0,1.5254237288135593
ESTA_BACSU_Nutschel_2020,31,1,48,auroc@0.65,explore,esm2_wtm,0.4745762711864407,2.0,1.5254237288135593
ESTA_BACSU_Nutschel_2020,31,1,48,spearman@0.20,esm2_wtm,esm2_wtm,2.0,2.0,0.0
ESTA_BACSU_Nutschel_2020,31,2,96,enrich@1.5,supervised,supervised,9.0,9.0,0.0
ESTA_BACSU_Nutschel_2020,31,2,96,enrich@1.0,supervised,supervised,9.0,9.0,0.0
ESTA_BACSU_Nutschel_2020,31,2,96,auroc@0.55,supervised,supervised,9.0,9.0,0.0
ESTA_BACSU_Nutschel_2020,31,2,96,auroc@0.60,supervised,supervised,9.0,9.0,0.0
ESTA_BACSU_Nutschel_2020,31,2,96,auroc@0.65,supervised,supervised,9.0,9.0,0.0
ESTA_BACSU_Nutschel_2020,31,2,96,spearman@0.20,esm2_wtm,supervised,1.0,9.0,8.0
ESTA_BACSU_Nutschel_2020,31,3,144,enrich@1.5,supervised,supervised,2.0,2.0,0.0
ESTA_BACSU_Nutschel_2020,31,3,144,enrich@1.0,supervised,supervised,2.0,2.0,0.0
ESTA_BACSU_Nutschel_2020,31,3,144,auroc@0.55,supervised,supervised,2.0,2.0,0.0
ESTA_BACSU_Nutschel_2020,31,3,144,auroc@0.60,supervised,supervised,2.0,2.0,0.0
ESTA_BACSU_Nutschel_2020,31,3,144,auroc@0.65,supervised,supervised,2.0,2.0,0.0
ESTA_BACSU_Nutschel_2020,31,3,144,spearman@0.20,supervised,supervised,2.0,2.0,0.0
ESTA_BACSU_Nutschel_2020,32,0,0,enrich@1.5,explore,explore,0.4861878453038674,0.4861878453038674,0.0
ESTA_BACSU_Nutschel_2020,32,0,0,enrich@1.0,explore,explore,0.4861878453038674,0.4861878453038674,0.0
ESTA_BACSU_Nutschel_2020,32,0,0,auroc@0.55,explore,explore,0.4861878453038674,0.4861878453038674,0.0
ESTA_BACSU_Nutschel_2020,32,0,0,auroc@0.60,explore,explore,0.4861878453038674,0.4861878453038674,0.0
ESTA_BACSU_Nutschel_2020,32,0,0,auroc@0.65,explore,explore,0.4861878453038674,0.4861878453038674,0.0
ESTA_BACSU_Nutschel_2020,32,0,0,spearman@0.20,explore,explore,0.4861878453038674,0.4861878453038674,0.0
ESTA_BACSU_Nutschel_2020,32,1,48,enrich@1.5,esm2_wtm,supervised,2.0,5.0,3.0
ESTA_BACSU_Nutschel_2020,32,1,48,enrich@1.0,esm2_wtm,supervised,2.0,5.0,3.0
ESTA_BACSU_Nutschel_2020,32,1,48,auroc@0.55,supervised,supervised,5.0,5.0,0.0
ESTA_BACSU_Nutschel_2020,32,1,48,auroc@0.60,supervised,supervised,5.0,5.0,0.0
ESTA_BACSU_Nutschel_2020,32,1,48,auroc@0.65,supervised,supervised,5.0,5.0,0.0
ESTA_BACSU_Nutschel_2020,32,1,48,spearman@0.20,explore,supervised,0.4971751412429379,5.0,4.502824858757062
ESTA_BACSU_Nutschel_2020,32,2,96,enrich@1.5,supervised,supervised,10.0,10.0,0.0
ESTA_BACSU_Nutschel_2020,32,2,96,enrich@1.0,supervised,supervised,10.0,10.0,0.0
ESTA_BACSU_Nutschel_2020,32,2,96,auroc@0.55,supervised,supervised,10.0,10.0,0.0
ESTA_BACSU_Nutschel_2020,32,2,96,auroc@0.60,supervised,supervised,10.0,10.0,0.0
ESTA_BACSU_Nutschel_2020,32,2,96,auroc@0.65,supervised,supervised,10.0,10.0,0.0
ESTA_BACSU_Nutschel_2020,32,2,96,spearman@0.20,supervised,supervised,10.0,10.0,0.0
ESTA_BACSU_Nutschel_2020,32,3,144,enrich@1.5,supervised,esm2_wtm,0.0,1.0,1.0
ESTA_BACSU_Nutschel_2020,32,3,144,enrich@1.0,supervised,esm2_wtm,0.0,1.0,1.0
ESTA_BACSU_Nutschel_2020,32,3,144,auroc@0.55,supervised,esm2_wtm,0.0,1.0,1.0
ESTA_BACSU_Nutschel_2020,32,3,144,auroc@0.60,supervised,esm2_wtm,0.0,1.0,1.0
ESTA_BACSU_Nutschel_2020,32,3,144,auroc@0.65,supervised,esm2_wtm,0.0,1.0,1.0
ESTA_BACSU_Nutschel_2020,32,3,144,spearman@0.20,supervised,esm2_wtm,0.0,1.0,1.0
ESTA_BACSU_Nutschel_2020,33,0,0,enrich@1.5,explore,explore,0.4861878453038674,0.4861878453038674,0.0
ESTA_BACSU_Nutschel_2020,33,0,0,enrich@1.0,explore,explore,0.4861878453038674,0.4861878453038674,0.0
ESTA_BACSU_Nutschel_2020,33,0,0,auroc@0.55,explore,explore,0.4861878453038674,0.4861878453038674,0.0
ESTA_BACSU_Nutschel_2020,33,0,0,auroc@0.60,explore,explore,0.4861878453038674,0.4861878453038674,0.0
ESTA_BACSU_Nutschel_2020,33,0,0,auroc@0.65,explore,explore,0.4861878453038674,0.4861878453038674,0.0
ESTA_BACSU_Nutschel_2020,33,0,0,spearman@0.20,explore,explore,0.4861878453038674,0.4861878453038674,0.0
ESTA_BACSU_Nutschel_2020,33,1,48,enrich@1.5,supervised,esm2_wtm,0.0,2.0,2.0
ESTA_BACSU_Nutschel_2020,33,1,48,enrich@1.0,supervised,esm2_wtm,0.0,2.0,2.0
ESTA_BACSU_Nutschel_2020,33,1,48,auroc@0.55,explore,esm2_wtm,0.4971751412429379,2.0,1.502824858757062
ESTA_BACSU_Nutschel_2020,33,1,48,auroc@0.60,explore,esm2_wtm,0.4971751412429379,2.0,1.502824858757062
ESTA_BACSU_Nutschel_2020,33,1,48,auroc@0.65,explore,esm2_wtm,0.4971751412429379,2.0,1.502824858757062
ESTA_BACSU_Nutschel_2020,33,1,48,spearman@0.20,esm2_wtm,esm2_wtm,2.0,2.0,0.0
ESTA_BACSU_Nutschel_2020,33,2,96,enrich@1.5,esm2_wtm,supervised,2.0,2.0,0.0
ESTA_BACSU_Nutschel_2020,33,2,96,enrich@1.0,esm2_wtm,supervised,2.0,2.0,0.0
ESTA_BACSU_Nutschel_2020,33,2,96,auroc@0.55,esm2_wtm,supervised,2.0,2.0,0.0
ESTA_BACSU_Nutschel_2020,33,2,96,auroc@0.60,explore,supervised,0.5086705202312138,2.0,1.4913294797687862
ESTA_BACSU_Nutschel_2020,33,2,96,auroc@0.65,explore,supervised,0.5086705202312138,2.0,1.4913294797687862
ESTA_BACSU_Nutschel_2020,33,2,96,spearman@0.20,esm2_wtm,supervised,2.0,2.0,0.0
ESTA_BACSU_Nutschel_2020,33,3,144,enrich@1.5,supervised,supervised,8.0,8.0,0.0
ESTA_BACSU_Nutschel_2020,33,3,144,enrich@1.0,supervised,supervised,8.0,8.0,0.0
ESTA_BACSU_Nutschel_2020,33,3,144,auroc@0.55,supervised,supervised,8.0,8.0,0.0
ESTA_BACSU_Nutschel_2020,33,3,144,auroc@0.60,supervised,supervised,8.0,8.0,0.0
ESTA_BACSU_Nutschel_2020,33,3,144,auroc@0.65,supervised,supervised,8.0,8.0,0.0
ESTA_BACSU_Nutschel_2020,33,3,144,spearman@0.20,supervised,supervised,8.0,8.0,0.0
ESTA_BACSU_Nutschel_2020,34,0,0,enrich@1.5,explore,explore,0.4861878453038674,0.4861878453038674,0.0
ESTA_BACSU_Nutschel_2020,34,0,0,enrich@1.0,explore,explore,0.4861878453038674,0.4861878453038674,0.0
ESTA_BACSU_Nutschel_2020,34,0,0,auroc@0.55,explore,explore,0.4861878453038674,0.4861878453038674,0.0
ESTA_BACSU_Nutschel_2020,34,0,0,auroc@0.60,explore,explore,0.4861878453038674,0.4861878453038674,0.0
ESTA_BACSU_Nutschel_2020,34,0,0,auroc@0.65,explore,explore,0.4861878453038674,0.4861878453038674,0.0
ESTA_BACSU_Nutschel_2020,34,0,0,spearman@0.20,explore,explore,0.4861878453038674,0.4861878453038674,0.0
ESTA_BACSU_Nutschel_2020,34,1,48,enrich@1.5,explore,supervised,0.4519774011299435,2.0,1.5480225988700564
ESTA_BACSU_Nutschel_2020,34,1,48,enrich@1.0,explore,supervised,0.4519774011299435,2.0,1.5480225988700564
ESTA_BACSU_Nutschel_2020,34,1,48,auroc@0.55,esm2_wtm,supervised,2.0,2.0,0.0
ESTA_BACSU_Nutschel_2020,34,1,48,auroc@0.60,explore,supervised,0.4519774011299435,2.0,1.5480225988700564
ESTA_BACSU_Nutschel_2020,34,1,48,auroc@0.65,explore,supervised,0.4519774011299435,2.0,1.5480225988700564
ESTA_BACSU_Nutschel_2020,34,1,48,spearman@0.20,esm2_wtm,supervised,2.0,2.0,0.0
ESTA_BACSU_Nutschel_2020,34,2,96,enrich@1.5,supervised,supervised,2.0,2.0,0.0
ESTA_BACSU_Nutschel_2020,34,2,96,enrich@1.0,supervised,supervised,2.0,2.0,0.0
ESTA_BACSU_Nutschel_2020,34,2,96,auroc@0.55,supervised,supervised,2.0,2.0,0.0
ESTA_BACSU_Nutschel_2020,34,2,96,auroc@0.60,supervised,supervised,2.0,2.0,0.0
ESTA_BACSU_Nutschel_2020,34,2,96,auroc@0.65,supervised,supervised,2.0,2.0,0.0
ESTA_BACSU_Nutschel_2020,34,2,96,spearman@0.20,esm2_wtm,supervised,2.0,2.0,0.0
ESTA_BACSU_Nutschel_2020,34,3,144,enrich@1.5,supervised,supervised,6.0,6.0,0.0
ESTA_BACSU_Nutschel_2020,34,3,144,enrich@1.0,supervised,supervised,6.0,6.0,0.0
ESTA_BACSU_Nutschel_2020,34,3,144,auroc@0.55,supervised,supervised,6.0,6.0,0.0
ESTA_BACSU_Nutschel_2020,34,3,144,auroc@0.60,supervised,supervised,6.0,6.0,0.0
ESTA_BACSU_Nutschel_2020,34,3,144,auroc@0.65,supervised,supervised,6.0,6.0,0.0
ESTA_BACSU_Nutschel_2020,34,3,144,spearman@0.20,supervised,supervised,6.0,6.0,0.0
ESTA_BACSU_Nutschel_2020,35,0,0,enrich@1.5,explore,explore,0.4861878453038674,0.4861878453038674,0.0
ESTA_BACSU_Nutschel_2020,35,0,0,enrich@1.0,explore,explore,0.4861878453038674,0.4861878453038674,0.0
ESTA_BACSU_Nutschel_2020,35,0,0,auroc@0.55,explore,explore,0.4861878453038674,0.4861878453038674,0.0
ESTA_BACSU_Nutschel_2020,35,0,0,auroc@0.60,explore,explore,0.4861878453038674,0.4861878453038674,0.0
ESTA_BACSU_Nutschel_2020,35,0,0,auroc@0.65,explore,explore,0.4861878453038674,0.4861878453038674,0.0
ESTA_BACSU_Nutschel_2020,35,0,0,spearman@0.20,explore,explore,0.4861878453038674,0.4861878453038674,0.0
ESTA_BACSU_Nutschel_2020,35,1,48,enrich@1.5,esm2_wtm,esm2_wtm,2.0,2.0,0.0
ESTA_BACSU_Nutschel_2020,35,1,48,enrich@1.0,esm2_wtm,esm2_wtm,2.0,2.0,0.0
ESTA_BACSU_Nutschel_2020,35,1,48,auroc@0.55,esm2_wtm,esm2_wtm,2.0,2.0,0.0
ESTA_BACSU_Nutschel_2020,35,1,48,auroc@0.60,esm2_wtm,esm2_wtm,2.0,2.0,0.0
ESTA_BACSU_Nutschel_2020,35,1,48,auroc@0.65,esm2_wtm,esm2_wtm,2.0,2.0,0.0
ESTA_BACSU_Nutschel_2020,35,1,48,spearman@0.20,esm2_wtm,esm2_wtm,2.0,2.0,0.0
ESTA_BACSU_Nutschel_2020,35,2,96,enrich@1.5,supervised,supervised,7.0,7.0,0.0
ESTA_BACSU_Nutschel_2020,35,2,96,enrich@1.0,supervised,supervised,7.0,7.0,0.0
ESTA_BACSU_Nutschel_2020,35,2,96,auroc@0.55,supervised,supervised,7.0,7.0,0.0
ESTA_BACSU_Nutschel_2020,35,2,96,auroc@0.60,supervised,supervised,7.0,7.0,0.0
ESTA_BACSU_Nutschel_2020,35,2,96,auroc@0.65,supervised,supervised,7.0,7.0,0.0
ESTA_BACSU_Nutschel_2020,35,2,96,spearman@0.20,supervised,supervised,7.0,7.0,0.0
ESTA_BACSU_Nutschel_2020,35,3,144,enrich@1.5,supervised,supervised,5.0,5.0,0.0
ESTA_BACSU_Nutschel_2020,35,3,144,enrich@1.0,supervised,supervised,5.0,5.0,0.0
ESTA_BACSU_Nutschel_2020,35,3,144,auroc@0.55,supervised,supervised,5.0,5.0,0.0
ESTA_BACSU_Nutschel_2020,35,3,144,auroc@0.60,supervised,supervised,5.0,5.0,0.0
ESTA_BACSU_Nutschel_2020,35,3,144,auroc@0.65,supervised,supervised,5.0,5.0,0.0
ESTA_BACSU_Nutschel_2020,35,3,144,spearman@0.20,supervised,supervised,5.0,5.0,0.0
ESTA_BACSU_Nutschel_2020,36,0,0,enrich@1.5,explore,explore,0.4861878453038674,0.4861878453038674,0.0
ESTA_BACSU_Nutschel_2020,36,0,0,enrich@1.0,explore,explore,0.4861878453038674,0.4861878453038674,0.0
ESTA_BACSU_Nutschel_2020,36,0,0,auroc@0.55,explore,explore,0.4861878453038674,0.4861878453038674,0.0
ESTA_BACSU_Nutschel_2020,36,0,0,auroc@0.60,explore,explore,0.4861878453038674,0.4861878453038674,0.0
ESTA_BACSU_Nutschel_2020,36,0,0,auroc@0.65,explore,explore,0.4861878453038674,0.4861878453038674,0.0
ESTA_BACSU_Nutschel_2020,36,0,0,spearman@0.20,explore,explore,0.4861878453038674,0.4861878453038674,0.0
ESTA_BACSU_Nutschel_2020,36,1,48,enrich@1.5,esm2_wtm,esm2_wtm,2.0,2.0,0.0
ESTA_BACSU_Nutschel_2020,36,1,48,enrich@1.0,esm2_wtm,esm2_wtm,2.0,2.0,0.0
ESTA_BACSU_Nutschel_2020,36,1,48,auroc@0.55,esm2_wtm,esm2_wtm,2.0,2.0,0.0
ESTA_BACSU_Nutschel_2020,36,1,48,auroc@0.60,esm2_wtm,esm2_wtm,2.0,2.0,0.0
ESTA_BACSU_Nutschel_2020,36,1,48,auroc@0.65,esm2_wtm,esm2_wtm,2.0,2.0,0.0
ESTA_BACSU_Nutschel_2020,36,1,48,spearman@0.20,esm2_wtm,esm2_wtm,2.0,2.0,0.0
ESTA_BACSU_Nutschel_2020,36,2,96,enrich@1.5,supervised,supervised,9.0,9.0,0.0
ESTA_BACSU_Nutschel_2020,36,2,96,enrich@1.0,supervised,supervised,9.0,9.0,0.0
ESTA_BACSU_Nutschel_2020,36,2,96,auroc@0.55,supervised,supervised,9.0,9.0,0.0
ESTA_BACSU_Nutschel_2020,36,2,96,auroc@0.60,supervised,supervised,9.0,9.0,0.0
ESTA_BACSU_Nutschel_2020,36,2,96,auroc@0.65,supervised,supervised,9.0,9.0,0.0
ESTA_BACSU_Nutschel_2020,36,2,96,spearman@0.20,supervised,supervised,9.0,9.0,0.0
ESTA_BACSU_Nutschel_2020,36,3,144,enrich@1.5,supervised,supervised,3.0,3.0,0.0
ESTA_BACSU_Nutschel_2020,36,3,144,enrich@1.0,supervised,supervised,3.0,3.0,0.0
ESTA_BACSU_Nutschel_2020,36,3,144,auroc@0.55,supervised,supervised,3.0,3.0,0.0
ESTA_BACSU_Nutschel_2020,36,3,144,auroc@0.60,supervised,supervised,3.0,3.0,0.0
ESTA_BACSU_Nutschel_2020,36,3,144,auroc@0.65,supervised,supervised,3.0,3.0,0.0
ESTA_BACSU_Nutschel_2020,36,3,144,spearman@0.20,supervised,supervised,3.0,3.0,0.0
ESTA_BACSU_Nutschel_2020,37,0,0,enrich@1.5,explore,explore,0.4861878453038674,0.4861878453038674,0.0
ESTA_BACSU_Nutschel_2020,37,0,0,enrich@1.0,explore,explore,0.4861878453038674,0.4861878453038674,0.0
ESTA_BACSU_Nutschel_2020,37,0,0,auroc@0.55,explore,explore,0.4861878453038674,0.4861878453038674,0.0
ESTA_BACSU_Nutschel_2020,37,0,0,auroc@0.60,explore,explore,0.4861878453038674,0.4861878453038674,0.0
ESTA_BACSU_Nutschel_2020,37,0,0,auroc@0.65,explore,explore,0.4861878453038674,0.4861878453038674,0.0
ESTA_BACSU_Nutschel_2020,37,0,0,spearman@0.20,explore,explore,0.4861878453038674,0.4861878453038674,0.0
ESTA_BACSU_Nutschel_2020,37,1,48,enrich@1.5,supervised,esm2_wtm,0.0,2.0,2.0
ESTA_BACSU_Nutschel_2020,37,1,48,enrich@1.0,supervised,esm2_wtm,0.0,2.0,2.0
ESTA_BACSU_Nutschel_2020,37,1,48,auroc@0.55,esm2_wtm,esm2_wtm,2.0,2.0,0.0
ESTA_BACSU_Nutschel_2020,37,1,48,auroc@0.60,esm2_wtm,esm2_wtm,2.0,2.0,0.0
ESTA_BACSU_Nutschel_2020,37,1,48,auroc@0.65,esm2_wtm,esm2_wtm,2.0,2.0,0.0
ESTA_BACSU_Nutschel_2020,37,1,48,spearman@0.20,esm2_wtm,esm2_wtm,2.0,2.0,0.0
ESTA_BACSU_Nutschel_2020,37,2,96,enrich@1.5,supervised,esm2_wtm,0.0,2.0,2.0
ESTA_BACSU_Nutschel_2020,37,2,96,enrich@1.0,supervised,esm2_wtm,0.0,2.0,2.0
ESTA_BACSU_Nutschel_2020,37,2,96,auroc@0.55,supervised,esm2_wtm,0.0,2.0,2.0
ESTA_BACSU_Nutschel_2020,37,2,96,auroc@0.60,supervised,esm2_wtm,0.0,2.0,2.0
ESTA_BACSU_Nutschel_2020,37,2,96,auroc@0.65,supervised,esm2_wtm,0.0,2.0,2.0
ESTA_BACSU_Nutschel_2020,37,2,96,spearman@0.20,supervised,esm2_wtm,0.0,2.0,2.0
ESTA_BACSU_Nutschel_2020,37,3,144,enrich@1.5,supervised,esm2_wtm,0.0,2.0,2.0
ESTA_BACSU_Nutschel_2020,37,3,144,enrich@1.0,supervised,esm2_wtm,0.0,2.0,2.0
ESTA_BACSU_Nutschel_2020,37,3,144,auroc@0.55,supervised,esm2_wtm,0.0,2.0,2.0
ESTA_BACSU_Nutschel_2020,37,3,144,auroc@0.60,supervised,esm2_wtm,0.0,2.0,2.0
ESTA_BACSU_Nutschel_2020,37,3,144,auroc@0.65,supervised,esm2_wtm,0.0,2.0,2.0
ESTA_BACSU_Nutschel_2020,37,3,144,spearman@0.20,supervised,esm2_wtm,0.0,2.0,2.0
ESTA_BACSU_Nutschel_2020,38,0,0,enrich@1.5,explore,explore,0.4861878453038674,0.4861878453038674,0.0
ESTA_BACSU_Nutschel_2020,38,0,0,enrich@1.0,explore,explore,0.4861878453038674,0.4861878453038674,0.0
ESTA_BACSU_Nutschel_2020,38,0,0,auroc@0.55,explore,explore,0.4861878453038674,0.4861878453038674,0.0
ESTA_BACSU_Nutschel_2020,38,0,0,auroc@0.60,explore,explore,0.4861878453038674,0.4861878453038674,0.0
ESTA_BACSU_Nutschel_2020,38,0,0,auroc@0.65,explore,explore,0.4861878453038674,0.4861878453038674,0.0
ESTA_BACSU_Nutschel_2020,38,0,0,spearman@0.20,explore,explore,0.4861878453038674,0.4861878453038674,0.0
ESTA_BACSU_Nutschel_2020,38,1,48,enrich@1.5,supervised,esm2_wtm,1.0,2.0,1.0
ESTA_BACSU_Nutschel_2020,38,1,48,enrich@1.0,supervised,esm2_wtm,1.0,2.0,1.0
ESTA_BACSU_Nutschel_2020,38,1,48,auroc@0.55,explore,esm2_wtm,0.4971751412429379,2.0,1.502824858757062
ESTA_BACSU_Nutschel_2020,38,1,48,auroc@0.60,explore,esm2_wtm,0.4971751412429379,2.0,1.502824858757062
ESTA_BACSU_Nutschel_2020,38,1,48,auroc@0.65,explore,esm2_wtm,0.4971751412429379,2.0,1.502824858757062
ESTA_BACSU_Nutschel_2020,38,1,48,spearman@0.20,explore,esm2_wtm,0.4971751412429379,2.0,1.502824858757062
ESTA_BACSU_Nutschel_2020,38,2,96,enrich@1.5,supervised,esm2_wtm,0.0,2.0,2.0
ESTA_BACSU_Nutschel_2020,38,2,96,enrich@1.0,supervised,esm2_wtm,0.0,2.0,2.0
ESTA_BACSU_Nutschel_2020,38,2,96,auroc@0.55,esm2_wtm,esm2_wtm,2.0,2.0,0.0
ESTA_BACSU_Nutschel_2020,38,2,96,auroc@0.60,esm2_wtm,esm2_wtm,2.0,2.0,0.0
ESTA_BACSU_Nutschel_2020,38,2,96,auroc@0.65,explore,esm2_wtm,0.48554913294797686,2.0,1.5144508670520231
ESTA_BACSU_Nutschel_2020,38,2,96,spearman@0.20,esm2_wtm,esm2_wtm,2.0,2.0,0.0
ESTA_BACSU_Nutschel_2020,38,3,144,enrich@1.5,explore,esm2_wtm,0.4970414201183432,2.0,1.502958579881657
ESTA_BACSU_Nutschel_2020,38,3,144,enrich@1.0,supervised,esm2_wtm,0.0,2.0,2.0
ESTA_BACSU_Nutschel_2020,38,3,144,auroc@0.55,esm2_wtm,esm2_wtm,2.0,2.0,0.0
ESTA_BACSU_Nutschel_2020,38,3,144,auroc@0.60,esm2_wtm,esm2_wtm,2.0,2.0,0.0
ESTA_BACSU_Nutschel_2020,38,3,144,auroc@0.65,explore,esm2_wtm,0.4970414201183432,2.0,1.502958579881657
ESTA_BACSU_Nutschel_2020,38,3,144,spearman@0.20,esm2_wtm,esm2_wtm,2.0,2.0,0.0
ESTA_BACSU_Nutschel_2020,39,0,0,enrich@1.5,explore,explore,0.4861878453038674,0.4861878453038674,0.0
ESTA_BACSU_Nutschel_2020,39,0,0,enrich@1.0,explore,explore,0.4861878453038674,0.4861878453038674,0.0
ESTA_BACSU_Nutschel_2020,39,0,0,auroc@0.55,explore,explore,0.4861878453038674,0.4861878453038674,0.0
ESTA_BACSU_Nutschel_2020,39,0,0,auroc@0.60,explore,explore,0.4861878453038674,0.4861878453038674,0.0
ESTA_BACSU_Nutschel_2020,39,0,0,auroc@0.65,explore,explore,0.4861878453038674,0.4861878453038674,0.0
ESTA_BACSU_Nutschel_2020,39,0,0,spearman@0.20,explore,explore,0.4861878453038674,0.4861878453038674,0.0
ESTA_BACSU_Nutschel_2020,39,1,48,enrich@1.5,esm2_wtm,supervised,2.0,6.0,4.0
ESTA_BACSU_Nutschel_2020,39,1,48,enrich@1.0,esm2_wtm,supervised,2.0,6.0,4.0
ESTA_BACSU_Nutschel_2020,39,1,48,auroc@0.55,esm2_wtm,supervised,2.0,6.0,4.0
ESTA_BACSU_Nutschel_2020,39,1,48,auroc@0.60,esm2_wtm,supervised,2.0,6.0,4.0
ESTA_BACSU_Nutschel_2020,39,1,48,auroc@0.65,esm2_wtm,supervised,2.0,6.0,4.0
ESTA_BACSU_Nutschel_2020,39,1,48,spearman@0.20,esm2_wtm,supervised,2.0,6.0,4.0
ESTA_BACSU_Nutschel_2020,39,2,96,enrich@1.5,supervised,supervised,10.0,10.0,0.0
ESTA_BACSU_Nutschel_2020,39,2,96,enrich@1.0,supervised,supervised,10.0,10.0,0.0
ESTA_BACSU_Nutschel_2020,39,2,96,auroc@0.55,supervised,supervised,10.0,10.0,0.0
ESTA_BACSU_Nutschel_2020,39,2,96,auroc@0.60,supervised,supervised,10.0,10.0,0.0
ESTA_BACSU_Nutschel_2020,39,2,96,auroc@0.65,supervised,supervised,10.0,10.0,0.0
ESTA_BACSU_Nutschel_2020,39,2,96,spearman@0.20,esm2_wtm,supervised,1.0,10.0,9.0
ESTA_BACSU_Nutschel_2020,39,3,144,enrich@1.5,supervised,esm2_wtm,0.0,1.0,1.0
ESTA_BACSU_Nutschel_2020,39,3,144,enrich@1.0,supervised,esm2_wtm,0.0,1.0,1.0
ESTA_BACSU_Nutschel_2020,39,3,144,auroc@0.55,supervised,esm2_wtm,0.0,1.0,1.0
ESTA_BACSU_Nutschel_2020,39,3,144,auroc@0.60,supervised,esm2_wtm,0.0,1.0,1.0
ESTA_BACSU_Nutschel_2020,39,3,144,auroc@0.65,supervised,esm2_wtm,0.0,1.0,1.0
ESTA_BACSU_Nutschel_2020,39,3,144,spearman@0.20,supervised,esm2_wtm,0.0,1.0,1.0
KKA2_KLEPN_Melnikov_2014,0,0,0,enrich@1.5,explore,explore,0.4838709677419355,0.4838709677419355,0.0
KKA2_KLEPN_Melnikov_2014,0,0,0,enrich@1.0,explore,explore,0.4838709677419355,0.4838709677419355,0.0
KKA2_KLEPN_Melnikov_2014,0,0,0,auroc@0.55,explore,explore,0.4838709677419355,0.4838709677419355,0.0
KKA2_KLEPN_Melnikov_2014,0,0,0,auroc@0.60,explore,explore,0.4838709677419355,0.4838709677419355,0.0
KKA2_KLEPN_Melnikov_2014,0,0,0,auroc@0.65,explore,explore,0.4838709677419355,0.4838709677419355,0.0
KKA2_KLEPN_Melnikov_2014,0,0,0,spearman@0.20,explore,explore,0.4838709677419355,0.4838709677419355,0.0
KKA2_KLEPN_Melnikov_2014,0,1,48,enrich@1.5,supervised,supervised,2.0,2.0,0.0
KKA2_KLEPN_Melnikov_2014,0,1,48,enrich@1.0,supervised,supervised,2.0,2.0,0.0
KKA2_KLEPN_Melnikov_2014,0,1,48,auroc@0.55,esm2_wtm,supervised,0.0,2.0,2.0
KKA2_KLEPN_Melnikov_2014,0,1,48,auroc@0.60,esm2_wtm,supervised,0.0,2.0,2.0
KKA2_KLEPN_Melnikov_2014,0,1,48,auroc@0.65,esm2_wtm,supervised,0.0,2.0,2.0
KKA2_KLEPN_Melnikov_2014,0,1,48,spearman@0.20,esm2_wtm,supervised,0.0,2.0,2.0
KKA2_KLEPN_Melnikov_2014,0,2,96,enrich@1.5,explore,supervised,0.47368421052631576,1.0,0.5263157894736843
KKA2_KLEPN_Melnikov_2014,0,2,96,enrich@1.0,explore,supervised,0.47368421052631576,1.0,0.5263157894736843
KKA2_KLEPN_Melnikov_2014,0,2,96,auroc@0.55,esm2_wtm,supervised,0.0,1.0,1.0
KKA2_KLEPN_Melnikov_2014,0,2,96,auroc@0.60,esm2_wtm,supervised,0.0,1.0,1.0
KKA2_KLEPN_Melnikov_2014,0,2,96,auroc@0.65,explore,supervised,0.47368421052631576,1.0,0.5263157894736843
KKA2_KLEPN_Melnikov_2014,0,2,96,spearman@0.20,esm2_wtm,supervised,0.0,1.0,1.0
KKA2_KLEPN_Melnikov_2014,0,3,144,enrich@1.5,explore,supervised,0.47840531561461797,1.0,0.521594684385382
KKA2_KLEPN_Melnikov_2014,0,3,144,enrich@1.0,explore,supervised,0.47840531561461797,1.0,0.521594684385382
KKA2_KLEPN_Melnikov_2014,0,3,144,auroc@0.55,esm2_wtm,supervised,0.0,1.0,1.0
KKA2_KLEPN_Melnikov_2014,0,3,144,auroc@0.60,esm2_wtm,supervised,0.0,1.0,1.0
KKA2_KLEPN_Melnikov_2014,0,3,144,auroc@0.65,esm2_wtm,supervised,0.0,1.0,1.0
KKA2_KLEPN_Melnikov_2014,0,3,144,spearman@0.20,esm2_wtm,supervised,0.0,1.0,1.0
KKA2_KLEPN_Melnikov_2014,1,0,0,enrich@1.5,explore,explore,0.4838709677419355,0.4838709677419355,0.0
KKA2_KLEPN_Melnikov_2014,1,0,0,enrich@1.0,explore,explore,0.4838709677419355,0.4838709677419355,0.0
KKA2_KLEPN_Melnikov_2014,1,0,0,auroc@0.55,explore,explore,0.4838709677419355,0.4838709677419355,0.0
KKA2_KLEPN_Melnikov_2014,1,0,0,auroc@0.60,explore,explore,0.4838709677419355,0.4838709677419355,0.0
KKA2_KLEPN_Melnikov_2014,1,0,0,auroc@0.65,explore,explore,0.4838709677419355,0.4838709677419355,0.0
KKA2_KLEPN_Melnikov_2014,1,0,0,spearman@0.20,explore,explore,0.4838709677419355,0.4838709677419355,0.0
KKA2_KLEPN_Melnikov_2014,1,1,48,enrich@1.5,explore,explore,0.4788273615635179,0.4788273615635179,0.0
KKA2_KLEPN_Melnikov_2014,1,1,48,enrich@1.0,explore,explore,0.4788273615635179,0.4788273615635179,0.0
KKA2_KLEPN_Melnikov_2014,1,1,48,auroc@0.55,esm2_wtm,explore,0.0,0.4788273615635179,0.4788273615635179
KKA2_KLEPN_Melnikov_2014,1,1,48,auroc@0.60,esm2_wtm,explore,0.0,0.4788273615635179,0.4788273615635179
KKA2_KLEPN_Melnikov_2014,1,1,48,auroc@0.65,esm2_wtm,explore,0.0,0.4788273615635179,0.4788273615635179
KKA2_KLEPN_Melnikov_2014,1,1,48,spearman@0.20,esm2_wtm,explore,0.0,0.4788273615635179,0.4788273615635179
KKA2_KLEPN_Melnikov_2014,1,2,96,enrich@1.5,explore,explore,0.48355263157894735,0.48355263157894735,0.0
KKA2_KLEPN_Melnikov_2014,1,2,96,enrich@1.0,explore,explore,0.48355263157894735,0.48355263157894735,0.0
KKA2_KLEPN_Melnikov_2014,1,2,96,auroc@0.55,esm2_wtm,explore,0.0,0.48355263157894735,0.48355263157894735
KKA2_KLEPN_Melnikov_2014,1,2,96,auroc@0.60,esm2_wtm,explore,0.0,0.48355263157894735,0.48355263157894735
KKA2_KLEPN_Melnikov_2014,1,2,96,auroc@0.65,esm2_wtm,explore,0.0,0.48355263157894735,0.48355263157894735
KKA2_KLEPN_Melnikov_2014,1,2,96,spearman@0.20,esm2_wtm,explore,0.0,0.48355263157894735,0.48355263157894735
KKA2_KLEPN_Melnikov_2014,1,3,144,enrich@1.5,explore,explore,0.4883720930232558,0.4883720930232558,0.0
KKA2_KLEPN_Melnikov_2014,1,3,144,enrich@1.0,explore,explore,0.4883720930232558,0.4883720930232558,0.0
KKA2_KLEPN_Melnikov_2014,1,3,144,auroc@0.55,esm2_wtm,explore,0.0,0.4883720930232558,0.4883720930232558
KKA2_KLEPN_Melnikov_2014,1,3,144,auroc@0.60,esm2_wtm,explore,0.0,0.4883720930232558,0.4883720930232558
KKA2_KLEPN_Melnikov_2014,1,3,144,auroc@0.65,explore,explore,0.4883720930232558,0.4883720930232558,0.0
KKA2_KLEPN_Melnikov_2014,1,3,144,spearman@0.20,esm2_wtm,explore,0.0,0.4883720930232558,0.4883720930232558
KKA2_KLEPN_Melnikov_2014,2,0,0,enrich@1.5,explore,explore,0.4838709677419355,0.4838709677419355,0.0
KKA2_KLEPN_Melnikov_2014,2,0,0,enrich@1.0,explore,explore,0.4838709677419355,0.4838709677419355,0.0
KKA2_KLEPN_Melnikov_2014,2,0,0,auroc@0.55,explore,explore,0.4838709677419355,0.4838709677419355,0.0
KKA2_KLEPN_Melnikov_2014,2,0,0,auroc@0.60,explore,explore,0.4838709677419355,0.4838709677419355,0.0
KKA2_KLEPN_Melnikov_2014,2,0,0,auroc@0.65,explore,explore,0.4838709677419355,0.4838709677419355,0.0
KKA2_KLEPN_Melnikov_2014,2,0,0,spearman@0.20,explore,explore,0.4838709677419355,0.4838709677419355,0.0
KKA2_KLEPN_Melnikov_2014,2,1,48,enrich@1.5,esm2_wtm,supervised,0.0,2.0,2.0
KKA2_KLEPN_Melnikov_2014,2,1,48,enrich@1.0,esm2_wtm,supervised,0.0,2.0,2.0
KKA2_KLEPN_Melnikov_2014,2,1,48,auroc@0.55,esm2_wtm,supervised,0.0,2.0,2.0
KKA2_KLEPN_Melnikov_2014,2,1,48,auroc@0.60,esm2_wtm,supervised,0.0,2.0,2.0
KKA2_KLEPN_Melnikov_2014,2,1,48,auroc@0.65,esm2_wtm,supervised,0.0,2.0,2.0
KKA2_KLEPN_Melnikov_2014,2,1,48,spearman@0.20,esm2_wtm,supervised,0.0,2.0,2.0
KKA2_KLEPN_Melnikov_2014,2,2,96,enrich@1.5,explore,supervised,0.4934210526315789,3.0,2.5065789473684212
KKA2_KLEPN_Melnikov_2014,2,2,96,enrich@1.0,explore,supervised,0.4934210526315789,3.0,2.5065789473684212
KKA2_KLEPN_Melnikov_2014,2,2,96,auroc@0.55,esm2_wtm,supervised,1.0,3.0,2.0
KKA2_KLEPN_Melnikov_2014,2,2,96,auroc@0.60,esm2_wtm,supervised,1.0,3.0,2.0
KKA2_KLEPN_Melnikov_2014,2,2,96,auroc@0.65,esm2_wtm,supervised,1.0,3.0,2.0
KKA2_KLEPN_Melnikov_2014,2,2,96,spearman@0.20,esm2_wtm,supervised,1.0,3.0,2.0
KKA2_KLEPN_Melnikov_2014,2,3,144,enrich@1.5,supervised,supervised,3.0,3.0,0.0
KKA2_KLEPN_Melnikov_2014,2,3,144,enrich@1.0,supervised,supervised,3.0,3.0,0.0
KKA2_KLEPN_Melnikov_2014,2,3,144,auroc@0.55,esm2_wtm,supervised,1.0,3.0,2.0
KKA2_KLEPN_Melnikov_2014,2,3,144,auroc@0.60,esm2_wtm,supervised,1.0,3.0,2.0
KKA2_KLEPN_Melnikov_2014,2,3,144,auroc@0.65,esm2_wtm,supervised,1.0,3.0,2.0
KKA2_KLEPN_Melnikov_2014,2,3,144,spearman@0.20,esm2_wtm,supervised,1.0,3.0,2.0
KKA2_KLEPN_Melnikov_2014,3,0,0,enrich@1.5,explore,explore,0.4838709677419355,0.4838709677419355,0.0
KKA2_KLEPN_Melnikov_2014,3,0,0,enrich@1.0,explore,explore,0.4838709677419355,0.4838709677419355,0.0
KKA2_KLEPN_Melnikov_2014,3,0,0,auroc@0.55,explore,explore,0.4838709677419355,0.4838709677419355,0.0
KKA2_KLEPN_Melnikov_2014,3,0,0,auroc@0.60,explore,explore,0.4838709677419355,0.4838709677419355,0.0
KKA2_KLEPN_Melnikov_2014,3,0,0,auroc@0.65,explore,explore,0.4838709677419355,0.4838709677419355,0.0
KKA2_KLEPN_Melnikov_2014,3,0,0,spearman@0.20,explore,explore,0.4838709677419355,0.4838709677419355,0.0
KKA2_KLEPN_Melnikov_2014,3,1,48,enrich@1.5,esm2_wtm,supervised,0.0,1.0,1.0
KKA2_KLEPN_Melnikov_2014,3,1,48,enrich@1.0,esm2_wtm,supervised,0.0,1.0,1.0
KKA2_KLEPN_Melnikov_2014,3,1,48,auroc@0.55,esm2_wtm,supervised,0.0,1.0,1.0
KKA2_KLEPN_Melnikov_2014,3,1,48,auroc@0.60,esm2_wtm,supervised,0.0,1.0,1.0
KKA2_KLEPN_Melnikov_2014,3,1,48,auroc@0.65,esm2_wtm,supervised,0.0,1.0,1.0
KKA2_KLEPN_Melnikov_2014,3,1,48,spearman@0.20,esm2_wtm,supervised,0.0,1.0,1.0
KKA2_KLEPN_Melnikov_2014,3,2,96,enrich@1.5,explore,supervised,0.47368421052631576,1.0,0.5263157894736843
KKA2_KLEPN_Melnikov_2014,3,2,96,enrich@1.0,explore,supervised,0.47368421052631576,1.0,0.5263157894736843
KKA2_KLEPN_Melnikov_2014,3,2,96,auroc@0.55,esm2_wtm,supervised,1.0,1.0,0.0
KKA2_KLEPN_Melnikov_2014,3,2,96,auroc@0.60,esm2_wtm,supervised,1.0,1.0,0.0
KKA2_KLEPN_Melnikov_2014,3,2,96,auroc@0.65,explore,supervised,0.47368421052631576,1.0,0.5263157894736843
KKA2_KLEPN_Melnikov_2014,3,2,96,spearman@0.20,esm2_wtm,supervised,1.0,1.0,0.0
KKA2_KLEPN_Melnikov_2014,3,3,144,enrich@1.5,esm2_wtm,supervised,1.0,2.0,1.0
KKA2_KLEPN_Melnikov_2014,3,3,144,enrich@1.0,esm2_wtm,supervised,1.0,2.0,1.0
KKA2_KLEPN_Melnikov_2014,3,3,144,auroc@0.55,esm2_wtm,supervised,1.0,2.0,1.0
KKA2_KLEPN_Melnikov_2014,3,3,144,auroc@0.60,esm2_wtm,supervised,1.0,2.0,1.0
KKA2_KLEPN_Melnikov_2014,3,3,144,auroc@0.65,esm2_wtm,supervised,1.0,2.0,1.0
KKA2_KLEPN_Melnikov_2014,3,3,144,spearman@0.20,esm2_wtm,supervised,1.0,2.0,1.0
KKA2_KLEPN_Melnikov_2014,4,0,0,enrich@1.5,explore,explore,0.4838709677419355,0.4838709677419355,0.0
KKA2_KLEPN_Melnikov_2014,4,0,0,enrich@1.0,explore,explore,0.4838709677419355,0.4838709677419355,0.0
KKA2_KLEPN_Melnikov_2014,4,0,0,auroc@0.55,explore,explore,0.4838709677419355,0.4838709677419355,0.0
KKA2_KLEPN_Melnikov_2014,4,0,0,auroc@0.60,explore,explore,0.4838709677419355,0.4838709677419355,0.0
KKA2_KLEPN_Melnikov_2014,4,0,0,auroc@0.65,explore,explore,0.4838709677419355,0.4838709677419355,0.0
KKA2_KLEPN_Melnikov_2014,4,0,0,spearman@0.20,explore,explore,0.4838709677419355,0.4838709677419355,0.0
KKA2_KLEPN_Melnikov_2014,4,1,48,enrich@1.5,supervised,explore,0.0,0.4788273615635179,0.4788273615635179
KKA2_KLEPN_Melnikov_2014,4,1,48,enrich@1.0,supervised,explore,0.0,0.4788273615635179,0.4788273615635179
KKA2_KLEPN_Melnikov_2014,4,1,48,auroc@0.55,esm2_wtm,explore,0.0,0.4788273615635179,0.4788273615635179
KKA2_KLEPN_Melnikov_2014,4,1,48,auroc@0.60,esm2_wtm,explore,0.0,0.4788273615635179,0.4788273615635179
KKA2_KLEPN_Melnikov_2014,4,1,48,auroc@0.65,esm2_wtm,explore,0.0,0.4788273615635179,0.4788273615635179
KKA2_KLEPN_Melnikov_2014,4,1,48,spearman@0.20,supervised,explore,0.0,0.4788273615635179,0.4788273615635179
KKA2_KLEPN_Melnikov_2014,4,2,96,enrich@1.5,explore,supervised,0.48355263157894735,1.0,0.5164473684210527
KKA2_KLEPN_Melnikov_2014,4,2,96,enrich@1.0,explore,supervised,0.48355263157894735,1.0,0.5164473684210527
KKA2_KLEPN_Melnikov_2014,4,2,96,auroc@0.55,esm2_wtm,supervised,0.0,1.0,1.0
KKA2_KLEPN_Melnikov_2014,4,2,96,auroc@0.60,explore,supervised,0.48355263157894735,1.0,0.5164473684210527
KKA2_KLEPN_Melnikov_2014,4,2,96,auroc@0.65,explore,supervised,0.48355263157894735,1.0,0.5164473684210527
KKA2_KLEPN_Melnikov_2014,4,2,96,spearman@0.20,esm2_wtm,supervised,0.0,1.0,1.0
KKA2_KLEPN_Melnikov_2014,4,3,144,enrich@1.5,explore,explore,0.4883720930232558,0.4883720930232558,0.0
KKA2_KLEPN_Melnikov_2014,4,3,144,enrich@1.0,explore,explore,0.4883720930232558,0.4883720930232558,0.0
KKA2_KLEPN_Melnikov_2014,4,3,144,auroc@0.55,esm2_wtm,explore,0.0,0.4883720930232558,0.4883720930232558
KKA2_KLEPN_Melnikov_2014,4,3,144,auroc@0.60,esm2_wtm,explore,0.0,0.4883720930232558,0.4883720930232558
KKA2_KLEPN_Melnikov_2014,4,3,144,auroc@0.65,explore,explore,0.4883720930232558,0.4883720930232558,0.0
KKA2_KLEPN_Melnikov_2014,4,3,144,spearman@0.20,esm2_wtm,explore,0.0,0.4883720930232558,0.4883720930232558
KKA2_KLEPN_Melnikov_2014,5,0,0,enrich@1.5,explore,explore,0.4838709677419355,0.4838709677419355,0.0
KKA2_KLEPN_Melnikov_2014,5,0,0,enrich@1.0,explore,explore,0.4838709677419355,0.4838709677419355,0.0
KKA2_KLEPN_Melnikov_2014,5,0,0,auroc@0.55,explore,explore,0.4838709677419355,0.4838709677419355,0.0
KKA2_KLEPN_Melnikov_2014,5,0,0,auroc@0.60,explore,explore,0.4838709677419355,0.4838709677419355,0.0
KKA2_KLEPN_Melnikov_2014,5,0,0,auroc@0.65,explore,explore,0.4838709677419355,0.4838709677419355,0.0
KKA2_KLEPN_Melnikov_2014,5,0,0,spearman@0.20,explore,explore,0.4838709677419355,0.4838709677419355,0.0
KKA2_KLEPN_Melnikov_2014,5,1,48,enrich@1.5,supervised,explore,0.0,0.46905537459283386,0.46905537459283386
KKA2_KLEPN_Melnikov_2014,5,1,48,enrich@1.0,supervised,explore,0.0,0.46905537459283386,0.46905537459283386
KKA2_KLEPN_Melnikov_2014,5,1,48,auroc@0.55,supervised,explore,0.0,0.46905537459283386,0.46905537459283386
KKA2_KLEPN_Melnikov_2014,5,1,48,auroc@0.60,supervised,explore,0.0,0.46905537459283386,0.46905537459283386
KKA2_KLEPN_Melnikov_2014,5,1,48,auroc@0.65,supervised,explore,0.0,0.46905537459283386,0.46905537459283386
KKA2_KLEPN_Melnikov_2014,5,1,48,spearman@0.20,esm2_wtm,explore,0.0,0.46905537459283386,0.46905537459283386
KKA2_KLEPN_Melnikov_2014,5,2,96,enrich@1.5,supervised,supervised,4.0,4.0,0.0
KKA2_KLEPN_Melnikov_2014,5,2,96,enrich@1.0,supervised,supervised,4.0,4.0,0.0
KKA2_KLEPN_Melnikov_2014,5,2,96,auroc@0.55,supervised,supervised,4.0,4.0,0.0
KKA2_KLEPN_Melnikov_2014,5,2,96,auroc@0.60,supervised,supervised,4.0,4.0,0.0
KKA2_KLEPN_Melnikov_2014,5,2,96,auroc@0.65,supervised,supervised,4.0,4.0,0.0
KKA2_KLEPN_Melnikov_2014,5,2,96,spearman@0.20,esm2_wtm,supervised,0.0,4.0,4.0
KKA2_KLEPN_Melnikov_2014,5,3,144,enrich@1.5,supervised,supervised,1.0,1.0,0.0
KKA2_KLEPN_Melnikov_2014,5,3,144,enrich@1.0,supervised,supervised,1.0,1.0,0.0
KKA2_KLEPN_Melnikov_2014,5,3,144,auroc@0.55,supervised,supervised,1.0,1.0,0.0
KKA2_KLEPN_Melnikov_2014,5,3,144,auroc@0.60,supervised,supervised,1.0,1.0,0.0
KKA2_KLEPN_Melnikov_2014,5,3,144,auroc@0.65,supervised,supervised,1.0,1.0,0.0
KKA2_KLEPN_Melnikov_2014,5,3,144,spearman@0.20,supervised,supervised,1.0,1.0,0.0
KKA2_KLEPN_Melnikov_2014,6,0,0,enrich@1.5,explore,explore,0.4838709677419355,0.4838709677419355,0.0
KKA2_KLEPN_Melnikov_2014,6,0,0,enrich@1.0,explore,explore,0.4838709677419355,0.4838709677419355,0.0
KKA2_KLEPN_Melnikov_2014,6,0,0,auroc@0.55,explore,explore,0.4838709677419355,0.4838709677419355,0.0
KKA2_KLEPN_Melnikov_2014,6,0,0,auroc@0.60,explore,explore,0.4838709677419355,0.4838709677419355,0.0
KKA2_KLEPN_Melnikov_2014,6,0,0,auroc@0.65,explore,explore,0.4838709677419355,0.4838709677419355,0.0
KKA2_KLEPN_Melnikov_2014,6,0,0,spearman@0.20,explore,explore,0.4838709677419355,0.4838709677419355,0.0
KKA2_KLEPN_Melnikov_2014,6,1,48,enrich@1.5,esm2_wtm,explore,0.0,0.46905537459283386,0.46905537459283386
KKA2_KLEPN_Melnikov_2014,6,1,48,enrich@1.0,esm2_wtm,explore,0.0,0.46905537459283386,0.46905537459283386
KKA2_KLEPN_Melnikov_2014,6,1,48,auroc@0.55,supervised,explore,0.0,0.46905537459283386,0.46905537459283386
KKA2_KLEPN_Melnikov_2014,6,1,48,auroc@0.60,supervised,explore,0.0,0.46905537459283386,0.46905537459283386
KKA2_KLEPN_Melnikov_2014,6,1,48,auroc@0.65,supervised,explore,0.0,0.46905537459283386,0.46905537459283386
KKA2_KLEPN_Melnikov_2014,6,1,48,spearman@0.20,esm2_wtm,explore,0.0,0.46905537459283386,0.46905537459283386
KKA2_KLEPN_Melnikov_2014,6,2,96,enrich@1.5,explore,supervised,0.47368421052631576,2.0,1.5263157894736843
KKA2_KLEPN_Melnikov_2014,6,2,96,enrich@1.0,explore,supervised,0.47368421052631576,2.0,1.5263157894736843
KKA2_KLEPN_Melnikov_2014,6,2,96,auroc@0.55,explore,supervised,0.47368421052631576,2.0,1.5263157894736843
KKA2_KLEPN_Melnikov_2014,6,2,96,auroc@0.60,explore,supervised,0.47368421052631576,2.0,1.5263157894736843
KKA2_KLEPN_Melnikov_2014,6,2,96,auroc@0.65,explore,supervised,0.47368421052631576,2.0,1.5263157894736843
KKA2_KLEPN_Melnikov_2014,6,2,96,spearman@0.20,esm2_wtm,supervised,1.0,2.0,1.0
KKA2_KLEPN_Melnikov_2014,6,3,144,enrich@1.5,esm2_wtm,supervised,1.0,2.0,1.0
KKA2_KLEPN_Melnikov_2014,6,3,144,enrich@1.0,esm2_wtm,supervised,1.0,2.0,1.0
KKA2_KLEPN_Melnikov_2014,6,3,144,auroc@0.55,esm2_wtm,supervised,1.0,2.0,1.0
KKA2_KLEPN_Melnikov_2014,6,3,144,auroc@0.60,esm2_wtm,supervised,1.0,2.0,1.0
KKA2_KLEPN_Melnikov_2014,6,3,144,auroc@0.65,esm2_wtm,supervised,1.0,2.0,1.0
KKA2_KLEPN_Melnikov_2014,6,3,144,spearman@0.20,esm2_wtm,supervised,1.0,2.0,1.0
KKA2_KLEPN_Melnikov_2014,7,0,0,enrich@1.5,explore,explore,0.4838709677419355,0.4838709677419355,0.0
KKA2_KLEPN_Melnikov_2014,7,0,0,enrich@1.0,explore,explore,0.4838709677419355,0.4838709677419355,0.0
KKA2_KLEPN_Melnikov_2014,7,0,0,auroc@0.55,explore,explore,0.4838709677419355,0.4838709677419355,0.0
KKA2_KLEPN_Melnikov_2014,7,0,0,auroc@0.60,explore,explore,0.4838709677419355,0.4838709677419355,0.0
KKA2_KLEPN_Melnikov_2014,7,0,0,auroc@0.65,explore,explore,0.4838709677419355,0.4838709677419355,0.0
KKA2_KLEPN_Melnikov_2014,7,0,0,spearman@0.20,explore,explore,0.4838709677419355,0.4838709677419355,0.0
KKA2_KLEPN_Melnikov_2014,7,1,48,enrich@1.5,esm2_wtm,supervised,0.0,1.0,1.0
KKA2_KLEPN_Melnikov_2014,7,1,48,enrich@1.0,esm2_wtm,supervised,0.0,1.0,1.0
KKA2_KLEPN_Melnikov_2014,7,1,48,auroc@0.55,esm2_wtm,supervised,0.0,1.0,1.0
KKA2_KLEPN_Melnikov_2014,7,1,48,auroc@0.60,esm2_wtm,supervised,0.0,1.0,1.0
KKA2_KLEPN_Melnikov_2014,7,1,48,auroc@0.65,esm2_wtm,supervised,0.0,1.0,1.0
KKA2_KLEPN_Melnikov_2014,7,1,48,spearman@0.20,esm2_wtm,supervised,0.0,1.0,1.0
KKA2_KLEPN_Melnikov_2014,7,2,96,enrich@1.5,explore,supervised,0.48355263157894735,1.0,0.5164473684210527
KKA2_KLEPN_Melnikov_2014,7,2,96,enrich@1.0,explore,supervised,0.48355263157894735,1.0,0.5164473684210527
KKA2_KLEPN_Melnikov_2014,7,2,96,auroc@0.55,esm2_wtm,supervised,1.0,1.0,0.0
KKA2_KLEPN_Melnikov_2014,7,2,96,auroc@0.60,esm2_wtm,supervised,1.0,1.0,0.0
KKA2_KLEPN_Melnikov_2014,7,2,96,auroc@0.65,esm2_wtm,supervised,1.0,1.0,0.0
KKA2_KLEPN_Melnikov_2014,7,2,96,spearman@0.20,esm2_wtm,supervised,1.0,1.0,0.0
KKA2_KLEPN_Melnikov_2014,7,3,144,enrich@1.5,esm2_wtm,esm2_wtm,1.0,1.0,0.0
KKA2_KLEPN_Melnikov_2014,7,3,144,enrich@1.0,esm2_wtm,esm2_wtm,1.0,1.0,0.0
KKA2_KLEPN_Melnikov_2014,7,3,144,auroc@0.55,esm2_wtm,esm2_wtm,1.0,1.0,0.0
KKA2_KLEPN_Melnikov_2014,7,3,144,auroc@0.60,esm2_wtm,esm2_wtm,1.0,1.0,0.0
KKA2_KLEPN_Melnikov_2014,7,3,144,auroc@0.65,esm2_wtm,esm2_wtm,1.0,1.0,0.0
KKA2_KLEPN_Melnikov_2014,7,3,144,spearman@0.20,esm2_wtm,esm2_wtm,1.0,1.0,0.0
KKA2_KLEPN_Melnikov_2014,8,0,0,enrich@1.5,explore,explore,0.4838709677419355,0.4838709677419355,0.0
KKA2_KLEPN_Melnikov_2014,8,0,0,enrich@1.0,explore,explore,0.4838709677419355,0.4838709677419355,0.0
KKA2_KLEPN_Melnikov_2014,8,0,0,auroc@0.55,explore,explore,0.4838709677419355,0.4838709677419355,0.0
KKA2_KLEPN_Melnikov_2014,8,0,0,auroc@0.60,explore,explore,0.4838709677419355,0.4838709677419355,0.0
KKA2_KLEPN_Melnikov_2014,8,0,0,auroc@0.65,explore,explore,0.4838709677419355,0.4838709677419355,0.0
KKA2_KLEPN_Melnikov_2014,8,0,0,spearman@0.20,explore,explore,0.4838709677419355,0.4838709677419355,0.0
KKA2_KLEPN_Melnikov_2014,8,1,48,enrich@1.5,esm2_wtm,supervised,0.0,2.0,2.0
KKA2_KLEPN_Melnikov_2014,8,1,48,enrich@1.0,esm2_wtm,supervised,0.0,2.0,2.0
KKA2_KLEPN_Melnikov_2014,8,1,48,auroc@0.55,supervised,supervised,2.0,2.0,0.0
KKA2_KLEPN_Melnikov_2014,8,1,48,auroc@0.60,supervised,supervised,2.0,2.0,0.0
KKA2_KLEPN_Melnikov_2014,8,1,48,auroc@0.65,supervised,supervised,2.0,2.0,0.0
KKA2_KLEPN_Melnikov_2014,8,1,48,spearman@0.20,esm2_wtm,supervised,0.0,2.0,2.0
KKA2_KLEPN_Melnikov_2014,8,2,96,enrich@1.5,explore,supervised,0.48355263157894735,2.0,1.5164473684210527
KKA2_KLEPN_Melnikov_2014,8,2,96,enrich@1.0,explore,supervised,0.48355263157894735,2.0,1.5164473684210527
KKA2_KLEPN_Melnikov_2014,8,2,96,auroc@0.55,supervised,supervised,2.0,2.0,0.0
KKA2_KLEPN_Melnikov_2014,8,2,96,auroc@0.60,supervised,supervised,2.0,2.0,0.0
KKA2_KLEPN_Melnikov_2014,8,2,96,auroc@0.65,explore,supervised,0.48355263157894735,2.0,1.5164473684210527
KKA2_KLEPN_Melnikov_2014,8,2,96,spearman@0.20,esm2_wtm,supervised,1.0,2.0,1.0
KKA2_KLEPN_Melnikov_2014,8,3,144,enrich@1.5,esm2_wtm,supervised,1.0,2.0,1.0
KKA2_KLEPN_Melnikov_2014,8,3,144,enrich@1.0,esm2_wtm,supervised,1.0,2.0,1.0
KKA2_KLEPN_Melnikov_2014,8,3,144,auroc@0.55,esm2_wtm,supervised,1.0,2.0,1.0
KKA2_KLEPN_Melnikov_2014,8,3,144,auroc@0.60,esm2_wtm,supervised,1.0,2.0,1.0
KKA2_KLEPN_Melnikov_2014,8,3,144,auroc@0.65,esm2_wtm,supervised,1.0,2.0,1.0
KKA2_KLEPN_Melnikov_2014,8,3,144,spearman@0.20,esm2_wtm,supervised,1.0,2.0,1.0
KKA2_KLEPN_Melnikov_2014,9,0,0,enrich@1.5,explore,explore,0.4838709677419355,0.4838709677419355,0.0
KKA2_KLEPN_Melnikov_2014,9,0,0,enrich@1.0,explore,explore,0.4838709677419355,0.4838709677419355,0.0
KKA2_KLEPN_Melnikov_2014,9,0,0,auroc@0.55,explore,explore,0.4838709677419355,0.4838709677419355,0.0
KKA2_KLEPN_Melnikov_2014,9,0,0,auroc@0.60,explore,explore,0.4838709677419355,0.4838709677419355,0.0
KKA2_KLEPN_Melnikov_2014,9,0,0,auroc@0.65,explore,explore,0.4838709677419355,0.4838709677419355,0.0
KKA2_KLEPN_Melnikov_2014,9,0,0,spearman@0.20,explore,explore,0.4838709677419355,0.4838709677419355,0.0
KKA2_KLEPN_Melnikov_2014,9,1,48,enrich@1.5,esm2_wtm,explore,0.0,0.48859934853420195,0.48859934853420195
KKA2_KLEPN_Melnikov_2014,9,1,48,enrich@1.0,esm2_wtm,explore,0.0,0.48859934853420195,0.48859934853420195
KKA2_KLEPN_Melnikov_2014,9,1,48,auroc@0.55,esm2_wtm,explore,0.0,0.48859934853420195,0.48859934853420195
KKA2_KLEPN_Melnikov_2014,9,1,48,auroc@0.60,esm2_wtm,explore,0.0,0.48859934853420195,0.48859934853420195
KKA2_KLEPN_Melnikov_2014,9,1,48,auroc@0.65,esm2_wtm,explore,0.0,0.48859934853420195,0.48859934853420195
KKA2_KLEPN_Melnikov_2014,9,1,48,spearman@0.20,esm2_wtm,explore,0.0,0.48859934853420195,0.48859934853420195
KKA2_KLEPN_Melnikov_2014,9,2,96,enrich@1.5,explore,supervised,0.4934210526315789,1.0,0.506578947368421
KKA2_KLEPN_Melnikov_2014,9,2,96,enrich@1.0,explore,supervised,0.4934210526315789,1.0,0.506578947368421
KKA2_KLEPN_Melnikov_2014,9,2,96,auroc@0.55,esm2_wtm,supervised,1.0,1.0,0.0
KKA2_KLEPN_Melnikov_2014,9,2,96,auroc@0.60,esm2_wtm,supervised,1.0,1.0,0.0
KKA2_KLEPN_Melnikov_2014,9,2,96,auroc@0.65,esm2_wtm,supervised,1.0,1.0,0.0
KKA2_KLEPN_Melnikov_2014,9,2,96,spearman@0.20,esm2_wtm,supervised,1.0,1.0,0.0
KKA2_KLEPN_Melnikov_2014,9,3,144,enrich@1.5,esm2_wtm,supervised,1.0,1.0,0.0
KKA2_KLEPN_Melnikov_2014,9,3,144,enrich@1.0,esm2_wtm,supervised,1.0,1.0,0.0
KKA2_KLEPN_Melnikov_2014,9,3,144,auroc@0.55,esm2_wtm,supervised,1.0,1.0,0.0
KKA2_KLEPN_Melnikov_2014,9,3,144,auroc@0.60,esm2_wtm,supervised,1.0,1.0,0.0
KKA2_KLEPN_Melnikov_2014,9,3,144,auroc@0.65,esm2_wtm,supervised,1.0,1.0,0.0
KKA2_KLEPN_Melnikov_2014,9,3,144,spearman@0.20,esm2_wtm,supervised,1.0,1.0,0.0
KKA2_KLEPN_Melnikov_2014,10,0,0,enrich@1.5,explore,explore,0.4838709677419355,0.4838709677419355,0.0
KKA2_KLEPN_Melnikov_2014,10,0,0,enrich@1.0,explore,explore,0.4838709677419355,0.4838709677419355,0.0
KKA2_KLEPN_Melnikov_2014,10,0,0,auroc@0.55,explore,explore,0.4838709677419355,0.4838709677419355,0.0
KKA2_KLEPN_Melnikov_2014,10,0,0,auroc@0.60,explore,explore,0.4838709677419355,0.4838709677419355,0.0
KKA2_KLEPN_Melnikov_2014,10,0,0,auroc@0.65,explore,explore,0.4838709677419355,0.4838709677419355,0.0
KKA2_KLEPN_Melnikov_2014,10,0,0,spearman@0.20,explore,explore,0.4838709677419355,0.4838709677419355,0.0
KKA2_KLEPN_Melnikov_2014,10,1,48,enrich@1.5,esm2_wtm,explore,0.0,0.48859934853420195,0.48859934853420195
KKA2_KLEPN_Melnikov_2014,10,1,48,enrich@1.0,esm2_wtm,explore,0.0,0.48859934853420195,0.48859934853420195
KKA2_KLEPN_Melnikov_2014,10,1,48,auroc@0.55,esm2_wtm,explore,0.0,0.48859934853420195,0.48859934853420195
KKA2_KLEPN_Melnikov_2014,10,1,48,auroc@0.60,esm2_wtm,explore,0.0,0.48859934853420195,0.48859934853420195
KKA2_KLEPN_Melnikov_2014,10,1,48,auroc@0.65,esm2_wtm,explore,0.0,0.48859934853420195,0.48859934853420195
KKA2_KLEPN_Melnikov_2014,10,1,48,spearman@0.20,esm2_wtm,explore,0.0,0.48859934853420195,0.48859934853420195
KKA2_KLEPN_Melnikov_2014,10,2,96,enrich@1.5,explore,supervised,0.4934210526315789,1.0,0.506578947368421
KKA2_KLEPN_Melnikov_2014,10,2,96,enrich@1.0,explore,supervised,0.4934210526315789,1.0,0.506578947368421
KKA2_KLEPN_Melnikov_2014,10,2,96,auroc@0.55,esm2_wtm,supervised,1.0,1.0,0.0
KKA2_KLEPN_Melnikov_2014,10,2,96,auroc@0.60,esm2_wtm,supervised,1.0,1.0,0.0
KKA2_KLEPN_Melnikov_2014,10,2,96,auroc@0.65,esm2_wtm,supervised,1.0,1.0,0.0
KKA2_KLEPN_Melnikov_2014,10,2,96,spearman@0.20,esm2_wtm,supervised,1.0,1.0,0.0
KKA2_KLEPN_Melnikov_2014,10,3,144,enrich@1.5,esm2_wtm,supervised,1.0,1.0,0.0
KKA2_KLEPN_Melnikov_2014,10,3,144,enrich@1.0,esm2_wtm,supervised,1.0,1.0,0.0
KKA2_KLEPN_Melnikov_2014,10,3,144,auroc@0.55,esm2_wtm,supervised,1.0,1.0,0.0
KKA2_KLEPN_Melnikov_2014,10,3,144,auroc@0.60,esm2_wtm,supervised,1.0,1.0,0.0
KKA2_KLEPN_Melnikov_2014,10,3,144,auroc@0.65,esm2_wtm,supervised,1.0,1.0,0.0
KKA2_KLEPN_Melnikov_2014,10,3,144,spearman@0.20,esm2_wtm,supervised,1.0,1.0,0.0
KKA2_KLEPN_Melnikov_2014,11,0,0,enrich@1.5,explore,explore,0.4838709677419355,0.4838709677419355,0.0
KKA2_KLEPN_Melnikov_2014,11,0,0,enrich@1.0,explore,explore,0.4838709677419355,0.4838709677419355,0.0
KKA2_KLEPN_Melnikov_2014,11,0,0,auroc@0.55,explore,explore,0.4838709677419355,0.4838709677419355,0.0
KKA2_KLEPN_Melnikov_2014,11,0,0,auroc@0.60,explore,explore,0.4838709677419355,0.4838709677419355,0.0
KKA2_KLEPN_Melnikov_2014,11,0,0,auroc@0.65,explore,explore,0.4838709677419355,0.4838709677419355,0.0
KKA2_KLEPN_Melnikov_2014,11,0,0,spearman@0.20,explore,explore,0.4838709677419355,0.4838709677419355,0.0
KKA2_KLEPN_Melnikov_2014,11,1,48,enrich@1.5,esm2_wtm,explore,0.0,0.48859934853420195,0.48859934853420195
KKA2_KLEPN_Melnikov_2014,11,1,48,enrich@1.0,esm2_wtm,explore,0.0,0.48859934853420195,0.48859934853420195
KKA2_KLEPN_Melnikov_2014,11,1,48,auroc@0.55,esm2_wtm,explore,0.0,0.48859934853420195,0.48859934853420195
KKA2_KLEPN_Melnikov_2014,11,1,48,auroc@0.60,esm2_wtm,explore,0.0,0.48859934853420195,0.48859934853420195
KKA2_KLEPN_Melnikov_2014,11,1,48,auroc@0.65,esm2_wtm,explore,0.0,0.48859934853420195,0.48859934853420195
KKA2_KLEPN_Melnikov_2014,11,1,48,spearman@0.20,esm2_wtm,explore,0.0,0.48859934853420195,0.48859934853420195
KKA2_KLEPN_Melnikov_2014,11,2,96,enrich@1.5,explore,supervised,0.4934210526315789,2.0,1.506578947368421
KKA2_KLEPN_Melnikov_2014,11,2,96,enrich@1.0,explore,supervised,0.4934210526315789,2.0,1.506578947368421
KKA2_KLEPN_Melnikov_2014,11,2,96,auroc@0.55,esm2_wtm,supervised,1.0,2.0,1.0
KKA2_KLEPN_Melnikov_2014,11,2,96,auroc@0.60,esm2_wtm,supervised,1.0,2.0,1.0
KKA2_KLEPN_Melnikov_2014,11,2,96,auroc@0.65,esm2_wtm,supervised,1.0,2.0,1.0
KKA2_KLEPN_Melnikov_2014,11,2,96,spearman@0.20,esm2_wtm,supervised,1.0,2.0,1.0
KKA2_KLEPN_Melnikov_2014,11,3,144,enrich@1.5,esm2_wtm,supervised,1.0,3.0,2.0
KKA2_KLEPN_Melnikov_2014,11,3,144,enrich@1.0,esm2_wtm,supervised,1.0,3.0,2.0
KKA2_KLEPN_Melnikov_2014,11,3,144,auroc@0.55,esm2_wtm,supervised,1.0,3.0,2.0
KKA2_KLEPN_Melnikov_2014,11,3,144,auroc@0.60,esm2_wtm,supervised,1.0,3.0,2.0
KKA2_KLEPN_Melnikov_2014,11,3,144,auroc@0.65,esm2_wtm,supervised,1.0,3.0,2.0
KKA2_KLEPN_Melnikov_2014,11,3,144,spearman@0.20,esm2_wtm,supervised,1.0,3.0,2.0
KKA2_KLEPN_Melnikov_2014,12,0,0,enrich@1.5,explore,explore,0.4838709677419355,0.4838709677419355,0.0
KKA2_KLEPN_Melnikov_2014,12,0,0,enrich@1.0,explore,explore,0.4838709677419355,0.4838709677419355,0.0
KKA2_KLEPN_Melnikov_2014,12,0,0,auroc@0.55,explore,explore,0.4838709677419355,0.4838709677419355,0.0
KKA2_KLEPN_Melnikov_2014,12,0,0,auroc@0.60,explore,explore,0.4838709677419355,0.4838709677419355,0.0
KKA2_KLEPN_Melnikov_2014,12,0,0,auroc@0.65,explore,explore,0.4838709677419355,0.4838709677419355,0.0
KKA2_KLEPN_Melnikov_2014,12,0,0,spearman@0.20,explore,explore,0.4838709677419355,0.4838709677419355,0.0
KKA2_KLEPN_Melnikov_2014,12,1,48,enrich@1.5,esm2_wtm,explore,0.0,0.48859934853420195,0.48859934853420195
KKA2_KLEPN_Melnikov_2014,12,1,48,enrich@1.0,esm2_wtm,explore,0.0,0.48859934853420195,0.48859934853420195
KKA2_KLEPN_Melnikov_2014,12,1,48,auroc@0.55,esm2_wtm,explore,0.0,0.48859934853420195,0.48859934853420195
KKA2_KLEPN_Melnikov_2014,12,1,48,auroc@0.60,esm2_wtm,explore,0.0,0.48859934853420195,0.48859934853420195
KKA2_KLEPN_Melnikov_2014,12,1,48,auroc@0.65,esm2_wtm,explore,0.0,0.48859934853420195,0.48859934853420195
KKA2_KLEPN_Melnikov_2014,12,1,48,spearman@0.20,esm2_wtm,explore,0.0,0.48859934853420195,0.48859934853420195
KKA2_KLEPN_Melnikov_2014,12,2,96,enrich@1.5,explore,supervised,0.4934210526315789,2.0,1.506578947368421
KKA2_KLEPN_Melnikov_2014,12,2,96,enrich@1.0,explore,supervised,0.4934210526315789,2.0,1.506578947368421
KKA2_KLEPN_Melnikov_2014,12,2,96,auroc@0.55,esm2_wtm,supervised,1.0,2.0,1.0
KKA2_KLEPN_Melnikov_2014,12,2,96,auroc@0.60,esm2_wtm,supervised,1.0,2.0,1.0
KKA2_KLEPN_Melnikov_2014,12,2,96,auroc@0.65,esm2_wtm,supervised,1.0,2.0,1.0
KKA2_KLEPN_Melnikov_2014,12,2,96,spearman@0.20,esm2_wtm,supervised,1.0,2.0,1.0
KKA2_KLEPN_Melnikov_2014,12,3,144,enrich@1.5,supervised,supervised,1.0,1.0,0.0
KKA2_KLEPN_Melnikov_2014,12,3,144,enrich@1.0,supervised,supervised,1.0,1.0,0.0
KKA2_KLEPN_Melnikov_2014,12,3,144,auroc@0.55,esm2_wtm,supervised,1.0,1.0,0.0
KKA2_KLEPN_Melnikov_2014,12,3,144,auroc@0.60,esm2_wtm,supervised,1.0,1.0,0.0
KKA2_KLEPN_Melnikov_2014,12,3,144,auroc@0.65,esm2_wtm,supervised,1.0,1.0,0.0
KKA2_KLEPN_Melnikov_2014,12,3,144,spearman@0.20,esm2_wtm,supervised,1.0,1.0,0.0
KKA2_KLEPN_Melnikov_2014,13,0,0,enrich@1.5,explore,explore,0.4838709677419355,0.4838709677419355,0.0
KKA2_KLEPN_Melnikov_2014,13,0,0,enrich@1.0,explore,explore,0.4838709677419355,0.4838709677419355,0.0
KKA2_KLEPN_Melnikov_2014,13,0,0,auroc@0.55,explore,explore,0.4838709677419355,0.4838709677419355,0.0
KKA2_KLEPN_Melnikov_2014,13,0,0,auroc@0.60,explore,explore,0.4838709677419355,0.4838709677419355,0.0
KKA2_KLEPN_Melnikov_2014,13,0,0,auroc@0.65,explore,explore,0.4838709677419355,0.4838709677419355,0.0
KKA2_KLEPN_Melnikov_2014,13,0,0,spearman@0.20,explore,explore,0.4838709677419355,0.4838709677419355,0.0
KKA2_KLEPN_Melnikov_2014,13,1,48,enrich@1.5,esm2_wtm,supervised,0.0,1.0,1.0
KKA2_KLEPN_Melnikov_2014,13,1,48,enrich@1.0,esm2_wtm,supervised,0.0,1.0,1.0
KKA2_KLEPN_Melnikov_2014,13,1,48,auroc@0.55,esm2_wtm,supervised,0.0,1.0,1.0
KKA2_KLEPN_Melnikov_2014,13,1,48,auroc@0.60,esm2_wtm,supervised,0.0,1.0,1.0
KKA2_KLEPN_Melnikov_2014,13,1,48,auroc@0.65,esm2_wtm,supervised,0.0,1.0,1.0
KKA2_KLEPN_Melnikov_2014,13,1,48,spearman@0.20,esm2_wtm,supervised,0.0,1.0,1.0
KKA2_KLEPN_Melnikov_2014,13,2,96,enrich@1.5,explore,supervised,0.4934210526315789,2.0,1.506578947368421
KKA2_KLEPN_Melnikov_2014,13,2,96,enrich@1.0,explore,supervised,0.4934210526315789,2.0,1.506578947368421
KKA2_KLEPN_Melnikov_2014,13,2,96,auroc@0.55,esm2_wtm,supervised,1.0,2.0,1.0
KKA2_KLEPN_Melnikov_2014,13,2,96,auroc@0.60,esm2_wtm,supervised,1.0,2.0,1.0
KKA2_KLEPN_Melnikov_2014,13,2,96,auroc@0.65,esm2_wtm,supervised,1.0,2.0,1.0
KKA2_KLEPN_Melnikov_2014,13,2,96,spearman@0.20,esm2_wtm,supervised,1.0,2.0,1.0
KKA2_KLEPN_Melnikov_2014,13,3,144,enrich@1.5,esm2_wtm,supervised,1.0,4.0,3.0
KKA2_KLEPN_Melnikov_2014,13,3,144,enrich@1.0,esm2_wtm,supervised,1.0,4.0,3.0
KKA2_KLEPN_Melnikov_2014,13,3,144,auroc@0.55,esm2_wtm,supervised,1.0,4.0,3.0
KKA2_KLEPN_Melnikov_2014,13,3,144,auroc@0.60,esm2_wtm,supervised,1.0,4.0,3.0
KKA2_KLEPN_Melnikov_2014,13,3,144,auroc@0.65,esm2_wtm,supervised,1.0,4.0,3.0
KKA2_KLEPN_Melnikov_2014,13,3,144,spearman@0.20,esm2_wtm,supervised,1.0,4.0,3.0
KKA2_KLEPN_Melnikov_2014,14,0,0,enrich@1.5,explore,explore,0.4838709677419355,0.4838709677419355,0.0
KKA2_KLEPN_Melnikov_2014,14,0,0,enrich@1.0,explore,explore,0.4838709677419355,0.4838709677419355,0.0
KKA2_KLEPN_Melnikov_2014,14,0,0,auroc@0.55,explore,explore,0.4838709677419355,0.4838709677419355,0.0
KKA2_KLEPN_Melnikov_2014,14,0,0,auroc@0.60,explore,explore,0.4838709677419355,0.4838709677419355,0.0
KKA2_KLEPN_Melnikov_2014,14,0,0,auroc@0.65,explore,explore,0.4838709677419355,0.4838709677419355,0.0
KKA2_KLEPN_Melnikov_2014,14,0,0,spearman@0.20,explore,explore,0.4838709677419355,0.4838709677419355,0.0
KKA2_KLEPN_Melnikov_2014,14,1,48,enrich@1.5,esm2_wtm,explore,0.0,0.48859934853420195,0.48859934853420195
KKA2_KLEPN_Melnikov_2014,14,1,48,enrich@1.0,esm2_wtm,explore,0.0,0.48859934853420195,0.48859934853420195
KKA2_KLEPN_Melnikov_2014,14,1,48,auroc@0.55,esm2_wtm,explore,0.0,0.48859934853420195,0.48859934853420195
KKA2_KLEPN_Melnikov_2014,14,1,48,auroc@0.60,esm2_wtm,explore,0.0,0.48859934853420195,0.48859934853420195
KKA2_KLEPN_Melnikov_2014,14,1,48,auroc@0.65,esm2_wtm,explore,0.0,0.48859934853420195,0.48859934853420195
KKA2_KLEPN_Melnikov_2014,14,1,48,spearman@0.20,esm2_wtm,explore,0.0,0.48859934853420195,0.48859934853420195
KKA2_KLEPN_Melnikov_2014,14,2,96,enrich@1.5,explore,supervised,0.4934210526315789,2.0,1.506578947368421
KKA2_KLEPN_Melnikov_2014,14,2,96,enrich@1.0,explore,supervised,0.4934210526315789,2.0,1.506578947368421
KKA2_KLEPN_Melnikov_2014,14,2,96,auroc@0.55,esm2_wtm,supervised,1.0,2.0,1.0
KKA2_KLEPN_Melnikov_2014,14,2,96,auroc@0.60,esm2_wtm,supervised,1.0,2.0,1.0
KKA2_KLEPN_Melnikov_2014,14,2,96,auroc@0.65,esm2_wtm,supervised,1.0,2.0,1.0
KKA2_KLEPN_Melnikov_2014,14,2,96,spearman@0.20,esm2_wtm,supervised,1.0,2.0,1.0
KKA2_KLEPN_Melnikov_2014,14,3,144,enrich@1.5,esm2_wtm,esm2_wtm,1.0,1.0,0.0
KKA2_KLEPN_Melnikov_2014,14,3,144,enrich@1.0,esm2_wtm,esm2_wtm,1.0,1.0,0.0
KKA2_KLEPN_Melnikov_2014,14,3,144,auroc@0.55,esm2_wtm,esm2_wtm,1.0,1.0,0.0
KKA2_KLEPN_Melnikov_2014,14,3,144,auroc@0.60,esm2_wtm,esm2_wtm,1.0,1.0,0.0
KKA2_KLEPN_Melnikov_2014,14,3,144,auroc@0.65,esm2_wtm,esm2_wtm,1.0,1.0,0.0
KKA2_KLEPN_Melnikov_2014,14,3,144,spearman@0.20,esm2_wtm,esm2_wtm,1.0,1.0,0.0
KKA2_KLEPN_Melnikov_2014,15,0,0,enrich@1.5,explore,explore,0.4838709677419355,0.4838709677419355,0.0
KKA2_KLEPN_Melnikov_2014,15,0,0,enrich@1.0,explore,explore,0.4838709677419355,0.4838709677419355,0.0
KKA2_KLEPN_Melnikov_2014,15,0,0,auroc@0.55,explore,explore,0.4838709677419355,0.4838709677419355,0.0
KKA2_KLEPN_Melnikov_2014,15,0,0,auroc@0.60,explore,explore,0.4838709677419355,0.4838709677419355,0.0
KKA2_KLEPN_Melnikov_2014,15,0,0,auroc@0.65,explore,explore,0.4838709677419355,0.4838709677419355,0.0
KKA2_KLEPN_Melnikov_2014,15,0,0,spearman@0.20,explore,explore,0.4838709677419355,0.4838709677419355,0.0
KKA2_KLEPN_Melnikov_2014,15,1,48,enrich@1.5,supervised,supervised,1.0,1.0,0.0
KKA2_KLEPN_Melnikov_2014,15,1,48,enrich@1.0,supervised,supervised,1.0,1.0,0.0
KKA2_KLEPN_Melnikov_2014,15,1,48,auroc@0.55,supervised,supervised,1.0,1.0,0.0
KKA2_KLEPN_Melnikov_2014,15,1,48,auroc@0.60,supervised,supervised,1.0,1.0,0.0
KKA2_KLEPN_Melnikov_2014,15,1,48,auroc@0.65,explore,supervised,0.48859934853420195,1.0,0.511400651465798
KKA2_KLEPN_Melnikov_2014,15,1,48,spearman@0.20,esm2_wtm,supervised,0.0,1.0,1.0
KKA2_KLEPN_Melnikov_2014,15,2,96,enrich@1.5,explore,supervised,0.48355263157894735,2.0,1.5164473684210527
KKA2_KLEPN_Melnikov_2014,15,2,96,enrich@1.0,explore,supervised,0.48355263157894735,2.0,1.5164473684210527
KKA2_KLEPN_Melnikov_2014,15,2,96,auroc@0.55,supervised,supervised,2.0,2.0,0.0
KKA2_KLEPN_Melnikov_2014,15,2,96,auroc@0.60,explore,supervised,0.48355263157894735,2.0,1.5164473684210527
KKA2_KLEPN_Melnikov_2014,15,2,96,auroc@0.65,explore,supervised,0.48355263157894735,2.0,1.5164473684210527
KKA2_KLEPN_Melnikov_2014,15,2,96,spearman@0.20,esm2_wtm,supervised,0.0,2.0,2.0
KKA2_KLEPN_Melnikov_2014,15,3,144,enrich@1.5,supervised,supervised,2.0,2.0,0.0
KKA2_KLEPN_Melnikov_2014,15,3,144,enrich@1.0,supervised,supervised,2.0,2.0,0.0
KKA2_KLEPN_Melnikov_2014,15,3,144,auroc@0.55,supervised,supervised,2.0,2.0,0.0
KKA2_KLEPN_Melnikov_2014,15,3,144,auroc@0.60,supervised,supervised,2.0,2.0,0.0
KKA2_KLEPN_Melnikov_2014,15,3,144,auroc@0.65,supervised,supervised,2.0,2.0,0.0
KKA2_KLEPN_Melnikov_2014,15,3,144,spearman@0.20,esm2_wtm,supervised,0.0,2.0,2.0
KKA2_KLEPN_Melnikov_2014,16,0,0,enrich@1.5,explore,explore,0.4838709677419355,0.4838709677419355,0.0
KKA2_KLEPN_Melnikov_2014,16,0,0,enrich@1.0,explore,explore,0.4838709677419355,0.4838709677419355,0.0
KKA2_KLEPN_Melnikov_2014,16,0,0,auroc@0.55,explore,explore,0.4838709677419355,0.4838709677419355,0.0
KKA2_KLEPN_Melnikov_2014,16,0,0,auroc@0.60,explore,explore,0.4838709677419355,0.4838709677419355,0.0
KKA2_KLEPN_Melnikov_2014,16,0,0,auroc@0.65,explore,explore,0.4838709677419355,0.4838709677419355,0.0
KKA2_KLEPN_Melnikov_2014,16,0,0,spearman@0.20,explore,explore,0.4838709677419355,0.4838709677419355,0.0
KKA2_KLEPN_Melnikov_2014,16,1,48,enrich@1.5,esm2_wtm,supervised,0.0,1.0,1.0
KKA2_KLEPN_Melnikov_2014,16,1,48,enrich@1.0,esm2_wtm,supervised,0.0,1.0,1.0
KKA2_KLEPN_Melnikov_2014,16,1,48,auroc@0.55,esm2_wtm,supervised,0.0,1.0,1.0
KKA2_KLEPN_Melnikov_2014,16,1,48,auroc@0.60,esm2_wtm,supervised,0.0,1.0,1.0
KKA2_KLEPN_Melnikov_2014,16,1,48,auroc@0.65,esm2_wtm,supervised,0.0,1.0,1.0
KKA2_KLEPN_Melnikov_2014,16,1,48,spearman@0.20,esm2_wtm,supervised,0.0,1.0,1.0
KKA2_KLEPN_Melnikov_2014,16,2,96,enrich@1.5,supervised,esm2_wtm,0.0,1.0,1.0
KKA2_KLEPN_Melnikov_2014,16,2,96,enrich@1.0,supervised,esm2_wtm,0.0,1.0,1.0
KKA2_KLEPN_Melnikov_2014,16,2,96,auroc@0.55,esm2_wtm,esm2_wtm,1.0,1.0,0.0
KKA2_KLEPN_Melnikov_2014,16,2,96,auroc@0.60,esm2_wtm,esm2_wtm,1.0,1.0,0.0
KKA2_KLEPN_Melnikov_2014,16,2,96,auroc@0.65,explore,esm2_wtm,0.47368421052631576,1.0,0.5263157894736843
KKA2_KLEPN_Melnikov_2014,16,2,96,spearman@0.20,esm2_wtm,esm2_wtm,1.0,1.0,0.0
KKA2_KLEPN_Melnikov_2014,16,3,144,enrich@1.5,esm2_wtm,supervised,1.0,3.0,2.0
KKA2_KLEPN_Melnikov_2014,16,3,144,enrich@1.0,esm2_wtm,supervised,1.0,3.0,2.0
KKA2_KLEPN_Melnikov_2014,16,3,144,auroc@0.55,esm2_wtm,supervised,1.0,3.0,2.0
KKA2_KLEPN_Melnikov_2014,16,3,144,auroc@0.60,esm2_wtm,supervised,1.0,3.0,2.0
KKA2_KLEPN_Melnikov_2014,16,3,144,auroc@0.65,esm2_wtm,supervised,1.0,3.0,2.0
KKA2_KLEPN_Melnikov_2014,16,3,144,spearman@0.20,esm2_wtm,supervised,1.0,3.0,2.0
KKA2_KLEPN_Melnikov_2014,17,0,0,enrich@1.5,explore,explore,0.4838709677419355,0.4838709677419355,0.0
KKA2_KLEPN_Melnikov_2014,17,0,0,enrich@1.0,explore,explore,0.4838709677419355,0.4838709677419355,0.0
KKA2_KLEPN_Melnikov_2014,17,0,0,auroc@0.55,explore,explore,0.4838709677419355,0.4838709677419355,0.0
KKA2_KLEPN_Melnikov_2014,17,0,0,auroc@0.60,explore,explore,0.4838709677419355,0.4838709677419355,0.0
KKA2_KLEPN_Melnikov_2014,17,0,0,auroc@0.65,explore,explore,0.4838709677419355,0.4838709677419355,0.0
KKA2_KLEPN_Melnikov_2014,17,0,0,spearman@0.20,explore,explore,0.4838709677419355,0.4838709677419355,0.0
KKA2_KLEPN_Melnikov_2014,17,1,48,enrich@1.5,supervised,supervised,1.0,1.0,0.0
KKA2_KLEPN_Melnikov_2014,17,1,48,enrich@1.0,supervised,supervised,1.0,1.0,0.0
KKA2_KLEPN_Melnikov_2014,17,1,48,auroc@0.55,supervised,supervised,1.0,1.0,0.0
KKA2_KLEPN_Melnikov_2014,17,1,48,auroc@0.60,explore,supervised,0.4788273615635179,1.0,0.5211726384364821
KKA2_KLEPN_Melnikov_2014,17,1,48,auroc@0.65,explore,supervised,0.4788273615635179,1.0,0.5211726384364821
KKA2_KLEPN_Melnikov_2014,17,1,48,spearman@0.20,esm2_wtm,supervised,0.0,1.0,1.0
KKA2_KLEPN_Melnikov_2014,17,2,96,enrich@1.5,explore,supervised,0.47368421052631576,1.0,0.5263157894736843
KKA2_KLEPN_Melnikov_2014,17,2,96,enrich@1.0,explore,supervised,0.47368421052631576,1.0,0.5263157894736843
KKA2_KLEPN_Melnikov_2014,17,2,96,auroc@0.55,supervised,supervised,1.0,1.0,0.0
KKA2_KLEPN_Melnikov_2014,17,2,96,auroc@0.60,supervised,supervised,1.0,1.0,0.0
KKA2_KLEPN_Melnikov_2014,17,2,96,auroc@0.65,explore,supervised,0.47368421052631576,1.0,0.5263157894736843
KKA2_KLEPN_Melnikov_2014,17,2,96,spearman@0.20,supervised,supervised,1.0,1.0,0.0
KKA2_KLEPN_Melnikov_2014,17,3,144,enrich@1.5,explore,supervised,0.4584717607973422,2.0,1.5415282392026577
KKA2_KLEPN_Melnikov_2014,17,3,144,enrich@1.0,supervised,supervised,2.0,2.0,0.0
KKA2_KLEPN_Melnikov_2014,17,3,144,auroc@0.55,supervised,supervised,2.0,2.0,0.0
KKA2_KLEPN_Melnikov_2014,17,3,144,auroc@0.60,supervised,supervised,2.0,2.0,0.0
KKA2_KLEPN_Melnikov_2014,17,3,144,auroc@0.65,supervised,supervised,2.0,2.0,0.0
KKA2_KLEPN_Melnikov_2014,17,3,144,spearman@0.20,esm2_wtm,supervised,0.0,2.0,2.0
KKA2_KLEPN_Melnikov_2014,18,0,0,enrich@1.5,explore,explore,0.4838709677419355,0.4838709677419355,0.0
KKA2_KLEPN_Melnikov_2014,18,0,0,enrich@1.0,explore,explore,0.4838709677419355,0.4838709677419355,0.0
KKA2_KLEPN_Melnikov_2014,18,0,0,auroc@0.55,explore,explore,0.4838709677419355,0.4838709677419355,0.0
KKA2_KLEPN_Melnikov_2014,18,0,0,auroc@0.60,explore,explore,0.4838709677419355,0.4838709677419355,0.0
KKA2_KLEPN_Melnikov_2014,18,0,0,auroc@0.65,explore,explore,0.4838709677419355,0.4838709677419355,0.0
KKA2_KLEPN_Melnikov_2014,18,0,0,spearman@0.20,explore,explore,0.4838709677419355,0.4838709677419355,0.0
KKA2_KLEPN_Melnikov_2014,18,1,48,enrich@1.5,supervised,supervised,1.0,1.0,0.0
KKA2_KLEPN_Melnikov_2014,18,1,48,enrich@1.0,supervised,supervised,1.0,1.0,0.0
KKA2_KLEPN_Melnikov_2014,18,1,48,auroc@0.55,esm2_wtm,supervised,0.0,1.0,1.0
KKA2_KLEPN_Melnikov_2014,18,1,48,auroc@0.60,esm2_wtm,supervised,0.0,1.0,1.0
KKA2_KLEPN_Melnikov_2014,18,1,48,auroc@0.65,esm2_wtm,supervised,0.0,1.0,1.0
KKA2_KLEPN_Melnikov_2014,18,1,48,spearman@0.20,esm2_wtm,supervised,0.0,1.0,1.0
KKA2_KLEPN_Melnikov_2014,18,2,96,enrich@1.5,supervised,supervised,1.0,1.0,0.0
KKA2_KLEPN_Melnikov_2014,18,2,96,enrich@1.0,supervised,supervised,1.0,1.0,0.0
KKA2_KLEPN_Melnikov_2014,18,2,96,auroc@0.55,supervised,supervised,1.0,1.0,0.0
KKA2_KLEPN_Melnikov_2014,18,2,96,auroc@0.60,supervised,supervised,1.0,1.0,0.0
KKA2_KLEPN_Melnikov_2014,18,2,96,auroc@0.65,supervised,supervised,1.0,1.0,0.0
KKA2_KLEPN_Melnikov_2014,18,2,96,spearman@0.20,esm2_wtm,supervised,0.0,1.0,1.0
KKA2_KLEPN_Melnikov_2014,18,3,144,enrich@1.5,explore,explore,0.4584717607973422,0.4584717607973422,0.0
KKA2_KLEPN_Melnikov_2014,18,3,144,enrich@1.0,explore,explore,0.4584717607973422,0.4584717607973422,0.0
KKA2_KLEPN_Melnikov_2014,18,3,144,auroc@0.55,supervised,explore,0.0,0.4584717607973422,0.4584717607973422
KKA2_KLEPN_Melnikov_2014,18,3,144,auroc@0.60,supervised,explore,0.0,0.4584717607973422,0.4584717607973422
KKA2_KLEPN_Melnikov_2014,18,3,144,auroc@0.65,supervised,explore,0.0,0.4584717607973422,0.4584717607973422
KKA2_KLEPN_Melnikov_2014,18,3,144,spearman@0.20,supervised,explore,0.0,0.4584717607973422,0.4584717607973422
KKA2_KLEPN_Melnikov_2014,19,0,0,enrich@1.5,explore,explore,0.4838709677419355,0.4838709677419355,0.0
KKA2_KLEPN_Melnikov_2014,19,0,0,enrich@1.0,explore,explore,0.4838709677419355,0.4838709677419355,0.0
KKA2_KLEPN_Melnikov_2014,19,0,0,auroc@0.55,explore,explore,0.4838709677419355,0.4838709677419355,0.0
KKA2_KLEPN_Melnikov_2014,19,0,0,auroc@0.60,explore,explore,0.4838709677419355,0.4838709677419355,0.0
KKA2_KLEPN_Melnikov_2014,19,0,0,auroc@0.65,explore,explore,0.4838709677419355,0.4838709677419355,0.0
KKA2_KLEPN_Melnikov_2014,19,0,0,spearman@0.20,explore,explore,0.4838709677419355,0.4838709677419355,0.0
KKA2_KLEPN_Melnikov_2014,19,1,48,enrich@1.5,explore,explore,0.48859934853420195,0.48859934853420195,0.0
KKA2_KLEPN_Melnikov_2014,19,1,48,enrich@1.0,explore,explore,0.48859934853420195,0.48859934853420195,0.0
KKA2_KLEPN_Melnikov_2014,19,1,48,auroc@0.55,esm2_wtm,explore,0.0,0.48859934853420195,0.48859934853420195
KKA2_KLEPN_Melnikov_2014,19,1,48,auroc@0.60,esm2_wtm,explore,0.0,0.48859934853420195,0.48859934853420195
KKA2_KLEPN_Melnikov_2014,19,1,48,auroc@0.65,esm2_wtm,explore,0.0,0.48859934853420195,0.48859934853420195
KKA2_KLEPN_Melnikov_2014,19,1,48,spearman@0.20,esm2_wtm,explore,0.0,0.48859934853420195,0.48859934853420195
KKA2_KLEPN_Melnikov_2014,19,2,96,enrich@1.5,explore,supervised,0.47368421052631576,1.0,0.5263157894736843
KKA2_KLEPN_Melnikov_2014,19,2,96,enrich@1.0,explore,supervised,0.47368421052631576,1.0,0.5263157894736843
KKA2_KLEPN_Melnikov_2014,19,2,96,auroc@0.55,supervised,supervised,1.0,1.0,0.0
KKA2_KLEPN_Melnikov_2014,19,2,96,auroc@0.60,supervised,supervised,1.0,1.0,0.0
KKA2_KLEPN_Melnikov_2014,19,2,96,auroc@0.65,supervised,supervised,1.0,1.0,0.0
KKA2_KLEPN_Melnikov_2014,19,2,96,spearman@0.20,esm2_wtm,supervised,0.0,1.0,1.0
KKA2_KLEPN_Melnikov_2014,19,3,144,enrich@1.5,explore,supervised,0.4684385382059801,1.0,0.5315614617940199
KKA2_KLEPN_Melnikov_2014,19,3,144,enrich@1.0,supervised,supervised,1.0,1.0,0.0
KKA2_KLEPN_Melnikov_2014,19,3,144,auroc@0.55,supervised,supervised,1.0,1.0,0.0
KKA2_KLEPN_Melnikov_2014,19,3,144,auroc@0.60,supervised,supervised,1.0,1.0,0.0
KKA2_KLEPN_Melnikov_2014,19,3,144,auroc@0.65,supervised,supervised,1.0,1.0,0.0
KKA2_KLEPN_Melnikov_2014,19,3,144,spearman@0.20,esm2_wtm,supervised,0.0,1.0,1.0
KKA2_KLEPN_Melnikov_2014,20,0,0,enrich@1.5,explore,explore,0.4838709677419355,0.4838709677419355,0.0
KKA2_KLEPN_Melnikov_2014,20,0,0,enrich@1.0,explore,explore,0.4838709677419355,0.4838709677419355,0.0
KKA2_KLEPN_Melnikov_2014,20,0,0,auroc@0.55,explore,explore,0.4838709677419355,0.4838709677419355,0.0
KKA2_KLEPN_Melnikov_2014,20,0,0,auroc@0.60,explore,explore,0.4838709677419355,0.4838709677419355,0.0
KKA2_KLEPN_Melnikov_2014,20,0,0,auroc@0.65,explore,explore,0.4838709677419355,0.4838709677419355,0.0
KKA2_KLEPN_Melnikov_2014,20,0,0,spearman@0.20,explore,explore,0.4838709677419355,0.4838709677419355,0.0
KKA2_KLEPN_Melnikov_2014,20,1,48,enrich@1.5,esm2_wtm,supervised,0.0,2.0,2.0
KKA2_KLEPN_Melnikov_2014,20,1,48,enrich@1.0,esm2_wtm,supervised,0.0,2.0,2.0
KKA2_KLEPN_Melnikov_2014,20,1,48,auroc@0.55,esm2_wtm,supervised,0.0,2.0,2.0
KKA2_KLEPN_Melnikov_2014,20,1,48,auroc@0.60,esm2_wtm,supervised,0.0,2.0,2.0
KKA2_KLEPN_Melnikov_2014,20,1,48,auroc@0.65,esm2_wtm,supervised,0.0,2.0,2.0
KKA2_KLEPN_Melnikov_2014,20,1,48,spearman@0.20,esm2_wtm,supervised,0.0,2.0,2.0
KKA2_KLEPN_Melnikov_2014,20,2,96,enrich@1.5,explore,supervised,0.48355263157894735,1.0,0.5164473684210527
KKA2_KLEPN_Melnikov_2014,20,2,96,enrich@1.0,explore,supervised,0.48355263157894735,1.0,0.5164473684210527
KKA2_KLEPN_Melnikov_2014,20,2,96,auroc@0.55,esm2_wtm,supervised,1.0,1.0,0.0
KKA2_KLEPN_Melnikov_2014,20,2,96,auroc@0.60,esm2_wtm,supervised,1.0,1.0,0.0
KKA2_KLEPN_Melnikov_2014,20,2,96,auroc@0.65,esm2_wtm,supervised,1.0,1.0,0.0
KKA2_KLEPN_Melnikov_2014,20,2,96,spearman@0.20,esm2_wtm,supervised,1.0,1.0,0.0
KKA2_KLEPN_Melnikov_2014,20,3,144,enrich@1.5,supervised,supervised,2.0,2.0,0.0
KKA2_KLEPN_Melnikov_2014,20,3,144,enrich@1.0,supervised,supervised,2.0,2.0,0.0
KKA2_KLEPN_Melnikov_2014,20,3,144,auroc@0.55,esm2_wtm,supervised,1.0,2.0,1.0
KKA2_KLEPN_Melnikov_2014,20,3,144,auroc@0.60,esm2_wtm,supervised,1.0,2.0,1.0
KKA2_KLEPN_Melnikov_2014,20,3,144,auroc@0.65,esm2_wtm,supervised,1.0,2.0,1.0
KKA2_KLEPN_Melnikov_2014,20,3,144,spearman@0.20,esm2_wtm,supervised,1.0,2.0,1.0
KKA2_KLEPN_Melnikov_2014,21,0,0,enrich@1.5,explore,explore,0.4838709677419355,0.4838709677419355,0.0
KKA2_KLEPN_Melnikov_2014,21,0,0,enrich@1.0,explore,explore,0.4838709677419355,0.4838709677419355,0.0
KKA2_KLEPN_Melnikov_2014,21,0,0,auroc@0.55,explore,explore,0.4838709677419355,0.4838709677419355,0.0
KKA2_KLEPN_Melnikov_2014,21,0,0,auroc@0.60,explore,explore,0.4838709677419355,0.4838709677419355,0.0
KKA2_KLEPN_Melnikov_2014,21,0,0,auroc@0.65,explore,explore,0.4838709677419355,0.4838709677419355,0.0
KKA2_KLEPN_Melnikov_2014,21,0,0,spearman@0.20,explore,explore,0.4838709677419355,0.4838709677419355,0.0
KKA2_KLEPN_Melnikov_2014,21,1,48,enrich@1.5,esm2_wtm,supervised,0.0,1.0,1.0
KKA2_KLEPN_Melnikov_2014,21,1,48,enrich@1.0,esm2_wtm,supervised,0.0,1.0,1.0
KKA2_KLEPN_Melnikov_2014,21,1,48,auroc@0.55,esm2_wtm,supervised,0.0,1.0,1.0
KKA2_KLEPN_Melnikov_2014,21,1,48,auroc@0.60,esm2_wtm,supervised,0.0,1.0,1.0
KKA2_KLEPN_Melnikov_2014,21,1,48,auroc@0.65,esm2_wtm,supervised,0.0,1.0,1.0
KKA2_KLEPN_Melnikov_2014,21,1,48,spearman@0.20,esm2_wtm,supervised,0.0,1.0,1.0
KKA2_KLEPN_Melnikov_2014,21,2,96,enrich@1.5,explore,supervised,0.4934210526315789,1.0,0.506578947368421
KKA2_KLEPN_Melnikov_2014,21,2,96,enrich@1.0,explore,supervised,0.4934210526315789,1.0,0.506578947368421
KKA2_KLEPN_Melnikov_2014,21,2,96,auroc@0.55,esm2_wtm,supervised,1.0,1.0,0.0
KKA2_KLEPN_Melnikov_2014,21,2,96,auroc@0.60,esm2_wtm,supervised,1.0,1.0,0.0
KKA2_KLEPN_Melnikov_2014,21,2,96,auroc@0.65,esm2_wtm,supervised,1.0,1.0,0.0
KKA2_KLEPN_Melnikov_2014,21,2,96,spearman@0.20,esm2_wtm,supervised,1.0,1.0,0.0
KKA2_KLEPN_Melnikov_2014,21,3,144,enrich@1.5,supervised,supervised,2.0,2.0,0.0
KKA2_KLEPN_Melnikov_2014,21,3,144,enrich@1.0,supervised,supervised,2.0,2.0,0.0
KKA2_KLEPN_Melnikov_2014,21,3,144,auroc@0.55,esm2_wtm,supervised,1.0,2.0,1.0
KKA2_KLEPN_Melnikov_2014,21,3,144,auroc@0.60,esm2_wtm,supervised,1.0,2.0,1.0
KKA2_KLEPN_Melnikov_2014,21,3,144,auroc@0.65,esm2_wtm,supervised,1.0,2.0,1.0
KKA2_KLEPN_Melnikov_2014,21,3,144,spearman@0.20,esm2_wtm,supervised,1.0,2.0,1.0
KKA2_KLEPN_Melnikov_2014,22,0,0,enrich@1.5,explore,explore,0.4838709677419355,0.4838709677419355,0.0
KKA2_KLEPN_Melnikov_2014,22,0,0,enrich@1.0,explore,explore,0.4838709677419355,0.4838709677419355,0.0
KKA2_KLEPN_Melnikov_2014,22,0,0,auroc@0.55,explore,explore,0.4838709677419355,0.4838709677419355,0.0
KKA2_KLEPN_Melnikov_2014,22,0,0,auroc@0.60,explore,explore,0.4838709677419355,0.4838709677419355,0.0
KKA2_KLEPN_Melnikov_2014,22,0,0,auroc@0.65,explore,explore,0.4838709677419355,0.4838709677419355,0.0
KKA2_KLEPN_Melnikov_2014,22,0,0,spearman@0.20,explore,explore,0.4838709677419355,0.4838709677419355,0.0
KKA2_KLEPN_Melnikov_2014,22,1,48,enrich@1.5,esm2_wtm,supervised,0.0,1.0,1.0
KKA2_KLEPN_Melnikov_2014,22,1,48,enrich@1.0,esm2_wtm,supervised,0.0,1.0,1.0
KKA2_KLEPN_Melnikov_2014,22,1,48,auroc@0.55,esm2_wtm,supervised,0.0,1.0,1.0
KKA2_KLEPN_Melnikov_2014,22,1,48,auroc@0.60,esm2_wtm,supervised,0.0,1.0,1.0
KKA2_KLEPN_Melnikov_2014,22,1,48,auroc@0.65,esm2_wtm,supervised,0.0,1.0,1.0
KKA2_KLEPN_Melnikov_2014,22,1,48,spearman@0.20,esm2_wtm,supervised,0.0,1.0,1.0
KKA2_KLEPN_Melnikov_2014,22,2,96,enrich@1.5,explore,supervised,0.48355263157894735,3.0,2.5164473684210527
KKA2_KLEPN_Melnikov_2014,22,2,96,enrich@1.0,explore,supervised,0.48355263157894735,3.0,2.5164473684210527
KKA2_KLEPN_Melnikov_2014,22,2,96,auroc@0.55,esm2_wtm,supervised,1.0,3.0,2.0
KKA2_KLEPN_Melnikov_2014,22,2,96,auroc@0.60,esm2_wtm,supervised,1.0,3.0,2.0
KKA2_KLEPN_Melnikov_2014,22,2,96,auroc@0.65,explore,supervised,0.48355263157894735,3.0,2.5164473684210527
KKA2_KLEPN_Melnikov_2014,22,2,96,spearman@0.20,esm2_wtm,supervised,1.0,3.0,2.0
KKA2_KLEPN_Melnikov_2014,22,3,144,enrich@1.5,esm2_wtm,supervised,1.0,2.0,1.0
KKA2_KLEPN_Melnikov_2014,22,3,144,enrich@1.0,esm2_wtm,supervised,1.0,2.0,1.0
KKA2_KLEPN_Melnikov_2014,22,3,144,auroc@0.55,esm2_wtm,supervised,1.0,2.0,1.0
KKA2_KLEPN_Melnikov_2014,22,3,144,auroc@0.60,esm2_wtm,supervised,1.0,2.0,1.0
KKA2_KLEPN_Melnikov_2014,22,3,144,auroc@0.65,esm2_wtm,supervised,1.0,2.0,1.0
KKA2_KLEPN_Melnikov_2014,22,3,144,spearman@0.20,esm2_wtm,supervised,1.0,2.0,1.0
KKA2_KLEPN_Melnikov_2014,23,0,0,enrich@1.5,explore,explore,0.4838709677419355,0.4838709677419355,0.0
KKA2_KLEPN_Melnikov_2014,23,0,0,enrich@1.0,explore,explore,0.4838709677419355,0.4838709677419355,0.0
KKA2_KLEPN_Melnikov_2014,23,0,0,auroc@0.55,explore,explore,0.4838709677419355,0.4838709677419355,0.0
KKA2_KLEPN_Melnikov_2014,23,0,0,auroc@0.60,explore,explore,0.4838709677419355,0.4838709677419355,0.0
KKA2_KLEPN_Melnikov_2014,23,0,0,auroc@0.65,explore,explore,0.4838709677419355,0.4838709677419355,0.0
KKA2_KLEPN_Melnikov_2014,23,0,0,spearman@0.20,explore,explore,0.4838709677419355,0.4838709677419355,0.0
KKA2_KLEPN_Melnikov_2014,23,1,48,enrich@1.5,supervised,supervised,1.0,1.0,0.0
KKA2_KLEPN_Melnikov_2014,23,1,48,enrich@1.0,supervised,supervised,1.0,1.0,0.0
KKA2_KLEPN_Melnikov_2014,23,1,48,auroc@0.55,esm2_wtm,supervised,0.0,1.0,1.0
KKA2_KLEPN_Melnikov_2014,23,1,48,auroc@0.60,esm2_wtm,supervised,0.0,1.0,1.0
KKA2_KLEPN_Melnikov_2014,23,1,48,auroc@0.65,explore,supervised,0.48859934853420195,1.0,0.511400651465798
KKA2_KLEPN_Melnikov_2014,23,1,48,spearman@0.20,esm2_wtm,supervised,0.0,1.0,1.0
KKA2_KLEPN_Melnikov_2014,23,2,96,enrich@1.5,supervised,supervised,1.0,1.0,0.0
KKA2_KLEPN_Melnikov_2014,23,2,96,enrich@1.0,supervised,supervised,1.0,1.0,0.0
KKA2_KLEPN_Melnikov_2014,23,2,96,auroc@0.55,supervised,supervised,1.0,1.0,0.0
KKA2_KLEPN_Melnikov_2014,23,2,96,auroc@0.60,supervised,supervised,1.0,1.0,0.0
KKA2_KLEPN_Melnikov_2014,23,2,96,auroc@0.65,supervised,supervised,1.0,1.0,0.0
KKA2_KLEPN_Melnikov_2014,23,2,96,spearman@0.20,supervised,supervised,1.0,1.0,0.0
KKA2_KLEPN_Melnikov_2014,23,3,144,enrich@1.5,explore,explore,0.47840531561461797,0.47840531561461797,0.0
KKA2_KLEPN_Melnikov_2014,23,3,144,enrich@1.0,supervised,explore,0.0,0.47840531561461797,0.47840531561461797
KKA2_KLEPN_Melnikov_2014,23,3,144,auroc@0.55,esm2_wtm,explore,0.0,0.47840531561461797,0.47840531561461797
KKA2_KLEPN_Melnikov_2014,23,3,144,auroc@0.60,esm2_wtm,explore,0.0,0.47840531561461797,0.47840531561461797
KKA2_KLEPN_Melnikov_2014,23,3,144,auroc@0.65,esm2_wtm,explore,0.0,0.47840531561461797,0.47840531561461797
KKA2_KLEPN_Melnikov_2014,23,3,144,spearman@0.20,esm2_wtm,explore,0.0,0.47840531561461797,0.47840531561461797
KKA2_KLEPN_Melnikov_2014,24,0,0,enrich@1.5,explore,explore,0.4838709677419355,0.4838709677419355,0.0
KKA2_KLEPN_Melnikov_2014,24,0,0,enrich@1.0,explore,explore,0.4838709677419355,0.4838709677419355,0.0
KKA2_KLEPN_Melnikov_2014,24,0,0,auroc@0.55,explore,explore,0.4838709677419355,0.4838709677419355,0.0
KKA2_KLEPN_Melnikov_2014,24,0,0,auroc@0.60,explore,explore,0.4838709677419355,0.4838709677419355,0.0
KKA2_KLEPN_Melnikov_2014,24,0,0,auroc@0.65,explore,explore,0.4838709677419355,0.4838709677419355,0.0
KKA2_KLEPN_Melnikov_2014,24,0,0,spearman@0.20,explore,explore,0.4838709677419355,0.4838709677419355,0.0
KKA2_KLEPN_Melnikov_2014,24,1,48,enrich@1.5,esm2_wtm,explore,0.0,0.4788273615635179,0.4788273615635179
KKA2_KLEPN_Melnikov_2014,24,1,48,enrich@1.0,esm2_wtm,explore,0.0,0.4788273615635179,0.4788273615635179
KKA2_KLEPN_Melnikov_2014,24,1,48,auroc@0.55,esm2_wtm,explore,0.0,0.4788273615635179,0.4788273615635179
KKA2_KLEPN_Melnikov_2014,24,1,48,auroc@0.60,esm2_wtm,explore,0.0,0.4788273615635179,0.4788273615635179
KKA2_KLEPN_Melnikov_2014,24,1,48,auroc@0.65,esm2_wtm,explore,0.0,0.4788273615635179,0.4788273615635179
KKA2_KLEPN_Melnikov_2014,24,1,48,spearman@0.20,esm2_wtm,explore,0.0,0.4788273615635179,0.4788273615635179
KKA2_KLEPN_Melnikov_2014,24,2,96,enrich@1.5,explore,supervised,0.48355263157894735,1.0,0.5164473684210527
KKA2_KLEPN_Melnikov_2014,24,2,96,enrich@1.0,explore,supervised,0.48355263157894735,1.0,0.5164473684210527
KKA2_KLEPN_Melnikov_2014,24,2,96,auroc@0.55,esm2_wtm,supervised,1.0,1.0,0.0
KKA2_KLEPN_Melnikov_2014,24,2,96,auroc@0.60,esm2_wtm,supervised,1.0,1.0,0.0
KKA2_KLEPN_Melnikov_2014,24,2,96,auroc@0.65,explore,supervised,0.48355263157894735,1.0,0.5164473684210527
KKA2_KLEPN_Melnikov_2014,24,2,96,spearman@0.20,esm2_wtm,supervised,1.0,1.0,0.0
KKA2_KLEPN_Melnikov_2014,24,3,144,enrich@1.5,esm2_wtm,supervised,1.0,1.0,0.0
KKA2_KLEPN_Melnikov_2014,24,3,144,enrich@1.0,esm2_wtm,supervised,1.0,1.0,0.0
KKA2_KLEPN_Melnikov_2014,24,3,144,auroc@0.55,esm2_wtm,supervised,1.0,1.0,0.0
KKA2_KLEPN_Melnikov_2014,24,3,144,auroc@0.60,esm2_wtm,supervised,1.0,1.0,0.0
KKA2_KLEPN_Melnikov_2014,24,3,144,auroc@0.65,esm2_wtm,supervised,1.0,1.0,0.0
KKA2_KLEPN_Melnikov_2014,24,3,144,spearman@0.20,esm2_wtm,supervised,1.0,1.0,0.0
KKA2_KLEPN_Melnikov_2014,25,0,0,enrich@1.5,explore,explore,0.4838709677419355,0.4838709677419355,0.0
KKA2_KLEPN_Melnikov_2014,25,0,0,enrich@1.0,explore,explore,0.4838709677419355,0.4838709677419355,0.0
KKA2_KLEPN_Melnikov_2014,25,0,0,auroc@0.55,explore,explore,0.4838709677419355,0.4838709677419355,0.0
KKA2_KLEPN_Melnikov_2014,25,0,0,auroc@0.60,explore,explore,0.4838709677419355,0.4838709677419355,0.0
KKA2_KLEPN_Melnikov_2014,25,0,0,auroc@0.65,explore,explore,0.4838709677419355,0.4838709677419355,0.0
KKA2_KLEPN_Melnikov_2014,25,0,0,spearman@0.20,explore,explore,0.4838709677419355,0.4838709677419355,0.0
KKA2_KLEPN_Melnikov_2014,25,1,48,enrich@1.5,supervised,explore,0.0,0.48859934853420195,0.48859934853420195
KKA2_KLEPN_Melnikov_2014,25,1,48,enrich@1.0,supervised,explore,0.0,0.48859934853420195,0.48859934853420195
KKA2_KLEPN_Melnikov_2014,25,1,48,auroc@0.55,esm2_wtm,explore,0.0,0.48859934853420195,0.48859934853420195
KKA2_KLEPN_Melnikov_2014,25,1,48,auroc@0.60,esm2_wtm,explore,0.0,0.48859934853420195,0.48859934853420195
KKA2_KLEPN_Melnikov_2014,25,1,48,auroc@0.65,esm2_wtm,explore,0.0,0.48859934853420195,0.48859934853420195
KKA2_KLEPN_Melnikov_2014,25,1,48,spearman@0.20,esm2_wtm,explore,0.0,0.48859934853420195,0.48859934853420195
KKA2_KLEPN_Melnikov_2014,25,2,96,enrich@1.5,supervised,explore,0.0,0.4934210526315789,0.4934210526315789
KKA2_KLEPN_Melnikov_2014,25,2,96,enrich@1.0,supervised,explore,0.0,0.4934210526315789,0.4934210526315789
KKA2_KLEPN_Melnikov_2014,25,2,96,auroc@0.55,esm2_wtm,explore,0.0,0.4934210526315789,0.4934210526315789
KKA2_KLEPN_Melnikov_2014,25,2,96,auroc@0.60,esm2_wtm,explore,0.0,0.4934210526315789,0.4934210526315789
KKA2_KLEPN_Melnikov_2014,25,2,96,auroc@0.65,esm2_wtm,explore,0.0,0.4934210526315789,0.4934210526315789
KKA2_KLEPN_Melnikov_2014,25,2,96,spearman@0.20,esm2_wtm,explore,0.0,0.4934210526315789,0.4934210526315789
KKA2_KLEPN_Melnikov_2014,25,3,144,enrich@1.5,esm2_wtm,supervised,0.0,1.0,1.0
KKA2_KLEPN_Melnikov_2014,25,3,144,enrich@1.0,esm2_wtm,supervised,0.0,1.0,1.0
KKA2_KLEPN_Melnikov_2014,25,3,144,auroc@0.55,esm2_wtm,supervised,0.0,1.0,1.0
KKA2_KLEPN_Melnikov_2014,25,3,144,auroc@0.60,esm2_wtm,supervised,0.0,1.0,1.0
KKA2_KLEPN_Melnikov_2014,25,3,144,auroc@0.65,esm2_wtm,supervised,0.0,1.0,1.0
KKA2_KLEPN_Melnikov_2014,25,3,144,spearman@0.20,esm2_wtm,supervised,0.0,1.0,1.0
KKA2_KLEPN_Melnikov_2014,26,0,0,enrich@1.5,explore,explore,0.4838709677419355,0.4838709677419355,0.0
KKA2_KLEPN_Melnikov_2014,26,0,0,enrich@1.0,explore,explore,0.4838709677419355,0.4838709677419355,0.0
KKA2_KLEPN_Melnikov_2014,26,0,0,auroc@0.55,explore,explore,0.4838709677419355,0.4838709677419355,0.0
KKA2_KLEPN_Melnikov_2014,26,0,0,auroc@0.60,explore,explore,0.4838709677419355,0.4838709677419355,0.0
KKA2_KLEPN_Melnikov_2014,26,0,0,auroc@0.65,explore,explore,0.4838709677419355,0.4838709677419355,0.0
KKA2_KLEPN_Melnikov_2014,26,0,0,spearman@0.20,explore,explore,0.4838709677419355,0.4838709677419355,0.0
KKA2_KLEPN_Melnikov_2014,26,1,48,enrich@1.5,explore,supervised,0.48859934853420195,2.0,1.511400651465798
KKA2_KLEPN_Melnikov_2014,26,1,48,enrich@1.0,explore,supervised,0.48859934853420195,2.0,1.511400651465798
KKA2_KLEPN_Melnikov_2014,26,1,48,auroc@0.55,esm2_wtm,supervised,0.0,2.0,2.0
KKA2_KLEPN_Melnikov_2014,26,1,48,auroc@0.60,esm2_wtm,supervised,0.0,2.0,2.0
KKA2_KLEPN_Melnikov_2014,26,1,48,auroc@0.65,esm2_wtm,supervised,0.0,2.0,2.0
KKA2_KLEPN_Melnikov_2014,26,1,48,spearman@0.20,esm2_wtm,supervised,0.0,2.0,2.0
KKA2_KLEPN_Melnikov_2014,26,2,96,enrich@1.5,esm2_wtm,supervised,0.0,1.0,1.0
KKA2_KLEPN_Melnikov_2014,26,2,96,enrich@1.0,esm2_wtm,supervised,0.0,1.0,1.0
KKA2_KLEPN_Melnikov_2014,26,2,96,auroc@0.55,esm2_wtm,supervised,0.0,1.0,1.0
KKA2_KLEPN_Melnikov_2014,26,2,96,auroc@0.60,esm2_wtm,supervised,0.0,1.0,1.0
KKA2_KLEPN_Melnikov_2014,26,2,96,auroc@0.65,esm2_wtm,supervised,0.0,1.0,1.0
KKA2_KLEPN_Melnikov_2014,26,2,96,spearman@0.20,esm2_wtm,supervised,0.0,1.0,1.0
KKA2_KLEPN_Melnikov_2014,26,3,144,enrich@1.5,esm2_wtm,supervised,1.0,1.0,0.0
KKA2_KLEPN_Melnikov_2014,26,3,144,enrich@1.0,esm2_wtm,supervised,1.0,1.0,0.0
KKA2_KLEPN_Melnikov_2014,26,3,144,auroc@0.55,esm2_wtm,supervised,1.0,1.0,0.0
KKA2_KLEPN_Melnikov_2014,26,3,144,auroc@0.60,esm2_wtm,supervised,1.0,1.0,0.0
KKA2_KLEPN_Melnikov_2014,26,3,144,auroc@0.65,esm2_wtm,supervised,1.0,1.0,0.0
KKA2_KLEPN_Melnikov_2014,26,3,144,spearman@0.20,esm2_wtm,supervised,1.0,1.0,0.0
KKA2_KLEPN_Melnikov_2014,27,0,0,enrich@1.5,explore,explore,0.4838709677419355,0.4838709677419355,0.0
KKA2_KLEPN_Melnikov_2014,27,0,0,enrich@1.0,explore,explore,0.4838709677419355,0.4838709677419355,0.0
KKA2_KLEPN_Melnikov_2014,27,0,0,auroc@0.55,explore,explore,0.4838709677419355,0.4838709677419355,0.0
KKA2_KLEPN_Melnikov_2014,27,0,0,auroc@0.60,explore,explore,0.4838709677419355,0.4838709677419355,0.0
KKA2_KLEPN_Melnikov_2014,27,0,0,auroc@0.65,explore,explore,0.4838709677419355,0.4838709677419355,0.0
KKA2_KLEPN_Melnikov_2014,27,0,0,spearman@0.20,explore,explore,0.4838709677419355,0.4838709677419355,0.0
KKA2_KLEPN_Melnikov_2014,27,1,48,enrich@1.5,explore,explore,0.4788273615635179,0.4788273615635179,0.0
KKA2_KLEPN_Melnikov_2014,27,1,48,enrich@1.0,explore,explore,0.4788273615635179,0.4788273615635179,0.0
KKA2_KLEPN_Melnikov_2014,27,1,48,auroc@0.55,esm2_wtm,explore,0.0,0.4788273615635179,0.4788273615635179
KKA2_KLEPN_Melnikov_2014,27,1,48,auroc@0.60,esm2_wtm,explore,0.0,0.4788273615635179,0.4788273615635179
KKA2_KLEPN_Melnikov_2014,27,1,48,auroc@0.65,explore,explore,0.4788273615635179,0.4788273615635179,0.0
KKA2_KLEPN_Melnikov_2014,27,1,48,spearman@0.20,esm2_wtm,explore,0.0,0.4788273615635179,0.4788273615635179
KKA2_KLEPN_Melnikov_2014,27,2,96,enrich@1.5,supervised,explore,0.0,0.48355263157894735,0.48355263157894735
KKA2_KLEPN_Melnikov_2014,27,2,96,enrich@1.0,supervised,explore,0.0,0.48355263157894735,0.48355263157894735
KKA2_KLEPN_Melnikov_2014,27,2,96,auroc@0.55,esm2_wtm,explore,0.0,0.48355263157894735,0.48355263157894735
KKA2_KLEPN_Melnikov_2014,27,2,96,auroc@0.60,esm2_wtm,explore,0.0,0.48355263157894735,0.48355263157894735
KKA2_KLEPN_Melnikov_2014,27,2,96,auroc@0.65,esm2_wtm,explore,0.0,0.48355263157894735,0.48355263157894735
KKA2_KLEPN_Melnikov_2014,27,2,96,spearman@0.20,esm2_wtm,explore,0.0,0.48355263157894735,0.48355263157894735
KKA2_KLEPN_Melnikov_2014,27,3,144,enrich@1.5,explore,supervised,0.4883720930232558,3.0,2.511627906976744
KKA2_KLEPN_Melnikov_2014,27,3,144,enrich@1.0,supervised,supervised,3.0,3.0,0.0
KKA2_KLEPN_Melnikov_2014,27,3,144,auroc@0.55,esm2_wtm,supervised,0.0,3.0,3.0
KKA2_KLEPN_Melnikov_2014,27,3,144,auroc@0.60,esm2_wtm,supervised,0.0,3.0,3.0
KKA2_KLEPN_Melnikov_2014,27,3,144,auroc@0.65,explore,supervised,0.4883720930232558,3.0,2.511627906976744
KKA2_KLEPN_Melnikov_2014,27,3,144,spearman@0.20,esm2_wtm,supervised,0.0,3.0,3.0
KKA2_KLEPN_Melnikov_2014,28,0,0,enrich@1.5,explore,explore,0.4838709677419355,0.4838709677419355,0.0
KKA2_KLEPN_Melnikov_2014,28,0,0,enrich@1.0,explore,explore,0.4838709677419355,0.4838709677419355,0.0
KKA2_KLEPN_Melnikov_2014,28,0,0,auroc@0.55,explore,explore,0.4838709677419355,0.4838709677419355,0.0
KKA2_KLEPN_Melnikov_2014,28,0,0,auroc@0.60,explore,explore,0.4838709677419355,0.4838709677419355,0.0
KKA2_KLEPN_Melnikov_2014,28,0,0,auroc@0.65,explore,explore,0.4838709677419355,0.4838709677419355,0.0
KKA2_KLEPN_Melnikov_2014,28,0,0,spearman@0.20,explore,explore,0.4838709677419355,0.4838709677419355,0.0
KKA2_KLEPN_Melnikov_2014,28,1,48,enrich@1.5,esm2_wtm,explore,0.0,0.46905537459283386,0.46905537459283386
KKA2_KLEPN_Melnikov_2014,28,1,48,enrich@1.0,esm2_wtm,explore,0.0,0.46905537459283386,0.46905537459283386
KKA2_KLEPN_Melnikov_2014,28,1,48,auroc@0.55,esm2_wtm,explore,0.0,0.46905537459283386,0.46905537459283386
KKA2_KLEPN_Melnikov_2014,28,1,48,auroc@0.60,esm2_wtm,explore,0.0,0.46905537459283386,0.46905537459283386
KKA2_KLEPN_Melnikov_2014,28,1,48,auroc@0.65,esm2_wtm,explore,0.0,0.46905537459283386,0.46905537459283386
KKA2_KLEPN_Melnikov_2014,28,1,48,spearman@0.20,esm2_wtm,explore,0.0,0.46905537459283386,0.46905537459283386
KKA2_KLEPN_Melnikov_2014,28,2,96,enrich@1.5,explore,supervised,0.47368421052631576,1.0,0.5263157894736843
KKA2_KLEPN_Melnikov_2014,28,2,96,enrich@1.0,explore,supervised,0.47368421052631576,1.0,0.5263157894736843
KKA2_KLEPN_Melnikov_2014,28,2,96,auroc@0.55,esm2_wtm,supervised,1.0,1.0,0.0
KKA2_KLEPN_Melnikov_2014,28,2,96,auroc@0.60,explore,supervised,0.47368421052631576,1.0,0.5263157894736843
KKA2_KLEPN_Melnikov_2014,28,2,96,auroc@0.65,explore,supervised,0.47368421052631576,1.0,0.5263157894736843
KKA2_KLEPN_Melnikov_2014,28,2,96,spearman@0.20,esm2_wtm,supervised,1.0,1.0,0.0
KKA2_KLEPN_Melnikov_2014,28,3,144,enrich@1.5,esm2_wtm,supervised,1.0,1.0,0.0
KKA2_KLEPN_Melnikov_2014,28,3,144,enrich@1.0,esm2_wtm,supervised,1.0,1.0,0.0
KKA2_KLEPN_Melnikov_2014,28,3,144,auroc@0.55,esm2_wtm,supervised,1.0,1.0,0.0
KKA2_KLEPN_Melnikov_2014,28,3,144,auroc@0.60,esm2_wtm,supervised,1.0,1.0,0.0
KKA2_KLEPN_Melnikov_2014,28,3,144,auroc@0.65,esm2_wtm,supervised,1.0,1.0,0.0
KKA2_KLEPN_Melnikov_2014,28,3,144,spearman@0.20,esm2_wtm,supervised,1.0,1.0,0.0
KKA2_KLEPN_Melnikov_2014,29,0,0,enrich@1.5,explore,explore,0.4838709677419355,0.4838709677419355,0.0
KKA2_KLEPN_Melnikov_2014,29,0,0,enrich@1.0,explore,explore,0.4838709677419355,0.4838709677419355,0.0
KKA2_KLEPN_Melnikov_2014,29,0,0,auroc@0.55,explore,explore,0.4838709677419355,0.4838709677419355,0.0
KKA2_KLEPN_Melnikov_2014,29,0,0,auroc@0.60,explore,explore,0.4838709677419355,0.4838709677419355,0.0
KKA2_KLEPN_Melnikov_2014,29,0,0,auroc@0.65,explore,explore,0.4838709677419355,0.4838709677419355,0.0
KKA2_KLEPN_Melnikov_2014,29,0,0,spearman@0.20,explore,explore,0.4838709677419355,0.4838709677419355,0.0
KKA2_KLEPN_Melnikov_2014,29,1,48,enrich@1.5,explore,supervised,0.4788273615635179,3.0,2.5211726384364823
KKA2_KLEPN_Melnikov_2014,29,1,48,enrich@1.0,explore,supervised,0.4788273615635179,3.0,2.5211726384364823
KKA2_KLEPN_Melnikov_2014,29,1,48,auroc@0.55,supervised,supervised,3.0,3.0,0.0
KKA2_KLEPN_Melnikov_2014,29,1,48,auroc@0.60,supervised,supervised,3.0,3.0,0.0
KKA2_KLEPN_Melnikov_2014,29,1,48,auroc@0.65,explore,supervised,0.4788273615635179,3.0,2.5211726384364823
KKA2_KLEPN_Melnikov_2014,29,1,48,spearman@0.20,esm2_wtm,supervised,0.0,3.0,3.0
KKA2_KLEPN_Melnikov_2014,29,2,96,enrich@1.5,explore,supervised,0.48355263157894735,3.0,2.5164473684210527
KKA2_KLEPN_Melnikov_2014,29,2,96,enrich@1.0,explore,supervised,0.48355263157894735,3.0,2.5164473684210527
KKA2_KLEPN_Melnikov_2014,29,2,96,auroc@0.55,esm2_wtm,supervised,0.0,3.0,3.0
KKA2_KLEPN_Melnikov_2014,29,2,96,auroc@0.60,esm2_wtm,supervised,0.0,3.0,3.0
KKA2_KLEPN_Melnikov_2014,29,2,96,auroc@0.65,esm2_wtm,supervised,0.0,3.0,3.0
KKA2_KLEPN_Melnikov_2014,29,2,96,spearman@0.20,esm2_wtm,supervised,0.0,3.0,3.0
KKA2_KLEPN_Melnikov_2014,29,3,144,enrich@1.5,esm2_wtm,supervised,0.0,4.0,4.0
KKA2_KLEPN_Melnikov_2014,29,3,144,enrich@1.0,esm2_wtm,supervised,0.0,4.0,4.0
KKA2_KLEPN_Melnikov_2014,29,3,144,auroc@0.55,esm2_wtm,supervised,0.0,4.0,4.0
KKA2_KLEPN_Melnikov_2014,29,3,144,auroc@0.60,esm2_wtm,supervised,0.0,4.0,4.0
KKA2_KLEPN_Melnikov_2014,29,3,144,auroc@0.65,esm2_wtm,supervised,0.0,4.0,4.0
KKA2_KLEPN_Melnikov_2014,29,3,144,spearman@0.20,esm2_wtm,supervised,0.0,4.0,4.0
KKA2_KLEPN_Melnikov_2014,30,0,0,enrich@1.5,explore,explore,0.4838709677419355,0.4838709677419355,0.0
KKA2_KLEPN_Melnikov_2014,30,0,0,enrich@1.0,explore,explore,0.4838709677419355,0.4838709677419355,0.0
KKA2_KLEPN_Melnikov_2014,30,0,0,auroc@0.55,explore,explore,0.4838709677419355,0.4838709677419355,0.0
KKA2_KLEPN_Melnikov_2014,30,0,0,auroc@0.60,explore,explore,0.4838709677419355,0.4838709677419355,0.0
KKA2_KLEPN_Melnikov_2014,30,0,0,auroc@0.65,explore,explore,0.4838709677419355,0.4838709677419355,0.0
KKA2_KLEPN_Melnikov_2014,30,0,0,spearman@0.20,explore,explore,0.4838709677419355,0.4838709677419355,0.0
KKA2_KLEPN_Melnikov_2014,30,1,48,enrich@1.5,esm2_wtm,explore,0.0,0.48859934853420195,0.48859934853420195
KKA2_KLEPN_Melnikov_2014,30,1,48,enrich@1.0,esm2_wtm,explore,0.0,0.48859934853420195,0.48859934853420195
KKA2_KLEPN_Melnikov_2014,30,1,48,auroc@0.55,esm2_wtm,explore,0.0,0.48859934853420195,0.48859934853420195
KKA2_KLEPN_Melnikov_2014,30,1,48,auroc@0.60,esm2_wtm,explore,0.0,0.48859934853420195,0.48859934853420195
KKA2_KLEPN_Melnikov_2014,30,1,48,auroc@0.65,esm2_wtm,explore,0.0,0.48859934853420195,0.48859934853420195
KKA2_KLEPN_Melnikov_2014,30,1,48,spearman@0.20,esm2_wtm,explore,0.0,0.48859934853420195,0.48859934853420195
KKA2_KLEPN_Melnikov_2014,30,2,96,enrich@1.5,explore,supervised,0.4934210526315789,2.0,1.506578947368421
KKA2_KLEPN_Melnikov_2014,30,2,96,enrich@1.0,explore,supervised,0.4934210526315789,2.0,1.506578947368421
KKA2_KLEPN_Melnikov_2014,30,2,96,auroc@0.55,esm2_wtm,supervised,1.0,2.0,1.0
KKA2_KLEPN_Melnikov_2014,30,2,96,auroc@0.60,explore,supervised,0.4934210526315789,2.0,1.506578947368421
KKA2_KLEPN_Melnikov_2014,30,2,96,auroc@0.65,explore,supervised,0.4934210526315789,2.0,1.506578947368421
KKA2_KLEPN_Melnikov_2014,30,2,96,spearman@0.20,esm2_wtm,supervised,1.0,2.0,1.0
KKA2_KLEPN_Melnikov_2014,30,3,144,enrich@1.5,explore,supervised,0.4883720930232558,1.0,0.5116279069767442
KKA2_KLEPN_Melnikov_2014,30,3,144,enrich@1.0,esm2_wtm,supervised,1.0,1.0,0.0
KKA2_KLEPN_Melnikov_2014,30,3,144,auroc@0.55,esm2_wtm,supervised,1.0,1.0,0.0
KKA2_KLEPN_Melnikov_2014,30,3,144,auroc@0.60,esm2_wtm,supervised,1.0,1.0,0.0
KKA2_KLEPN_Melnikov_2014,30,3,144,auroc@0.65,explore,supervised,0.4883720930232558,1.0,0.5116279069767442
KKA2_KLEPN_Melnikov_2014,30,3,144,spearman@0.20,esm2_wtm,supervised,1.0,1.0,0.0
KKA2_KLEPN_Melnikov_2014,31,0,0,enrich@1.5,explore,explore,0.4838709677419355,0.4838709677419355,0.0
KKA2_KLEPN_Melnikov_2014,31,0,0,enrich@1.0,explore,explore,0.4838709677419355,0.4838709677419355,0.0
KKA2_KLEPN_Melnikov_2014,31,0,0,auroc@0.55,explore,explore,0.4838709677419355,0.4838709677419355,0.0
KKA2_KLEPN_Melnikov_2014,31,0,0,auroc@0.60,explore,explore,0.4838709677419355,0.4838709677419355,0.0
KKA2_KLEPN_Melnikov_2014,31,0,0,auroc@0.65,explore,explore,0.4838709677419355,0.4838709677419355,0.0
KKA2_KLEPN_Melnikov_2014,31,0,0,spearman@0.20,explore,explore,0.4838709677419355,0.4838709677419355,0.0
KKA2_KLEPN_Melnikov_2014,31,1,48,enrich@1.5,esm2_wtm,supervised,0.0,2.0,2.0
KKA2_KLEPN_Melnikov_2014,31,1,48,enrich@1.0,esm2_wtm,supervised,0.0,2.0,2.0
KKA2_KLEPN_Melnikov_2014,31,1,48,auroc@0.55,esm2_wtm,supervised,0.0,2.0,2.0
KKA2_KLEPN_Melnikov_2014,31,1,48,auroc@0.60,esm2_wtm,supervised,0.0,2.0,2.0
KKA2_KLEPN_Melnikov_2014,31,1,48,auroc@0.65,esm2_wtm,supervised,0.0,2.0,2.0
KKA2_KLEPN_Melnikov_2014,31,1,48,spearman@0.20,esm2_wtm,supervised,0.0,2.0,2.0
KKA2_KLEPN_Melnikov_2014,31,2,96,enrich@1.5,explore,supervised,0.48355263157894735,1.0,0.5164473684210527
KKA2_KLEPN_Melnikov_2014,31,2,96,enrich@1.0,explore,supervised,0.48355263157894735,1.0,0.5164473684210527
KKA2_KLEPN_Melnikov_2014,31,2,96,auroc@0.55,esm2_wtm,supervised,1.0,1.0,0.0
KKA2_KLEPN_Melnikov_2014,31,2,96,auroc@0.60,esm2_wtm,supervised,1.0,1.0,0.0
KKA2_KLEPN_Melnikov_2014,31,2,96,auroc@0.65,esm2_wtm,supervised,1.0,1.0,0.0
KKA2_KLEPN_Melnikov_2014,31,2,96,spearman@0.20,esm2_wtm,supervised,1.0,1.0,0.0
KKA2_KLEPN_Melnikov_2014,31,3,144,enrich@1.5,esm2_wtm,supervised,1.0,2.0,1.0
KKA2_KLEPN_Melnikov_2014,31,3,144,enrich@1.0,esm2_wtm,supervised,1.0,2.0,1.0
KKA2_KLEPN_Melnikov_2014,31,3,144,auroc@0.55,esm2_wtm,supervised,1.0,2.0,1.0
KKA2_KLEPN_Melnikov_2014,31,3,144,auroc@0.60,esm2_wtm,supervised,1.0,2.0,1.0
KKA2_KLEPN_Melnikov_2014,31,3,144,auroc@0.65,esm2_wtm,supervised,1.0,2.0,1.0
KKA2_KLEPN_Melnikov_2014,31,3,144,spearman@0.20,esm2_wtm,supervised,1.0,2.0,1.0
KKA2_KLEPN_Melnikov_2014,32,0,0,enrich@1.5,explore,explore,0.4838709677419355,0.4838709677419355,0.0
KKA2_KLEPN_Melnikov_2014,32,0,0,enrich@1.0,explore,explore,0.4838709677419355,0.4838709677419355,0.0
KKA2_KLEPN_Melnikov_2014,32,0,0,auroc@0.55,explore,explore,0.4838709677419355,0.4838709677419355,0.0
KKA2_KLEPN_Melnikov_2014,32,0,0,auroc@0.60,explore,explore,0.4838709677419355,0.4838709677419355,0.0
KKA2_KLEPN_Melnikov_2014,32,0,0,auroc@0.65,explore,explore,0.4838709677419355,0.4838709677419355,0.0
KKA2_KLEPN_Melnikov_2014,32,0,0,spearman@0.20,explore,explore,0.4838709677419355,0.4838709677419355,0.0
KKA2_KLEPN_Melnikov_2014,32,1,48,enrich@1.5,esm2_wtm,supervised,0.0,1.0,1.0
KKA2_KLEPN_Melnikov_2014,32,1,48,enrich@1.0,esm2_wtm,supervised,0.0,1.0,1.0
KKA2_KLEPN_Melnikov_2014,32,1,48,auroc@0.55,esm2_wtm,supervised,0.0,1.0,1.0
KKA2_KLEPN_Melnikov_2014,32,1,48,auroc@0.60,esm2_wtm,supervised,0.0,1.0,1.0
KKA2_KLEPN_Melnikov_2014,32,1,48,auroc@0.65,esm2_wtm,supervised,0.0,1.0,1.0
KKA2_KLEPN_Melnikov_2014,32,1,48,spearman@0.20,esm2_wtm,supervised,0.0,1.0,1.0
KKA2_KLEPN_Melnikov_2014,32,2,96,enrich@1.5,explore,supervised,0.48355263157894735,1.0,0.5164473684210527
KKA2_KLEPN_Melnikov_2014,32,2,96,enrich@1.0,explore,supervised,0.48355263157894735,1.0,0.5164473684210527
KKA2_KLEPN_Melnikov_2014,32,2,96,auroc@0.55,esm2_wtm,supervised,1.0,1.0,0.0
KKA2_KLEPN_Melnikov_2014,32,2,96,auroc@0.60,esm2_wtm,supervised,1.0,1.0,0.0
KKA2_KLEPN_Melnikov_2014,32,2,96,auroc@0.65,esm2_wtm,supervised,1.0,1.0,0.0
KKA2_KLEPN_Melnikov_2014,32,2,96,spearman@0.20,esm2_wtm,supervised,1.0,1.0,0.0
KKA2_KLEPN_Melnikov_2014,32,3,144,enrich@1.5,supervised,supervised,1.0,1.0,0.0
KKA2_KLEPN_Melnikov_2014,32,3,144,enrich@1.0,supervised,supervised,1.0,1.0,0.0
KKA2_KLEPN_Melnikov_2014,32,3,144,auroc@0.55,esm2_wtm,supervised,1.0,1.0,0.0
KKA2_KLEPN_Melnikov_2014,32,3,144,auroc@0.60,esm2_wtm,supervised,1.0,1.0,0.0
KKA2_KLEPN_Melnikov_2014,32,3,144,auroc@0.65,esm2_wtm,supervised,1.0,1.0,0.0
KKA2_KLEPN_Melnikov_2014,32,3,144,spearman@0.20,esm2_wtm,supervised,1.0,1.0,0.0
KKA2_KLEPN_Melnikov_2014,33,0,0,enrich@1.5,explore,explore,0.4838709677419355,0.4838709677419355,0.0
KKA2_KLEPN_Melnikov_2014,33,0,0,enrich@1.0,explore,explore,0.4838709677419355,0.4838709677419355,0.0
KKA2_KLEPN_Melnikov_2014,33,0,0,auroc@0.55,explore,explore,0.4838709677419355,0.4838709677419355,0.0
KKA2_KLEPN_Melnikov_2014,33,0,0,auroc@0.60,explore,explore,0.4838709677419355,0.4838709677419355,0.0
KKA2_KLEPN_Melnikov_2014,33,0,0,auroc@0.65,explore,explore,0.4838709677419355,0.4838709677419355,0.0
KKA2_KLEPN_Melnikov_2014,33,0,0,spearman@0.20,explore,explore,0.4838709677419355,0.4838709677419355,0.0
KKA2_KLEPN_Melnikov_2014,33,1,48,enrich@1.5,supervised,supervised,1.0,1.0,0.0
KKA2_KLEPN_Melnikov_2014,33,1,48,enrich@1.0,supervised,supervised,1.0,1.0,0.0
KKA2_KLEPN_Melnikov_2014,33,1,48,auroc@0.55,supervised,supervised,1.0,1.0,0.0
KKA2_KLEPN_Melnikov_2014,33,1,48,auroc@0.60,supervised,supervised,1.0,1.0,0.0
KKA2_KLEPN_Melnikov_2014,33,1,48,auroc@0.65,supervised,supervised,1.0,1.0,0.0
KKA2_KLEPN_Melnikov_2014,33,1,48,spearman@0.20,esm2_wtm,supervised,0.0,1.0,1.0
KKA2_KLEPN_Melnikov_2014,33,2,96,enrich@1.5,esm2_wtm,supervised,0.0,3.0,3.0
KKA2_KLEPN_Melnikov_2014,33,2,96,enrich@1.0,esm2_wtm,supervised,0.0,3.0,3.0
KKA2_KLEPN_Melnikov_2014,33,2,96,auroc@0.55,esm2_wtm,supervised,0.0,3.0,3.0
KKA2_KLEPN_Melnikov_2014,33,2,96,auroc@0.60,esm2_wtm,supervised,0.0,3.0,3.0
KKA2_KLEPN_Melnikov_2014,33,2,96,auroc@0.65,esm2_wtm,supervised,0.0,3.0,3.0
KKA2_KLEPN_Melnikov_2014,33,2,96,spearman@0.20,esm2_wtm,supervised,0.0,3.0,3.0
KKA2_KLEPN_Melnikov_2014,33,3,144,enrich@1.5,esm2_wtm,supervised,1.0,2.0,1.0
KKA2_KLEPN_Melnikov_2014,33,3,144,enrich@1.0,esm2_wtm,supervised,1.0,2.0,1.0
KKA2_KLEPN_Melnikov_2014,33,3,144,auroc@0.55,esm2_wtm,supervised,1.0,2.0,1.0
KKA2_KLEPN_Melnikov_2014,33,3,144,auroc@0.60,esm2_wtm,supervised,1.0,2.0,1.0
KKA2_KLEPN_Melnikov_2014,33,3,144,auroc@0.65,esm2_wtm,supervised,1.0,2.0,1.0
KKA2_KLEPN_Melnikov_2014,33,3,144,spearman@0.20,esm2_wtm,supervised,1.0,2.0,1.0
KKA2_KLEPN_Melnikov_2014,34,0,0,enrich@1.5,explore,explore,0.4838709677419355,0.4838709677419355,0.0
KKA2_KLEPN_Melnikov_2014,34,0,0,enrich@1.0,explore,explore,0.4838709677419355,0.4838709677419355,0.0
KKA2_KLEPN_Melnikov_2014,34,0,0,auroc@0.55,explore,explore,0.4838709677419355,0.4838709677419355,0.0
KKA2_KLEPN_Melnikov_2014,34,0,0,auroc@0.60,explore,explore,0.4838709677419355,0.4838709677419355,0.0
KKA2_KLEPN_Melnikov_2014,34,0,0,auroc@0.65,explore,explore,0.4838709677419355,0.4838709677419355,0.0
KKA2_KLEPN_Melnikov_2014,34,0,0,spearman@0.20,explore,explore,0.4838709677419355,0.4838709677419355,0.0
KKA2_KLEPN_Melnikov_2014,34,1,48,enrich@1.5,supervised,explore,0.0,0.4788273615635179,0.4788273615635179
KKA2_KLEPN_Melnikov_2014,34,1,48,enrich@1.0,supervised,explore,0.0,0.4788273615635179,0.4788273615635179
KKA2_KLEPN_Melnikov_2014,34,1,48,auroc@0.55,esm2_wtm,explore,0.0,0.4788273615635179,0.4788273615635179
KKA2_KLEPN_Melnikov_2014,34,1,48,auroc@0.60,esm2_wtm,explore,0.0,0.4788273615635179,0.4788273615635179
KKA2_KLEPN_Melnikov_2014,34,1,48,auroc@0.65,esm2_wtm,explore,0.0,0.4788273615635179,0.4788273615635179
KKA2_KLEPN_Melnikov_2014,34,1,48,spearman@0.20,esm2_wtm,explore,0.0,0.4788273615635179,0.4788273615635179
KKA2_KLEPN_Melnikov_2014,34,2,96,enrich@1.5,supervised,supervised,2.0,2.0,0.0
KKA2_KLEPN_Melnikov_2014,34,2,96,enrich@1.0,supervised,supervised,2.0,2.0,0.0
KKA2_KLEPN_Melnikov_2014,34,2,96,auroc@0.55,supervised,supervised,2.0,2.0,0.0
KKA2_KLEPN_Melnikov_2014,34,2,96,auroc@0.60,supervised,supervised,2.0,2.0,0.0
KKA2_KLEPN_Melnikov_2014,34,2,96,auroc@0.65,supervised,supervised,2.0,2.0,0.0
KKA2_KLEPN_Melnikov_2014,34,2,96,spearman@0.20,esm2_wtm,supervised,0.0,2.0,2.0
KKA2_KLEPN_Melnikov_2014,34,3,144,enrich@1.5,supervised,supervised,3.0,3.0,0.0
KKA2_KLEPN_Melnikov_2014,34,3,144,enrich@1.0,supervised,supervised,3.0,3.0,0.0
KKA2_KLEPN_Melnikov_2014,34,3,144,auroc@0.55,supervised,supervised,3.0,3.0,0.0
KKA2_KLEPN_Melnikov_2014,34,3,144,auroc@0.60,supervised,supervised,3.0,3.0,0.0
KKA2_KLEPN_Melnikov_2014,34,3,144,auroc@0.65,supervised,supervised,3.0,3.0,0.0
KKA2_KLEPN_Melnikov_2014,34,3,144,spearman@0.20,esm2_wtm,supervised,0.0,3.0,3.0
KKA2_KLEPN_Melnikov_2014,35,0,0,enrich@1.5,explore,explore,0.4838709677419355,0.4838709677419355,0.0
KKA2_KLEPN_Melnikov_2014,35,0,0,enrich@1.0,explore,explore,0.4838709677419355,0.4838709677419355,0.0
KKA2_KLEPN_Melnikov_2014,35,0,0,auroc@0.55,explore,explore,0.4838709677419355,0.4838709677419355,0.0
KKA2_KLEPN_Melnikov_2014,35,0,0,auroc@0.60,explore,explore,0.4838709677419355,0.4838709677419355,0.0
KKA2_KLEPN_Melnikov_2014,35,0,0,auroc@0.65,explore,explore,0.4838709677419355,0.4838709677419355,0.0
KKA2_KLEPN_Melnikov_2014,35,0,0,spearman@0.20,explore,explore,0.4838709677419355,0.4838709677419355,0.0
KKA2_KLEPN_Melnikov_2014,35,1,48,enrich@1.5,supervised,supervised,1.0,1.0,0.0
KKA2_KLEPN_Melnikov_2014,35,1,48,enrich@1.0,supervised,supervised,1.0,1.0,0.0
KKA2_KLEPN_Melnikov_2014,35,1,48,auroc@0.55,esm2_wtm,supervised,0.0,1.0,1.0
KKA2_KLEPN_Melnikov_2014,35,1,48,auroc@0.60,explore,supervised,0.48859934853420195,1.0,0.511400651465798
KKA2_KLEPN_Melnikov_2014,35,1,48,auroc@0.65,explore,supervised,0.48859934853420195,1.0,0.511400651465798
KKA2_KLEPN_Melnikov_2014,35,1,48,spearman@0.20,esm2_wtm,supervised,0.0,1.0,1.0
KKA2_KLEPN_Melnikov_2014,35,2,96,enrich@1.5,supervised,supervised,1.0,1.0,0.0
KKA2_KLEPN_Melnikov_2014,35,2,96,enrich@1.0,supervised,supervised,1.0,1.0,0.0
KKA2_KLEPN_Melnikov_2014,35,2,96,auroc@0.55,supervised,supervised,1.0,1.0,0.0
KKA2_KLEPN_Melnikov_2014,35,2,96,auroc@0.60,supervised,supervised,1.0,1.0,0.0
KKA2_KLEPN_Melnikov_2014,35,2,96,auroc@0.65,supervised,supervised,1.0,1.0,0.0
KKA2_KLEPN_Melnikov_2014,35,2,96,spearman@0.20,esm2_wtm,supervised,0.0,1.0,1.0
KKA2_KLEPN_Melnikov_2014,35,3,144,enrich@1.5,supervised,explore,0.0,0.47840531561461797,0.47840531561461797
KKA2_KLEPN_Melnikov_2014,35,3,144,enrich@1.0,supervised,explore,0.0,0.47840531561461797,0.47840531561461797
KKA2_KLEPN_Melnikov_2014,35,3,144,auroc@0.55,supervised,explore,0.0,0.47840531561461797,0.47840531561461797
KKA2_KLEPN_Melnikov_2014,35,3,144,auroc@0.60,supervised,explore,0.0,0.47840531561461797,0.47840531561461797
KKA2_KLEPN_Melnikov_2014,35,3,144,auroc@0.65,supervised,explore,0.0,0.47840531561461797,0.47840531561461797
KKA2_KLEPN_Melnikov_2014,35,3,144,spearman@0.20,esm2_wtm,explore,0.0,0.47840531561461797,0.47840531561461797
KKA2_KLEPN_Melnikov_2014,36,0,0,enrich@1.5,explore,explore,0.4838709677419355,0.4838709677419355,0.0
KKA2_KLEPN_Melnikov_2014,36,0,0,enrich@1.0,explore,explore,0.4838709677419355,0.4838709677419355,0.0
KKA2_KLEPN_Melnikov_2014,36,0,0,auroc@0.55,explore,explore,0.4838709677419355,0.4838709677419355,0.0
KKA2_KLEPN_Melnikov_2014,36,0,0,auroc@0.60,explore,explore,0.4838709677419355,0.4838709677419355,0.0
KKA2_KLEPN_Melnikov_2014,36,0,0,auroc@0.65,explore,explore,0.4838709677419355,0.4838709677419355,0.0
KKA2_KLEPN_Melnikov_2014,36,0,0,spearman@0.20,explore,explore,0.4838709677419355,0.4838709677419355,0.0
KKA2_KLEPN_Melnikov_2014,36,1,48,enrich@1.5,supervised,supervised,1.0,1.0,0.0
KKA2_KLEPN_Melnikov_2014,36,1,48,enrich@1.0,supervised,supervised,1.0,1.0,0.0
KKA2_KLEPN_Melnikov_2014,36,1,48,auroc@0.55,supervised,supervised,1.0,1.0,0.0
KKA2_KLEPN_Melnikov_2014,36,1,48,auroc@0.60,supervised,supervised,1.0,1.0,0.0
KKA2_KLEPN_Melnikov_2014,36,1,48,auroc@0.65,explore,supervised,0.48859934853420195,1.0,0.511400651465798
KKA2_KLEPN_Melnikov_2014,36,1,48,spearman@0.20,esm2_wtm,supervised,0.0,1.0,1.0
KKA2_KLEPN_Melnikov_2014,36,2,96,enrich@1.5,supervised,supervised,2.0,2.0,0.0
KKA2_KLEPN_Melnikov_2014,36,2,96,enrich@1.0,supervised,supervised,2.0,2.0,0.0
KKA2_KLEPN_Melnikov_2014,36,2,96,auroc@0.55,supervised,supervised,2.0,2.0,0.0
KKA2_KLEPN_Melnikov_2014,36,2,96,auroc@0.60,supervised,supervised,2.0,2.0,0.0
KKA2_KLEPN_Melnikov_2014,36,2,96,auroc@0.65,supervised,supervised,2.0,2.0,0.0
KKA2_KLEPN_Melnikov_2014,36,2,96,spearman@0.20,esm2_wtm,supervised,0.0,2.0,2.0
KKA2_KLEPN_Melnikov_2014,36,3,144,enrich@1.5,supervised,supervised,2.0,2.0,0.0
KKA2_KLEPN_Melnikov_2014,36,3,144,enrich@1.0,supervised,supervised,2.0,2.0,0.0
KKA2_KLEPN_Melnikov_2014,36,3,144,auroc@0.55,supervised,supervised,2.0,2.0,0.0
KKA2_KLEPN_Melnikov_2014,36,3,144,auroc@0.60,supervised,supervised,2.0,2.0,0.0
KKA2_KLEPN_Melnikov_2014,36,3,144,auroc@0.65,supervised,supervised,2.0,2.0,0.0
KKA2_KLEPN_Melnikov_2014,36,3,144,spearman@0.20,esm2_wtm,supervised,0.0,2.0,2.0
KKA2_KLEPN_Melnikov_2014,37,0,0,enrich@1.5,explore,explore,0.4838709677419355,0.4838709677419355,0.0
KKA2_KLEPN_Melnikov_2014,37,0,0,enrich@1.0,explore,explore,0.4838709677419355,0.4838709677419355,0.0
KKA2_KLEPN_Melnikov_2014,37,0,0,auroc@0.55,explore,explore,0.4838709677419355,0.4838709677419355,0.0
KKA2_KLEPN_Melnikov_2014,37,0,0,auroc@0.60,explore,explore,0.4838709677419355,0.4838709677419355,0.0
KKA2_KLEPN_Melnikov_2014,37,0,0,auroc@0.65,explore,explore,0.4838709677419355,0.4838709677419355,0.0
KKA2_KLEPN_Melnikov_2014,37,0,0,spearman@0.20,explore,explore,0.4838709677419355,0.4838709677419355,0.0
KKA2_KLEPN_Melnikov_2014,37,1,48,enrich@1.5,esm2_wtm,supervised,0.0,2.0,2.0
KKA2_KLEPN_Melnikov_2014,37,1,48,enrich@1.0,esm2_wtm,supervised,0.0,2.0,2.0
KKA2_KLEPN_Melnikov_2014,37,1,48,auroc@0.55,esm2_wtm,supervised,0.0,2.0,2.0
KKA2_KLEPN_Melnikov_2014,37,1,48,auroc@0.60,esm2_wtm,supervised,0.0,2.0,2.0
KKA2_KLEPN_Melnikov_2014,37,1,48,auroc@0.65,esm2_wtm,supervised,0.0,2.0,2.0
KKA2_KLEPN_Melnikov_2014,37,1,48,spearman@0.20,esm2_wtm,supervised,0.0,2.0,2.0
KKA2_KLEPN_Melnikov_2014,37,2,96,enrich@1.5,explore,supervised,0.4934210526315789,3.0,2.5065789473684212
KKA2_KLEPN_Melnikov_2014,37,2,96,enrich@1.0,explore,supervised,0.4934210526315789,3.0,2.5065789473684212
KKA2_KLEPN_Melnikov_2014,37,2,96,auroc@0.55,esm2_wtm,supervised,1.0,3.0,2.0
KKA2_KLEPN_Melnikov_2014,37,2,96,auroc@0.60,esm2_wtm,supervised,1.0,3.0,2.0
KKA2_KLEPN_Melnikov_2014,37,2,96,auroc@0.65,esm2_wtm,supervised,1.0,3.0,2.0
KKA2_KLEPN_Melnikov_2014,37,2,96,spearman@0.20,esm2_wtm,supervised,1.0,3.0,2.0
KKA2_KLEPN_Melnikov_2014,37,3,144,enrich@1.5,esm2_wtm,supervised,1.0,2.0,1.0
KKA2_KLEPN_Melnikov_2014,37,3,144,enrich@1.0,esm2_wtm,supervised,1.0,2.0,1.0
KKA2_KLEPN_Melnikov_2014,37,3,144,auroc@0.55,esm2_wtm,supervised,1.0,2.0,1.0
KKA2_KLEPN_Melnikov_2014,37,3,144,auroc@0.60,esm2_wtm,supervised,1.0,2.0,1.0
KKA2_KLEPN_Melnikov_2014,37,3,144,auroc@0.65,esm2_wtm,supervised,1.0,2.0,1.0
KKA2_KLEPN_Melnikov_2014,37,3,144,spearman@0.20,esm2_wtm,supervised,1.0,2.0,1.0
KKA2_KLEPN_Melnikov_2014,38,0,0,enrich@1.5,explore,explore,0.4838709677419355,0.4838709677419355,0.0
KKA2_KLEPN_Melnikov_2014,38,0,0,enrich@1.0,explore,explore,0.4838709677419355,0.4838709677419355,0.0
KKA2_KLEPN_Melnikov_2014,38,0,0,auroc@0.55,explore,explore,0.4838709677419355,0.4838709677419355,0.0
KKA2_KLEPN_Melnikov_2014,38,0,0,auroc@0.60,explore,explore,0.4838709677419355,0.4838709677419355,0.0
KKA2_KLEPN_Melnikov_2014,38,0,0,auroc@0.65,explore,explore,0.4838709677419355,0.4838709677419355,0.0
KKA2_KLEPN_Melnikov_2014,38,0,0,spearman@0.20,explore,explore,0.4838709677419355,0.4838709677419355,0.0
KKA2_KLEPN_Melnikov_2014,38,1,48,enrich@1.5,esm2_wtm,supervised,0.0,1.0,1.0
KKA2_KLEPN_Melnikov_2014,38,1,48,enrich@1.0,esm2_wtm,supervised,0.0,1.0,1.0
KKA2_KLEPN_Melnikov_2014,38,1,48,auroc@0.55,esm2_wtm,supervised,0.0,1.0,1.0
KKA2_KLEPN_Melnikov_2014,38,1,48,auroc@0.60,esm2_wtm,supervised,0.0,1.0,1.0
KKA2_KLEPN_Melnikov_2014,38,1,48,auroc@0.65,esm2_wtm,supervised,0.0,1.0,1.0
KKA2_KLEPN_Melnikov_2014,38,1,48,spearman@0.20,esm2_wtm,supervised,0.0,1.0,1.0
KKA2_KLEPN_Melnikov_2014,38,2,96,enrich@1.5,explore,supervised,0.4934210526315789,2.0,1.506578947368421
KKA2_KLEPN_Melnikov_2014,38,2,96,enrich@1.0,explore,supervised,0.4934210526315789,2.0,1.506578947368421
KKA2_KLEPN_Melnikov_2014,38,2,96,auroc@0.55,supervised,supervised,2.0,2.0,0.0
KKA2_KLEPN_Melnikov_2014,38,2,96,auroc@0.60,supervised,supervised,2.0,2.0,0.0
KKA2_KLEPN_Melnikov_2014,38,2,96,auroc@0.65,explore,supervised,0.4934210526315789,2.0,1.506578947368421
KKA2_KLEPN_Melnikov_2014,38,2,96,spearman@0.20,esm2_wtm,supervised,1.0,2.0,1.0
KKA2_KLEPN_Melnikov_2014,38,3,144,enrich@1.5,esm2_wtm,supervised,1.0,3.0,2.0
KKA2_KLEPN_Melnikov_2014,38,3,144,enrich@1.0,esm2_wtm,supervised,1.0,3.0,2.0
KKA2_KLEPN_Melnikov_2014,38,3,144,auroc@0.55,esm2_wtm,supervised,1.0,3.0,2.0
KKA2_KLEPN_Melnikov_2014,38,3,144,auroc@0.60,esm2_wtm,supervised,1.0,3.0,2.0
KKA2_KLEPN_Melnikov_2014,38,3,144,auroc@0.65,esm2_wtm,supervised,1.0,3.0,2.0
KKA2_KLEPN_Melnikov_2014,38,3,144,spearman@0.20,esm2_wtm,supervised,1.0,3.0,2.0
KKA2_KLEPN_Melnikov_2014,39,0,0,enrich@1.5,explore,explore,0.4838709677419355,0.4838709677419355,0.0
KKA2_KLEPN_Melnikov_2014,39,0,0,enrich@1.0,explore,explore,0.4838709677419355,0.4838709677419355,0.0
KKA2_KLEPN_Melnikov_2014,39,0,0,auroc@0.55,explore,explore,0.4838709677419355,0.4838709677419355,0.0
KKA2_KLEPN_Melnikov_2014,39,0,0,auroc@0.60,explore,explore,0.4838709677419355,0.4838709677419355,0.0
KKA2_KLEPN_Melnikov_2014,39,0,0,auroc@0.65,explore,explore,0.4838709677419355,0.4838709677419355,0.0
KKA2_KLEPN_Melnikov_2014,39,0,0,spearman@0.20,explore,explore,0.4838709677419355,0.4838709677419355,0.0
KKA2_KLEPN_Melnikov_2014,39,1,48,enrich@1.5,esm2_wtm,explore,0.0,0.4788273615635179,0.4788273615635179
KKA2_KLEPN_Melnikov_2014,39,1,48,enrich@1.0,esm2_wtm,explore,0.0,0.4788273615635179,0.4788273615635179
KKA2_KLEPN_Melnikov_2014,39,1,48,auroc@0.55,esm2_wtm,explore,0.0,0.4788273615635179,0.4788273615635179
KKA2_KLEPN_Melnikov_2014,39,1,48,auroc@0.60,esm2_wtm,explore,0.0,0.4788273615635179,0.4788273615635179
KKA2_KLEPN_Melnikov_2014,39,1,48,auroc@0.65,esm2_wtm,explore,0.0,0.4788273615635179,0.4788273615635179
KKA2_KLEPN_Melnikov_2014,39,1,48,spearman@0.20,supervised,explore,0.0,0.4788273615635179,0.4788273615635179
KKA2_KLEPN_Melnikov_2014,39,2,96,enrich@1.5,explore,supervised,0.48355263157894735,2.0,1.5164473684210527
KKA2_KLEPN_Melnikov_2014,39,2,96,enrich@1.0,explore,supervised,0.48355263157894735,2.0,1.5164473684210527
KKA2_KLEPN_Melnikov_2014,39,2,96,auroc@0.55,esm2_wtm,supervised,1.0,2.0,1.0
KKA2_KLEPN_Melnikov_2014,39,2,96,auroc@0.60,explore,supervised,0.48355263157894735,2.0,1.5164473684210527
KKA2_KLEPN_Melnikov_2014,39,2,96,auroc@0.65,explore,supervised,0.48355263157894735,2.0,1.5164473684210527
KKA2_KLEPN_Melnikov_2014,39,2,96,spearman@0.20,esm2_wtm,supervised,1.0,2.0,1.0
KKA2_KLEPN_Melnikov_2014,39,3,144,enrich@1.5,esm2_wtm,supervised,1.0,2.0,1.0
KKA2_KLEPN_Melnikov_2014,39,3,144,enrich@1.0,esm2_wtm,supervised,1.0,2.0,1.0
KKA2_KLEPN_Melnikov_2014,39,3,144,auroc@0.55,esm2_wtm,supervised,1.0,2.0,1.0
KKA2_KLEPN_Melnikov_2014,39,3,144,auroc@0.60,esm2_wtm,supervised,1.0,2.0,1.0
KKA2_KLEPN_Melnikov_2014,39,3,144,auroc@0.65,explore,supervised,0.4883720930232558,2.0,1.5116279069767442
KKA2_KLEPN_Melnikov_2014,39,3,144,spearman@0.20,esm2_wtm,supervised,1.0,2.0,1.0
NUD15_HUMAN_Suiter_2020,0,0,0,enrich@1.5,explore,explore,0.47257383966244726,0.47257383966244726,0.0
NUD15_HUMAN_Suiter_2020,0,0,0,enrich@1.0,explore,explore,0.47257383966244726,0.47257383966244726,0.0
NUD15_HUMAN_Suiter_2020,0,0,0,auroc@0.55,explore,explore,0.47257383966244726,0.47257383966244726,0.0
NUD15_HUMAN_Suiter_2020,0,0,0,auroc@0.60,explore,explore,0.47257383966244726,0.47257383966244726,0.0
NUD15_HUMAN_Suiter_2020,0,0,0,auroc@0.65,explore,explore,0.47257383966244726,0.47257383966244726,0.0
NUD15_HUMAN_Suiter_2020,0,0,0,spearman@0.20,explore,explore,0.47257383966244726,0.47257383966244726,0.0
NUD15_HUMAN_Suiter_2020,0,1,48,enrich@1.5,esm2_wtm,supervised,0.0,1.0,1.0
NUD15_HUMAN_Suiter_2020,0,1,48,enrich@1.0,esm2_wtm,supervised,0.0,1.0,1.0
NUD15_HUMAN_Suiter_2020,0,1,48,auroc@0.55,esm2_wtm,supervised,0.0,1.0,1.0
NUD15_HUMAN_Suiter_2020,0,1,48,auroc@0.60,esm2_wtm,supervised,0.0,1.0,1.0
NUD15_HUMAN_Suiter_2020,0,1,48,auroc@0.65,esm2_wtm,supervised,0.0,1.0,1.0
NUD15_HUMAN_Suiter_2020,0,1,48,spearman@0.20,esm2_wtm,supervised,0.0,1.0,1.0
NUD15_HUMAN_Suiter_2020,0,2,96,enrich@1.5,explore,supervised,0.47161572052401746,1.0,0.5283842794759825
NUD15_HUMAN_Suiter_2020,0,2,96,enrich@1.0,explore,supervised,0.47161572052401746,1.0,0.5283842794759825
NUD15_HUMAN_Suiter_2020,0,2,96,auroc@0.55,esm2_wtm,supervised,1.0,1.0,0.0
NUD15_HUMAN_Suiter_2020,0,2,96,auroc@0.60,explore,supervised,0.47161572052401746,1.0,0.5283842794759825
NUD15_HUMAN_Suiter_2020,0,2,96,auroc@0.65,explore,supervised,0.47161572052401746,1.0,0.5283842794759825
NUD15_HUMAN_Suiter_2020,0,2,96,spearman@0.20,esm2_wtm,supervised,1.0,1.0,0.0
NUD15_HUMAN_Suiter_2020,0,3,144,enrich@1.5,explore,supervised,0.48,2.0,1.52
NUD15_HUMAN_Suiter_2020,0,3,144,enrich@1.0,explore,supervised,0.48,2.0,1.52
NUD15_HUMAN_Suiter_2020,0,3,144,auroc@0.55,esm2_wtm,supervised,1.0,2.0,1.0
NUD15_HUMAN_Suiter_2020,0,3,144,auroc@0.60,explore,supervised,0.48,2.0,1.52
NUD15_HUMAN_Suiter_2020,0,3,144,auroc@0.65,explore,supervised,0.48,2.0,1.52
NUD15_HUMAN_Suiter_2020,0,3,144,spearman@0.20,supervised,supervised,2.0,2.0,0.0
NUD15_HUMAN_Suiter_2020,1,0,0,enrich@1.5,explore,explore,0.47257383966244726,0.47257383966244726,0.0
NUD15_HUMAN_Suiter_2020,1,0,0,enrich@1.0,explore,explore,0.47257383966244726,0.47257383966244726,0.0
NUD15_HUMAN_Suiter_2020,1,0,0,auroc@0.55,explore,explore,0.47257383966244726,0.47257383966244726,0.0
NUD15_HUMAN_Suiter_2020,1,0,0,auroc@0.60,explore,explore,0.47257383966244726,0.47257383966244726,0.0
NUD15_HUMAN_Suiter_2020,1,0,0,auroc@0.65,explore,explore,0.47257383966244726,0.47257383966244726,0.0
NUD15_HUMAN_Suiter_2020,1,0,0,spearman@0.20,explore,explore,0.47257383966244726,0.47257383966244726,0.0
NUD15_HUMAN_Suiter_2020,1,1,48,enrich@1.5,supervised,supervised,1.0,1.0,0.0
NUD15_HUMAN_Suiter_2020,1,1,48,enrich@1.0,supervised,supervised,1.0,1.0,0.0
NUD15_HUMAN_Suiter_2020,1,1,48,auroc@0.55,esm2_wtm,supervised,0.0,1.0,1.0
NUD15_HUMAN_Suiter_2020,1,1,48,auroc@0.60,esm2_wtm,supervised,0.0,1.0,1.0
NUD15_HUMAN_Suiter_2020,1,1,48,auroc@0.65,esm2_wtm,supervised,0.0,1.0,1.0
NUD15_HUMAN_Suiter_2020,1,1,48,spearman@0.20,supervised,supervised,1.0,1.0,0.0
NUD15_HUMAN_Suiter_2020,1,2,96,enrich@1.5,esm2_wtm,supervised,0.0,1.0,1.0
NUD15_HUMAN_Suiter_2020,1,2,96,enrich@1.0,esm2_wtm,supervised,0.0,1.0,1.0
NUD15_HUMAN_Suiter_2020,1,2,96,auroc@0.55,supervised,supervised,1.0,1.0,0.0
NUD15_HUMAN_Suiter_2020,1,2,96,auroc@0.60,supervised,supervised,1.0,1.0,0.0
NUD15_HUMAN_Suiter_2020,1,2,96,auroc@0.65,supervised,supervised,1.0,1.0,0.0
NUD15_HUMAN_Suiter_2020,1,2,96,spearman@0.20,supervised,supervised,1.0,1.0,0.0
NUD15_HUMAN_Suiter_2020,1,3,144,enrich@1.5,esm2_wtm,supervised,1.0,1.0,0.0
NUD15_HUMAN_Suiter_2020,1,3,144,enrich@1.0,esm2_wtm,supervised,1.0,1.0,0.0
NUD15_HUMAN_Suiter_2020,1,3,144,auroc@0.55,esm2_wtm,supervised,1.0,1.0,0.0
NUD15_HUMAN_Suiter_2020,1,3,144,auroc@0.60,esm2_wtm,supervised,1.0,1.0,0.0
NUD15_HUMAN_Suiter_2020,1,3,144,auroc@0.65,esm2_wtm,supervised,1.0,1.0,0.0
NUD15_HUMAN_Suiter_2020,1,3,144,spearman@0.20,supervised,supervised,1.0,1.0,0.0
NUD15_HUMAN_Suiter_2020,2,0,0,enrich@1.5,explore,explore,0.47257383966244726,0.47257383966244726,0.0
NUD15_HUMAN_Suiter_2020,2,0,0,enrich@1.0,explore,explore,0.47257383966244726,0.47257383966244726,0.0
NUD15_HUMAN_Suiter_2020,2,0,0,auroc@0.55,explore,explore,0.47257383966244726,0.47257383966244726,0.0
NUD15_HUMAN_Suiter_2020,2,0,0,auroc@0.60,explore,explore,0.47257383966244726,0.47257383966244726,0.0
NUD15_HUMAN_Suiter_2020,2,0,0,auroc@0.65,explore,explore,0.47257383966244726,0.47257383966244726,0.0
NUD15_HUMAN_Suiter_2020,2,0,0,spearman@0.20,explore,explore,0.47257383966244726,0.47257383966244726,0.0
NUD15_HUMAN_Suiter_2020,2,1,48,enrich@1.5,esm2_wtm,supervised,0.0,1.0,1.0
NUD15_HUMAN_Suiter_2020,2,1,48,enrich@1.0,esm2_wtm,supervised,0.0,1.0,1.0
NUD15_HUMAN_Suiter_2020,2,1,48,auroc@0.55,esm2_wtm,supervised,0.0,1.0,1.0
NUD15_HUMAN_Suiter_2020,2,1,48,auroc@0.60,esm2_wtm,supervised,0.0,1.0,1.0
NUD15_HUMAN_Suiter_2020,2,1,48,auroc@0.65,esm2_wtm,supervised,0.0,1.0,1.0
NUD15_HUMAN_Suiter_2020,2,1,48,spearman@0.20,esm2_wtm,supervised,0.0,1.0,1.0
NUD15_HUMAN_Suiter_2020,2,2,96,enrich@1.5,explore,supervised,0.4890829694323144,1.0,0.5109170305676856
NUD15_HUMAN_Suiter_2020,2,2,96,enrich@1.0,explore,supervised,0.4890829694323144,1.0,0.5109170305676856
NUD15_HUMAN_Suiter_2020,2,2,96,auroc@0.55,esm2_wtm,supervised,1.0,1.0,0.0
NUD15_HUMAN_Suiter_2020,2,2,96,auroc@0.60,esm2_wtm,supervised,1.0,1.0,0.0
NUD15_HUMAN_Suiter_2020,2,2,96,auroc@0.65,esm2_wtm,supervised,1.0,1.0,0.0
NUD15_HUMAN_Suiter_2020,2,2,96,spearman@0.20,esm2_wtm,supervised,1.0,1.0,0.0
NUD15_HUMAN_Suiter_2020,2,3,144,enrich@1.5,esm2_wtm,supervised,1.0,1.0,0.0
NUD15_HUMAN_Suiter_2020,2,3,144,enrich@1.0,esm2_wtm,supervised,1.0,1.0,0.0
NUD15_HUMAN_Suiter_2020,2,3,144,auroc@0.55,esm2_wtm,supervised,1.0,1.0,0.0
NUD15_HUMAN_Suiter_2020,2,3,144,auroc@0.60,esm2_wtm,supervised,1.0,1.0,0.0
NUD15_HUMAN_Suiter_2020,2,3,144,auroc@0.65,esm2_wtm,supervised,1.0,1.0,0.0
NUD15_HUMAN_Suiter_2020,2,3,144,spearman@0.20,esm2_wtm,supervised,1.0,1.0,0.0
NUD15_HUMAN_Suiter_2020,3,0,0,enrich@1.5,explore,explore,0.47257383966244726,0.47257383966244726,0.0
NUD15_HUMAN_Suiter_2020,3,0,0,enrich@1.0,explore,explore,0.47257383966244726,0.47257383966244726,0.0
NUD15_HUMAN_Suiter_2020,3,0,0,auroc@0.55,explore,explore,0.47257383966244726,0.47257383966244726,0.0
NUD15_HUMAN_Suiter_2020,3,0,0,auroc@0.60,explore,explore,0.47257383966244726,0.47257383966244726,0.0
NUD15_HUMAN_Suiter_2020,3,0,0,auroc@0.65,explore,explore,0.47257383966244726,0.47257383966244726,0.0
NUD15_HUMAN_Suiter_2020,3,0,0,spearman@0.20,explore,explore,0.47257383966244726,0.47257383966244726,0.0
NUD15_HUMAN_Suiter_2020,3,1,48,enrich@1.5,esm2_wtm,supervised,0.0,3.0,3.0
NUD15_HUMAN_Suiter_2020,3,1,48,enrich@1.0,esm2_wtm,supervised,0.0,3.0,3.0
NUD15_HUMAN_Suiter_2020,3,1,48,auroc@0.55,esm2_wtm,supervised,0.0,3.0,3.0
NUD15_HUMAN_Suiter_2020,3,1,48,auroc@0.60,esm2_wtm,supervised,0.0,3.0,3.0
NUD15_HUMAN_Suiter_2020,3,1,48,auroc@0.65,esm2_wtm,supervised,0.0,3.0,3.0
NUD15_HUMAN_Suiter_2020,3,1,48,spearman@0.20,esm2_wtm,supervised,0.0,3.0,3.0
NUD15_HUMAN_Suiter_2020,3,2,96,enrich@1.5,explore,supervised,0.47161572052401746,1.0,0.5283842794759825
NUD15_HUMAN_Suiter_2020,3,2,96,enrich@1.0,explore,supervised,0.47161572052401746,1.0,0.5283842794759825
NUD15_HUMAN_Suiter_2020,3,2,96,auroc@0.55,supervised,supervised,1.0,1.0,0.0
NUD15_HUMAN_Suiter_2020,3,2,96,auroc@0.60,supervised,supervised,1.0,1.0,0.0
NUD15_HUMAN_Suiter_2020,3,2,96,auroc@0.65,explore,supervised,0.47161572052401746,1.0,0.5283842794759825
NUD15_HUMAN_Suiter_2020,3,2,96,spearman@0.20,esm2_wtm,supervised,1.0,1.0,0.0
NUD15_HUMAN_Suiter_2020,3,3,144,enrich@1.5,supervised,supervised,2.0,2.0,0.0
NUD15_HUMAN_Suiter_2020,3,3,144,enrich@1.0,supervised,supervised,2.0,2.0,0.0
NUD15_HUMAN_Suiter_2020,3,3,144,auroc@0.55,supervised,supervised,2.0,2.0,0.0
NUD15_HUMAN_Suiter_2020,3,3,144,auroc@0.60,supervised,supervised,2.0,2.0,0.0
NUD15_HUMAN_Suiter_2020,3,3,144,auroc@0.65,supervised,supervised,2.0,2.0,0.0
NUD15_HUMAN_Suiter_2020,3,3,144,spearman@0.20,esm2_wtm,supervised,1.0,2.0,1.0
NUD15_HUMAN_Suiter_2020,4,0,0,enrich@1.5,explore,explore,0.47257383966244726,0.47257383966244726,0.0
NUD15_HUMAN_Suiter_2020,4,0,0,enrich@1.0,explore,explore,0.47257383966244726,0.47257383966244726,0.0
NUD15_HUMAN_Suiter_2020,4,0,0,auroc@0.55,explore,explore,0.47257383966244726,0.47257383966244726,0.0
NUD15_HUMAN_Suiter_2020,4,0,0,auroc@0.60,explore,explore,0.47257383966244726,0.47257383966244726,0.0
NUD15_HUMAN_Suiter_2020,4,0,0,auroc@0.65,explore,explore,0.47257383966244726,0.47257383966244726,0.0
NUD15_HUMAN_Suiter_2020,4,0,0,spearman@0.20,explore,explore,0.47257383966244726,0.47257383966244726,0.0
NUD15_HUMAN_Suiter_2020,4,1,48,enrich@1.5,esm2_wtm,supervised,0.0,1.0,1.0
NUD15_HUMAN_Suiter_2020,4,1,48,enrich@1.0,esm2_wtm,supervised,0.0,1.0,1.0
NUD15_HUMAN_Suiter_2020,4,1,48,auroc@0.55,esm2_wtm,supervised,0.0,1.0,1.0
NUD15_HUMAN_Suiter_2020,4,1,48,auroc@0.60,esm2_wtm,supervised,0.0,1.0,1.0
NUD15_HUMAN_Suiter_2020,4,1,48,auroc@0.65,esm2_wtm,supervised,0.0,1.0,1.0
NUD15_HUMAN_Suiter_2020,4,1,48,spearman@0.20,esm2_wtm,supervised,0.0,1.0,1.0
NUD15_HUMAN_Suiter_2020,4,2,96,enrich@1.5,explore,supervised,0.4890829694323144,1.0,0.5109170305676856
NUD15_HUMAN_Suiter_2020,4,2,96,enrich@1.0,explore,supervised,0.4890829694323144,1.0,0.5109170305676856
NUD15_HUMAN_Suiter_2020,4,2,96,auroc@0.55,esm2_wtm,supervised,1.0,1.0,0.0
NUD15_HUMAN_Suiter_2020,4,2,96,auroc@0.60,esm2_wtm,supervised,1.0,1.0,0.0
NUD15_HUMAN_Suiter_2020,4,2,96,auroc@0.65,esm2_wtm,supervised,1.0,1.0,0.0
NUD15_HUMAN_Suiter_2020,4,2,96,spearman@0.20,esm2_wtm,supervised,1.0,1.0,0.0
NUD15_HUMAN_Suiter_2020,4,3,144,enrich@1.5,supervised,supervised,1.0,1.0,0.0
NUD15_HUMAN_Suiter_2020,4,3,144,enrich@1.0,supervised,supervised,1.0,1.0,0.0
NUD15_HUMAN_Suiter_2020,4,3,144,auroc@0.55,supervised,supervised,1.0,1.0,0.0
NUD15_HUMAN_Suiter_2020,4,3,144,auroc@0.60,supervised,supervised,1.0,1.0,0.0
NUD15_HUMAN_Suiter_2020,4,3,144,auroc@0.65,supervised,supervised,1.0,1.0,0.0
NUD15_HUMAN_Suiter_2020,4,3,144,spearman@0.20,supervised,supervised,1.0,1.0,0.0
NUD15_HUMAN_Suiter_2020,5,0,0,enrich@1.5,explore,explore,0.47257383966244726,0.47257383966244726,0.0
NUD15_HUMAN_Suiter_2020,5,0,0,enrich@1.0,explore,explore,0.47257383966244726,0.47257383966244726,0.0
NUD15_HUMAN_Suiter_2020,5,0,0,auroc@0.55,explore,explore,0.47257383966244726,0.47257383966244726,0.0
NUD15_HUMAN_Suiter_2020,5,0,0,auroc@0.60,explore,explore,0.47257383966244726,0.47257383966244726,0.0
NUD15_HUMAN_Suiter_2020,5,0,0,auroc@0.65,explore,explore,0.47257383966244726,0.47257383966244726,0.0
NUD15_HUMAN_Suiter_2020,5,0,0,spearman@0.20,explore,explore,0.47257383966244726,0.47257383966244726,0.0
NUD15_HUMAN_Suiter_2020,5,1,48,enrich@1.5,supervised,supervised,2.0,2.0,0.0
NUD15_HUMAN_Suiter_2020,5,1,48,enrich@1.0,supervised,supervised,2.0,2.0,0.0
NUD15_HUMAN_Suiter_2020,5,1,48,auroc@0.55,esm2_wtm,supervised,0.0,2.0,2.0
NUD15_HUMAN_Suiter_2020,5,1,48,auroc@0.60,esm2_wtm,supervised,0.0,2.0,2.0
NUD15_HUMAN_Suiter_2020,5,1,48,auroc@0.65,esm2_wtm,supervised,0.0,2.0,2.0
NUD15_HUMAN_Suiter_2020,5,1,48,spearman@0.20,esm2_wtm,supervised,0.0,2.0,2.0
NUD15_HUMAN_Suiter_2020,5,2,96,enrich@1.5,supervised,supervised,3.0,3.0,0.0
NUD15_HUMAN_Suiter_2020,5,2,96,enrich@1.0,supervised,supervised,3.0,3.0,0.0
NUD15_HUMAN_Suiter_2020,5,2,96,auroc@0.55,supervised,supervised,3.0,3.0,0.0
NUD15_HUMAN_Suiter_2020,5,2,96,auroc@0.60,supervised,supervised,3.0,3.0,0.0
NUD15_HUMAN_Suiter_2020,5,2,96,auroc@0.65,supervised,supervised,3.0,3.0,0.0
NUD15_HUMAN_Suiter_2020,5,2,96,spearman@0.20,supervised,supervised,3.0,3.0,0.0
NUD15_HUMAN_Suiter_2020,5,3,144,enrich@1.5,supervised,supervised,1.0,1.0,0.0
NUD15_HUMAN_Suiter_2020,5,3,144,enrich@1.0,supervised,supervised,1.0,1.0,0.0
NUD15_HUMAN_Suiter_2020,5,3,144,auroc@0.55,supervised,supervised,1.0,1.0,0.0
NUD15_HUMAN_Suiter_2020,5,3,144,auroc@0.60,supervised,supervised,1.0,1.0,0.0
NUD15_HUMAN_Suiter_2020,5,3,144,auroc@0.65,supervised,supervised,1.0,1.0,0.0
NUD15_HUMAN_Suiter_2020,5,3,144,spearman@0.20,supervised,supervised,1.0,1.0,0.0
NUD15_HUMAN_Suiter_2020,6,0,0,enrich@1.5,explore,explore,0.47257383966244726,0.47257383966244726,0.0
NUD15_HUMAN_Suiter_2020,6,0,0,enrich@1.0,explore,explore,0.47257383966244726,0.47257383966244726,0.0
NUD15_HUMAN_Suiter_2020,6,0,0,auroc@0.55,explore,explore,0.47257383966244726,0.47257383966244726,0.0
NUD15_HUMAN_Suiter_2020,6,0,0,auroc@0.60,explore,explore,0.47257383966244726,0.47257383966244726,0.0
NUD15_HUMAN_Suiter_2020,6,0,0,auroc@0.65,explore,explore,0.47257383966244726,0.47257383966244726,0.0
NUD15_HUMAN_Suiter_2020,6,0,0,spearman@0.20,explore,explore,0.47257383966244726,0.47257383966244726,0.0
NUD15_HUMAN_Suiter_2020,6,1,48,enrich@1.5,supervised,supervised,2.0,2.0,0.0
NUD15_HUMAN_Suiter_2020,6,1,48,enrich@1.0,supervised,supervised,2.0,2.0,0.0
NUD15_HUMAN_Suiter_2020,6,1,48,auroc@0.55,esm2_wtm,supervised,0.0,2.0,2.0
NUD15_HUMAN_Suiter_2020,6,1,48,auroc@0.60,esm2_wtm,supervised,0.0,2.0,2.0
NUD15_HUMAN_Suiter_2020,6,1,48,auroc@0.65,esm2_wtm,supervised,0.0,2.0,2.0
NUD15_HUMAN_Suiter_2020,6,1,48,spearman@0.20,esm2_wtm,supervised,0.0,2.0,2.0
NUD15_HUMAN_Suiter_2020,6,2,96,enrich@1.5,supervised,explore,0.0,0.4366812227074236,0.4366812227074236
NUD15_HUMAN_Suiter_2020,6,2,96,enrich@1.0,supervised,explore,0.0,0.4366812227074236,0.4366812227074236
NUD15_HUMAN_Suiter_2020,6,2,96,auroc@0.55,esm2_wtm,explore,0.0,0.4366812227074236,0.4366812227074236
NUD15_HUMAN_Suiter_2020,6,2,96,auroc@0.60,esm2_wtm,explore,0.0,0.4366812227074236,0.4366812227074236
NUD15_HUMAN_Suiter_2020,6,2,96,auroc@0.65,esm2_wtm,explore,0.0,0.4366812227074236,0.4366812227074236
NUD15_HUMAN_Suiter_2020,6,2,96,spearman@0.20,supervised,explore,0.0,0.4366812227074236,0.4366812227074236
NUD15_HUMAN_Suiter_2020,6,3,144,enrich@1.5,supervised,explore,0.0,0.4444444444444444,0.4444444444444444
NUD15_HUMAN_Suiter_2020,6,3,144,enrich@1.0,supervised,explore,0.0,0.4444444444444444,0.4444444444444444
NUD15_HUMAN_Suiter_2020,6,3,144,auroc@0.55,supervised,explore,0.0,0.4444444444444444,0.4444444444444444
NUD15_HUMAN_Suiter_2020,6,3,144,auroc@0.60,supervised,explore,0.0,0.4444444444444444,0.4444444444444444
NUD15_HUMAN_Suiter_2020,6,3,144,auroc@0.65,supervised,explore,0.0,0.4444444444444444,0.4444444444444444
NUD15_HUMAN_Suiter_2020,6,3,144,spearman@0.20,supervised,explore,0.0,0.4444444444444444,0.4444444444444444
NUD15_HUMAN_Suiter_2020,7,0,0,enrich@1.5,explore,explore,0.47257383966244726,0.47257383966244726,0.0
NUD15_HUMAN_Suiter_2020,7,0,0,enrich@1.0,explore,explore,0.47257383966244726,0.47257383966244726,0.0
NUD15_HUMAN_Suiter_2020,7,0,0,auroc@0.55,explore,explore,0.47257383966244726,0.47257383966244726,0.0
NUD15_HUMAN_Suiter_2020,7,0,0,auroc@0.60,explore,explore,0.47257383966244726,0.47257383966244726,0.0
NUD15_HUMAN_Suiter_2020,7,0,0,auroc@0.65,explore,explore,0.47257383966244726,0.47257383966244726,0.0
NUD15_HUMAN_Suiter_2020,7,0,0,spearman@0.20,explore,explore,0.47257383966244726,0.47257383966244726,0.0
NUD15_HUMAN_Suiter_2020,7,1,48,enrich@1.5,esm2_wtm,explore,0.0,0.48068669527896996,0.48068669527896996
NUD15_HUMAN_Suiter_2020,7,1,48,enrich@1.0,esm2_wtm,explore,0.0,0.48068669527896996,0.48068669527896996
NUD15_HUMAN_Suiter_2020,7,1,48,auroc@0.55,esm2_wtm,explore,0.0,0.48068669527896996,0.48068669527896996
NUD15_HUMAN_Suiter_2020,7,1,48,auroc@0.60,esm2_wtm,explore,0.0,0.48068669527896996,0.48068669527896996
NUD15_HUMAN_Suiter_2020,7,1,48,auroc@0.65,esm2_wtm,explore,0.0,0.48068669527896996,0.48068669527896996
NUD15_HUMAN_Suiter_2020,7,1,48,spearman@0.20,esm2_wtm,explore,0.0,0.48068669527896996,0.48068669527896996
NUD15_HUMAN_Suiter_2020,7,2,96,enrich@1.5,supervised,supervised,1.0,1.0,0.0
NUD15_HUMAN_Suiter_2020,7,2,96,enrich@1.0,supervised,supervised,1.0,1.0,0.0
NUD15_HUMAN_Suiter_2020,7,2,96,auroc@0.55,esm2_wtm,supervised,1.0,1.0,0.0
NUD15_HUMAN_Suiter_2020,7,2,96,auroc@0.60,esm2_wtm,supervised,1.0,1.0,0.0
NUD15_HUMAN_Suiter_2020,7,2,96,auroc@0.65,explore,supervised,0.4890829694323144,1.0,0.5109170305676856
NUD15_HUMAN_Suiter_2020,7,2,96,spearman@0.20,esm2_wtm,supervised,1.0,1.0,0.0
NUD15_HUMAN_Suiter_2020,7,3,144,enrich@1.5,supervised,supervised,1.0,1.0,0.0
NUD15_HUMAN_Suiter_2020,7,3,144,enrich@1.0,supervised,supervised,1.0,1.0,0.0
NUD15_HUMAN_Suiter_2020,7,3,144,auroc@0.55,supervised,supervised,1.0,1.0,0.0
NUD15_HUMAN_Suiter_2020,7,3,144,auroc@0.60,supervised,supervised,1.0,1.0,0.0
NUD15_HUMAN_Suiter_2020,7,3,144,auroc@0.65,supervised,supervised,1.0,1.0,0.0
NUD15_HUMAN_Suiter_2020,7,3,144,spearman@0.20,supervised,supervised,1.0,1.0,0.0
NUD15_HUMAN_Suiter_2020,8,0,0,enrich@1.5,explore,explore,0.47257383966244726,0.47257383966244726,0.0
NUD15_HUMAN_Suiter_2020,8,0,0,enrich@1.0,explore,explore,0.47257383966244726,0.47257383966244726,0.0
NUD15_HUMAN_Suiter_2020,8,0,0,auroc@0.55,explore,explore,0.47257383966244726,0.47257383966244726,0.0
NUD15_HUMAN_Suiter_2020,8,0,0,auroc@0.60,explore,explore,0.47257383966244726,0.47257383966244726,0.0
NUD15_HUMAN_Suiter_2020,8,0,0,auroc@0.65,explore,explore,0.47257383966244726,0.47257383966244726,0.0
NUD15_HUMAN_Suiter_2020,8,0,0,spearman@0.20,explore,explore,0.47257383966244726,0.47257383966244726,0.0
NUD15_HUMAN_Suiter_2020,8,1,48,enrich@1.5,supervised,supervised,1.0,1.0,0.0
NUD15_HUMAN_Suiter_2020,8,1,48,enrich@1.0,supervised,supervised,1.0,1.0,0.0
NUD15_HUMAN_Suiter_2020,8,1,48,auroc@0.55,esm2_wtm,supervised,0.0,1.0,1.0
NUD15_HUMAN_Suiter_2020,8,1,48,auroc@0.60,esm2_wtm,supervised,0.0,1.0,1.0
NUD15_HUMAN_Suiter_2020,8,1,48,auroc@0.65,esm2_wtm,supervised,0.0,1.0,1.0
NUD15_HUMAN_Suiter_2020,8,1,48,spearman@0.20,esm2_wtm,supervised,0.0,1.0,1.0
NUD15_HUMAN_Suiter_2020,8,2,96,enrich@1.5,explore,explore,0.47161572052401746,0.47161572052401746,0.0
NUD15_HUMAN_Suiter_2020,8,2,96,enrich@1.0,explore,explore,0.47161572052401746,0.47161572052401746,0.0
NUD15_HUMAN_Suiter_2020,8,2,96,auroc@0.55,supervised,explore,0.0,0.47161572052401746,0.47161572052401746
NUD15_HUMAN_Suiter_2020,8,2,96,auroc@0.60,supervised,explore,0.0,0.47161572052401746,0.47161572052401746
NUD15_HUMAN_Suiter_2020,8,2,96,auroc@0.65,supervised,explore,0.0,0.47161572052401746,0.47161572052401746
NUD15_HUMAN_Suiter_2020,8,2,96,spearman@0.20,supervised,explore,0.0,0.47161572052401746,0.47161572052401746
NUD15_HUMAN_Suiter_2020,8,3,144,enrich@1.5,esm2_wtm,supervised,0.0,1.0,1.0
NUD15_HUMAN_Suiter_2020,8,3,144,enrich@1.0,esm2_wtm,supervised,0.0,1.0,1.0
NUD15_HUMAN_Suiter_2020,8,3,144,auroc@0.55,esm2_wtm,supervised,0.0,1.0,1.0
NUD15_HUMAN_Suiter_2020,8,3,144,auroc@0.60,esm2_wtm,supervised,0.0,1.0,1.0
NUD15_HUMAN_Suiter_2020,8,3,144,auroc@0.65,esm2_wtm,supervised,0.0,1.0,1.0
NUD15_HUMAN_Suiter_2020,8,3,144,spearman@0.20,supervised,supervised,1.0,1.0,0.0
NUD15_HUMAN_Suiter_2020,9,0,0,enrich@1.5,explore,explore,0.47257383966244726,0.47257383966244726,0.0
NUD15_HUMAN_Suiter_2020,9,0,0,enrich@1.0,explore,explore,0.47257383966244726,0.47257383966244726,0.0
NUD15_HUMAN_Suiter_2020,9,0,0,auroc@0.55,explore,explore,0.47257383966244726,0.47257383966244726,0.0
NUD15_HUMAN_Suiter_2020,9,0,0,auroc@0.60,explore,explore,0.47257383966244726,0.47257383966244726,0.0
NUD15_HUMAN_Suiter_2020,9,0,0,auroc@0.65,explore,explore,0.47257383966244726,0.47257383966244726,0.0
NUD15_HUMAN_Suiter_2020,9,0,0,spearman@0.20,explore,explore,0.47257383966244726,0.47257383966244726,0.0
NUD15_HUMAN_Suiter_2020,9,1,48,enrich@1.5,esm2_wtm,explore,0.0,0.44635193133047213,0.44635193133047213
NUD15_HUMAN_Suiter_2020,9,1,48,enrich@1.0,esm2_wtm,explore,0.0,0.44635193133047213,0.44635193133047213
NUD15_HUMAN_Suiter_2020,9,1,48,auroc@0.55,esm2_wtm,explore,0.0,0.44635193133047213,0.44635193133047213
NUD15_HUMAN_Suiter_2020,9,1,48,auroc@0.60,esm2_wtm,explore,0.0,0.44635193133047213,0.44635193133047213
NUD15_HUMAN_Suiter_2020,9,1,48,auroc@0.65,esm2_wtm,explore,0.0,0.44635193133047213,0.44635193133047213
NUD15_HUMAN_Suiter_2020,9,1,48,spearman@0.20,esm2_wtm,explore,0.0,0.44635193133047213,0.44635193133047213
NUD15_HUMAN_Suiter_2020,9,2,96,enrich@1.5,supervised,supervised,3.0,3.0,0.0
NUD15_HUMAN_Suiter_2020,9,2,96,enrich@1.0,supervised,supervised,3.0,3.0,0.0
NUD15_HUMAN_Suiter_2020,9,2,96,auroc@0.55,supervised,supervised,3.0,3.0,0.0
NUD15_HUMAN_Suiter_2020,9,2,96,auroc@0.60,supervised,supervised,3.0,3.0,0.0
NUD15_HUMAN_Suiter_2020,9,2,96,auroc@0.65,supervised,supervised,3.0,3.0,0.0
NUD15_HUMAN_Suiter_2020,9,2,96,spearman@0.20,supervised,supervised,3.0,3.0,0.0
NUD15_HUMAN_Suiter_2020,9,3,144,enrich@1.5,supervised,esm2_wtm,0.0,1.0,1.0
NUD15_HUMAN_Suiter_2020,9,3,144,enrich@1.0,supervised,esm2_wtm,0.0,1.0,1.0
NUD15_HUMAN_Suiter_2020,9,3,144,auroc@0.55,supervised,esm2_wtm,0.0,1.0,1.0
NUD15_HUMAN_Suiter_2020,9,3,144,auroc@0.60,supervised,esm2_wtm,0.0,1.0,1.0
NUD15_HUMAN_Suiter_2020,9,3,144,auroc@0.65,supervised,esm2_wtm,0.0,1.0,1.0
NUD15_HUMAN_Suiter_2020,9,3,144,spearman@0.20,supervised,esm2_wtm,0.0,1.0,1.0
NUD15_HUMAN_Suiter_2020,10,0,0,enrich@1.5,explore,explore,0.47257383966244726,0.47257383966244726,0.0
NUD15_HUMAN_Suiter_2020,10,0,0,enrich@1.0,explore,explore,0.47257383966244726,0.47257383966244726,0.0
NUD15_HUMAN_Suiter_2020,10,0,0,auroc@0.55,explore,explore,0.47257383966244726,0.47257383966244726,0.0
NUD15_HUMAN_Suiter_2020,10,0,0,auroc@0.60,explore,explore,0.47257383966244726,0.47257383966244726,0.0
NUD15_HUMAN_Suiter_2020,10,0,0,auroc@0.65,explore,explore,0.47257383966244726,0.47257383966244726,0.0
NUD15_HUMAN_Suiter_2020,10,0,0,spearman@0.20,explore,explore,0.47257383966244726,0.47257383966244726,0.0
NUD15_HUMAN_Suiter_2020,10,1,48,enrich@1.5,supervised,explore,0.0,0.48068669527896996,0.48068669527896996
NUD15_HUMAN_Suiter_2020,10,1,48,enrich@1.0,supervised,explore,0.0,0.48068669527896996,0.48068669527896996
NUD15_HUMAN_Suiter_2020,10,1,48,auroc@0.55,supervised,explore,0.0,0.48068669527896996,0.48068669527896996
NUD15_HUMAN_Suiter_2020,10,1,48,auroc@0.60,supervised,explore,0.0,0.48068669527896996,0.48068669527896996
NUD15_HUMAN_Suiter_2020,10,1,48,auroc@0.65,supervised,explore,0.0,0.48068669527896996,0.48068669527896996
NUD15_HUMAN_Suiter_2020,10,1,48,spearman@0.20,esm2_wtm,explore,0.0,0.48068669527896996,0.48068669527896996
NUD15_HUMAN_Suiter_2020,10,2,96,enrich@1.5,supervised,supervised,1.0,1.0,0.0
NUD15_HUMAN_Suiter_2020,10,2,96,enrich@1.0,supervised,supervised,1.0,1.0,0.0
NUD15_HUMAN_Suiter_2020,10,2,96,auroc@0.55,supervised,supervised,1.0,1.0,0.0
NUD15_HUMAN_Suiter_2020,10,2,96,auroc@0.60,supervised,supervised,1.0,1.0,0.0
NUD15_HUMAN_Suiter_2020,10,2,96,auroc@0.65,supervised,supervised,1.0,1.0,0.0
NUD15_HUMAN_Suiter_2020,10,2,96,spearman@0.20,supervised,supervised,1.0,1.0,0.0
NUD15_HUMAN_Suiter_2020,10,3,144,enrich@1.5,supervised,esm2_wtm,0.0,1.0,1.0
NUD15_HUMAN_Suiter_2020,10,3,144,enrich@1.0,supervised,esm2_wtm,0.0,1.0,1.0
NUD15_HUMAN_Suiter_2020,10,3,144,auroc@0.55,supervised,esm2_wtm,0.0,1.0,1.0
NUD15_HUMAN_Suiter_2020,10,3,144,auroc@0.60,supervised,esm2_wtm,0.0,1.0,1.0
NUD15_HUMAN_Suiter_2020,10,3,144,auroc@0.65,supervised,esm2_wtm,0.0,1.0,1.0
NUD15_HUMAN_Suiter_2020,10,3,144,spearman@0.20,supervised,esm2_wtm,0.0,1.0,1.0
NUD15_HUMAN_Suiter_2020,11,0,0,enrich@1.5,explore,explore,0.47257383966244726,0.47257383966244726,0.0
NUD15_HUMAN_Suiter_2020,11,0,0,enrich@1.0,explore,explore,0.47257383966244726,0.47257383966244726,0.0
NUD15_HUMAN_Suiter_2020,11,0,0,auroc@0.55,explore,explore,0.47257383966244726,0.47257383966244726,0.0
NUD15_HUMAN_Suiter_2020,11,0,0,auroc@0.60,explore,explore,0.47257383966244726,0.47257383966244726,0.0
NUD15_HUMAN_Suiter_2020,11,0,0,auroc@0.65,explore,explore,0.47257383966244726,0.47257383966244726,0.0
NUD15_HUMAN_Suiter_2020,11,0,0,spearman@0.20,explore,explore,0.47257383966244726,0.47257383966244726,0.0
NUD15_HUMAN_Suiter_2020,11,1,48,enrich@1.5,esm2_wtm,explore,0.0,0.48068669527896996,0.48068669527896996
NUD15_HUMAN_Suiter_2020,11,1,48,enrich@1.0,esm2_wtm,explore,0.0,0.48068669527896996,0.48068669527896996
NUD15_HUMAN_Suiter_2020,11,1,48,auroc@0.55,explore,explore,0.48068669527896996,0.48068669527896996,0.0
NUD15_HUMAN_Suiter_2020,11,1,48,auroc@0.60,explore,explore,0.48068669527896996,0.48068669527896996,0.0
NUD15_HUMAN_Suiter_2020,11,1,48,auroc@0.65,explore,explore,0.48068669527896996,0.48068669527896996,0.0
NUD15_HUMAN_Suiter_2020,11,1,48,spearman@0.20,supervised,explore,0.0,0.48068669527896996,0.48068669527896996
NUD15_HUMAN_Suiter_2020,11,2,96,enrich@1.5,supervised,supervised,1.0,1.0,0.0
NUD15_HUMAN_Suiter_2020,11,2,96,enrich@1.0,supervised,supervised,1.0,1.0,0.0
NUD15_HUMAN_Suiter_2020,11,2,96,auroc@0.55,supervised,supervised,1.0,1.0,0.0
NUD15_HUMAN_Suiter_2020,11,2,96,auroc@0.60,supervised,supervised,1.0,1.0,0.0
NUD15_HUMAN_Suiter_2020,11,2,96,auroc@0.65,supervised,supervised,1.0,1.0,0.0
NUD15_HUMAN_Suiter_2020,11,2,96,spearman@0.20,supervised,supervised,1.0,1.0,0.0
NUD15_HUMAN_Suiter_2020,11,3,144,enrich@1.5,supervised,supervised,1.0,1.0,0.0
NUD15_HUMAN_Suiter_2020,11,3,144,enrich@1.0,supervised,supervised,1.0,1.0,0.0
NUD15_HUMAN_Suiter_2020,11,3,144,auroc@0.55,supervised,supervised,1.0,1.0,0.0
NUD15_HUMAN_Suiter_2020,11,3,144,auroc@0.60,supervised,supervised,1.0,1.0,0.0
NUD15_HUMAN_Suiter_2020,11,3,144,auroc@0.65,supervised,supervised,1.0,1.0,0.0
NUD15_HUMAN_Suiter_2020,11,3,144,spearman@0.20,supervised,supervised,1.0,1.0,0.0
NUD15_HUMAN_Suiter_2020,12,0,0,enrich@1.5,explore,explore,0.47257383966244726,0.47257383966244726,0.0
NUD15_HUMAN_Suiter_2020,12,0,0,enrich@1.0,explore,explore,0.47257383966244726,0.47257383966244726,0.0
NUD15_HUMAN_Suiter_2020,12,0,0,auroc@0.55,explore,explore,0.47257383966244726,0.47257383966244726,0.0
NUD15_HUMAN_Suiter_2020,12,0,0,auroc@0.60,explore,explore,0.47257383966244726,0.47257383966244726,0.0
NUD15_HUMAN_Suiter_2020,12,0,0,auroc@0.65,explore,explore,0.47257383966244726,0.47257383966244726,0.0
NUD15_HUMAN_Suiter_2020,12,0,0,spearman@0.20,explore,explore,0.47257383966244726,0.47257383966244726,0.0
NUD15_HUMAN_Suiter_2020,12,1,48,enrich@1.5,supervised,supervised,1.0,1.0,0.0
NUD15_HUMAN_Suiter_2020,12,1,48,enrich@1.0,supervised,supervised,1.0,1.0,0.0
NUD15_HUMAN_Suiter_2020,12,1,48,auroc@0.55,esm2_wtm,supervised,0.0,1.0,1.0
NUD15_HUMAN_Suiter_2020,12,1,48,auroc@0.60,esm2_wtm,supervised,0.0,1.0,1.0
NUD15_HUMAN_Suiter_2020,12,1,48,auroc@0.65,esm2_wtm,supervised,0.0,1.0,1.0
NUD15_HUMAN_Suiter_2020,12,1,48,spearman@0.20,esm2_wtm,supervised,0.0,1.0,1.0
NUD15_HUMAN_Suiter_2020,12,2,96,enrich@1.5,supervised,supervised,2.0,2.0,0.0
NUD15_HUMAN_Suiter_2020,12,2,96,enrich@1.0,supervised,supervised,2.0,2.0,0.0
NUD15_HUMAN_Suiter_2020,12,2,96,auroc@0.55,supervised,supervised,2.0,2.0,0.0
NUD15_HUMAN_Suiter_2020,12,2,96,auroc@0.60,supervised,supervised,2.0,2.0,0.0
NUD15_HUMAN_Suiter_2020,12,2,96,auroc@0.65,supervised,supervised,2.0,2.0,0.0
NUD15_HUMAN_Suiter_2020,12,2,96,spearman@0.20,supervised,supervised,2.0,2.0,0.0
NUD15_HUMAN_Suiter_2020,12,3,144,enrich@1.5,explore,supervised,0.4266666666666667,1.0,0.5733333333333333
NUD15_HUMAN_Suiter_2020,12,3,144,enrich@1.0,esm2_wtm,supervised,0.0,1.0,1.0
NUD15_HUMAN_Suiter_2020,12,3,144,auroc@0.55,supervised,supervised,1.0,1.0,0.0
NUD15_HUMAN_Suiter_2020,12,3,144,auroc@0.60,supervised,supervised,1.0,1.0,0.0
NUD15_HUMAN_Suiter_2020,12,3,144,auroc@0.65,supervised,supervised,1.0,1.0,0.0
NUD15_HUMAN_Suiter_2020,12,3,144,spearman@0.20,supervised,supervised,1.0,1.0,0.0
NUD15_HUMAN_Suiter_2020,13,0,0,enrich@1.5,explore,explore,0.47257383966244726,0.47257383966244726,0.0
NUD15_HUMAN_Suiter_2020,13,0,0,enrich@1.0,explore,explore,0.47257383966244726,0.47257383966244726,0.0
NUD15_HUMAN_Suiter_2020,13,0,0,auroc@0.55,explore,explore,0.47257383966244726,0.47257383966244726,0.0
NUD15_HUMAN_Suiter_2020,13,0,0,auroc@0.60,explore,explore,0.47257383966244726,0.47257383966244726,0.0
NUD15_HUMAN_Suiter_2020,13,0,0,auroc@0.65,explore,explore,0.47257383966244726,0.47257383966244726,0.0
NUD15_HUMAN_Suiter_2020,13,0,0,spearman@0.20,explore,explore,0.47257383966244726,0.47257383966244726,0.0
NUD15_HUMAN_Suiter_2020,13,1,48,enrich@1.5,esm2_wtm,explore,0.0,0.463519313304721,0.463519313304721
NUD15_HUMAN_Suiter_2020,13,1,48,enrich@1.0,esm2_wtm,explore,0.0,0.463519313304721,0.463519313304721
NUD15_HUMAN_Suiter_2020,13,1,48,auroc@0.55,esm2_wtm,explore,0.0,0.463519313304721,0.463519313304721
NUD15_HUMAN_Suiter_2020,13,1,48,auroc@0.60,esm2_wtm,explore,0.0,0.463519313304721,0.463519313304721
NUD15_HUMAN_Suiter_2020,13,1,48,auroc@0.65,esm2_wtm,explore,0.0,0.463519313304721,0.463519313304721
NUD15_HUMAN_Suiter_2020,13,1,48,spearman@0.20,esm2_wtm,explore,0.0,0.463519313304721,0.463519313304721
NUD15_HUMAN_Suiter_2020,13,2,96,enrich@1.5,supervised,esm2_wtm,0.0,1.0,1.0
NUD15_HUMAN_Suiter_2020,13,2,96,enrich@1.0,supervised,esm2_wtm,0.0,1.0,1.0
NUD15_HUMAN_Suiter_2020,13,2,96,auroc@0.55,esm2_wtm,esm2_wtm,1.0,1.0,0.0
NUD15_HUMAN_Suiter_2020,13,2,96,auroc@0.60,esm2_wtm,esm2_wtm,1.0,1.0,0.0
NUD15_HUMAN_Suiter_2020,13,2,96,auroc@0.65,esm2_wtm,esm2_wtm,1.0,1.0,0.0
NUD15_HUMAN_Suiter_2020,13,2,96,spearman@0.20,esm2_wtm,esm2_wtm,1.0,1.0,0.0
NUD15_HUMAN_Suiter_2020,13,3,144,enrich@1.5,supervised,esm2_wtm,0.0,1.0,1.0
NUD15_HUMAN_Suiter_2020,13,3,144,enrich@1.0,supervised,esm2_wtm,0.0,1.0,1.0
NUD15_HUMAN_Suiter_2020,13,3,144,auroc@0.55,supervised,esm2_wtm,0.0,1.0,1.0
NUD15_HUMAN_Suiter_2020,13,3,144,auroc@0.60,supervised,esm2_wtm,0.0,1.0,1.0
NUD15_HUMAN_Suiter_2020,13,3,144,auroc@0.65,supervised,esm2_wtm,0.0,1.0,1.0
NUD15_HUMAN_Suiter_2020,13,3,144,spearman@0.20,supervised,esm2_wtm,0.0,1.0,1.0
NUD15_HUMAN_Suiter_2020,14,0,0,enrich@1.5,explore,explore,0.47257383966244726,0.47257383966244726,0.0
NUD15_HUMAN_Suiter_2020,14,0,0,enrich@1.0,explore,explore,0.47257383966244726,0.47257383966244726,0.0
NUD15_HUMAN_Suiter_2020,14,0,0,auroc@0.55,explore,explore,0.47257383966244726,0.47257383966244726,0.0
NUD15_HUMAN_Suiter_2020,14,0,0,auroc@0.60,explore,explore,0.47257383966244726,0.47257383966244726,0.0
NUD15_HUMAN_Suiter_2020,14,0,0,auroc@0.65,explore,explore,0.47257383966244726,0.47257383966244726,0.0
NUD15_HUMAN_Suiter_2020,14,0,0,spearman@0.20,explore,explore,0.47257383966244726,0.47257383966244726,0.0
NUD15_HUMAN_Suiter_2020,14,1,48,enrich@1.5,supervised,supervised,1.0,1.0,0.0
NUD15_HUMAN_Suiter_2020,14,1,48,enrich@1.0,supervised,supervised,1.0,1.0,0.0
NUD15_HUMAN_Suiter_2020,14,1,48,auroc@0.55,supervised,supervised,1.0,1.0,0.0
NUD15_HUMAN_Suiter_2020,14,1,48,auroc@0.60,supervised,supervised,1.0,1.0,0.0
NUD15_HUMAN_Suiter_2020,14,1,48,auroc@0.65,supervised,supervised,1.0,1.0,0.0
NUD15_HUMAN_Suiter_2020,14,1,48,spearman@0.20,esm2_wtm,supervised,0.0,1.0,1.0
NUD15_HUMAN_Suiter_2020,14,2,96,enrich@1.5,supervised,explore,0.0,0.47161572052401746,0.47161572052401746
NUD15_HUMAN_Suiter_2020,14,2,96,enrich@1.0,supervised,explore,0.0,0.47161572052401746,0.47161572052401746
NUD15_HUMAN_Suiter_2020,14,2,96,auroc@0.55,supervised,explore,0.0,0.47161572052401746,0.47161572052401746
NUD15_HUMAN_Suiter_2020,14,2,96,auroc@0.60,supervised,explore,0.0,0.47161572052401746,0.47161572052401746
NUD15_HUMAN_Suiter_2020,14,2,96,auroc@0.65,supervised,explore,0.0,0.47161572052401746,0.47161572052401746
NUD15_HUMAN_Suiter_2020,14,2,96,spearman@0.20,supervised,explore,0.0,0.47161572052401746,0.47161572052401746
NUD15_HUMAN_Suiter_2020,14,3,144,enrich@1.5,supervised,explore,0.0,0.48,0.48
NUD15_HUMAN_Suiter_2020,14,3,144,enrich@1.0,supervised,explore,0.0,0.48,0.48
NUD15_HUMAN_Suiter_2020,14,3,144,auroc@0.55,supervised,explore,0.0,0.48,0.48
NUD15_HUMAN_Suiter_2020,14,3,144,auroc@0.60,supervised,explore,0.0,0.48,0.48
NUD15_HUMAN_Suiter_2020,14,3,144,auroc@0.65,supervised,explore,0.0,0.48,0.48
NUD15_HUMAN_Suiter_2020,14,3,144,spearman@0.20,supervised,explore,0.0,0.48,0.48
NUD15_HUMAN_Suiter_2020,15,0,0,enrich@1.5,explore,explore,0.47257383966244726,0.47257383966244726,0.0
NUD15_HUMAN_Suiter_2020,15,0,0,enrich@1.0,explore,explore,0.47257383966244726,0.47257383966244726,0.0
NUD15_HUMAN_Suiter_2020,15,0,0,auroc@0.55,explore,explore,0.47257383966244726,0.47257383966244726,0.0
NUD15_HUMAN_Suiter_2020,15,0,0,auroc@0.60,explore,explore,0.47257383966244726,0.47257383966244726,0.0
NUD15_HUMAN_Suiter_2020,15,0,0,auroc@0.65,explore,explore,0.47257383966244726,0.47257383966244726,0.0
NUD15_HUMAN_Suiter_2020,15,0,0,spearman@0.20,explore,explore,0.47257383966244726,0.47257383966244726,0.0
NUD15_HUMAN_Suiter_2020,15,1,48,enrich@1.5,supervised,supervised,2.0,2.0,0.0
NUD15_HUMAN_Suiter_2020,15,1,48,enrich@1.0,supervised,supervised,2.0,2.0,0.0
NUD15_HUMAN_Suiter_2020,15,1,48,auroc@0.55,supervised,supervised,2.0,2.0,0.0
NUD15_HUMAN_Suiter_2020,15,1,48,auroc@0.60,supervised,supervised,2.0,2.0,0.0
NUD15_HUMAN_Suiter_2020,15,1,48,auroc@0.65,supervised,supervised,2.0,2.0,0.0
NUD15_HUMAN_Suiter_2020,15,1,48,spearman@0.20,supervised,supervised,2.0,2.0,0.0
NUD15_HUMAN_Suiter_2020,15,2,96,enrich@1.5,supervised,supervised,1.0,1.0,0.0
NUD15_HUMAN_Suiter_2020,15,2,96,enrich@1.0,supervised,supervised,1.0,1.0,0.0
NUD15_HUMAN_Suiter_2020,15,2,96,auroc@0.55,supervised,supervised,1.0,1.0,0.0
NUD15_HUMAN_Suiter_2020,15,2,96,auroc@0.60,supervised,supervised,1.0,1.0,0.0
NUD15_HUMAN_Suiter_2020,15,2,96,auroc@0.65,supervised,supervised,1.0,1.0,0.0
NUD15_HUMAN_Suiter_2020,15,2,96,spearman@0.20,supervised,supervised,1.0,1.0,0.0
NUD15_HUMAN_Suiter_2020,15,3,144,enrich@1.5,esm2_wtm,supervised,0.0,1.0,1.0
NUD15_HUMAN_Suiter_2020,15,3,144,enrich@1.0,esm2_wtm,supervised,0.0,1.0,1.0
NUD15_HUMAN_Suiter_2020,15,3,144,auroc@0.55,esm2_wtm,supervised,0.0,1.0,1.0
NUD15_HUMAN_Suiter_2020,15,3,144,auroc@0.60,esm2_wtm,supervised,0.0,1.0,1.0
NUD15_HUMAN_Suiter_2020,15,3,144,auroc@0.65,esm2_wtm,supervised,0.0,1.0,1.0
NUD15_HUMAN_Suiter_2020,15,3,144,spearman@0.20,supervised,supervised,1.0,1.0,0.0
NUD15_HUMAN_Suiter_2020,16,0,0,enrich@1.5,explore,explore,0.47257383966244726,0.47257383966244726,0.0
NUD15_HUMAN_Suiter_2020,16,0,0,enrich@1.0,explore,explore,0.47257383966244726,0.47257383966244726,0.0
NUD15_HUMAN_Suiter_2020,16,0,0,auroc@0.55,explore,explore,0.47257383966244726,0.47257383966244726,0.0
NUD15_HUMAN_Suiter_2020,16,0,0,auroc@0.60,explore,explore,0.47257383966244726,0.47257383966244726,0.0
NUD15_HUMAN_Suiter_2020,16,0,0,auroc@0.65,explore,explore,0.47257383966244726,0.47257383966244726,0.0
NUD15_HUMAN_Suiter_2020,16,0,0,spearman@0.20,explore,explore,0.47257383966244726,0.47257383966244726,0.0
NUD15_HUMAN_Suiter_2020,16,1,48,enrich@1.5,supervised,supervised,1.0,1.0,0.0
NUD15_HUMAN_Suiter_2020,16,1,48,enrich@1.0,supervised,supervised,1.0,1.0,0.0
NUD15_HUMAN_Suiter_2020,16,1,48,auroc@0.55,esm2_wtm,supervised,0.0,1.0,1.0
NUD15_HUMAN_Suiter_2020,16,1,48,auroc@0.60,esm2_wtm,supervised,0.0,1.0,1.0
NUD15_HUMAN_Suiter_2020,16,1,48,auroc@0.65,esm2_wtm,supervised,0.0,1.0,1.0
NUD15_HUMAN_Suiter_2020,16,1,48,spearman@0.20,esm2_wtm,supervised,0.0,1.0,1.0
NUD15_HUMAN_Suiter_2020,16,2,96,enrich@1.5,esm2_wtm,supervised,0.0,2.0,2.0
NUD15_HUMAN_Suiter_2020,16,2,96,enrich@1.0,esm2_wtm,supervised,0.0,2.0,2.0
NUD15_HUMAN_Suiter_2020,16,2,96,auroc@0.55,esm2_wtm,supervised,0.0,2.0,2.0
NUD15_HUMAN_Suiter_2020,16,2,96,auroc@0.60,esm2_wtm,supervised,0.0,2.0,2.0
NUD15_HUMAN_Suiter_2020,16,2,96,auroc@0.65,esm2_wtm,supervised,0.0,2.0,2.0
NUD15_HUMAN_Suiter_2020,16,2,96,spearman@0.20,esm2_wtm,supervised,0.0,2.0,2.0
NUD15_HUMAN_Suiter_2020,16,3,144,enrich@1.5,explore,supervised,0.4622222222222222,3.0,2.537777777777778
NUD15_HUMAN_Suiter_2020,16,3,144,enrich@1.0,supervised,supervised,3.0,3.0,0.0
NUD15_HUMAN_Suiter_2020,16,3,144,auroc@0.55,supervised,supervised,3.0,3.0,0.0
NUD15_HUMAN_Suiter_2020,16,3,144,auroc@0.60,supervised,supervised,3.0,3.0,0.0
NUD15_HUMAN_Suiter_2020,16,3,144,auroc@0.65,supervised,supervised,3.0,3.0,0.0
NUD15_HUMAN_Suiter_2020,16,3,144,spearman@0.20,supervised,supervised,3.0,3.0,0.0
NUD15_HUMAN_Suiter_2020,17,0,0,enrich@1.5,explore,explore,0.47257383966244726,0.47257383966244726,0.0
NUD15_HUMAN_Suiter_2020,17,0,0,enrich@1.0,explore,explore,0.47257383966244726,0.47257383966244726,0.0
NUD15_HUMAN_Suiter_2020,17,0,0,auroc@0.55,explore,explore,0.47257383966244726,0.47257383966244726,0.0
NUD15_HUMAN_Suiter_2020,17,0,0,auroc@0.60,explore,explore,0.47257383966244726,0.47257383966244726,0.0
NUD15_HUMAN_Suiter_2020,17,0,0,auroc@0.65,explore,explore,0.47257383966244726,0.47257383966244726,0.0
NUD15_HUMAN_Suiter_2020,17,0,0,spearman@0.20,explore,explore,0.47257383966244726,0.47257383966244726,0.0
NUD15_HUMAN_Suiter_2020,17,1,48,enrich@1.5,esm2_wtm,supervised,0.0,1.0,1.0
NUD15_HUMAN_Suiter_2020,17,1,48,enrich@1.0,esm2_wtm,supervised,0.0,1.0,1.0
NUD15_HUMAN_Suiter_2020,17,1,48,auroc@0.55,esm2_wtm,supervised,0.0,1.0,1.0
NUD15_HUMAN_Suiter_2020,17,1,48,auroc@0.60,esm2_wtm,supervised,0.0,1.0,1.0
NUD15_HUMAN_Suiter_2020,17,1,48,auroc@0.65,esm2_wtm,supervised,0.0,1.0,1.0
NUD15_HUMAN_Suiter_2020,17,1,48,spearman@0.20,esm2_wtm,supervised,0.0,1.0,1.0
NUD15_HUMAN_Suiter_2020,17,2,96,enrich@1.5,explore,supervised,0.45414847161572053,2.0,1.5458515283842795
NUD15_HUMAN_Suiter_2020,17,2,96,enrich@1.0,explore,supervised,0.45414847161572053,2.0,1.5458515283842795
NUD15_HUMAN_Suiter_2020,17,2,96,auroc@0.55,esm2_wtm,supervised,1.0,2.0,1.0
NUD15_HUMAN_Suiter_2020,17,2,96,auroc@0.60,esm2_wtm,supervised,1.0,2.0,1.0
NUD15_HUMAN_Suiter_2020,17,2,96,auroc@0.65,esm2_wtm,supervised,1.0,2.0,1.0
NUD15_HUMAN_Suiter_2020,17,2,96,spearman@0.20,esm2_wtm,supervised,1.0,2.0,1.0
NUD15_HUMAN_Suiter_2020,17,3,144,enrich@1.5,explore,supervised,0.4622222222222222,3.0,2.537777777777778
NUD15_HUMAN_Suiter_2020,17,3,144,enrich@1.0,explore,supervised,0.4622222222222222,3.0,2.537777777777778
NUD15_HUMAN_Suiter_2020,17,3,144,auroc@0.55,esm2_wtm,supervised,1.0,3.0,2.0
NUD15_HUMAN_Suiter_2020,17,3,144,auroc@0.60,esm2_wtm,supervised,1.0,3.0,2.0
NUD15_HUMAN_Suiter_2020,17,3,144,auroc@0.65,esm2_wtm,supervised,1.0,3.0,2.0
NUD15_HUMAN_Suiter_2020,17,3,144,spearman@0.20,esm2_wtm,supervised,1.0,3.0,2.0
NUD15_HUMAN_Suiter_2020,18,0,0,enrich@1.5,explore,explore,0.47257383966244726,0.47257383966244726,0.0
NUD15_HUMAN_Suiter_2020,18,0,0,enrich@1.0,explore,explore,0.47257383966244726,0.47257383966244726,0.0
NUD15_HUMAN_Suiter_2020,18,0,0,auroc@0.55,explore,explore,0.47257383966244726,0.47257383966244726,0.0
NUD15_HUMAN_Suiter_2020,18,0,0,auroc@0.60,explore,explore,0.47257383966244726,0.47257383966244726,0.0
NUD15_HUMAN_Suiter_2020,18,0,0,auroc@0.65,explore,explore,0.47257383966244726,0.47257383966244726,0.0
NUD15_HUMAN_Suiter_2020,18,0,0,spearman@0.20,explore,explore,0.47257383966244726,0.47257383966244726,0.0
NUD15_HUMAN_Suiter_2020,18,1,48,enrich@1.5,supervised,explore,0.0,0.48068669527896996,0.48068669527896996
NUD15_HUMAN_Suiter_2020,18,1,48,enrich@1.0,supervised,explore,0.0,0.48068669527896996,0.48068669527896996
NUD15_HUMAN_Suiter_2020,18,1,48,auroc@0.55,supervised,explore,0.0,0.48068669527896996,0.48068669527896996
NUD15_HUMAN_Suiter_2020,18,1,48,auroc@0.60,supervised,explore,0.0,0.48068669527896996,0.48068669527896996
NUD15_HUMAN_Suiter_2020,18,1,48,auroc@0.65,supervised,explore,0.0,0.48068669527896996,0.48068669527896996
NUD15_HUMAN_Suiter_2020,18,1,48,spearman@0.20,supervised,explore,0.0,0.48068669527896996,0.48068669527896996
NUD15_HUMAN_Suiter_2020,18,2,96,enrich@1.5,supervised,explore,0.0,0.4890829694323144,0.4890829694323144
NUD15_HUMAN_Suiter_2020,18,2,96,enrich@1.0,supervised,explore,0.0,0.4890829694323144,0.4890829694323144
NUD15_HUMAN_Suiter_2020,18,2,96,auroc@0.55,supervised,explore,0.0,0.4890829694323144,0.4890829694323144
NUD15_HUMAN_Suiter_2020,18,2,96,auroc@0.60,supervised,explore,0.0,0.4890829694323144,0.4890829694323144
NUD15_HUMAN_Suiter_2020,18,2,96,auroc@0.65,supervised,explore,0.0,0.4890829694323144,0.4890829694323144
NUD15_HUMAN_Suiter_2020,18,2,96,spearman@0.20,supervised,explore,0.0,0.4890829694323144,0.4890829694323144
NUD15_HUMAN_Suiter_2020,18,3,144,enrich@1.5,supervised,explore,0.0,0.49777777777777776,0.49777777777777776
NUD15_HUMAN_Suiter_2020,18,3,144,enrich@1.0,supervised,explore,0.0,0.49777777777777776,0.49777777777777776
NUD15_HUMAN_Suiter_2020,18,3,144,auroc@0.55,supervised,explore,0.0,0.49777777777777776,0.49777777777777776
NUD15_HUMAN_Suiter_2020,18,3,144,auroc@0.60,supervised,explore,0.0,0.49777777777777776,0.49777777777777776
NUD15_HUMAN_Suiter_2020,18,3,144,auroc@0.65,supervised,explore,0.0,0.49777777777777776,0.49777777777777776
NUD15_HUMAN_Suiter_2020,18,3,144,spearman@0.20,supervised,explore,0.0,0.49777777777777776,0.49777777777777776
NUD15_HUMAN_Suiter_2020,19,0,0,enrich@1.5,explore,explore,0.47257383966244726,0.47257383966244726,0.0
NUD15_HUMAN_Suiter_2020,19,0,0,enrich@1.0,explore,explore,0.47257383966244726,0.47257383966244726,0.0
NUD15_HUMAN_Suiter_2020,19,0,0,auroc@0.55,explore,explore,0.47257383966244726,0.47257383966244726,0.0
NUD15_HUMAN_Suiter_2020,19,0,0,auroc@0.60,explore,explore,0.47257383966244726,0.47257383966244726,0.0
NUD15_HUMAN_Suiter_2020,19,0,0,auroc@0.65,explore,explore,0.47257383966244726,0.47257383966244726,0.0
NUD15_HUMAN_Suiter_2020,19,0,0,spearman@0.20,explore,explore,0.47257383966244726,0.47257383966244726,0.0
NUD15_HUMAN_Suiter_2020,19,1,48,enrich@1.5,esm2_wtm,supervised,0.0,1.0,1.0
NUD15_HUMAN_Suiter_2020,19,1,48,enrich@1.0,esm2_wtm,supervised,0.0,1.0,1.0
NUD15_HUMAN_Suiter_2020,19,1,48,auroc@0.55,esm2_wtm,supervised,0.0,1.0,1.0
NUD15_HUMAN_Suiter_2020,19,1,48,auroc@0.60,esm2_wtm,supervised,0.0,1.0,1.0
NUD15_HUMAN_Suiter_2020,19,1,48,auroc@0.65,esm2_wtm,supervised,0.0,1.0,1.0
NUD15_HUMAN_Suiter_2020,19,1,48,spearman@0.20,esm2_wtm,supervised,0.0,1.0,1.0
NUD15_HUMAN_Suiter_2020,19,2,96,enrich@1.5,explore,esm2_wtm,0.4890829694323144,1.0,0.5109170305676856
NUD15_HUMAN_Suiter_2020,19,2,96,enrich@1.0,explore,esm2_wtm,0.4890829694323144,1.0,0.5109170305676856
NUD15_HUMAN_Suiter_2020,19,2,96,auroc@0.55,esm2_wtm,esm2_wtm,1.0,1.0,0.0
NUD15_HUMAN_Suiter_2020,19,2,96,auroc@0.60,esm2_wtm,esm2_wtm,1.0,1.0,0.0
NUD15_HUMAN_Suiter_2020,19,2,96,auroc@0.65,esm2_wtm,esm2_wtm,1.0,1.0,0.0
NUD15_HUMAN_Suiter_2020,19,2,96,spearman@0.20,supervised,esm2_wtm,0.0,1.0,1.0
NUD15_HUMAN_Suiter_2020,19,3,144,enrich@1.5,esm2_wtm,esm2_wtm,1.0,1.0,0.0
NUD15_HUMAN_Suiter_2020,19,3,144,enrich@1.0,esm2_wtm,esm2_wtm,1.0,1.0,0.0
NUD15_HUMAN_Suiter_2020,19,3,144,auroc@0.55,esm2_wtm,esm2_wtm,1.0,1.0,0.0
NUD15_HUMAN_Suiter_2020,19,3,144,auroc@0.60,esm2_wtm,esm2_wtm,1.0,1.0,0.0
NUD15_HUMAN_Suiter_2020,19,3,144,auroc@0.65,esm2_wtm,esm2_wtm,1.0,1.0,0.0
NUD15_HUMAN_Suiter_2020,19,3,144,spearman@0.20,supervised,esm2_wtm,0.0,1.0,1.0
NUD15_HUMAN_Suiter_2020,20,0,0,enrich@1.5,explore,explore,0.47257383966244726,0.47257383966244726,0.0
NUD15_HUMAN_Suiter_2020,20,0,0,enrich@1.0,explore,explore,0.47257383966244726,0.47257383966244726,0.0
NUD15_HUMAN_Suiter_2020,20,0,0,auroc@0.55,explore,explore,0.47257383966244726,0.47257383966244726,0.0
NUD15_HUMAN_Suiter_2020,20,0,0,auroc@0.60,explore,explore,0.47257383966244726,0.47257383966244726,0.0
NUD15_HUMAN_Suiter_2020,20,0,0,auroc@0.65,explore,explore,0.47257383966244726,0.47257383966244726,0.0
NUD15_HUMAN_Suiter_2020,20,0,0,spearman@0.20,explore,explore,0.47257383966244726,0.47257383966244726,0.0
NUD15_HUMAN_Suiter_2020,20,1,48,enrich@1.5,esm2_wtm,explore,0.0,0.463519313304721,0.463519313304721
NUD15_HUMAN_Suiter_2020,20,1,48,enrich@1.0,esm2_wtm,explore,0.0,0.463519313304721,0.463519313304721
NUD15_HUMAN_Suiter_2020,20,1,48,auroc@0.55,esm2_wtm,explore,0.0,0.463519313304721,0.463519313304721
NUD15_HUMAN_Suiter_2020,20,1,48,auroc@0.60,esm2_wtm,explore,0.0,0.463519313304721,0.463519313304721
NUD15_HUMAN_Suiter_2020,20,1,48,auroc@0.65,esm2_wtm,explore,0.0,0.463519313304721,0.463519313304721
NUD15_HUMAN_Suiter_2020,20,1,48,spearman@0.20,esm2_wtm,explore,0.0,0.463519313304721,0.463519313304721
NUD15_HUMAN_Suiter_2020,20,2,96,enrich@1.5,supervised,esm2_wtm,0.0,1.0,1.0
NUD15_HUMAN_Suiter_2020,20,2,96,enrich@1.0,supervised,esm2_wtm,0.0,1.0,1.0
NUD15_HUMAN_Suiter_2020,20,2,96,auroc@0.55,esm2_wtm,esm2_wtm,1.0,1.0,0.0
NUD15_HUMAN_Suiter_2020,20,2,96,auroc@0.60,esm2_wtm,esm2_wtm,1.0,1.0,0.0
NUD15_HUMAN_Suiter_2020,20,2,96,auroc@0.65,esm2_wtm,esm2_wtm,1.0,1.0,0.0
NUD15_HUMAN_Suiter_2020,20,2,96,spearman@0.20,supervised,esm2_wtm,0.0,1.0,1.0
NUD15_HUMAN_Suiter_2020,20,3,144,enrich@1.5,supervised,supervised,1.0,1.0,0.0
NUD15_HUMAN_Suiter_2020,20,3,144,enrich@1.0,supervised,supervised,1.0,1.0,0.0
NUD15_HUMAN_Suiter_2020,20,3,144,auroc@0.55,supervised,supervised,1.0,1.0,0.0
NUD15_HUMAN_Suiter_2020,20,3,144,auroc@0.60,supervised,supervised,1.0,1.0,0.0
NUD15_HUMAN_Suiter_2020,20,3,144,auroc@0.65,supervised,supervised,1.0,1.0,0.0
NUD15_HUMAN_Suiter_2020,20,3,144,spearman@0.20,supervised,supervised,1.0,1.0,0.0
NUD15_HUMAN_Suiter_2020,21,0,0,enrich@1.5,explore,explore,0.47257383966244726,0.47257383966244726,0.0
NUD15_HUMAN_Suiter_2020,21,0,0,enrich@1.0,explore,explore,0.47257383966244726,0.47257383966244726,0.0
NUD15_HUMAN_Suiter_2020,21,0,0,auroc@0.55,explore,explore,0.47257383966244726,0.47257383966244726,0.0
NUD15_HUMAN_Suiter_2020,21,0,0,auroc@0.60,explore,explore,0.47257383966244726,0.47257383966244726,0.0
NUD15_HUMAN_Suiter_2020,21,0,0,auroc@0.65,explore,explore,0.47257383966244726,0.47257383966244726,0.0
NUD15_HUMAN_Suiter_2020,21,0,0,spearman@0.20,explore,explore,0.47257383966244726,0.47257383966244726,0.0
NUD15_HUMAN_Suiter_2020,21,1,48,enrich@1.5,supervised,explore,0.0,0.463519313304721,0.463519313304721
NUD15_HUMAN_Suiter_2020,21,1,48,enrich@1.0,supervised,explore,0.0,0.463519313304721,0.463519313304721
NUD15_HUMAN_Suiter_2020,21,1,48,auroc@0.55,supervised,explore,0.0,0.463519313304721,0.463519313304721
NUD15_HUMAN_Suiter_2020,21,1,48,auroc@0.60,supervised,explore,0.0,0.463519313304721,0.463519313304721
NUD15_HUMAN_Suiter_2020,21,1,48,auroc@0.65,supervised,explore,0.0,0.463519313304721,0.463519313304721
NUD15_HUMAN_Suiter_2020,21,1,48,spearman@0.20,esm2_wtm,explore,0.0,0.463519313304721,0.463519313304721
NUD15_HUMAN_Suiter_2020,21,2,96,enrich@1.5,supervised,supervised,1.0,1.0,0.0
NUD15_HUMAN_Suiter_2020,21,2,96,enrich@1.0,supervised,supervised,1.0,1.0,0.0
NUD15_HUMAN_Suiter_2020,21,2,96,auroc@0.55,esm2_wtm,supervised,0.0,1.0,1.0
NUD15_HUMAN_Suiter_2020,21,2,96,auroc@0.60,esm2_wtm,supervised,0.0,1.0,1.0
NUD15_HUMAN_Suiter_2020,21,2,96,auroc@0.65,esm2_wtm,supervised,0.0,1.0,1.0
NUD15_HUMAN_Suiter_2020,21,2,96,spearman@0.20,esm2_wtm,supervised,0.0,1.0,1.0
NUD15_HUMAN_Suiter_2020,21,3,144,enrich@1.5,supervised,esm2_wtm,0.0,1.0,1.0
NUD15_HUMAN_Suiter_2020,21,3,144,enrich@1.0,supervised,esm2_wtm,0.0,1.0,1.0
NUD15_HUMAN_Suiter_2020,21,3,144,auroc@0.55,esm2_wtm,esm2_wtm,1.0,1.0,0.0
NUD15_HUMAN_Suiter_2020,21,3,144,auroc@0.60,esm2_wtm,esm2_wtm,1.0,1.0,0.0
NUD15_HUMAN_Suiter_2020,21,3,144,auroc@0.65,esm2_wtm,esm2_wtm,1.0,1.0,0.0
NUD15_HUMAN_Suiter_2020,21,3,144,spearman@0.20,supervised,esm2_wtm,0.0,1.0,1.0
NUD15_HUMAN_Suiter_2020,22,0,0,enrich@1.5,explore,explore,0.47257383966244726,0.47257383966244726,0.0
NUD15_HUMAN_Suiter_2020,22,0,0,enrich@1.0,explore,explore,0.47257383966244726,0.47257383966244726,0.0
NUD15_HUMAN_Suiter_2020,22,0,0,auroc@0.55,explore,explore,0.47257383966244726,0.47257383966244726,0.0
NUD15_HUMAN_Suiter_2020,22,0,0,auroc@0.60,explore,explore,0.47257383966244726,0.47257383966244726,0.0
NUD15_HUMAN_Suiter_2020,22,0,0,auroc@0.65,explore,explore,0.47257383966244726,0.47257383966244726,0.0
NUD15_HUMAN_Suiter_2020,22,0,0,spearman@0.20,explore,explore,0.47257383966244726,0.47257383966244726,0.0
NUD15_HUMAN_Suiter_2020,22,1,48,enrich@1.5,supervised,supervised,2.0,2.0,0.0
NUD15_HUMAN_Suiter_2020,22,1,48,enrich@1.0,supervised,supervised,2.0,2.0,0.0
NUD15_HUMAN_Suiter_2020,22,1,48,auroc@0.55,esm2_wtm,supervised,0.0,2.0,2.0
NUD15_HUMAN_Suiter_2020,22,1,48,auroc@0.60,esm2_wtm,supervised,0.0,2.0,2.0
NUD15_HUMAN_Suiter_2020,22,1,48,auroc@0.65,explore,supervised,0.44635193133047213,2.0,1.5536480686695278
NUD15_HUMAN_Suiter_2020,22,1,48,spearman@0.20,esm2_wtm,supervised,0.0,2.0,2.0
NUD15_HUMAN_Suiter_2020,22,2,96,enrich@1.5,supervised,supervised,2.0,2.0,0.0
NUD15_HUMAN_Suiter_2020,22,2,96,enrich@1.0,supervised,supervised,2.0,2.0,0.0
NUD15_HUMAN_Suiter_2020,22,2,96,auroc@0.55,supervised,supervised,2.0,2.0,0.0
NUD15_HUMAN_Suiter_2020,22,2,96,auroc@0.60,supervised,supervised,2.0,2.0,0.0
NUD15_HUMAN_Suiter_2020,22,2,96,auroc@0.65,supervised,supervised,2.0,2.0,0.0
NUD15_HUMAN_Suiter_2020,22,2,96,spearman@0.20,esm2_wtm,supervised,0.0,2.0,2.0
NUD15_HUMAN_Suiter_2020,22,3,144,enrich@1.5,esm2_wtm,supervised,0.0,2.0,2.0
NUD15_HUMAN_Suiter_2020,22,3,144,enrich@1.0,esm2_wtm,supervised,0.0,2.0,2.0
NUD15_HUMAN_Suiter_2020,22,3,144,auroc@0.55,esm2_wtm,supervised,0.0,2.0,2.0
NUD15_HUMAN_Suiter_2020,22,3,144,auroc@0.60,esm2_wtm,supervised,0.0,2.0,2.0
NUD15_HUMAN_Suiter_2020,22,3,144,auroc@0.65,esm2_wtm,supervised,0.0,2.0,2.0
NUD15_HUMAN_Suiter_2020,22,3,144,spearman@0.20,supervised,supervised,2.0,2.0,0.0
NUD15_HUMAN_Suiter_2020,23,0,0,enrich@1.5,explore,explore,0.47257383966244726,0.47257383966244726,0.0
NUD15_HUMAN_Suiter_2020,23,0,0,enrich@1.0,explore,explore,0.47257383966244726,0.47257383966244726,0.0
NUD15_HUMAN_Suiter_2020,23,0,0,auroc@0.55,explore,explore,0.47257383966244726,0.47257383966244726,0.0
NUD15_HUMAN_Suiter_2020,23,0,0,auroc@0.60,explore,explore,0.47257383966244726,0.47257383966244726,0.0
NUD15_HUMAN_Suiter_2020,23,0,0,auroc@0.65,explore,explore,0.47257383966244726,0.47257383966244726,0.0
NUD15_HUMAN_Suiter_2020,23,0,0,spearman@0.20,explore,explore,0.47257383966244726,0.47257383966244726,0.0
NUD15_HUMAN_Suiter_2020,23,1,48,enrich@1.5,supervised,explore,0.0,0.463519313304721,0.463519313304721
NUD15_HUMAN_Suiter_2020,23,1,48,enrich@1.0,supervised,explore,0.0,0.463519313304721,0.463519313304721
NUD15_HUMAN_Suiter_2020,23,1,48,auroc@0.55,esm2_wtm,explore,0.0,0.463519313304721,0.463519313304721
NUD15_HUMAN_Suiter_2020,23,1,48,auroc@0.60,esm2_wtm,explore,0.0,0.463519313304721,0.463519313304721
NUD15_HUMAN_Suiter_2020,23,1,48,auroc@0.65,esm2_wtm,explore,0.0,0.463519313304721,0.463519313304721
NUD15_HUMAN_Suiter_2020,23,1,48,spearman@0.20,esm2_wtm,explore,0.0,0.463519313304721,0.463519313304721
NUD15_HUMAN_Suiter_2020,23,2,96,enrich@1.5,explore,supervised,0.47161572052401746,1.0,0.5283842794759825
NUD15_HUMAN_Suiter_2020,23,2,96,enrich@1.0,explore,supervised,0.47161572052401746,1.0,0.5283842794759825
NUD15_HUMAN_Suiter_2020,23,2,96,auroc@0.55,esm2_wtm,supervised,0.0,1.0,1.0
NUD15_HUMAN_Suiter_2020,23,2,96,auroc@0.60,esm2_wtm,supervised,0.0,1.0,1.0
NUD15_HUMAN_Suiter_2020,23,2,96,auroc@0.65,explore,supervised,0.47161572052401746,1.0,0.5283842794759825
NUD15_HUMAN_Suiter_2020,23,2,96,spearman@0.20,esm2_wtm,supervised,0.0,1.0,1.0
NUD15_HUMAN_Suiter_2020,23,3,144,enrich@1.5,explore,supervised,0.4622222222222222,1.0,0.5377777777777778
NUD15_HUMAN_Suiter_2020,23,3,144,enrich@1.0,explore,supervised,0.4622222222222222,1.0,0.5377777777777778
NUD15_HUMAN_Suiter_2020,23,3,144,auroc@0.55,esm2_wtm,supervised,0.0,1.0,1.0
NUD15_HUMAN_Suiter_2020,23,3,144,auroc@0.60,esm2_wtm,supervised,0.0,1.0,1.0
NUD15_HUMAN_Suiter_2020,23,3,144,auroc@0.65,esm2_wtm,supervised,0.0,1.0,1.0
NUD15_HUMAN_Suiter_2020,23,3,144,spearman@0.20,esm2_wtm,supervised,0.0,1.0,1.0
NUD15_HUMAN_Suiter_2020,24,0,0,enrich@1.5,explore,explore,0.47257383966244726,0.47257383966244726,0.0
NUD15_HUMAN_Suiter_2020,24,0,0,enrich@1.0,explore,explore,0.47257383966244726,0.47257383966244726,0.0
NUD15_HUMAN_Suiter_2020,24,0,0,auroc@0.55,explore,explore,0.47257383966244726,0.47257383966244726,0.0
NUD15_HUMAN_Suiter_2020,24,0,0,auroc@0.60,explore,explore,0.47257383966244726,0.47257383966244726,0.0
NUD15_HUMAN_Suiter_2020,24,0,0,auroc@0.65,explore,explore,0.47257383966244726,0.47257383966244726,0.0
NUD15_HUMAN_Suiter_2020,24,0,0,spearman@0.20,explore,explore,0.47257383966244726,0.47257383966244726,0.0
NUD15_HUMAN_Suiter_2020,24,1,48,enrich@1.5,explore,explore,0.48068669527896996,0.48068669527896996,0.0
NUD15_HUMAN_Suiter_2020,24,1,48,enrich@1.0,explore,explore,0.48068669527896996,0.48068669527896996,0.0
NUD15_HUMAN_Suiter_2020,24,1,48,auroc@0.55,supervised,explore,0.0,0.48068669527896996,0.48068669527896996
NUD15_HUMAN_Suiter_2020,24,1,48,auroc@0.60,supervised,explore,0.0,0.48068669527896996,0.48068669527896996
NUD15_HUMAN_Suiter_2020,24,1,48,auroc@0.65,supervised,explore,0.0,0.48068669527896996,0.48068669527896996
NUD15_HUMAN_Suiter_2020,24,1,48,spearman@0.20,esm2_wtm,explore,0.0,0.48068669527896996,0.48068669527896996
NUD15_HUMAN_Suiter_2020,24,2,96,enrich@1.5,explore,supervised,0.4890829694323144,1.0,0.5109170305676856
NUD15_HUMAN_Suiter_2020,24,2,96,enrich@1.0,explore,supervised,0.4890829694323144,1.0,0.5109170305676856
NUD15_HUMAN_Suiter_2020,24,2,96,auroc@0.55,esm2_wtm,supervised,0.0,1.0,1.0
NUD15_HUMAN_Suiter_2020,24,2,96,auroc@0.60,esm2_wtm,supervised,0.0,1.0,1.0
NUD15_HUMAN_Suiter_2020,24,2,96,auroc@0.65,explore,supervised,0.4890829694323144,1.0,0.5109170305676856
NUD15_HUMAN_Suiter_2020,24,2,96,spearman@0.20,esm2_wtm,supervised,0.0,1.0,1.0
NUD15_HUMAN_Suiter_2020,24,3,144,enrich@1.5,esm2_wtm,supervised,0.0,2.0,2.0
NUD15_HUMAN_Suiter_2020,24,3,144,enrich@1.0,esm2_wtm,supervised,0.0,2.0,2.0
NUD15_HUMAN_Suiter_2020,24,3,144,auroc@0.55,esm2_wtm,supervised,0.0,2.0,2.0
NUD15_HUMAN_Suiter_2020,24,3,144,auroc@0.60,esm2_wtm,supervised,0.0,2.0,2.0
NUD15_HUMAN_Suiter_2020,24,3,144,auroc@0.65,esm2_wtm,supervised,0.0,2.0,2.0
NUD15_HUMAN_Suiter_2020,24,3,144,spearman@0.20,esm2_wtm,supervised,0.0,2.0,2.0
NUD15_HUMAN_Suiter_2020,25,0,0,enrich@1.5,explore,explore,0.47257383966244726,0.47257383966244726,0.0
NUD15_HUMAN_Suiter_2020,25,0,0,enrich@1.0,explore,explore,0.47257383966244726,0.47257383966244726,0.0
NUD15_HUMAN_Suiter_2020,25,0,0,auroc@0.55,explore,explore,0.47257383966244726,0.47257383966244726,0.0
NUD15_HUMAN_Suiter_2020,25,0,0,auroc@0.60,explore,explore,0.47257383966244726,0.47257383966244726,0.0
NUD15_HUMAN_Suiter_2020,25,0,0,auroc@0.65,explore,explore,0.47257383966244726,0.47257383966244726,0.0
NUD15_HUMAN_Suiter_2020,25,0,0,spearman@0.20,explore,explore,0.47257383966244726,0.47257383966244726,0.0
NUD15_HUMAN_Suiter_2020,25,1,48,enrich@1.5,supervised,explore,0.0,0.48068669527896996,0.48068669527896996
NUD15_HUMAN_Suiter_2020,25,1,48,enrich@1.0,supervised,explore,0.0,0.48068669527896996,0.48068669527896996
NUD15_HUMAN_Suiter_2020,25,1,48,auroc@0.55,supervised,explore,0.0,0.48068669527896996,0.48068669527896996
NUD15_HUMAN_Suiter_2020,25,1,48,auroc@0.60,supervised,explore,0.0,0.48068669527896996,0.48068669527896996
NUD15_HUMAN_Suiter_2020,25,1,48,auroc@0.65,supervised,explore,0.0,0.48068669527896996,0.48068669527896996
NUD15_HUMAN_Suiter_2020,25,1,48,spearman@0.20,esm2_wtm,explore,0.0,0.48068669527896996,0.48068669527896996
NUD15_HUMAN_Suiter_2020,25,2,96,enrich@1.5,explore,supervised,0.4890829694323144,1.0,0.5109170305676856
NUD15_HUMAN_Suiter_2020,25,2,96,enrich@1.0,explore,supervised,0.4890829694323144,1.0,0.5109170305676856
NUD15_HUMAN_Suiter_2020,25,2,96,auroc@0.55,supervised,supervised,1.0,1.0,0.0
NUD15_HUMAN_Suiter_2020,25,2,96,auroc@0.60,supervised,supervised,1.0,1.0,0.0
NUD15_HUMAN_Suiter_2020,25,2,96,auroc@0.65,supervised,supervised,1.0,1.0,0.0
NUD15_HUMAN_Suiter_2020,25,2,96,spearman@0.20,esm2_wtm,supervised,0.0,1.0,1.0
NUD15_HUMAN_Suiter_2020,25,3,144,enrich@1.5,explore,explore,0.49777777777777776,0.49777777777777776,0.0
NUD15_HUMAN_Suiter_2020,25,3,144,enrich@1.0,supervised,explore,0.0,0.49777777777777776,0.49777777777777776
NUD15_HUMAN_Suiter_2020,25,3,144,auroc@0.55,supervised,explore,0.0,0.49777777777777776,0.49777777777777776
NUD15_HUMAN_Suiter_2020,25,3,144,auroc@0.60,supervised,explore,0.0,0.49777777777777776,0.49777777777777776
NUD15_HUMAN_Suiter_2020,25,3,144,auroc@0.65,supervised,explore,0.0,0.49777777777777776,0.49777777777777776
NUD15_HUMAN_Suiter_2020,25,3,144,spearman@0.20,supervised,explore,0.0,0.49777777777777776,0.49777777777777776
NUD15_HUMAN_Suiter_2020,26,0,0,enrich@1.5,explore,explore,0.47257383966244726,0.47257383966244726,0.0
NUD15_HUMAN_Suiter_2020,26,0,0,enrich@1.0,explore,explore,0.47257383966244726,0.47257383966244726,0.0
NUD15_HUMAN_Suiter_2020,26,0,0,auroc@0.55,explore,explore,0.47257383966244726,0.47257383966244726,0.0
NUD15_HUMAN_Suiter_2020,26,0,0,auroc@0.60,explore,explore,0.47257383966244726,0.47257383966244726,0.0
NUD15_HUMAN_Suiter_2020,26,0,0,auroc@0.65,explore,explore,0.47257383966244726,0.47257383966244726,0.0
NUD15_HUMAN_Suiter_2020,26,0,0,spearman@0.20,explore,explore,0.47257383966244726,0.47257383966244726,0.0
NUD15_HUMAN_Suiter_2020,26,1,48,enrich@1.5,esm2_wtm,supervised,0.0,1.0,1.0
NUD15_HUMAN_Suiter_2020,26,1,48,enrich@1.0,esm2_wtm,supervised,0.0,1.0,1.0
NUD15_HUMAN_Suiter_2020,26,1,48,auroc@0.55,esm2_wtm,supervised,0.0,1.0,1.0
NUD15_HUMAN_Suiter_2020,26,1,48,auroc@0.60,esm2_wtm,supervised,0.0,1.0,1.0
NUD15_HUMAN_Suiter_2020,26,1,48,auroc@0.65,esm2_wtm,supervised,0.0,1.0,1.0
NUD15_HUMAN_Suiter_2020,26,1,48,spearman@0.20,supervised,supervised,1.0,1.0,0.0
NUD15_HUMAN_Suiter_2020,26,2,96,enrich@1.5,explore,esm2_wtm,0.47161572052401746,1.0,0.5283842794759825
NUD15_HUMAN_Suiter_2020,26,2,96,enrich@1.0,explore,esm2_wtm,0.47161572052401746,1.0,0.5283842794759825
NUD15_HUMAN_Suiter_2020,26,2,96,auroc@0.55,esm2_wtm,esm2_wtm,1.0,1.0,0.0
NUD15_HUMAN_Suiter_2020,26,2,96,auroc@0.60,esm2_wtm,esm2_wtm,1.0,1.0,0.0
NUD15_HUMAN_Suiter_2020,26,2,96,auroc@0.65,explore,esm2_wtm,0.47161572052401746,1.0,0.5283842794759825
NUD15_HUMAN_Suiter_2020,26,2,96,spearman@0.20,supervised,esm2_wtm,0.0,1.0,1.0
NUD15_HUMAN_Suiter_2020,26,3,144,enrich@1.5,explore,esm2_wtm,0.4622222222222222,1.0,0.5377777777777778
NUD15_HUMAN_Suiter_2020,26,3,144,enrich@1.0,esm2_wtm,esm2_wtm,1.0,1.0,0.0
NUD15_HUMAN_Suiter_2020,26,3,144,auroc@0.55,supervised,esm2_wtm,0.0,1.0,1.0
NUD15_HUMAN_Suiter_2020,26,3,144,auroc@0.60,supervised,esm2_wtm,0.0,1.0,1.0
NUD15_HUMAN_Suiter_2020,26,3,144,auroc@0.65,explore,esm2_wtm,0.4622222222222222,1.0,0.5377777777777778
NUD15_HUMAN_Suiter_2020,26,3,144,spearman@0.20,supervised,esm2_wtm,0.0,1.0,1.0
NUD15_HUMAN_Suiter_2020,27,0,0,enrich@1.5,explore,explore,0.47257383966244726,0.47257383966244726,0.0
NUD15_HUMAN_Suiter_2020,27,0,0,enrich@1.0,explore,explore,0.47257383966244726,0.47257383966244726,0.0
NUD15_HUMAN_Suiter_2020,27,0,0,auroc@0.55,explore,explore,0.47257383966244726,0.47257383966244726,0.0
NUD15_HUMAN_Suiter_2020,27,0,0,auroc@0.60,explore,explore,0.47257383966244726,0.47257383966244726,0.0
NUD15_HUMAN_Suiter_2020,27,0,0,auroc@0.65,explore,explore,0.47257383966244726,0.47257383966244726,0.0
NUD15_HUMAN_Suiter_2020,27,0,0,spearman@0.20,explore,explore,0.47257383966244726,0.47257383966244726,0.0
NUD15_HUMAN_Suiter_2020,27,1,48,enrich@1.5,esm2_wtm,supervised,0.0,1.0,1.0
NUD15_HUMAN_Suiter_2020,27,1,48,enrich@1.0,esm2_wtm,supervised,0.0,1.0,1.0
NUD15_HUMAN_Suiter_2020,27,1,48,auroc@0.55,esm2_wtm,supervised,0.0,1.0,1.0
NUD15_HUMAN_Suiter_2020,27,1,48,auroc@0.60,esm2_wtm,supervised,0.0,1.0,1.0
NUD15_HUMAN_Suiter_2020,27,1,48,auroc@0.65,esm2_wtm,supervised,0.0,1.0,1.0
NUD15_HUMAN_Suiter_2020,27,1,48,spearman@0.20,esm2_wtm,supervised,0.0,1.0,1.0
NUD15_HUMAN_Suiter_2020,27,2,96,enrich@1.5,explore,supervised,0.47161572052401746,1.0,0.5283842794759825
NUD15_HUMAN_Suiter_2020,27,2,96,enrich@1.0,explore,supervised,0.47161572052401746,1.0,0.5283842794759825
NUD15_HUMAN_Suiter_2020,27,2,96,auroc@0.55,esm2_wtm,supervised,1.0,1.0,0.0
NUD15_HUMAN_Suiter_2020,27,2,96,auroc@0.60,esm2_wtm,supervised,1.0,1.0,0.0
NUD15_HUMAN_Suiter_2020,27,2,96,auroc@0.65,esm2_wtm,supervised,1.0,1.0,0.0
NUD15_HUMAN_Suiter_2020,27,2,96,spearman@0.20,supervised,supervised,1.0,1.0,0.0
NUD15_HUMAN_Suiter_2020,27,3,144,enrich@1.5,esm2_wtm,supervised,1.0,1.0,0.0
NUD15_HUMAN_Suiter_2020,27,3,144,enrich@1.0,esm2_wtm,supervised,1.0,1.0,0.0
NUD15_HUMAN_Suiter_2020,27,3,144,auroc@0.55,esm2_wtm,supervised,1.0,1.0,0.0
NUD15_HUMAN_Suiter_2020,27,3,144,auroc@0.60,esm2_wtm,supervised,1.0,1.0,0.0
NUD15_HUMAN_Suiter_2020,27,3,144,auroc@0.65,esm2_wtm,supervised,1.0,1.0,0.0
NUD15_HUMAN_Suiter_2020,27,3,144,spearman@0.20,esm2_wtm,supervised,1.0,1.0,0.0
NUD15_HUMAN_Suiter_2020,28,0,0,enrich@1.5,explore,explore,0.47257383966244726,0.47257383966244726,0.0
NUD15_HUMAN_Suiter_2020,28,0,0,enrich@1.0,explore,explore,0.47257383966244726,0.47257383966244726,0.0
NUD15_HUMAN_Suiter_2020,28,0,0,auroc@0.55,explore,explore,0.47257383966244726,0.47257383966244726,0.0
NUD15_HUMAN_Suiter_2020,28,0,0,auroc@0.60,explore,explore,0.47257383966244726,0.47257383966244726,0.0
NUD15_HUMAN_Suiter_2020,28,0,0,auroc@0.65,explore,explore,0.47257383966244726,0.47257383966244726,0.0
NUD15_HUMAN_Suiter_2020,28,0,0,spearman@0.20,explore,explore,0.47257383966244726,0.47257383966244726,0.0
NUD15_HUMAN_Suiter_2020,28,1,48,enrich@1.5,explore,explore,0.48068669527896996,0.48068669527896996,0.0
NUD15_HUMAN_Suiter_2020,28,1,48,enrich@1.0,explore,explore,0.48068669527896996,0.48068669527896996,0.0
NUD15_HUMAN_Suiter_2020,28,1,48,auroc@0.55,esm2_wtm,explore,0.0,0.48068669527896996,0.48068669527896996
NUD15_HUMAN_Suiter_2020,28,1,48,auroc@0.60,esm2_wtm,explore,0.0,0.48068669527896996,0.48068669527896996
NUD15_HUMAN_Suiter_2020,28,1,48,auroc@0.65,esm2_wtm,explore,0.0,0.48068669527896996,0.48068669527896996
NUD15_HUMAN_Suiter_2020,28,1,48,spearman@0.20,esm2_wtm,explore,0.0,0.48068669527896996,0.48068669527896996
NUD15_HUMAN_Suiter_2020,28,2,96,enrich@1.5,esm2_wtm,supervised,0.0,1.0,1.0
NUD15_HUMAN_Suiter_2020,28,2,96,enrich@1.0,esm2_wtm,supervised,0.0,1.0,1.0
NUD15_HUMAN_Suiter_2020,28,2,96,auroc@0.55,esm2_wtm,supervised,0.0,1.0,1.0
NUD15_HUMAN_Suiter_2020,28,2,96,auroc@0.60,esm2_wtm,supervised,0.0,1.0,1.0
NUD15_HUMAN_Suiter_2020,28,2,96,auroc@0.65,esm2_wtm,supervised,0.0,1.0,1.0
NUD15_HUMAN_Suiter_2020,28,2,96,spearman@0.20,esm2_wtm,supervised,0.0,1.0,1.0
NUD15_HUMAN_Suiter_2020,28,3,144,enrich@1.5,supervised,supervised,2.0,2.0,0.0
NUD15_HUMAN_Suiter_2020,28,3,144,enrich@1.0,supervised,supervised,2.0,2.0,0.0
NUD15_HUMAN_Suiter_2020,28,3,144,auroc@0.55,supervised,supervised,2.0,2.0,0.0
NUD15_HUMAN_Suiter_2020,28,3,144,auroc@0.60,supervised,supervised,2.0,2.0,0.0
NUD15_HUMAN_Suiter_2020,28,3,144,auroc@0.65,supervised,supervised,2.0,2.0,0.0
NUD15_HUMAN_Suiter_2020,28,3,144,spearman@0.20,supervised,supervised,2.0,2.0,0.0
NUD15_HUMAN_Suiter_2020,29,0,0,enrich@1.5,explore,explore,0.47257383966244726,0.47257383966244726,0.0
NUD15_HUMAN_Suiter_2020,29,0,0,enrich@1.0,explore,explore,0.47257383966244726,0.47257383966244726,0.0
NUD15_HUMAN_Suiter_2020,29,0,0,auroc@0.55,explore,explore,0.47257383966244726,0.47257383966244726,0.0
NUD15_HUMAN_Suiter_2020,29,0,0,auroc@0.60,explore,explore,0.47257383966244726,0.47257383966244726,0.0
NUD15_HUMAN_Suiter_2020,29,0,0,auroc@0.65,explore,explore,0.47257383966244726,0.47257383966244726,0.0
NUD15_HUMAN_Suiter_2020,29,0,0,spearman@0.20,explore,explore,0.47257383966244726,0.47257383966244726,0.0
NUD15_HUMAN_Suiter_2020,29,1,48,enrich@1.5,supervised,supervised,1.0,1.0,0.0
NUD15_HUMAN_Suiter_2020,29,1,48,enrich@1.0,supervised,supervised,1.0,1.0,0.0
NUD15_HUMAN_Suiter_2020,29,1,48,auroc@0.55,esm2_wtm,supervised,0.0,1.0,1.0
NUD15_HUMAN_Suiter_2020,29,1,48,auroc@0.60,esm2_wtm,supervised,0.0,1.0,1.0
NUD15_HUMAN_Suiter_2020,29,1,48,auroc@0.65,esm2_wtm,supervised,0.0,1.0,1.0
NUD15_HUMAN_Suiter_2020,29,1,48,spearman@0.20,esm2_wtm,supervised,0.0,1.0,1.0
NUD15_HUMAN_Suiter_2020,29,2,96,enrich@1.5,explore,explore,0.47161572052401746,0.47161572052401746,0.0
NUD15_HUMAN_Suiter_2020,29,2,96,enrich@1.0,explore,explore,0.47161572052401746,0.47161572052401746,0.0
NUD15_HUMAN_Suiter_2020,29,2,96,auroc@0.55,supervised,explore,0.0,0.47161572052401746,0.47161572052401746
NUD15_HUMAN_Suiter_2020,29,2,96,auroc@0.60,supervised,explore,0.0,0.47161572052401746,0.47161572052401746
NUD15_HUMAN_Suiter_2020,29,2,96,auroc@0.65,supervised,explore,0.0,0.47161572052401746,0.47161572052401746
NUD15_HUMAN_Suiter_2020,29,2,96,spearman@0.20,esm2_wtm,explore,0.0,0.47161572052401746,0.47161572052401746
NUD15_HUMAN_Suiter_2020,29,3,144,enrich@1.5,supervised,supervised,1.0,1.0,0.0
NUD15_HUMAN_Suiter_2020,29,3,144,enrich@1.0,supervised,supervised,1.0,1.0,0.0
NUD15_HUMAN_Suiter_2020,29,3,144,auroc@0.55,supervised,supervised,1.0,1.0,0.0
NUD15_HUMAN_Suiter_2020,29,3,144,auroc@0.60,supervised,supervised,1.0,1.0,0.0
NUD15_HUMAN_Suiter_2020,29,3,144,auroc@0.65,supervised,supervised,1.0,1.0,0.0
NUD15_HUMAN_Suiter_2020,29,3,144,spearman@0.20,esm2_wtm,supervised,0.0,1.0,1.0
NUD15_HUMAN_Suiter_2020,30,0,0,enrich@1.5,explore,explore,0.47257383966244726,0.47257383966244726,0.0
NUD15_HUMAN_Suiter_2020,30,0,0,enrich@1.0,explore,explore,0.47257383966244726,0.47257383966244726,0.0
NUD15_HUMAN_Suiter_2020,30,0,0,auroc@0.55,explore,explore,0.47257383966244726,0.47257383966244726,0.0
NUD15_HUMAN_Suiter_2020,30,0,0,auroc@0.60,explore,explore,0.47257383966244726,0.47257383966244726,0.0
NUD15_HUMAN_Suiter_2020,30,0,0,auroc@0.65,explore,explore,0.47257383966244726,0.47257383966244726,0.0
NUD15_HUMAN_Suiter_2020,30,0,0,spearman@0.20,explore,explore,0.47257383966244726,0.47257383966244726,0.0
NUD15_HUMAN_Suiter_2020,30,1,48,enrich@1.5,supervised,supervised,4.0,4.0,0.0
NUD15_HUMAN_Suiter_2020,30,1,48,enrich@1.0,supervised,supervised,4.0,4.0,0.0
NUD15_HUMAN_Suiter_2020,30,1,48,auroc@0.55,esm2_wtm,supervised,0.0,4.0,4.0
NUD15_HUMAN_Suiter_2020,30,1,48,auroc@0.60,esm2_wtm,supervised,0.0,4.0,4.0
NUD15_HUMAN_Suiter_2020,30,1,48,auroc@0.65,esm2_wtm,supervised,0.0,4.0,4.0
NUD15_HUMAN_Suiter_2020,30,1,48,spearman@0.20,esm2_wtm,supervised,0.0,4.0,4.0
NUD15_HUMAN_Suiter_2020,30,2,96,enrich@1.5,esm2_wtm,supervised,0.0,3.0,3.0
NUD15_HUMAN_Suiter_2020,30,2,96,enrich@1.0,esm2_wtm,supervised,0.0,3.0,3.0
NUD15_HUMAN_Suiter_2020,30,2,96,auroc@0.55,esm2_wtm,supervised,0.0,3.0,3.0
NUD15_HUMAN_Suiter_2020,30,2,96,auroc@0.60,esm2_wtm,supervised,0.0,3.0,3.0
NUD15_HUMAN_Suiter_2020,30,2,96,auroc@0.65,esm2_wtm,supervised,0.0,3.0,3.0
NUD15_HUMAN_Suiter_2020,30,2,96,spearman@0.20,esm2_wtm,supervised,0.0,3.0,3.0
NUD15_HUMAN_Suiter_2020,30,3,144,enrich@1.5,explore,supervised,0.4266666666666667,1.0,0.5733333333333333
NUD15_HUMAN_Suiter_2020,30,3,144,enrich@1.0,esm2_wtm,supervised,1.0,1.0,0.0
NUD15_HUMAN_Suiter_2020,30,3,144,auroc@0.55,esm2_wtm,supervised,1.0,1.0,0.0
NUD15_HUMAN_Suiter_2020,30,3,144,auroc@0.60,esm2_wtm,supervised,1.0,1.0,0.0
NUD15_HUMAN_Suiter_2020,30,3,144,auroc@0.65,esm2_wtm,supervised,1.0,1.0,0.0
NUD15_HUMAN_Suiter_2020,30,3,144,spearman@0.20,esm2_wtm,supervised,1.0,1.0,0.0
NUD15_HUMAN_Suiter_2020,31,0,0,enrich@1.5,explore,explore,0.47257383966244726,0.47257383966244726,0.0
NUD15_HUMAN_Suiter_2020,31,0,0,enrich@1.0,explore,explore,0.47257383966244726,0.47257383966244726,0.0
NUD15_HUMAN_Suiter_2020,31,0,0,auroc@0.55,explore,explore,0.47257383966244726,0.47257383966244726,0.0
NUD15_HUMAN_Suiter_2020,31,0,0,auroc@0.60,explore,explore,0.47257383966244726,0.47257383966244726,0.0
NUD15_HUMAN_Suiter_2020,31,0,0,auroc@0.65,explore,explore,0.47257383966244726,0.47257383966244726,0.0
NUD15_HUMAN_Suiter_2020,31,0,0,spearman@0.20,explore,explore,0.47257383966244726,0.47257383966244726,0.0
NUD15_HUMAN_Suiter_2020,31,1,48,enrich@1.5,supervised,supervised,1.0,1.0,0.0
NUD15_HUMAN_Suiter_2020,31,1,48,enrich@1.0,supervised,supervised,1.0,1.0,0.0
NUD15_HUMAN_Suiter_2020,31,1,48,auroc@0.55,esm2_wtm,supervised,0.0,1.0,1.0
NUD15_HUMAN_Suiter_2020,31,1,48,auroc@0.60,explore,supervised,0.4291845493562232,1.0,0.5708154506437768
NUD15_HUMAN_Suiter_2020,31,1,48,auroc@0.65,explore,supervised,0.4291845493562232,1.0,0.5708154506437768
NUD15_HUMAN_Suiter_2020,31,1,48,spearman@0.20,esm2_wtm,supervised,0.0,1.0,1.0
NUD15_HUMAN_Suiter_2020,31,2,96,enrich@1.5,explore,supervised,0.4192139737991266,1.0,0.5807860262008734
NUD15_HUMAN_Suiter_2020,31,2,96,enrich@1.0,explore,supervised,0.4192139737991266,1.0,0.5807860262008734
NUD15_HUMAN_Suiter_2020,31,2,96,auroc@0.55,esm2_wtm,supervised,0.0,1.0,1.0
NUD15_HUMAN_Suiter_2020,31,2,96,auroc@0.60,esm2_wtm,supervised,0.0,1.0,1.0
NUD15_HUMAN_Suiter_2020,31,2,96,auroc@0.65,esm2_wtm,supervised,0.0,1.0,1.0
NUD15_HUMAN_Suiter_2020,31,2,96,spearman@0.20,supervised,supervised,1.0,1.0,0.0
NUD15_HUMAN_Suiter_2020,31,3,144,enrich@1.5,explore,explore,0.4266666666666667,0.4266666666666667,0.0
NUD15_HUMAN_Suiter_2020,31,3,144,enrich@1.0,esm2_wtm,explore,0.0,0.4266666666666667,0.4266666666666667
NUD15_HUMAN_Suiter_2020,31,3,144,auroc@0.55,esm2_wtm,explore,0.0,0.4266666666666667,0.4266666666666667
NUD15_HUMAN_Suiter_2020,31,3,144,auroc@0.60,esm2_wtm,explore,0.0,0.4266666666666667,0.4266666666666667
NUD15_HUMAN_Suiter_2020,31,3,144,auroc@0.65,esm2_wtm,explore,0.0,0.4266666666666667,0.4266666666666667
NUD15_HUMAN_Suiter_2020,31,3,144,spearman@0.20,esm2_wtm,explore,0.0,0.4266666666666667,0.4266666666666667
NUD15_HUMAN_Suiter_2020,32,0,0,enrich@1.5,explore,explore,0.47257383966244726,0.47257383966244726,0.0
NUD15_HUMAN_Suiter_2020,32,0,0,enrich@1.0,explore,explore,0.47257383966244726,0.47257383966244726,0.0
NUD15_HUMAN_Suiter_2020,32,0,0,auroc@0.55,explore,explore,0.47257383966244726,0.47257383966244726,0.0
NUD15_HUMAN_Suiter_2020,32,0,0,auroc@0.60,explore,explore,0.47257383966244726,0.47257383966244726,0.0
NUD15_HUMAN_Suiter_2020,32,0,0,auroc@0.65,explore,explore,0.47257383966244726,0.47257383966244726,0.0
NUD15_HUMAN_Suiter_2020,32,0,0,spearman@0.20,explore,explore,0.47257383966244726,0.47257383966244726,0.0
NUD15_HUMAN_Suiter_2020,32,1,48,enrich@1.5,supervised,explore,0.0,0.48068669527896996,0.48068669527896996
NUD15_HUMAN_Suiter_2020,32,1,48,enrich@1.0,supervised,explore,0.0,0.48068669527896996,0.48068669527896996
NUD15_HUMAN_Suiter_2020,32,1,48,auroc@0.55,esm2_wtm,explore,0.0,0.48068669527896996,0.48068669527896996
NUD15_HUMAN_Suiter_2020,32,1,48,auroc@0.60,esm2_wtm,explore,0.0,0.48068669527896996,0.48068669527896996
NUD15_HUMAN_Suiter_2020,32,1,48,auroc@0.65,esm2_wtm,explore,0.0,0.48068669527896996,0.48068669527896996
NUD15_HUMAN_Suiter_2020,32,1,48,spearman@0.20,esm2_wtm,explore,0.0,0.48068669527896996,0.48068669527896996
NUD15_HUMAN_Suiter_2020,32,2,96,enrich@1.5,esm2_wtm,explore,0.0,0.4890829694323144,0.4890829694323144
NUD15_HUMAN_Suiter_2020,32,2,96,enrich@1.0,esm2_wtm,explore,0.0,0.4890829694323144,0.4890829694323144
NUD15_HUMAN_Suiter_2020,32,2,96,auroc@0.55,esm2_wtm,explore,0.0,0.4890829694323144,0.4890829694323144
NUD15_HUMAN_Suiter_2020,32,2,96,auroc@0.60,esm2_wtm,explore,0.0,0.4890829694323144,0.4890829694323144
NUD15_HUMAN_Suiter_2020,32,2,96,auroc@0.65,esm2_wtm,explore,0.0,0.4890829694323144,0.4890829694323144
NUD15_HUMAN_Suiter_2020,32,2,96,spearman@0.20,esm2_wtm,explore,0.0,0.4890829694323144,0.4890829694323144
NUD15_HUMAN_Suiter_2020,32,3,144,enrich@1.5,esm2_wtm,supervised,1.0,2.0,1.0
NUD15_HUMAN_Suiter_2020,32,3,144,enrich@1.0,esm2_wtm,supervised,1.0,2.0,1.0
NUD15_HUMAN_Suiter_2020,32,3,144,auroc@0.55,esm2_wtm,supervised,1.0,2.0,1.0
NUD15_HUMAN_Suiter_2020,32,3,144,auroc@0.60,esm2_wtm,supervised,1.0,2.0,1.0
NUD15_HUMAN_Suiter_2020,32,3,144,auroc@0.65,esm2_wtm,supervised,1.0,2.0,1.0
NUD15_HUMAN_Suiter_2020,32,3,144,spearman@0.20,supervised,supervised,2.0,2.0,0.0
NUD15_HUMAN_Suiter_2020,33,0,0,enrich@1.5,explore,explore,0.47257383966244726,0.47257383966244726,0.0
NUD15_HUMAN_Suiter_2020,33,0,0,enrich@1.0,explore,explore,0.47257383966244726,0.47257383966244726,0.0
NUD15_HUMAN_Suiter_2020,33,0,0,auroc@0.55,explore,explore,0.47257383966244726,0.47257383966244726,0.0
NUD15_HUMAN_Suiter_2020,33,0,0,auroc@0.60,explore,explore,0.47257383966244726,0.47257383966244726,0.0
NUD15_HUMAN_Suiter_2020,33,0,0,auroc@0.65,explore,explore,0.47257383966244726,0.47257383966244726,0.0
NUD15_HUMAN_Suiter_2020,33,0,0,spearman@0.20,explore,explore,0.47257383966244726,0.47257383966244726,0.0
NUD15_HUMAN_Suiter_2020,33,1,48,enrich@1.5,esm2_wtm,supervised,0.0,1.0,1.0
NUD15_HUMAN_Suiter_2020,33,1,48,enrich@1.0,esm2_wtm,supervised,0.0,1.0,1.0
NUD15_HUMAN_Suiter_2020,33,1,48,auroc@0.55,esm2_wtm,supervised,0.0,1.0,1.0
NUD15_HUMAN_Suiter_2020,33,1,48,auroc@0.60,esm2_wtm,supervised,0.0,1.0,1.0
NUD15_HUMAN_Suiter_2020,33,1,48,auroc@0.65,esm2_wtm,supervised,0.0,1.0,1.0
NUD15_HUMAN_Suiter_2020,33,1,48,spearman@0.20,esm2_wtm,supervised,0.0,1.0,1.0
NUD15_HUMAN_Suiter_2020,33,2,96,enrich@1.5,supervised,supervised,1.0,1.0,0.0
NUD15_HUMAN_Suiter_2020,33,2,96,enrich@1.0,supervised,supervised,1.0,1.0,0.0
NUD15_HUMAN_Suiter_2020,33,2,96,auroc@0.55,esm2_wtm,supervised,1.0,1.0,0.0
NUD15_HUMAN_Suiter_2020,33,2,96,auroc@0.60,esm2_wtm,supervised,1.0,1.0,0.0
NUD15_HUMAN_Suiter_2020,33,2,96,auroc@0.65,esm2_wtm,supervised,1.0,1.0,0.0
NUD15_HUMAN_Suiter_2020,33,2,96,spearman@0.20,esm2_wtm,supervised,1.0,1.0,0.0
NUD15_HUMAN_Suiter_2020,33,3,144,enrich@1.5,explore,esm2_wtm,0.48,1.0,0.52
NUD15_HUMAN_Suiter_2020,33,3,144,enrich@1.0,explore,esm2_wtm,0.48,1.0,0.52
NUD15_HUMAN_Suiter_2020,33,3,144,auroc@0.55,supervised,esm2_wtm,0.0,1.0,1.0
NUD15_HUMAN_Suiter_2020,33,3,144,auroc@0.60,supervised,esm2_wtm,0.0,1.0,1.0
NUD15_HUMAN_Suiter_2020,33,3,144,auroc@0.65,supervised,esm2_wtm,0.0,1.0,1.0
NUD15_HUMAN_Suiter_2020,33,3,144,spearman@0.20,supervised,esm2_wtm,0.0,1.0,1.0
NUD15_HUMAN_Suiter_2020,34,0,0,enrich@1.5,explore,explore,0.47257383966244726,0.47257383966244726,0.0
NUD15_HUMAN_Suiter_2020,34,0,0,enrich@1.0,explore,explore,0.47257383966244726,0.47257383966244726,0.0
NUD15_HUMAN_Suiter_2020,34,0,0,auroc@0.55,explore,explore,0.47257383966244726,0.47257383966244726,0.0
NUD15_HUMAN_Suiter_2020,34,0,0,auroc@0.60,explore,explore,0.47257383966244726,0.47257383966244726,0.0
NUD15_HUMAN_Suiter_2020,34,0,0,auroc@0.65,explore,explore,0.47257383966244726,0.47257383966244726,0.0
NUD15_HUMAN_Suiter_2020,34,0,0,spearman@0.20,explore,explore,0.47257383966244726,0.47257383966244726,0.0
NUD15_HUMAN_Suiter_2020,34,1,48,enrich@1.5,esm2_wtm,explore,0.0,0.463519313304721,0.463519313304721
NUD15_HUMAN_Suiter_2020,34,1,48,enrich@1.0,esm2_wtm,explore,0.0,0.463519313304721,0.463519313304721
NUD15_HUMAN_Suiter_2020,34,1,48,auroc@0.55,esm2_wtm,explore,0.0,0.463519313304721,0.463519313304721
NUD15_HUMAN_Suiter_2020,34,1,48,auroc@0.60,esm2_wtm,explore,0.0,0.463519313304721,0.463519313304721
NUD15_HUMAN_Suiter_2020,34,1,48,auroc@0.65,esm2_wtm,explore,0.0,0.463519313304721,0.463519313304721
NUD15_HUMAN_Suiter_2020,34,1,48,spearman@0.20,esm2_wtm,explore,0.0,0.463519313304721,0.463519313304721
NUD15_HUMAN_Suiter_2020,34,2,96,enrich@1.5,explore,esm2_wtm,0.47161572052401746,1.0,0.5283842794759825
NUD15_HUMAN_Suiter_2020,34,2,96,enrich@1.0,explore,esm2_wtm,0.47161572052401746,1.0,0.5283842794759825
NUD15_HUMAN_Suiter_2020,34,2,96,auroc@0.55,explore,esm2_wtm,0.47161572052401746,1.0,0.5283842794759825
NUD15_HUMAN_Suiter_2020,34,2,96,auroc@0.60,explore,esm2_wtm,0.47161572052401746,1.0,0.5283842794759825
NUD15_HUMAN_Suiter_2020,34,2,96,auroc@0.65,explore,esm2_wtm,0.47161572052401746,1.0,0.5283842794759825
NUD15_HUMAN_Suiter_2020,34,2,96,spearman@0.20,esm2_wtm,esm2_wtm,1.0,1.0,0.0
NUD15_HUMAN_Suiter_2020,34,3,144,enrich@1.5,supervised,supervised,1.0,1.0,0.0
NUD15_HUMAN_Suiter_2020,34,3,144,enrich@1.0,supervised,supervised,1.0,1.0,0.0
NUD15_HUMAN_Suiter_2020,34,3,144,auroc@0.55,supervised,supervised,1.0,1.0,0.0
NUD15_HUMAN_Suiter_2020,34,3,144,auroc@0.60,supervised,supervised,1.0,1.0,0.0
NUD15_HUMAN_Suiter_2020,34,3,144,auroc@0.65,supervised,supervised,1.0,1.0,0.0
NUD15_HUMAN_Suiter_2020,34,3,144,spearman@0.20,supervised,supervised,1.0,1.0,0.0
NUD15_HUMAN_Suiter_2020,35,0,0,enrich@1.5,explore,explore,0.47257383966244726,0.47257383966244726,0.0
NUD15_HUMAN_Suiter_2020,35,0,0,enrich@1.0,explore,explore,0.47257383966244726,0.47257383966244726,0.0
NUD15_HUMAN_Suiter_2020,35,0,0,auroc@0.55,explore,explore,0.47257383966244726,0.47257383966244726,0.0
NUD15_HUMAN_Suiter_2020,35,0,0,auroc@0.60,explore,explore,0.47257383966244726,0.47257383966244726,0.0
NUD15_HUMAN_Suiter_2020,35,0,0,auroc@0.65,explore,explore,0.47257383966244726,0.47257383966244726,0.0
NUD15_HUMAN_Suiter_2020,35,0,0,spearman@0.20,explore,explore,0.47257383966244726,0.47257383966244726,0.0
NUD15_HUMAN_Suiter_2020,35,1,48,enrich@1.5,supervised,supervised,1.0,1.0,0.0
NUD15_HUMAN_Suiter_2020,35,1,48,enrich@1.0,supervised,supervised,1.0,1.0,0.0
NUD15_HUMAN_Suiter_2020,35,1,48,auroc@0.55,supervised,supervised,1.0,1.0,0.0
NUD15_HUMAN_Suiter_2020,35,1,48,auroc@0.60,supervised,supervised,1.0,1.0,0.0
NUD15_HUMAN_Suiter_2020,35,1,48,auroc@0.65,supervised,supervised,1.0,1.0,0.0
NUD15_HUMAN_Suiter_2020,35,1,48,spearman@0.20,esm2_wtm,supervised,0.0,1.0,1.0
NUD15_HUMAN_Suiter_2020,35,2,96,enrich@1.5,supervised,supervised,5.0,5.0,0.0
NUD15_HUMAN_Suiter_2020,35,2,96,enrich@1.0,supervised,supervised,5.0,5.0,0.0
NUD15_HUMAN_Suiter_2020,35,2,96,auroc@0.55,supervised,supervised,5.0,5.0,0.0
NUD15_HUMAN_Suiter_2020,35,2,96,auroc@0.60,supervised,supervised,5.0,5.0,0.0
NUD15_HUMAN_Suiter_2020,35,2,96,auroc@0.65,supervised,supervised,5.0,5.0,0.0
NUD15_HUMAN_Suiter_2020,35,2,96,spearman@0.20,esm2_wtm,supervised,0.0,5.0,5.0
NUD15_HUMAN_Suiter_2020,35,3,144,enrich@1.5,supervised,supervised,3.0,3.0,0.0
NUD15_HUMAN_Suiter_2020,35,3,144,enrich@1.0,supervised,supervised,3.0,3.0,0.0
NUD15_HUMAN_Suiter_2020,35,3,144,auroc@0.55,supervised,supervised,3.0,3.0,0.0
NUD15_HUMAN_Suiter_2020,35,3,144,auroc@0.60,supervised,supervised,3.0,3.0,0.0
NUD15_HUMAN_Suiter_2020,35,3,144,auroc@0.65,explore,supervised,0.37333333333333335,3.0,2.6266666666666665
NUD15_HUMAN_Suiter_2020,35,3,144,spearman@0.20,esm2_wtm,supervised,0.0,3.0,3.0
NUD15_HUMAN_Suiter_2020,36,0,0,enrich@1.5,explore,explore,0.47257383966244726,0.47257383966244726,0.0
NUD15_HUMAN_Suiter_2020,36,0,0,enrich@1.0,explore,explore,0.47257383966244726,0.47257383966244726,0.0
NUD15_HUMAN_Suiter_2020,36,0,0,auroc@0.55,explore,explore,0.47257383966244726,0.47257383966244726,0.0
NUD15_HUMAN_Suiter_2020,36,0,0,auroc@0.60,explore,explore,0.47257383966244726,0.47257383966244726,0.0
NUD15_HUMAN_Suiter_2020,36,0,0,auroc@0.65,explore,explore,0.47257383966244726,0.47257383966244726,0.0
NUD15_HUMAN_Suiter_2020,36,0,0,spearman@0.20,explore,explore,0.47257383966244726,0.47257383966244726,0.0
NUD15_HUMAN_Suiter_2020,36,1,48,enrich@1.5,esm2_wtm,supervised,0.0,2.0,2.0
NUD15_HUMAN_Suiter_2020,36,1,48,enrich@1.0,esm2_wtm,supervised,0.0,2.0,2.0
NUD15_HUMAN_Suiter_2020,36,1,48,auroc@0.55,esm2_wtm,supervised,0.0,2.0,2.0
NUD15_HUMAN_Suiter_2020,36,1,48,auroc@0.60,esm2_wtm,supervised,0.0,2.0,2.0
NUD15_HUMAN_Suiter_2020,36,1,48,auroc@0.65,esm2_wtm,supervised,0.0,2.0,2.0
NUD15_HUMAN_Suiter_2020,36,1,48,spearman@0.20,esm2_wtm,supervised,0.0,2.0,2.0
NUD15_HUMAN_Suiter_2020,36,2,96,enrich@1.5,supervised,supervised,2.0,2.0,0.0
NUD15_HUMAN_Suiter_2020,36,2,96,enrich@1.0,supervised,supervised,2.0,2.0,0.0
NUD15_HUMAN_Suiter_2020,36,2,96,auroc@0.55,esm2_wtm,supervised,1.0,2.0,1.0
NUD15_HUMAN_Suiter_2020,36,2,96,auroc@0.60,esm2_wtm,supervised,1.0,2.0,1.0
NUD15_HUMAN_Suiter_2020,36,2,96,auroc@0.65,esm2_wtm,supervised,1.0,2.0,1.0
NUD15_HUMAN_Suiter_2020,36,2,96,spearman@0.20,esm2_wtm,supervised,1.0,2.0,1.0
NUD15_HUMAN_Suiter_2020,36,3,144,enrich@1.5,supervised,esm2_wtm,0.0,1.0,1.0
NUD15_HUMAN_Suiter_2020,36,3,144,enrich@1.0,supervised,esm2_wtm,0.0,1.0,1.0
NUD15_HUMAN_Suiter_2020,36,3,144,auroc@0.55,supervised,esm2_wtm,0.0,1.0,1.0
NUD15_HUMAN_Suiter_2020,36,3,144,auroc@0.60,supervised,esm2_wtm,0.0,1.0,1.0
NUD15_HUMAN_Suiter_2020,36,3,144,auroc@0.65,supervised,esm2_wtm,0.0,1.0,1.0
NUD15_HUMAN_Suiter_2020,36,3,144,spearman@0.20,supervised,esm2_wtm,0.0,1.0,1.0
NUD15_HUMAN_Suiter_2020,37,0,0,enrich@1.5,explore,explore,0.47257383966244726,0.47257383966244726,0.0
NUD15_HUMAN_Suiter_2020,37,0,0,enrich@1.0,explore,explore,0.47257383966244726,0.47257383966244726,0.0
NUD15_HUMAN_Suiter_2020,37,0,0,auroc@0.55,explore,explore,0.47257383966244726,0.47257383966244726,0.0
NUD15_HUMAN_Suiter_2020,37,0,0,auroc@0.60,explore,explore,0.47257383966244726,0.47257383966244726,0.0
NUD15_HUMAN_Suiter_2020,37,0,0,auroc@0.65,explore,explore,0.47257383966244726,0.47257383966244726,0.0
NUD15_HUMAN_Suiter_2020,37,0,0,spearman@0.20,explore,explore,0.47257383966244726,0.47257383966244726,0.0
NUD15_HUMAN_Suiter_2020,37,1,48,enrich@1.5,supervised,supervised,1.0,1.0,0.0
NUD15_HUMAN_Suiter_2020,37,1,48,enrich@1.0,supervised,supervised,1.0,1.0,0.0
NUD15_HUMAN_Suiter_2020,37,1,48,auroc@0.55,esm2_wtm,supervised,0.0,1.0,1.0
NUD15_HUMAN_Suiter_2020,37,1,48,auroc@0.60,esm2_wtm,supervised,0.0,1.0,1.0
NUD15_HUMAN_Suiter_2020,37,1,48,auroc@0.65,esm2_wtm,supervised,0.0,1.0,1.0
NUD15_HUMAN_Suiter_2020,37,1,48,spearman@0.20,esm2_wtm,supervised,0.0,1.0,1.0
NUD15_HUMAN_Suiter_2020,37,2,96,enrich@1.5,explore,supervised,0.47161572052401746,2.0,1.5283842794759825
NUD15_HUMAN_Suiter_2020,37,2,96,enrich@1.0,explore,supervised,0.47161572052401746,2.0,1.5283842794759825
NUD15_HUMAN_Suiter_2020,37,2,96,auroc@0.55,esm2_wtm,supervised,0.0,2.0,2.0
NUD15_HUMAN_Suiter_2020,37,2,96,auroc@0.60,esm2_wtm,supervised,0.0,2.0,2.0
NUD15_HUMAN_Suiter_2020,37,2,96,auroc@0.65,esm2_wtm,supervised,0.0,2.0,2.0
NUD15_HUMAN_Suiter_2020,37,2,96,spearman@0.20,esm2_wtm,supervised,0.0,2.0,2.0
NUD15_HUMAN_Suiter_2020,37,3,144,enrich@1.5,supervised,explore,0.0,0.4622222222222222,0.4622222222222222
NUD15_HUMAN_Suiter_2020,37,3,144,enrich@1.0,supervised,explore,0.0,0.4622222222222222,0.4622222222222222
NUD15_HUMAN_Suiter_2020,37,3,144,auroc@0.55,esm2_wtm,explore,0.0,0.4622222222222222,0.4622222222222222
NUD15_HUMAN_Suiter_2020,37,3,144,auroc@0.60,esm2_wtm,explore,0.0,0.4622222222222222,0.4622222222222222
NUD15_HUMAN_Suiter_2020,37,3,144,auroc@0.65,explore,explore,0.4622222222222222,0.4622222222222222,0.0
NUD15_HUMAN_Suiter_2020,37,3,144,spearman@0.20,esm2_wtm,explore,0.0,0.4622222222222222,0.4622222222222222
NUD15_HUMAN_Suiter_2020,38,0,0,enrich@1.5,explore,explore,0.47257383966244726,0.47257383966244726,0.0
NUD15_HUMAN_Suiter_2020,38,0,0,enrich@1.0,explore,explore,0.47257383966244726,0.47257383966244726,0.0
NUD15_HUMAN_Suiter_2020,38,0,0,auroc@0.55,explore,explore,0.47257383966244726,0.47257383966244726,0.0
NUD15_HUMAN_Suiter_2020,38,0,0,auroc@0.60,explore,explore,0.47257383966244726,0.47257383966244726,0.0
NUD15_HUMAN_Suiter_2020,38,0,0,auroc@0.65,explore,explore,0.47257383966244726,0.47257383966244726,0.0
NUD15_HUMAN_Suiter_2020,38,0,0,spearman@0.20,explore,explore,0.47257383966244726,0.47257383966244726,0.0
NUD15_HUMAN_Suiter_2020,38,1,48,enrich@1.5,esm2_wtm,supervised,0.0,3.0,3.0
NUD15_HUMAN_Suiter_2020,38,1,48,enrich@1.0,esm2_wtm,supervised,0.0,3.0,3.0
NUD15_HUMAN_Suiter_2020,38,1,48,auroc@0.55,esm2_wtm,supervised,0.0,3.0,3.0
NUD15_HUMAN_Suiter_2020,38,1,48,auroc@0.60,esm2_wtm,supervised,0.0,3.0,3.0
NUD15_HUMAN_Suiter_2020,38,1,48,auroc@0.65,esm2_wtm,supervised,0.0,3.0,3.0
NUD15_HUMAN_Suiter_2020,38,1,48,spearman@0.20,esm2_wtm,supervised,0.0,3.0,3.0
NUD15_HUMAN_Suiter_2020,38,2,96,enrich@1.5,explore,esm2_wtm,0.4890829694323144,1.0,0.5109170305676856
NUD15_HUMAN_Suiter_2020,38,2,96,enrich@1.0,explore,esm2_wtm,0.4890829694323144,1.0,0.5109170305676856
NUD15_HUMAN_Suiter_2020,38,2,96,auroc@0.55,esm2_wtm,esm2_wtm,1.0,1.0,0.0
NUD15_HUMAN_Suiter_2020,38,2,96,auroc@0.60,esm2_wtm,esm2_wtm,1.0,1.0,0.0
NUD15_HUMAN_Suiter_2020,38,2,96,auroc@0.65,esm2_wtm,esm2_wtm,1.0,1.0,0.0
NUD15_HUMAN_Suiter_2020,38,2,96,spearman@0.20,supervised,esm2_wtm,0.0,1.0,1.0
NUD15_HUMAN_Suiter_2020,38,3,144,enrich@1.5,esm2_wtm,esm2_wtm,1.0,1.0,0.0
NUD15_HUMAN_Suiter_2020,38,3,144,enrich@1.0,esm2_wtm,esm2_wtm,1.0,1.0,0.0
NUD15_HUMAN_Suiter_2020,38,3,144,auroc@0.55,esm2_wtm,esm2_wtm,1.0,1.0,0.0
NUD15_HUMAN_Suiter_2020,38,3,144,auroc@0.60,esm2_wtm,esm2_wtm,1.0,1.0,0.0
NUD15_HUMAN_Suiter_2020,38,3,144,auroc@0.65,esm2_wtm,esm2_wtm,1.0,1.0,0.0
NUD15_HUMAN_Suiter_2020,38,3,144,spearman@0.20,esm2_wtm,esm2_wtm,1.0,1.0,0.0
NUD15_HUMAN_Suiter_2020,39,0,0,enrich@1.5,explore,explore,0.47257383966244726,0.47257383966244726,0.0
NUD15_HUMAN_Suiter_2020,39,0,0,enrich@1.0,explore,explore,0.47257383966244726,0.47257383966244726,0.0
NUD15_HUMAN_Suiter_2020,39,0,0,auroc@0.55,explore,explore,0.47257383966244726,0.47257383966244726,0.0
NUD15_HUMAN_Suiter_2020,39,0,0,auroc@0.60,explore,explore,0.47257383966244726,0.47257383966244726,0.0
NUD15_HUMAN_Suiter_2020,39,0,0,auroc@0.65,explore,explore,0.47257383966244726,0.47257383966244726,0.0
NUD15_HUMAN_Suiter_2020,39,0,0,spearman@0.20,explore,explore,0.47257383966244726,0.47257383966244726,0.0
NUD15_HUMAN_Suiter_2020,39,1,48,enrich@1.5,supervised,supervised,1.0,1.0,0.0
NUD15_HUMAN_Suiter_2020,39,1,48,enrich@1.0,supervised,supervised,1.0,1.0,0.0
NUD15_HUMAN_Suiter_2020,39,1,48,auroc@0.55,supervised,supervised,1.0,1.0,0.0
NUD15_HUMAN_Suiter_2020,39,1,48,auroc@0.60,supervised,supervised,1.0,1.0,0.0
NUD15_HUMAN_Suiter_2020,39,1,48,auroc@0.65,supervised,supervised,1.0,1.0,0.0
NUD15_HUMAN_Suiter_2020,39,1,48,spearman@0.20,esm2_wtm,supervised,0.0,1.0,1.0
NUD15_HUMAN_Suiter_2020,39,2,96,enrich@1.5,supervised,explore,0.0,0.47161572052401746,0.47161572052401746
NUD15_HUMAN_Suiter_2020,39,2,96,enrich@1.0,supervised,explore,0.0,0.47161572052401746,0.47161572052401746
NUD15_HUMAN_Suiter_2020,39,2,96,auroc@0.55,supervised,explore,0.0,0.47161572052401746,0.47161572052401746
NUD15_HUMAN_Suiter_2020,39,2,96,auroc@0.60,supervised,explore,0.0,0.47161572052401746,0.47161572052401746
NUD15_HUMAN_Suiter_2020,39,2,96,auroc@0.65,supervised,explore,0.0,0.47161572052401746,0.47161572052401746
NUD15_HUMAN_Suiter_2020,39,2,96,spearman@0.20,supervised,explore,0.0,0.47161572052401746,0.47161572052401746
NUD15_HUMAN_Suiter_2020,39,3,144,enrich@1.5,supervised,explore,0.0,0.48,0.48
NUD15_HUMAN_Suiter_2020,39,3,144,enrich@1.0,supervised,explore,0.0,0.48,0.48
NUD15_HUMAN_Suiter_2020,39,3,144,auroc@0.55,supervised,explore,0.0,0.48,0.48
NUD15_HUMAN_Suiter_2020,39,3,144,auroc@0.60,supervised,explore,0.0,0.48,0.48
NUD15_HUMAN_Suiter_2020,39,3,144,auroc@0.65,supervised,explore,0.0,0.48,0.48
NUD15_HUMAN_Suiter_2020,39,3,144,spearman@0.20,supervised,explore,0.0,0.48,0.48
