assay,seed,scorer,gate_auroc,passes_gate,true_yield,random_yield
A4GRB6_PSEAI_Chen_2020,0,honest_zero_shot,0.8093023255813954,True,5.0,0.48426150121065376
A4GRB6_PSEAI_Chen_2020,0,leaked_full,1.0,True,1.0,0.48426150121065376
A4GRB6_PSEAI_Chen_2020,0,leaked_25pct,0.6139534883720931,True,1.0,0.48426150121065376
A4GRB6_PSEAI_Chen_2020,0,leaked_50pct,0.7488372093023257,True,0.0,0.48426150121065376
A4GRB6_PSEAI_Chen_2020,0,leaked_75pct,0.8930232558139536,True,0.0,0.48426150121065376
A4GRB6_PSEAI_Chen_2020,1,honest_zero_shot,0.7488372093023257,True,5.0,0.4745762711864407
A4GRB6_PSEAI_Chen_2020,1,leaked_full,1.0,True,1.0,0.4745762711864407
A4GRB6_PSEAI_Chen_2020,1,leaked_25pct,0.5488372093023256,False,3.0,0.4745762711864407
A4GRB6_PSEAI_Chen_2020,1,leaked_50pct,0.8790697674418604,True,1.0,0.4745762711864407
A4GRB6_PSEAI_Chen_2020,1,leaked_75pct,0.8651162790697674,True,0.0,0.4745762711864407
A4GRB6_PSEAI_Chen_2020,2,honest_zero_shot,0.8697674418604652,True,5.0,0.48426150121065376
A4GRB6_PSEAI_Chen_2020,2,leaked_full,1.0,True,2.0,0.48426150121065376
A4GRB6_PSEAI_Chen_2020,2,leaked_25pct,0.5627906976744186,True,0.0,0.48426150121065376
A4GRB6_PSEAI_Chen_2020,2,leaked_50pct,0.6093023255813953,True,0.0,0.48426150121065376
A4GRB6_PSEAI_Chen_2020,2,leaked_75pct,0.9255813953488372,True,0.0,0.48426150121065376
A4GRB6_PSEAI_Chen_2020,3,honest_zero_shot,0.8418604651162791,True,5.0,0.48426150121065376
A4GRB6_PSEAI_Chen_2020,3,leaked_full,1.0,True,0.0,0.48426150121065376
A4GRB6_PSEAI_Chen_2020,3,leaked_25pct,0.641860465116279,True,2.0,0.48426150121065376
A4GRB6_PSEAI_Chen_2020,3,leaked_50pct,0.8883720930232557,True,1.0,0.48426150121065376
A4GRB6_PSEAI_Chen_2020,3,leaked_75pct,0.9069767441860465,True,1.0,0.48426150121065376
A4GRB6_PSEAI_Chen_2020,4,honest_zero_shot,0.7674418604651163,True,5.0,0.48426150121065376
A4GRB6_PSEAI_Chen_2020,4,leaked_full,1.0,True,1.0,0.48426150121065376
A4GRB6_PSEAI_Chen_2020,4,leaked_25pct,0.5069767441860465,False,1.0,0.48426150121065376
A4GRB6_PSEAI_Chen_2020,4,leaked_50pct,0.7441860465116279,True,0.0,0.48426150121065376
A4GRB6_PSEAI_Chen_2020,4,leaked_75pct,0.9023255813953488,True,1.0,0.48426150121065376
A4GRB6_PSEAI_Chen_2020,5,honest_zero_shot,0.8372093023255814,True,5.0,0.48426150121065376
A4GRB6_PSEAI_Chen_2020,5,leaked_full,1.0,True,1.0,0.48426150121065376
A4GRB6_PSEAI_Chen_2020,5,leaked_25pct,0.5441860465116279,False,1.0,0.48426150121065376
A4GRB6_PSEAI_Chen_2020,5,leaked_50pct,0.6418604651162791,True,0.0,0.48426150121065376
A4GRB6_PSEAI_Chen_2020,5,leaked_75pct,0.9069767441860466,True,1.0,0.48426150121065376
A4GRB6_PSEAI_Chen_2020,6,honest_zero_shot,0.7441860465116279,True,5.0,0.4745762711864407
A4GRB6_PSEAI_Chen_2020,6,leaked_full,1.0,True,0.0,0.4745762711864407
A4GRB6_PSEAI_Chen_2020,6,leaked_25pct,0.7348837209302326,True,0.0,0.4745762711864407
A4GRB6_PSEAI_Chen_2020,6,leaked_50pct,0.8790697674418605,True,1.0,0.4745762711864407
A4GRB6_PSEAI_Chen_2020,6,leaked_75pct,0.9441860465116279,True,1.0,0.4745762711864407
A4GRB6_PSEAI_Chen_2020,7,honest_zero_shot,0.6790697674418604,True,5.0,0.4745762711864407
A4GRB6_PSEAI_Chen_2020,7,leaked_full,1.0,True,1.0,0.4745762711864407
A4GRB6_PSEAI_Chen_2020,7,leaked_25pct,0.7302325581395349,True,0.0,0.4745762711864407
A4GRB6_PSEAI_Chen_2020,7,leaked_50pct,0.9488372093023255,True,1.0,0.4745762711864407
A4GRB6_PSEAI_Chen_2020,7,leaked_75pct,0.9255813953488372,True,3.0,0.4745762711864407
A4GRB6_PSEAI_Chen_2020,8,honest_zero_shot,0.8325581395348837,True,5.0,0.48426150121065376
A4GRB6_PSEAI_Chen_2020,8,leaked_full,1.0,True,0.0,0.48426150121065376
A4GRB6_PSEAI_Chen_2020,8,leaked_25pct,0.5627906976744186,True,0.0,0.48426150121065376
A4GRB6_PSEAI_Chen_2020,8,leaked_50pct,0.6837209302325582,True,0.0,0.48426150121065376
A4GRB6_PSEAI_Chen_2020,8,leaked_75pct,0.9720930232558139,True,2.0,0.48426150121065376
A4GRB6_PSEAI_Chen_2020,9,honest_zero_shot,0.7534883720930232,True,5.0,0.48426150121065376
A4GRB6_PSEAI_Chen_2020,9,leaked_full,1.0,True,1.0,0.48426150121065376
A4GRB6_PSEAI_Chen_2020,9,leaked_25pct,0.8046511627906977,True,0.0,0.48426150121065376
A4GRB6_PSEAI_Chen_2020,9,leaked_50pct,0.8046511627906977,True,1.0,0.48426150121065376
A4GRB6_PSEAI_Chen_2020,9,leaked_75pct,0.8790697674418605,True,0.0,0.48426150121065376
A4GRB6_PSEAI_Chen_2020,10,honest_zero_shot,0.8186046511627908,True,5.0,0.4745762711864407
A4GRB6_PSEAI_Chen_2020,10,leaked_full,1.0,True,0.0,0.4745762711864407
A4GRB6_PSEAI_Chen_2020,10,leaked_25pct,0.4465116279069768,False,1.0,0.4745762711864407
A4GRB6_PSEAI_Chen_2020,10,leaked_50pct,0.6651162790697674,True,0.0,0.4745762711864407
A4GRB6_PSEAI_Chen_2020,10,leaked_75pct,0.8744186046511627,True,0.0,0.4745762711864407
A4GRB6_PSEAI_Chen_2020,11,honest_zero_shot,0.7209302325581395,True,5.0,0.4745762711864407
A4GRB6_PSEAI_Chen_2020,11,leaked_full,1.0,True,0.0,0.4745762711864407
A4GRB6_PSEAI_Chen_2020,11,leaked_25pct,0.8511627906976744,True,1.0,0.4745762711864407
A4GRB6_PSEAI_Chen_2020,11,leaked_50pct,0.6511627906976745,True,0.0,0.4745762711864407
A4GRB6_PSEAI_Chen_2020,11,leaked_75pct,0.8604651162790697,True,0.0,0.4745762711864407
A4GRB6_PSEAI_Chen_2020,12,honest_zero_shot,0.7953488372093023,True,5.0,0.4745762711864407
A4GRB6_PSEAI_Chen_2020,12,leaked_full,1.0,True,0.0,0.4745762711864407
A4GRB6_PSEAI_Chen_2020,12,leaked_25pct,0.6325581395348837,True,1.0,0.4745762711864407
A4GRB6_PSEAI_Chen_2020,12,leaked_50pct,0.8837209302325582,True,1.0,0.4745762711864407
A4GRB6_PSEAI_Chen_2020,12,leaked_75pct,0.8558139534883721,True,1.0,0.4745762711864407
A4GRB6_PSEAI_Chen_2020,13,honest_zero_shot,0.7116279069767442,True,5.0,0.48426150121065376
A4GRB6_PSEAI_Chen_2020,13,leaked_full,1.0,True,1.0,0.48426150121065376
A4GRB6_PSEAI_Chen_2020,13,leaked_25pct,0.827906976744186,True,1.0,0.48426150121065376
A4GRB6_PSEAI_Chen_2020,13,leaked_50pct,0.7767441860465116,True,0.0,0.48426150121065376
A4GRB6_PSEAI_Chen_2020,13,leaked_75pct,0.8790697674418605,True,0.0,0.48426150121065376
A4GRB6_PSEAI_Chen_2020,14,honest_zero_shot,0.6883720930232557,True,5.0,0.48426150121065376
A4GRB6_PSEAI_Chen_2020,14,leaked_full,1.0,True,0.0,0.48426150121065376
A4GRB6_PSEAI_Chen_2020,14,leaked_25pct,0.7255813953488373,True,0.0,0.48426150121065376
A4GRB6_PSEAI_Chen_2020,14,leaked_50pct,0.7953488372093023,True,1.0,0.48426150121065376
A4GRB6_PSEAI_Chen_2020,14,leaked_75pct,0.8418604651162791,True,1.0,0.48426150121065376
A4GRB6_PSEAI_Chen_2020,15,honest_zero_shot,0.7906976744186046,True,5.0,0.48426150121065376
A4GRB6_PSEAI_Chen_2020,15,leaked_full,1.0,True,0.0,0.48426150121065376
A4GRB6_PSEAI_Chen_2020,15,leaked_25pct,0.6697674418604651,True,0.0,0.48426150121065376
A4GRB6_PSEAI_Chen_2020,15,leaked_50pct,0.8325581395348838,True,0.0,0.48426150121065376
A4GRB6_PSEAI_Chen_2020,15,leaked_75pct,0.9302325581395349,True,2.0,0.48426150121065376
A4GRB6_PSEAI_Chen_2020,16,honest_zero_shot,0.8697674418604651,True,5.0,0.48426150121065376
A4GRB6_PSEAI_Chen_2020,16,leaked_full,1.0,True,1.0,0.48426150121065376
A4GRB6_PSEAI_Chen_2020,16,leaked_25pct,0.5627906976744186,True,0.0,0.48426150121065376
A4GRB6_PSEAI_Chen_2020,16,leaked_50pct,0.7813953488372094,True,1.0,0.48426150121065376
A4GRB6_PSEAI_Chen_2020,16,leaked_75pct,0.8837209302325582,True,0.0,0.48426150121065376
A4GRB6_PSEAI_Chen_2020,17,honest_zero_shot,0.8651162790697674,True,5.0,0.48426150121065376
A4GRB6_PSEAI_Chen_2020,17,leaked_full,1.0,True,0.0,0.48426150121065376
A4GRB6_PSEAI_Chen_2020,17,leaked_25pct,0.6651162790697674,True,0.0,0.48426150121065376
A4GRB6_PSEAI_Chen_2020,17,leaked_50pct,0.827906976744186,True,0.0,0.48426150121065376
A4GRB6_PSEAI_Chen_2020,17,leaked_75pct,0.9674418604651164,True,1.0,0.48426150121065376
A4GRB6_PSEAI_Chen_2020,18,honest_zero_shot,0.7395348837209303,True,5.0,0.48426150121065376
A4GRB6_PSEAI_Chen_2020,18,leaked_full,1.0,True,1.0,0.48426150121065376
A4GRB6_PSEAI_Chen_2020,18,leaked_25pct,0.5953488372093023,True,2.0,0.48426150121065376
A4GRB6_PSEAI_Chen_2020,18,leaked_50pct,0.7488372093023256,True,1.0,0.48426150121065376
A4GRB6_PSEAI_Chen_2020,18,leaked_75pct,0.8883720930232557,True,0.0,0.48426150121065376
A4GRB6_PSEAI_Chen_2020,19,honest_zero_shot,0.8558139534883721,True,5.0,0.4745762711864407
A4GRB6_PSEAI_Chen_2020,19,leaked_full,1.0,True,0.0,0.4745762711864407
A4GRB6_PSEAI_Chen_2020,19,leaked_25pct,0.6930232558139535,True,1.0,0.4745762711864407
A4GRB6_PSEAI_Chen_2020,19,leaked_50pct,0.786046511627907,True,1.0,0.4745762711864407
A4GRB6_PSEAI_Chen_2020,19,leaked_75pct,0.9162790697674419,True,0.0,0.4745762711864407
A4GRB6_PSEAI_Chen_2020,20,honest_zero_shot,0.758139534883721,True,5.0,0.4745762711864407
A4GRB6_PSEAI_Chen_2020,20,leaked_full,1.0,True,0.0,0.4745762711864407
A4GRB6_PSEAI_Chen_2020,20,leaked_25pct,0.6186046511627907,True,1.0,0.4745762711864407
A4GRB6_PSEAI_Chen_2020,20,leaked_50pct,0.7348837209302326,True,0.0,0.4745762711864407
A4GRB6_PSEAI_Chen_2020,20,leaked_75pct,0.958139534883721,True,1.0,0.4745762711864407
A4GRB6_PSEAI_Chen_2020,21,honest_zero_shot,0.7767441860465116,True,5.0,0.4745762711864407
A4GRB6_PSEAI_Chen_2020,21,leaked_full,1.0,True,1.0,0.4745762711864407
A4GRB6_PSEAI_Chen_2020,21,leaked_25pct,0.6976744186046512,True,0.0,0.4745762711864407
A4GRB6_PSEAI_Chen_2020,21,leaked_50pct,0.8186046511627907,True,0.0,0.4745762711864407
A4GRB6_PSEAI_Chen_2020,21,leaked_75pct,0.9162790697674419,True,0.0,0.4745762711864407
A4GRB6_PSEAI_Chen_2020,22,honest_zero_shot,0.8372093023255814,True,4.0,0.4745762711864407
A4GRB6_PSEAI_Chen_2020,22,leaked_full,1.0,True,0.0,0.4745762711864407
A4GRB6_PSEAI_Chen_2020,22,leaked_25pct,0.6186046511627906,True,0.0,0.4745762711864407
A4GRB6_PSEAI_Chen_2020,22,leaked_50pct,0.6046511627906976,True,0.0,0.4745762711864407
A4GRB6_PSEAI_Chen_2020,22,leaked_75pct,0.9255813953488372,True,0.0,0.4745762711864407
A4GRB6_PSEAI_Chen_2020,23,honest_zero_shot,0.8697674418604651,True,5.0,0.48426150121065376
A4GRB6_PSEAI_Chen_2020,23,leaked_full,1.0,True,1.0,0.48426150121065376
A4GRB6_PSEAI_Chen_2020,23,leaked_25pct,0.5395348837209303,False,1.0,0.48426150121065376
A4GRB6_PSEAI_Chen_2020,23,leaked_50pct,0.7488372093023257,True,0.0,0.48426150121065376
A4GRB6_PSEAI_Chen_2020,23,leaked_75pct,0.8093023255813954,True,0.0,0.48426150121065376
A4GRB6_PSEAI_Chen_2020,24,honest_zero_shot,0.9209302325581395,True,5.0,0.4745762711864407
A4GRB6_PSEAI_Chen_2020,24,leaked_full,1.0,True,0.0,0.4745762711864407
A4GRB6_PSEAI_Chen_2020,24,leaked_25pct,0.758139534883721,True,0.0,0.4745762711864407
A4GRB6_PSEAI_Chen_2020,24,leaked_50pct,0.7674418604651163,True,0.0,0.4745762711864407
A4GRB6_PSEAI_Chen_2020,24,leaked_75pct,0.9488372093023256,True,0.0,0.4745762711864407
A4GRB6_PSEAI_Chen_2020,25,honest_zero_shot,0.8465116279069768,True,5.0,0.48426150121065376
A4GRB6_PSEAI_Chen_2020,25,leaked_full,1.0,True,0.0,0.48426150121065376
A4GRB6_PSEAI_Chen_2020,25,leaked_25pct,0.4790697674418605,False,0.0,0.48426150121065376
A4GRB6_PSEAI_Chen_2020,25,leaked_50pct,0.8372093023255816,True,1.0,0.48426150121065376
A4GRB6_PSEAI_Chen_2020,25,leaked_75pct,0.8790697674418605,True,0.0,0.48426150121065376
A4GRB6_PSEAI_Chen_2020,26,honest_zero_shot,0.7395348837209302,True,5.0,0.48426150121065376
A4GRB6_PSEAI_Chen_2020,26,leaked_full,1.0,True,1.0,0.48426150121065376
A4GRB6_PSEAI_Chen_2020,26,leaked_25pct,0.7534883720930233,True,1.0,0.48426150121065376
A4GRB6_PSEAI_Chen_2020,26,leaked_50pct,0.7116279069767442,True,0.0,0.48426150121065376
A4GRB6_PSEAI_Chen_2020,26,leaked_75pct,0.9720930232558139,True,0.0,0.48426150121065376
A4GRB6_PSEAI_Chen_2020,27,honest_zero_shot,0.7813953488372093,True,5.0,0.48426150121065376
A4GRB6_PSEAI_Chen_2020,27,leaked_full,1.0,True,0.0,0.48426150121065376
A4GRB6_PSEAI_Chen_2020,27,leaked_25pct,0.8,True,1.0,0.48426150121065376
A4GRB6_PSEAI_Chen_2020,27,leaked_50pct,0.9302325581395349,True,1.0,0.48426150121065376
A4GRB6_PSEAI_Chen_2020,27,leaked_75pct,0.8930232558139535,True,0.0,0.48426150121065376
A4GRB6_PSEAI_Chen_2020,28,honest_zero_shot,0.8558139534883721,True,5.0,0.48426150121065376
A4GRB6_PSEAI_Chen_2020,28,leaked_full,1.0,True,0.0,0.48426150121065376
A4GRB6_PSEAI_Chen_2020,28,leaked_25pct,0.5767441860465117,True,0.0,0.48426150121065376
A4GRB6_PSEAI_Chen_2020,28,leaked_50pct,0.9255813953488372,True,1.0,0.48426150121065376
A4GRB6_PSEAI_Chen_2020,28,leaked_75pct,0.9441860465116279,True,2.0,0.48426150121065376
A4GRB6_PSEAI_Chen_2020,29,honest_zero_shot,0.7953488372093024,True,5.0,0.48426150121065376
A4GRB6_PSEAI_Chen_2020,29,leaked_full,1.0,True,0.0,0.48426150121065376
A4GRB6_PSEAI_Chen_2020,29,leaked_25pct,0.5534883720930233,True,0.0,0.48426150121065376
A4GRB6_PSEAI_Chen_2020,29,leaked_50pct,0.8232558139534883,True,0.0,0.48426150121065376
A4GRB6_PSEAI_Chen_2020,29,leaked_75pct,0.9627906976744187,True,1.0,0.48426150121065376
A4GRB6_PSEAI_Chen_2020,30,honest_zero_shot,0.8930232558139535,True,5.0,0.48426150121065376
A4GRB6_PSEAI_Chen_2020,30,leaked_full,1.0,True,0.0,0.48426150121065376
A4GRB6_PSEAI_Chen_2020,30,leaked_25pct,0.6558139534883721,True,0.0,0.48426150121065376
A4GRB6_PSEAI_Chen_2020,30,leaked_50pct,0.7813953488372093,True,1.0,0.48426150121065376
A4GRB6_PSEAI_Chen_2020,30,leaked_75pct,0.8418604651162791,True,0.0,0.48426150121065376
A4GRB6_PSEAI_Chen_2020,31,honest_zero_shot,0.5302325581395348,False,5.0,0.48426150121065376
A4GRB6_PSEAI_Chen_2020,31,leaked_full,1.0,True,1.0,0.48426150121065376
A4GRB6_PSEAI_Chen_2020,31,leaked_25pct,0.5953488372093023,True,0.0,0.48426150121065376
A4GRB6_PSEAI_Chen_2020,31,leaked_50pct,0.8093023255813954,True,0.0,0.48426150121065376
A4GRB6_PSEAI_Chen_2020,31,leaked_75pct,0.9534883720930233,True,1.0,0.48426150121065376
A4GRB6_PSEAI_Chen_2020,32,honest_zero_shot,0.8093023255813954,True,5.0,0.48426150121065376
A4GRB6_PSEAI_Chen_2020,32,leaked_full,1.0,True,1.0,0.48426150121065376
A4GRB6_PSEAI_Chen_2020,32,leaked_25pct,0.7069767441860465,True,0.0,0.48426150121065376
A4GRB6_PSEAI_Chen_2020,32,leaked_50pct,0.641860465116279,True,1.0,0.48426150121065376
A4GRB6_PSEAI_Chen_2020,32,leaked_75pct,0.9069767441860466,True,0.0,0.48426150121065376
A4GRB6_PSEAI_Chen_2020,33,honest_zero_shot,0.8325581395348838,True,5.0,0.4745762711864407
A4GRB6_PSEAI_Chen_2020,33,leaked_full,1.0,True,2.0,0.4745762711864407
A4GRB6_PSEAI_Chen_2020,33,leaked_25pct,0.7488372093023256,True,1.0,0.4745762711864407
A4GRB6_PSEAI_Chen_2020,33,leaked_50pct,0.8651162790697675,True,0.0,0.4745762711864407
A4GRB6_PSEAI_Chen_2020,33,leaked_75pct,0.9813953488372094,True,0.0,0.4745762711864407
A4GRB6_PSEAI_Chen_2020,34,honest_zero_shot,0.7441860465116279,True,5.0,0.4745762711864407
A4GRB6_PSEAI_Chen_2020,34,leaked_full,1.0,True,0.0,0.4745762711864407
A4GRB6_PSEAI_Chen_2020,34,leaked_25pct,0.7348837209302326,True,1.0,0.4745762711864407
A4GRB6_PSEAI_Chen_2020,34,leaked_50pct,0.8046511627906977,True,1.0,0.4745762711864407
A4GRB6_PSEAI_Chen_2020,34,leaked_75pct,0.8558139534883721,True,1.0,0.4745762711864407
A4GRB6_PSEAI_Chen_2020,35,honest_zero_shot,0.7441860465116279,True,5.0,0.48426150121065376
A4GRB6_PSEAI_Chen_2020,35,leaked_full,1.0,True,1.0,0.48426150121065376
A4GRB6_PSEAI_Chen_2020,35,leaked_25pct,0.627906976744186,True,1.0,0.48426150121065376
A4GRB6_PSEAI_Chen_2020,35,leaked_50pct,0.758139534883721,True,1.0,0.48426150121065376
A4GRB6_PSEAI_Chen_2020,35,leaked_75pct,0.8511627906976744,True,0.0,0.48426150121065376
A4GRB6_PSEAI_Chen_2020,36,honest_zero_shot,0.8046511627906977,True,5.0,0.48426150121065376
A4GRB6_PSEAI_Chen_2020,36,leaked_full,1.0,True,0.0,0.48426150121065376
A4GRB6_PSEAI_Chen_2020,36,leaked_25pct,0.6744186046511629,True,1.0,0.48426150121065376
A4GRB6_PSEAI_Chen_2020,36,leaked_50pct,0.772093023255814,True,1.0,0.48426150121065376
A4GRB6_PSEAI_Chen_2020,36,leaked_75pct,0.9255813953488372,True,0.0,0.48426150121065376
A4GRB6_PSEAI_Chen_2020,37,honest_zero_shot,0.8139534883720931,True,5.0,0.48426150121065376
A4GRB6_PSEAI_Chen_2020,37,leaked_full,1.0,True,0.0,0.48426150121065376
A4GRB6_PSEAI_Chen_2020,37,leaked_25pct,0.4558139534883721,False,1.0,0.48426150121065376
A4GRB6_PSEAI_Chen_2020,37,leaked_50pct,0.7255813953488373,True,0.0,0.48426150121065376
A4GRB6_PSEAI_Chen_2020,37,leaked_75pct,0.9116279069767442,True,2.0,0.48426150121065376
A4GRB6_PSEAI_Chen_2020,38,honest_zero_shot,0.7627906976744185,True,5.0,0.4745762711864407
A4GRB6_PSEAI_Chen_2020,38,leaked_full,1.0,True,0.0,0.4745762711864407
A4GRB6_PSEAI_Chen_2020,38,leaked_25pct,0.7674418604651163,True,0.0,0.4745762711864407
A4GRB6_PSEAI_Chen_2020,38,leaked_50pct,0.6465116279069767,True,0.0,0.4745762711864407
A4GRB6_PSEAI_Chen_2020,38,leaked_75pct,0.9674418604651163,True,1.0,0.4745762711864407
A4GRB6_PSEAI_Chen_2020,39,honest_zero_shot,0.9069767441860466,True,5.0,0.48426150121065376
A4GRB6_PSEAI_Chen_2020,39,leaked_full,1.0,True,0.0,0.48426150121065376
A4GRB6_PSEAI_Chen_2020,39,leaked_25pct,0.6604651162790697,True,1.0,0.48426150121065376
A4GRB6_PSEAI_Chen_2020,39,leaked_50pct,0.8604651162790697,True,0.0,0.48426150121065376
A4GRB6_PSEAI_Chen_2020,39,leaked_75pct,0.8790697674418605,True,1.0,0.48426150121065376
AACC1_PSEAI_Dandage_2018,0,honest_zero_shot,0.6000000000000001,True,1.0,0.4654877353108956
AACC1_PSEAI_Dandage_2018,0,leaked_full,1.0,True,0.0,0.4654877353108956
AACC1_PSEAI_Dandage_2018,0,leaked_25pct,0.7395348837209302,True,0.0,0.4654877353108956
AACC1_PSEAI_Dandage_2018,0,leaked_50pct,0.9069767441860465,True,0.0,0.4654877353108956
AACC1_PSEAI_Dandage_2018,0,leaked_75pct,0.9906976744186047,True,0.0,0.4654877353108956
AACC1_PSEAI_Dandage_2018,1,honest_zero_shot,0.641860465116279,True,1.0,0.49286936679977184
AACC1_PSEAI_Dandage_2018,1,leaked_full,1.0,True,1.0,0.49286936679977184
AACC1_PSEAI_Dandage_2018,1,leaked_25pct,0.6651162790697674,True,0.0,0.49286936679977184
AACC1_PSEAI_Dandage_2018,1,leaked_50pct,0.8744186046511628,True,0.0,0.49286936679977184
AACC1_PSEAI_Dandage_2018,1,leaked_75pct,1.0,True,1.0,0.49286936679977184
AACC1_PSEAI_Dandage_2018,2,honest_zero_shot,0.6372093023255814,True,1.0,0.4654877353108956
AACC1_PSEAI_Dandage_2018,2,leaked_full,1.0,True,0.0,0.4654877353108956
AACC1_PSEAI_Dandage_2018,2,leaked_25pct,0.5348837209302326,False,0.0,0.4654877353108956
AACC1_PSEAI_Dandage_2018,2,leaked_50pct,0.9348837209302325,True,1.0,0.4654877353108956
AACC1_PSEAI_Dandage_2018,2,leaked_75pct,1.0,True,0.0,0.4654877353108956
AACC1_PSEAI_Dandage_2018,3,honest_zero_shot,0.7069767441860465,True,1.0,0.4654877353108956
AACC1_PSEAI_Dandage_2018,3,leaked_full,1.0,True,0.0,0.4654877353108956
AACC1_PSEAI_Dandage_2018,3,leaked_25pct,0.530232558139535,False,1.0,0.4654877353108956
AACC1_PSEAI_Dandage_2018,3,leaked_50pct,0.8744186046511628,True,0.0,0.4654877353108956
AACC1_PSEAI_Dandage_2018,3,leaked_75pct,1.0,True,1.0,0.4654877353108956
AACC1_PSEAI_Dandage_2018,4,honest_zero_shot,0.7069767441860466,True,1.0,0.49286936679977184
AACC1_PSEAI_Dandage_2018,4,leaked_full,1.0,True,0.0,0.49286936679977184
AACC1_PSEAI_Dandage_2018,4,leaked_25pct,0.6837209302325583,True,1.0,0.49286936679977184
AACC1_PSEAI_Dandage_2018,4,leaked_50pct,0.6,True,1.0,0.49286936679977184
AACC1_PSEAI_Dandage_2018,4,leaked_75pct,0.8837209302325582,True,1.0,0.49286936679977184
AACC1_PSEAI_Dandage_2018,5,honest_zero_shot,0.813953488372093,True,1.0,0.4654877353108956
AACC1_PSEAI_Dandage_2018,5,leaked_full,1.0,True,0.0,0.4654877353108956
AACC1_PSEAI_Dandage_2018,5,leaked_25pct,0.6093023255813954,True,0.0,0.4654877353108956
AACC1_PSEAI_Dandage_2018,5,leaked_50pct,0.8837209302325582,True,2.0,0.4654877353108956
AACC1_PSEAI_Dandage_2018,5,leaked_75pct,0.9813953488372092,True,0.0,0.4654877353108956
AACC1_PSEAI_Dandage_2018,6,honest_zero_shot,0.7348837209302326,True,1.0,0.49286936679977184
AACC1_PSEAI_Dandage_2018,6,leaked_full,1.0,True,2.0,0.49286936679977184
AACC1_PSEAI_Dandage_2018,6,leaked_25pct,0.8558139534883721,True,0.0,0.49286936679977184
AACC1_PSEAI_Dandage_2018,6,leaked_50pct,0.9441860465116279,True,0.0,0.49286936679977184
AACC1_PSEAI_Dandage_2018,6,leaked_75pct,0.944186046511628,True,0.0,0.49286936679977184
AACC1_PSEAI_Dandage_2018,7,honest_zero_shot,0.772093023255814,True,1.0,0.49286936679977184
AACC1_PSEAI_Dandage_2018,7,leaked_full,1.0,True,0.0,0.49286936679977184
AACC1_PSEAI_Dandage_2018,7,leaked_25pct,0.7162790697674418,True,0.0,0.49286936679977184
AACC1_PSEAI_Dandage_2018,7,leaked_50pct,0.8697674418604651,True,0.0,0.49286936679977184
AACC1_PSEAI_Dandage_2018,7,leaked_75pct,0.9953488372093022,True,0.0,0.49286936679977184
AACC1_PSEAI_Dandage_2018,8,honest_zero_shot,0.6930232558139535,True,1.0,0.4654877353108956
AACC1_PSEAI_Dandage_2018,8,leaked_full,1.0,True,0.0,0.4654877353108956
AACC1_PSEAI_Dandage_2018,8,leaked_25pct,0.6186046511627907,True,0.0,0.4654877353108956
AACC1_PSEAI_Dandage_2018,8,leaked_50pct,0.9534883720930232,True,0.0,0.4654877353108956
AACC1_PSEAI_Dandage_2018,8,leaked_75pct,1.0,True,0.0,0.4654877353108956
AACC1_PSEAI_Dandage_2018,9,honest_zero_shot,0.6465116279069767,True,1.0,0.4654877353108956
AACC1_PSEAI_Dandage_2018,9,leaked_full,1.0,True,0.0,0.4654877353108956
AACC1_PSEAI_Dandage_2018,9,leaked_25pct,0.7767441860465116,True,1.0,0.4654877353108956
AACC1_PSEAI_Dandage_2018,9,leaked_50pct,0.7906976744186046,True,2.0,0.4654877353108956
AACC1_PSEAI_Dandage_2018,9,leaked_75pct,0.9162790697674419,True,0.0,0.4654877353108956
AACC1_PSEAI_Dandage_2018,10,honest_zero_shot,0.5674418604651162,True,1.0,0.49286936679977184
AACC1_PSEAI_Dandage_2018,10,leaked_full,1.0,True,0.0,0.49286936679977184
AACC1_PSEAI_Dandage_2018,10,leaked_25pct,0.7674418604651163,True,0.0,0.49286936679977184
AACC1_PSEAI_Dandage_2018,10,leaked_50pct,0.6790697674418604,True,0.0,0.49286936679977184
AACC1_PSEAI_Dandage_2018,10,leaked_75pct,0.9860465116279069,True,1.0,0.49286936679977184
AACC1_PSEAI_Dandage_2018,11,honest_zero_shot,0.7069767441860465,True,1.0,0.49286936679977184
AACC1_PSEAI_Dandage_2018,11,leaked_full,1.0,True,0.0,0.49286936679977184
AACC1_PSEAI_Dandage_2018,11,leaked_25pct,0.5395348837209302,False,1.0,0.49286936679977184
AACC1_PSEAI_Dandage_2018,11,leaked_50pct,0.7767441860465116,True,1.0,0.49286936679977184
AACC1_PSEAI_Dandage_2018,11,leaked_75pct,0.9767441860465116,True,0.0,0.49286936679977184
AACC1_PSEAI_Dandage_2018,12,honest_zero_shot,0.4976744186046512,False,1.0,0.49286936679977184
AACC1_PSEAI_Dandage_2018,12,leaked_full,1.0,True,0.0,0.49286936679977184
AACC1_PSEAI_Dandage_2018,12,leaked_25pct,0.7674418604651162,True,0.0,0.49286936679977184
AACC1_PSEAI_Dandage_2018,12,leaked_50pct,0.772093023255814,True,1.0,0.49286936679977184
AACC1_PSEAI_Dandage_2018,12,leaked_75pct,0.9674418604651163,True,2.0,0.49286936679977184
AACC1_PSEAI_Dandage_2018,13,honest_zero_shot,0.7255813953488373,True,1.0,0.4654877353108956
AACC1_PSEAI_Dandage_2018,13,leaked_full,1.0,True,1.0,0.4654877353108956
AACC1_PSEAI_Dandage_2018,13,leaked_25pct,0.6976744186046512,True,1.0,0.4654877353108956
AACC1_PSEAI_Dandage_2018,13,leaked_50pct,0.8511627906976745,True,0.0,0.4654877353108956
AACC1_PSEAI_Dandage_2018,13,leaked_75pct,0.972093023255814,True,0.0,0.4654877353108956
AACC1_PSEAI_Dandage_2018,14,honest_zero_shot,0.5302325581395348,False,1.0,0.49286936679977184
AACC1_PSEAI_Dandage_2018,14,leaked_full,1.0,True,2.0,0.49286936679977184
AACC1_PSEAI_Dandage_2018,14,leaked_25pct,0.4976744186046512,False,1.0,0.49286936679977184
AACC1_PSEAI_Dandage_2018,14,leaked_50pct,0.6883720930232559,True,0.0,0.49286936679977184
AACC1_PSEAI_Dandage_2018,14,leaked_75pct,0.9767441860465116,True,0.0,0.49286936679977184
AACC1_PSEAI_Dandage_2018,15,honest_zero_shot,0.7023255813953488,True,1.0,0.4654877353108956
AACC1_PSEAI_Dandage_2018,15,leaked_full,1.0,True,1.0,0.4654877353108956
AACC1_PSEAI_Dandage_2018,15,leaked_25pct,0.4604651162790698,False,0.0,0.4654877353108956
AACC1_PSEAI_Dandage_2018,15,leaked_50pct,0.813953488372093,True,0.0,0.4654877353108956
AACC1_PSEAI_Dandage_2018,15,leaked_75pct,0.9813953488372092,True,1.0,0.4654877353108956
AACC1_PSEAI_Dandage_2018,16,honest_zero_shot,0.6558139534883721,True,1.0,0.49286936679977184
AACC1_PSEAI_Dandage_2018,16,leaked_full,1.0,True,2.0,0.49286936679977184
AACC1_PSEAI_Dandage_2018,16,leaked_25pct,0.8093023255813954,True,0.0,0.49286936679977184
AACC1_PSEAI_Dandage_2018,16,leaked_50pct,0.9395348837209303,True,0.0,0.49286936679977184
AACC1_PSEAI_Dandage_2018,16,leaked_75pct,0.9720930232558139,True,1.0,0.49286936679977184
AACC1_PSEAI_Dandage_2018,17,honest_zero_shot,0.8372093023255813,True,1.0,0.4654877353108956
AACC1_PSEAI_Dandage_2018,17,leaked_full,1.0,True,0.0,0.4654877353108956
AACC1_PSEAI_Dandage_2018,17,leaked_25pct,0.6093023255813954,True,0.0,0.4654877353108956
AACC1_PSEAI_Dandage_2018,17,leaked_50pct,0.8604651162790697,True,1.0,0.4654877353108956
AACC1_PSEAI_Dandage_2018,17,leaked_75pct,0.9720930232558139,True,0.0,0.4654877353108956
AACC1_PSEAI_Dandage_2018,18,honest_zero_shot,0.8651162790697675,True,1.0,0.4654877353108956
AACC1_PSEAI_Dandage_2018,18,leaked_full,1.0,True,1.0,0.4654877353108956
AACC1_PSEAI_Dandage_2018,18,leaked_25pct,0.5767441860465117,True,1.0,0.4654877353108956
AACC1_PSEAI_Dandage_2018,18,leaked_50pct,0.9162790697674419,True,0.0,0.4654877353108956
AACC1_PSEAI_Dandage_2018,18,leaked_75pct,1.0,True,0.0,0.4654877353108956
AACC1_PSEAI_Dandage_2018,19,honest_zero_shot,0.8232558139534883,True,1.0,0.49286936679977184
AACC1_PSEAI_Dandage_2018,19,leaked_full,1.0,True,0.0,0.49286936679977184
AACC1_PSEAI_Dandage_2018,19,leaked_25pct,0.8697674418604651,True,1.0,0.49286936679977184
AACC1_PSEAI_Dandage_2018,19,leaked_50pct,0.7488372093023256,True,0.0,0.49286936679977184
AACC1_PSEAI_Dandage_2018,19,leaked_75pct,0.9116279069767442,True,0.0,0.49286936679977184
AACC1_PSEAI_Dandage_2018,20,honest_zero_shot,0.8976744186046511,True,1.0,0.49286936679977184
AACC1_PSEAI_Dandage_2018,20,leaked_full,1.0,True,1.0,0.49286936679977184
AACC1_PSEAI_Dandage_2018,20,leaked_25pct,0.7162790697674419,True,1.0,0.49286936679977184
AACC1_PSEAI_Dandage_2018,20,leaked_50pct,0.7581395348837209,True,1.0,0.49286936679977184
AACC1_PSEAI_Dandage_2018,20,leaked_75pct,0.9534883720930233,True,0.0,0.49286936679977184
AACC1_PSEAI_Dandage_2018,21,honest_zero_shot,0.6651162790697674,True,1.0,0.49286936679977184
AACC1_PSEAI_Dandage_2018,21,leaked_full,1.0,True,0.0,0.49286936679977184
AACC1_PSEAI_Dandage_2018,21,leaked_25pct,0.7023255813953488,True,0.0,0.49286936679977184
AACC1_PSEAI_Dandage_2018,21,leaked_50pct,0.786046511627907,True,0.0,0.49286936679977184
AACC1_PSEAI_Dandage_2018,21,leaked_75pct,0.944186046511628,True,0.0,0.49286936679977184
AACC1_PSEAI_Dandage_2018,22,honest_zero_shot,0.6837209302325582,True,1.0,0.49286936679977184
AACC1_PSEAI_Dandage_2018,22,leaked_full,1.0,True,0.0,0.49286936679977184
AACC1_PSEAI_Dandage_2018,22,leaked_25pct,0.6139534883720931,True,2.0,0.49286936679977184
AACC1_PSEAI_Dandage_2018,22,leaked_50pct,0.9534883720930233,True,2.0,0.49286936679977184
AACC1_PSEAI_Dandage_2018,22,leaked_75pct,1.0,True,1.0,0.49286936679977184
AACC1_PSEAI_Dandage_2018,23,honest_zero_shot,0.7209302325581395,True,1.0,0.49286936679977184
AACC1_PSEAI_Dandage_2018,23,leaked_full,1.0,True,1.0,0.49286936679977184
AACC1_PSEAI_Dandage_2018,23,leaked_25pct,0.4604651162790698,False,0.0,0.49286936679977184
AACC1_PSEAI_Dandage_2018,23,leaked_50pct,0.9069767441860466,True,0.0,0.49286936679977184
AACC1_PSEAI_Dandage_2018,23,leaked_75pct,0.972093023255814,True,0.0,0.49286936679977184
AACC1_PSEAI_Dandage_2018,24,honest_zero_shot,0.6372093023255814,True,1.0,0.49286936679977184
AACC1_PSEAI_Dandage_2018,24,leaked_full,1.0,True,0.0,0.49286936679977184
AACC1_PSEAI_Dandage_2018,24,leaked_25pct,0.32558139534883723,False,1.0,0.49286936679977184
AACC1_PSEAI_Dandage_2018,24,leaked_50pct,0.9209302325581394,True,1.0,0.49286936679977184
AACC1_PSEAI_Dandage_2018,24,leaked_75pct,0.9720930232558139,True,0.0,0.49286936679977184
AACC1_PSEAI_Dandage_2018,25,honest_zero_shot,0.7441860465116279,True,1.0,0.49286936679977184
AACC1_PSEAI_Dandage_2018,25,leaked_full,1.0,True,0.0,0.49286936679977184
AACC1_PSEAI_Dandage_2018,25,leaked_25pct,0.5906976744186047,True,0.0,0.49286936679977184
AACC1_PSEAI_Dandage_2018,25,leaked_50pct,0.9534883720930233,True,1.0,0.49286936679977184
AACC1_PSEAI_Dandage_2018,25,leaked_75pct,0.9860465116279069,True,0.0,0.49286936679977184
AACC1_PSEAI_Dandage_2018,26,honest_zero_shot,0.6697674418604651,True,1.0,0.49286936679977184
AACC1_PSEAI_Dandage_2018,26,leaked_full,1.0,True,0.0,0.49286936679977184
AACC1_PSEAI_Dandage_2018,26,leaked_25pct,0.6790697674418604,True,1.0,0.49286936679977184
AACC1_PSEAI_Dandage_2018,26,leaked_50pct,0.8511627906976744,True,0.0,0.49286936679977184
AACC1_PSEAI_Dandage_2018,26,leaked_75pct,0.9627906976744185,True,0.0,0.49286936679977184
AACC1_PSEAI_Dandage_2018,27,honest_zero_shot,0.6790697674418604,True,0.0,0.4654877353108956
AACC1_PSEAI_Dandage_2018,27,leaked_full,1.0,True,0.0,0.4654877353108956
AACC1_PSEAI_Dandage_2018,27,leaked_25pct,0.613953488372093,True,0.0,0.4654877353108956
AACC1_PSEAI_Dandage_2018,27,leaked_50pct,0.9767441860465116,True,1.0,0.4654877353108956
AACC1_PSEAI_Dandage_2018,27,leaked_75pct,0.9720930232558139,True,0.0,0.4654877353108956
AACC1_PSEAI_Dandage_2018,28,honest_zero_shot,0.6744186046511628,True,1.0,0.4654877353108956
AACC1_PSEAI_Dandage_2018,28,leaked_full,1.0,True,1.0,0.4654877353108956
AACC1_PSEAI_Dandage_2018,28,leaked_25pct,0.6697674418604651,True,0.0,0.4654877353108956
AACC1_PSEAI_Dandage_2018,28,leaked_50pct,0.9813953488372094,True,0.0,0.4654877353108956
AACC1_PSEAI_Dandage_2018,28,leaked_75pct,0.9860465116279069,True,1.0,0.4654877353108956
AACC1_PSEAI_Dandage_2018,29,honest_zero_shot,0.6790697674418604,True,1.0,0.49286936679977184
AACC1_PSEAI_Dandage_2018,29,leaked_full,1.0,True,1.0,0.49286936679977184
AACC1_PSEAI_Dandage_2018,29,leaked_25pct,0.7162790697674419,True,0.0,0.49286936679977184
AACC1_PSEAI_Dandage_2018,29,leaked_50pct,0.9023255813953488,True,0.0,0.49286936679977184
AACC1_PSEAI_Dandage_2018,29,leaked_75pct,1.0,True,1.0,0.49286936679977184
AACC1_PSEAI_Dandage_2018,30,honest_zero_shot,0.7023255813953488,True,1.0,0.49286936679977184
AACC1_PSEAI_Dandage_2018,30,leaked_full,1.0,True,0.0,0.49286936679977184
AACC1_PSEAI_Dandage_2018,30,leaked_25pct,0.40930232558139534,False,0.0,0.49286936679977184
AACC1_PSEAI_Dandage_2018,30,leaked_50pct,0.8837209302325582,True,1.0,0.49286936679977184
AACC1_PSEAI_Dandage_2018,30,leaked_75pct,0.9906976744186047,True,0.0,0.49286936679977184
AACC1_PSEAI_Dandage_2018,31,honest_zero_shot,0.8465116279069768,True,1.0,0.4381061038220194
AACC1_PSEAI_Dandage_2018,31,leaked_full,1.0,True,0.0,0.4381061038220194
AACC1_PSEAI_Dandage_2018,31,leaked_25pct,0.7162790697674418,True,0.0,0.4381061038220194
AACC1_PSEAI_Dandage_2018,31,leaked_50pct,0.9302325581395349,True,1.0,0.4381061038220194
AACC1_PSEAI_Dandage_2018,31,leaked_75pct,0.9906976744186046,True,0.0,0.4381061038220194
AACC1_PSEAI_Dandage_2018,32,honest_zero_shot,0.6744186046511629,True,1.0,0.49286936679977184
AACC1_PSEAI_Dandage_2018,32,leaked_full,1.0,True,0.0,0.49286936679977184
AACC1_PSEAI_Dandage_2018,32,leaked_25pct,0.7069767441860465,True,0.0,0.49286936679977184
AACC1_PSEAI_Dandage_2018,32,leaked_50pct,0.8604651162790699,True,1.0,0.49286936679977184
AACC1_PSEAI_Dandage_2018,32,leaked_75pct,0.9209302325581395,True,0.0,0.49286936679977184
AACC1_PSEAI_Dandage_2018,33,honest_zero_shot,0.7534883720930232,True,1.0,0.4654877353108956
AACC1_PSEAI_Dandage_2018,33,leaked_full,1.0,True,2.0,0.4654877353108956
AACC1_PSEAI_Dandage_2018,33,leaked_25pct,0.8046511627906977,True,0.0,0.4654877353108956
AACC1_PSEAI_Dandage_2018,33,leaked_50pct,0.9348837209302325,True,0.0,0.4654877353108956
AACC1_PSEAI_Dandage_2018,33,leaked_75pct,0.9860465116279069,True,0.0,0.4654877353108956
AACC1_PSEAI_Dandage_2018,34,honest_zero_shot,0.8046511627906977,True,1.0,0.4381061038220194
AACC1_PSEAI_Dandage_2018,34,leaked_full,1.0,True,0.0,0.4381061038220194
AACC1_PSEAI_Dandage_2018,34,leaked_25pct,0.8744186046511628,True,0.0,0.4381061038220194
AACC1_PSEAI_Dandage_2018,34,leaked_50pct,0.8511627906976744,True,1.0,0.4381061038220194
AACC1_PSEAI_Dandage_2018,34,leaked_75pct,0.9534883720930233,True,0.0,0.4381061038220194
AACC1_PSEAI_Dandage_2018,35,honest_zero_shot,0.6511627906976745,True,1.0,0.49286936679977184
AACC1_PSEAI_Dandage_2018,35,leaked_full,1.0,True,0.0,0.49286936679977184
AACC1_PSEAI_Dandage_2018,35,leaked_25pct,0.6511627906976745,True,2.0,0.49286936679977184
AACC1_PSEAI_Dandage_2018,35,leaked_50pct,0.9116279069767442,True,0.0,0.49286936679977184
AACC1_PSEAI_Dandage_2018,35,leaked_75pct,0.9674418604651164,True,1.0,0.49286936679977184
AACC1_PSEAI_Dandage_2018,36,honest_zero_shot,0.7348837209302326,True,1.0,0.49286936679977184
AACC1_PSEAI_Dandage_2018,36,leaked_full,1.0,True,0.0,0.49286936679977184
AACC1_PSEAI_Dandage_2018,36,leaked_25pct,0.6604651162790698,True,2.0,0.49286936679977184
AACC1_PSEAI_Dandage_2018,36,leaked_50pct,0.9534883720930233,True,1.0,0.49286936679977184
AACC1_PSEAI_Dandage_2018,36,leaked_75pct,0.9488372093023256,True,0.0,0.49286936679977184
AACC1_PSEAI_Dandage_2018,37,honest_zero_shot,0.6976744186046511,True,1.0,0.49286936679977184
AACC1_PSEAI_Dandage_2018,37,leaked_full,1.0,True,0.0,0.49286936679977184
AACC1_PSEAI_Dandage_2018,37,leaked_25pct,0.7069767441860465,True,2.0,0.49286936679977184
AACC1_PSEAI_Dandage_2018,37,leaked_50pct,0.8697674418604651,True,0.0,0.49286936679977184
AACC1_PSEAI_Dandage_2018,37,leaked_75pct,0.9674418604651163,True,0.0,0.49286936679977184
AACC1_PSEAI_Dandage_2018,38,honest_zero_shot,0.7441860465116279,True,1.0,0.49286936679977184
AACC1_PSEAI_Dandage_2018,38,leaked_full,1.0,True,0.0,0.49286936679977184
AACC1_PSEAI_Dandage_2018,38,leaked_25pct,0.8139534883720929,True,0.0,0.49286936679977184
AACC1_PSEAI_Dandage_2018,38,leaked_50pct,0.944186046511628,True,0.0,0.49286936679977184
AACC1_PSEAI_Dandage_2018,38,leaked_75pct,0.9813953488372092,True,0.0,0.49286936679977184
AACC1_PSEAI_Dandage_2018,39,honest_zero_shot,0.7209302325581396,True,1.0,0.49286936679977184
AACC1_PSEAI_Dandage_2018,39,leaked_full,1.0,True,0.0,0.49286936679977184
AACC1_PSEAI_Dandage_2018,39,leaked_25pct,0.7488372093023256,True,0.0,0.49286936679977184
AACC1_PSEAI_Dandage_2018,39,leaked_50pct,0.8883720930232558,True,1.0,0.49286936679977184
AACC1_PSEAI_Dandage_2018,39,leaked_75pct,0.9767441860465117,True,0.0,0.49286936679977184
ADRB2_HUMAN_Jones_2020,0,honest_zero_shot,0.5488372093023256,False,0.0,0.47678018575851394
ADRB2_HUMAN_Jones_2020,0,leaked_full,1.0,True,0.0,0.47678018575851394
ADRB2_HUMAN_Jones_2020,0,leaked_25pct,0.7348837209302326,True,1.0,0.47678018575851394
ADRB2_HUMAN_Jones_2020,0,leaked_50pct,0.9116279069767441,True,0.0,0.47678018575851394
ADRB2_HUMAN_Jones_2020,0,leaked_75pct,0.9627906976744186,True,1.0,0.47678018575851394
ADRB2_HUMAN_Jones_2020,1,honest_zero_shot,0.5488372093023256,False,0.0,0.48297213622291024
ADRB2_HUMAN_Jones_2020,1,leaked_full,1.0,True,3.0,0.48297213622291024
ADRB2_HUMAN_Jones_2020,1,leaked_25pct,0.5906976744186045,True,1.0,0.48297213622291024
ADRB2_HUMAN_Jones_2020,1,leaked_50pct,0.9116279069767442,True,0.0,0.48297213622291024
ADRB2_HUMAN_Jones_2020,1,leaked_75pct,0.9813953488372094,True,0.0,0.48297213622291024
ADRB2_HUMAN_Jones_2020,2,honest_zero_shot,0.641860465116279,True,0.0,0.48297213622291024
ADRB2_HUMAN_Jones_2020,2,leaked_full,1.0,True,0.0,0.48297213622291024
ADRB2_HUMAN_Jones_2020,2,leaked_25pct,0.6976744186046512,True,1.0,0.48297213622291024
ADRB2_HUMAN_Jones_2020,2,leaked_50pct,0.9395348837209303,True,1.0,0.48297213622291024
ADRB2_HUMAN_Jones_2020,2,leaked_75pct,0.9953488372093022,True,0.0,0.48297213622291024
ADRB2_HUMAN_Jones_2020,3,honest_zero_shot,0.6418604651162791,True,0.0,0.48297213622291024
ADRB2_HUMAN_Jones_2020,3,leaked_full,1.0,True,0.0,0.48297213622291024
ADRB2_HUMAN_Jones_2020,3,leaked_25pct,0.7395348837209302,True,0.0,0.48297213622291024
ADRB2_HUMAN_Jones_2020,3,leaked_50pct,0.8651162790697675,True,1.0,0.48297213622291024
ADRB2_HUMAN_Jones_2020,3,leaked_75pct,0.958139534883721,True,0.0,0.48297213622291024
ADRB2_HUMAN_Jones_2020,4,honest_zero_shot,0.8325581395348838,True,0.0,0.47678018575851394
ADRB2_HUMAN_Jones_2020,4,leaked_full,1.0,True,0.0,0.47678018575851394
ADRB2_HUMAN_Jones_2020,4,leaked_25pct,0.7162790697674418,True,0.0,0.47678018575851394
ADRB2_HUMAN_Jones_2020,4,leaked_50pct,0.8604651162790697,True,0.0,0.47678018575851394
ADRB2_HUMAN_Jones_2020,4,leaked_75pct,0.9767441860465116,True,0.0,0.47678018575851394
ADRB2_HUMAN_Jones_2020,5,honest_zero_shot,0.6186046511627907,True,0.0,0.48297213622291024
ADRB2_HUMAN_Jones_2020,5,leaked_full,1.0,True,0.0,0.48297213622291024
ADRB2_HUMAN_Jones_2020,5,leaked_25pct,0.6232558139534884,True,0.0,0.48297213622291024
ADRB2_HUMAN_Jones_2020,5,leaked_50pct,0.8093023255813954,True,1.0,0.48297213622291024
ADRB2_HUMAN_Jones_2020,5,leaked_75pct,0.9906976744186046,True,0.0,0.48297213622291024
ADRB2_HUMAN_Jones_2020,6,honest_zero_shot,0.5906976744186047,True,0.0,0.48297213622291024
ADRB2_HUMAN_Jones_2020,6,leaked_full,1.0,True,0.0,0.48297213622291024
ADRB2_HUMAN_Jones_2020,6,leaked_25pct,0.9302325581395349,True,1.0,0.48297213622291024
ADRB2_HUMAN_Jones_2020,6,leaked_50pct,0.9674418604651163,True,0.0,0.48297213622291024
ADRB2_HUMAN_Jones_2020,6,leaked_75pct,1.0,True,2.0,0.48297213622291024
ADRB2_HUMAN_Jones_2020,7,honest_zero_shot,0.6837209302325581,True,0.0,0.48297213622291024
ADRB2_HUMAN_Jones_2020,7,leaked_full,1.0,True,0.0,0.48297213622291024
ADRB2_HUMAN_Jones_2020,7,leaked_25pct,0.772093023255814,True,0.0,0.48297213622291024
ADRB2_HUMAN_Jones_2020,7,leaked_50pct,0.8372093023255814,True,0.0,0.48297213622291024
ADRB2_HUMAN_Jones_2020,7,leaked_75pct,0.9906976744186047,True,1.0,0.48297213622291024
ADRB2_HUMAN_Jones_2020,8,honest_zero_shot,0.5953488372093023,True,0.0,0.47678018575851394
ADRB2_HUMAN_Jones_2020,8,leaked_full,1.0,True,0.0,0.47678018575851394
ADRB2_HUMAN_Jones_2020,8,leaked_25pct,0.8744186046511628,True,0.0,0.47678018575851394
ADRB2_HUMAN_Jones_2020,8,leaked_50pct,0.9441860465116279,True,0.0,0.47678018575851394
ADRB2_HUMAN_Jones_2020,8,leaked_75pct,0.9813953488372094,True,1.0,0.47678018575851394
ADRB2_HUMAN_Jones_2020,9,honest_zero_shot,0.7906976744186047,True,0.0,0.47678018575851394
ADRB2_HUMAN_Jones_2020,9,leaked_full,1.0,True,0.0,0.47678018575851394
ADRB2_HUMAN_Jones_2020,9,leaked_25pct,0.7627906976744186,True,0.0,0.47678018575851394
ADRB2_HUMAN_Jones_2020,9,leaked_50pct,0.9023255813953488,True,0.0,0.47678018575851394
ADRB2_HUMAN_Jones_2020,9,leaked_75pct,0.9813953488372092,True,0.0,0.47678018575851394
ADRB2_HUMAN_Jones_2020,10,honest_zero_shot,0.5162790697674419,False,0.0,0.48297213622291024
ADRB2_HUMAN_Jones_2020,10,leaked_full,1.0,True,2.0,0.48297213622291024
ADRB2_HUMAN_Jones_2020,10,leaked_25pct,0.6139534883720931,True,0.0,0.48297213622291024
ADRB2_HUMAN_Jones_2020,10,leaked_50pct,0.7953488372093023,True,1.0,0.48297213622291024
ADRB2_HUMAN_Jones_2020,10,leaked_75pct,1.0,True,0.0,0.48297213622291024
ADRB2_HUMAN_Jones_2020,11,honest_zero_shot,0.5488372093023256,False,0.0,0.48297213622291024
ADRB2_HUMAN_Jones_2020,11,leaked_full,1.0,True,0.0,0.48297213622291024
ADRB2_HUMAN_Jones_2020,11,leaked_25pct,0.8279069767441861,True,0.0,0.48297213622291024
ADRB2_HUMAN_Jones_2020,11,leaked_50pct,0.8883720930232558,True,0.0,0.48297213622291024
ADRB2_HUMAN_Jones_2020,11,leaked_75pct,0.986046511627907,True,1.0,0.48297213622291024
ADRB2_HUMAN_Jones_2020,12,honest_zero_shot,0.6558139534883721,True,0.0,0.47678018575851394
ADRB2_HUMAN_Jones_2020,12,leaked_full,1.0,True,1.0,0.47678018575851394
ADRB2_HUMAN_Jones_2020,12,leaked_25pct,0.586046511627907,True,0.0,0.47678018575851394
ADRB2_HUMAN_Jones_2020,12,leaked_50pct,0.8651162790697674,True,0.0,0.47678018575851394
ADRB2_HUMAN_Jones_2020,12,leaked_75pct,0.986046511627907,True,1.0,0.47678018575851394
ADRB2_HUMAN_Jones_2020,13,honest_zero_shot,0.5813953488372093,True,0.0,0.47678018575851394
ADRB2_HUMAN_Jones_2020,13,leaked_full,1.0,True,0.0,0.47678018575851394
ADRB2_HUMAN_Jones_2020,13,leaked_25pct,0.8,True,0.0,0.47678018575851394
ADRB2_HUMAN_Jones_2020,13,leaked_50pct,0.7302325581395349,True,0.0,0.47678018575851394
ADRB2_HUMAN_Jones_2020,13,leaked_75pct,0.9813953488372094,True,0.0,0.47678018575851394
ADRB2_HUMAN_Jones_2020,14,honest_zero_shot,0.6465116279069768,True,0.0,0.48297213622291024
ADRB2_HUMAN_Jones_2020,14,leaked_full,1.0,True,0.0,0.48297213622291024
ADRB2_HUMAN_Jones_2020,14,leaked_25pct,0.7534883720930232,True,0.0,0.48297213622291024
ADRB2_HUMAN_Jones_2020,14,leaked_50pct,0.9441860465116279,True,2.0,0.48297213622291024
ADRB2_HUMAN_Jones_2020,14,leaked_75pct,0.9395348837209303,True,0.0,0.48297213622291024
ADRB2_HUMAN_Jones_2020,15,honest_zero_shot,0.6232558139534884,True,0.0,0.48297213622291024
ADRB2_HUMAN_Jones_2020,15,leaked_full,1.0,True,1.0,0.48297213622291024
ADRB2_HUMAN_Jones_2020,15,leaked_25pct,0.8046511627906977,True,1.0,0.48297213622291024
ADRB2_HUMAN_Jones_2020,15,leaked_50pct,0.8790697674418604,True,0.0,0.48297213622291024
ADRB2_HUMAN_Jones_2020,15,leaked_75pct,0.9813953488372094,True,0.0,0.48297213622291024
ADRB2_HUMAN_Jones_2020,16,honest_zero_shot,0.5674418604651164,True,0.0,0.48297213622291024
ADRB2_HUMAN_Jones_2020,16,leaked_full,1.0,True,1.0,0.48297213622291024
ADRB2_HUMAN_Jones_2020,16,leaked_25pct,0.5488372093023256,False,1.0,0.48297213622291024
ADRB2_HUMAN_Jones_2020,16,leaked_50pct,0.8511627906976744,True,2.0,0.48297213622291024
ADRB2_HUMAN_Jones_2020,16,leaked_75pct,0.9813953488372092,True,0.0,0.48297213622291024
ADRB2_HUMAN_Jones_2020,17,honest_zero_shot,0.6325581395348837,True,0.0,0.48297213622291024
ADRB2_HUMAN_Jones_2020,17,leaked_full,1.0,True,0.0,0.48297213622291024
ADRB2_HUMAN_Jones_2020,17,leaked_25pct,0.4930232558139535,False,1.0,0.48297213622291024
ADRB2_HUMAN_Jones_2020,17,leaked_50pct,0.8093023255813953,True,2.0,0.48297213622291024
ADRB2_HUMAN_Jones_2020,17,leaked_75pct,0.9023255813953488,True,1.0,0.48297213622291024
ADRB2_HUMAN_Jones_2020,18,honest_zero_shot,0.7813953488372093,True,0.0,0.47678018575851394
ADRB2_HUMAN_Jones_2020,18,leaked_full,1.0,True,0.0,0.47678018575851394
ADRB2_HUMAN_Jones_2020,18,leaked_25pct,0.7162790697674419,True,0.0,0.47678018575851394
ADRB2_HUMAN_Jones_2020,18,leaked_50pct,0.9488372093023256,True,0.0,0.47678018575851394
ADRB2_HUMAN_Jones_2020,18,leaked_75pct,0.9767441860465117,True,0.0,0.47678018575851394
ADRB2_HUMAN_Jones_2020,19,honest_zero_shot,0.6604651162790698,True,0.0,0.47678018575851394
ADRB2_HUMAN_Jones_2020,19,leaked_full,1.0,True,1.0,0.47678018575851394
ADRB2_HUMAN_Jones_2020,19,leaked_25pct,0.8372093023255813,True,0.0,0.47678018575851394
ADRB2_HUMAN_Jones_2020,19,leaked_50pct,0.9813953488372094,True,0.0,0.47678018575851394
ADRB2_HUMAN_Jones_2020,19,leaked_75pct,1.0,True,0.0,0.47678018575851394
ADRB2_HUMAN_Jones_2020,20,honest_zero_shot,0.7674418604651163,True,0.0,0.48297213622291024
ADRB2_HUMAN_Jones_2020,20,leaked_full,1.0,True,0.0,0.48297213622291024
ADRB2_HUMAN_Jones_2020,20,leaked_25pct,0.627906976744186,True,1.0,0.48297213622291024
ADRB2_HUMAN_Jones_2020,20,leaked_50pct,0.9023255813953488,True,0.0,0.48297213622291024
ADRB2_HUMAN_Jones_2020,20,leaked_75pct,0.9674418604651164,True,1.0,0.48297213622291024
ADRB2_HUMAN_Jones_2020,21,honest_zero_shot,0.6604651162790698,True,0.0,0.48297213622291024
ADRB2_HUMAN_Jones_2020,21,leaked_full,1.0,True,1.0,0.48297213622291024
ADRB2_HUMAN_Jones_2020,21,leaked_25pct,0.4604651162790698,False,2.0,0.48297213622291024
ADRB2_HUMAN_Jones_2020,21,leaked_50pct,0.8651162790697674,True,0.0,0.48297213622291024
ADRB2_HUMAN_Jones_2020,21,leaked_75pct,1.0,True,2.0,0.48297213622291024
ADRB2_HUMAN_Jones_2020,22,honest_zero_shot,0.5581395348837209,True,0.0,0.47058823529411764
ADRB2_HUMAN_Jones_2020,22,leaked_full,1.0,True,0.0,0.47058823529411764
ADRB2_HUMAN_Jones_2020,22,leaked_25pct,0.8883720930232559,True,1.0,0.47058823529411764
ADRB2_HUMAN_Jones_2020,22,leaked_50pct,0.944186046511628,True,0.0,0.47058823529411764
ADRB2_HUMAN_Jones_2020,22,leaked_75pct,0.9813953488372094,True,1.0,0.47058823529411764
ADRB2_HUMAN_Jones_2020,23,honest_zero_shot,0.7255813953488373,True,0.0,0.48297213622291024
ADRB2_HUMAN_Jones_2020,23,leaked_full,1.0,True,0.0,0.48297213622291024
ADRB2_HUMAN_Jones_2020,23,leaked_25pct,0.6093023255813954,True,0.0,0.48297213622291024
ADRB2_HUMAN_Jones_2020,23,leaked_50pct,0.944186046511628,True,0.0,0.48297213622291024
ADRB2_HUMAN_Jones_2020,23,leaked_75pct,1.0,True,0.0,0.48297213622291024
ADRB2_HUMAN_Jones_2020,24,honest_zero_shot,0.641860465116279,True,0.0,0.47678018575851394
ADRB2_HUMAN_Jones_2020,24,leaked_full,1.0,True,0.0,0.47678018575851394
ADRB2_HUMAN_Jones_2020,24,leaked_25pct,0.5581395348837209,True,0.0,0.47678018575851394
ADRB2_HUMAN_Jones_2020,24,leaked_50pct,0.944186046511628,True,1.0,0.47678018575851394
ADRB2_HUMAN_Jones_2020,24,leaked_75pct,0.9441860465116279,True,1.0,0.47678018575851394
ADRB2_HUMAN_Jones_2020,25,honest_zero_shot,0.613953488372093,True,0.0,0.48297213622291024
ADRB2_HUMAN_Jones_2020,25,leaked_full,1.0,True,0.0,0.48297213622291024
ADRB2_HUMAN_Jones_2020,25,leaked_25pct,0.5720930232558139,True,0.0,0.48297213622291024
ADRB2_HUMAN_Jones_2020,25,leaked_50pct,0.8790697674418604,True,0.0,0.48297213622291024
ADRB2_HUMAN_Jones_2020,25,leaked_75pct,1.0,True,1.0,0.48297213622291024
ADRB2_HUMAN_Jones_2020,26,honest_zero_shot,0.7813953488372093,True,0.0,0.47058823529411764
ADRB2_HUMAN_Jones_2020,26,leaked_full,1.0,True,0.0,0.47058823529411764
ADRB2_HUMAN_Jones_2020,26,leaked_25pct,0.9116279069767441,True,0.0,0.47058823529411764
ADRB2_HUMAN_Jones_2020,26,leaked_50pct,0.9627906976744186,True,2.0,0.47058823529411764
ADRB2_HUMAN_Jones_2020,26,leaked_75pct,0.9906976744186047,True,1.0,0.47058823529411764
ADRB2_HUMAN_Jones_2020,27,honest_zero_shot,0.8093023255813954,True,0.0,0.48297213622291024
ADRB2_HUMAN_Jones_2020,27,leaked_full,1.0,True,0.0,0.48297213622291024
ADRB2_HUMAN_Jones_2020,27,leaked_25pct,0.6093023255813953,True,1.0,0.48297213622291024
ADRB2_HUMAN_Jones_2020,27,leaked_50pct,0.9348837209302325,True,0.0,0.48297213622291024
ADRB2_HUMAN_Jones_2020,27,leaked_75pct,0.9953488372093022,True,0.0,0.48297213622291024
ADRB2_HUMAN_Jones_2020,28,honest_zero_shot,0.6372093023255814,True,0.0,0.47058823529411764
ADRB2_HUMAN_Jones_2020,28,leaked_full,1.0,True,1.0,0.47058823529411764
ADRB2_HUMAN_Jones_2020,28,leaked_25pct,0.4930232558139535,False,0.0,0.47058823529411764
ADRB2_HUMAN_Jones_2020,28,leaked_50pct,0.8930232558139535,True,0.0,0.47058823529411764
ADRB2_HUMAN_Jones_2020,28,leaked_75pct,0.9953488372093022,True,1.0,0.47058823529411764
ADRB2_HUMAN_Jones_2020,29,honest_zero_shot,0.6511627906976745,True,0.0,0.48297213622291024
ADRB2_HUMAN_Jones_2020,29,leaked_full,1.0,True,0.0,0.48297213622291024
ADRB2_HUMAN_Jones_2020,29,leaked_25pct,0.8186046511627907,True,1.0,0.48297213622291024
ADRB2_HUMAN_Jones_2020,29,leaked_50pct,0.9023255813953488,True,1.0,0.48297213622291024
ADRB2_HUMAN_Jones_2020,29,leaked_75pct,1.0,True,0.0,0.48297213622291024
ADRB2_HUMAN_Jones_2020,30,honest_zero_shot,0.7627906976744185,True,0.0,0.48297213622291024
ADRB2_HUMAN_Jones_2020,30,leaked_full,1.0,True,1.0,0.48297213622291024
ADRB2_HUMAN_Jones_2020,30,leaked_25pct,0.8930232558139535,True,0.0,0.48297213622291024
ADRB2_HUMAN_Jones_2020,30,leaked_50pct,0.758139534883721,True,0.0,0.48297213622291024
ADRB2_HUMAN_Jones_2020,30,leaked_75pct,0.9767441860465116,True,1.0,0.48297213622291024
ADRB2_HUMAN_Jones_2020,31,honest_zero_shot,0.586046511627907,True,0.0,0.48297213622291024
ADRB2_HUMAN_Jones_2020,31,leaked_full,1.0,True,1.0,0.48297213622291024
ADRB2_HUMAN_Jones_2020,31,leaked_25pct,0.43255813953488376,False,0.0,0.48297213622291024
ADRB2_HUMAN_Jones_2020,31,leaked_50pct,0.8883720930232557,True,0.0,0.48297213622291024
ADRB2_HUMAN_Jones_2020,31,leaked_75pct,1.0,True,0.0,0.48297213622291024
ADRB2_HUMAN_Jones_2020,32,honest_zero_shot,0.4744186046511628,False,0.0,0.47678018575851394
ADRB2_HUMAN_Jones_2020,32,leaked_full,1.0,True,0.0,0.47678018575851394
ADRB2_HUMAN_Jones_2020,32,leaked_25pct,0.42325581395348844,False,1.0,0.47678018575851394
ADRB2_HUMAN_Jones_2020,32,leaked_50pct,0.9302325581395349,True,0.0,0.47678018575851394
ADRB2_HUMAN_Jones_2020,32,leaked_75pct,0.9906976744186047,True,0.0,0.47678018575851394
ADRB2_HUMAN_Jones_2020,33,honest_zero_shot,0.6651162790697674,True,0.0,0.47058823529411764
ADRB2_HUMAN_Jones_2020,33,leaked_full,1.0,True,0.0,0.47058823529411764
ADRB2_HUMAN_Jones_2020,33,leaked_25pct,0.6976744186046512,True,1.0,0.47058823529411764
ADRB2_HUMAN_Jones_2020,33,leaked_50pct,0.9534883720930233,True,1.0,0.47058823529411764
ADRB2_HUMAN_Jones_2020,33,leaked_75pct,1.0,True,1.0,0.47058823529411764
ADRB2_HUMAN_Jones_2020,34,honest_zero_shot,0.4976744186046511,False,0.0,0.47678018575851394
ADRB2_HUMAN_Jones_2020,34,leaked_full,1.0,True,0.0,0.47678018575851394
ADRB2_HUMAN_Jones_2020,34,leaked_25pct,0.613953488372093,True,1.0,0.47678018575851394
ADRB2_HUMAN_Jones_2020,34,leaked_50pct,0.958139534883721,True,0.0,0.47678018575851394
ADRB2_HUMAN_Jones_2020,34,leaked_75pct,0.9860465116279069,True,1.0,0.47678018575851394
ADRB2_HUMAN_Jones_2020,35,honest_zero_shot,0.827906976744186,True,0.0,0.48297213622291024
ADRB2_HUMAN_Jones_2020,35,leaked_full,1.0,True,0.0,0.48297213622291024
ADRB2_HUMAN_Jones_2020,35,leaked_25pct,0.6279069767441862,True,0.0,0.48297213622291024
ADRB2_HUMAN_Jones_2020,35,leaked_50pct,0.8372093023255814,True,0.0,0.48297213622291024
ADRB2_HUMAN_Jones_2020,35,leaked_75pct,1.0,True,0.0,0.48297213622291024
ADRB2_HUMAN_Jones_2020,36,honest_zero_shot,0.772093023255814,True,0.0,0.47678018575851394
ADRB2_HUMAN_Jones_2020,36,leaked_full,1.0,True,0.0,0.47678018575851394
ADRB2_HUMAN_Jones_2020,36,leaked_25pct,0.7674418604651163,True,0.0,0.47678018575851394
ADRB2_HUMAN_Jones_2020,36,leaked_50pct,0.9860465116279069,True,0.0,0.47678018575851394
ADRB2_HUMAN_Jones_2020,36,leaked_75pct,1.0,True,1.0,0.47678018575851394
ADRB2_HUMAN_Jones_2020,37,honest_zero_shot,0.6511627906976745,True,0.0,0.47678018575851394
ADRB2_HUMAN_Jones_2020,37,leaked_full,1.0,True,1.0,0.47678018575851394
ADRB2_HUMAN_Jones_2020,37,leaked_25pct,0.5953488372093023,True,1.0,0.47678018575851394
ADRB2_HUMAN_Jones_2020,37,leaked_50pct,0.8837209302325582,True,1.0,0.47678018575851394
ADRB2_HUMAN_Jones_2020,37,leaked_75pct,1.0,True,0.0,0.47678018575851394
ADRB2_HUMAN_Jones_2020,38,honest_zero_shot,0.5395348837209302,False,0.0,0.48297213622291024
ADRB2_HUMAN_Jones_2020,38,leaked_full,1.0,True,0.0,0.48297213622291024
ADRB2_HUMAN_Jones_2020,38,leaked_25pct,0.7395348837209302,True,0.0,0.48297213622291024
ADRB2_HUMAN_Jones_2020,38,leaked_50pct,0.8930232558139535,True,2.0,0.48297213622291024
ADRB2_HUMAN_Jones_2020,38,leaked_75pct,0.9813953488372094,True,0.0,0.48297213622291024
ADRB2_HUMAN_Jones_2020,39,honest_zero_shot,0.8418604651162791,True,0.0,0.47678018575851394
ADRB2_HUMAN_Jones_2020,39,leaked_full,1.0,True,2.0,0.47678018575851394
ADRB2_HUMAN_Jones_2020,39,leaked_25pct,0.7162790697674418,True,0.0,0.47678018575851394
ADRB2_HUMAN_Jones_2020,39,leaked_50pct,0.9627906976744186,True,2.0,0.47678018575851394
ADRB2_HUMAN_Jones_2020,39,leaked_75pct,0.9813953488372092,True,0.0,0.47678018575851394
AMIE_PSEAE_Wrenbeck_2017,0,honest_zero_shot,0.7023255813953488,True,1.0,0.458326590063117
AMIE_PSEAE_Wrenbeck_2017,0,leaked_full,1.0,True,1.0,0.458326590063117
AMIE_PSEAE_Wrenbeck_2017,0,leaked_25pct,0.558139534883721,True,1.0,0.458326590063117
AMIE_PSEAE_Wrenbeck_2017,0,leaked_50pct,0.8697674418604651,True,0.0,0.458326590063117
AMIE_PSEAE_Wrenbeck_2017,0,leaked_75pct,0.9674418604651164,True,0.0,0.458326590063117
AMIE_PSEAE_Wrenbeck_2017,1,honest_zero_shot,0.6093023255813954,True,1.0,0.47386308464152777
AMIE_PSEAE_Wrenbeck_2017,1,leaked_full,1.0,True,0.0,0.47386308464152777
AMIE_PSEAE_Wrenbeck_2017,1,leaked_25pct,0.6186046511627907,True,0.0,0.47386308464152777
AMIE_PSEAE_Wrenbeck_2017,1,leaked_50pct,0.6930232558139535,True,0.0,0.47386308464152777
AMIE_PSEAE_Wrenbeck_2017,1,leaked_75pct,0.9069767441860465,True,0.0,0.47386308464152777
AMIE_PSEAE_Wrenbeck_2017,2,honest_zero_shot,0.5813953488372093,True,1.0,0.47386308464152777
AMIE_PSEAE_Wrenbeck_2017,2,leaked_full,1.0,True,1.0,0.47386308464152777
AMIE_PSEAE_Wrenbeck_2017,2,leaked_25pct,0.6186046511627907,True,1.0,0.47386308464152777
AMIE_PSEAE_Wrenbeck_2017,2,leaked_50pct,0.7488372093023257,True,2.0,0.47386308464152777
AMIE_PSEAE_Wrenbeck_2017,2,leaked_75pct,0.9255813953488372,True,1.0,0.47386308464152777
AMIE_PSEAE_Wrenbeck_2017,3,honest_zero_shot,0.6511627906976745,True,1.0,0.47386308464152777
AMIE_PSEAE_Wrenbeck_2017,3,leaked_full,1.0,True,0.0,0.47386308464152777
AMIE_PSEAE_Wrenbeck_2017,3,leaked_25pct,0.7348837209302326,True,0.0,0.47386308464152777
AMIE_PSEAE_Wrenbeck_2017,3,leaked_50pct,0.8418604651162791,True,0.0,0.47386308464152777
AMIE_PSEAE_Wrenbeck_2017,3,leaked_75pct,0.9813953488372092,True,1.0,0.47386308464152777
AMIE_PSEAE_Wrenbeck_2017,4,honest_zero_shot,0.641860465116279,True,1.0,0.48163133193073315
AMIE_PSEAE_Wrenbeck_2017,4,leaked_full,1.0,True,1.0,0.48163133193073315
AMIE_PSEAE_Wrenbeck_2017,4,leaked_25pct,0.6,True,1.0,0.48163133193073315
AMIE_PSEAE_Wrenbeck_2017,4,leaked_50pct,0.8139534883720929,True,0.0,0.48163133193073315
AMIE_PSEAE_Wrenbeck_2017,4,leaked_75pct,0.9441860465116279,True,0.0,0.48163133193073315
AMIE_PSEAE_Wrenbeck_2017,5,honest_zero_shot,0.772093023255814,True,1.0,0.48163133193073315
AMIE_PSEAE_Wrenbeck_2017,5,leaked_full,1.0,True,2.0,0.48163133193073315
AMIE_PSEAE_Wrenbeck_2017,5,leaked_25pct,0.6976744186046512,True,1.0,0.48163133193073315
AMIE_PSEAE_Wrenbeck_2017,5,leaked_50pct,0.9116279069767441,True,0.0,0.48163133193073315
AMIE_PSEAE_Wrenbeck_2017,5,leaked_75pct,0.9860465116279069,True,0.0,0.48163133193073315
AMIE_PSEAE_Wrenbeck_2017,6,honest_zero_shot,0.613953488372093,True,1.0,0.48163133193073315
AMIE_PSEAE_Wrenbeck_2017,6,leaked_full,1.0,True,0.0,0.48163133193073315
AMIE_PSEAE_Wrenbeck_2017,6,leaked_25pct,0.6651162790697674,True,0.0,0.48163133193073315
AMIE_PSEAE_Wrenbeck_2017,6,leaked_50pct,0.8511627906976744,True,0.0,0.48163133193073315
AMIE_PSEAE_Wrenbeck_2017,6,leaked_75pct,0.9720930232558139,True,0.0,0.48163133193073315
AMIE_PSEAE_Wrenbeck_2017,7,honest_zero_shot,0.6372093023255815,True,1.0,0.47386308464152777
AMIE_PSEAE_Wrenbeck_2017,7,leaked_full,1.0,True,0.0,0.47386308464152777
AMIE_PSEAE_Wrenbeck_2017,7,leaked_25pct,0.6046511627906976,True,0.0,0.47386308464152777
AMIE_PSEAE_Wrenbeck_2017,7,leaked_50pct,0.8232558139534885,True,0.0,0.47386308464152777
AMIE_PSEAE_Wrenbeck_2017,7,leaked_75pct,1.0,True,0.0,0.47386308464152777
AMIE_PSEAE_Wrenbeck_2017,8,honest_zero_shot,0.6558139534883721,True,1.0,0.48163133193073315
AMIE_PSEAE_Wrenbeck_2017,8,leaked_full,1.0,True,1.0,0.48163133193073315
AMIE_PSEAE_Wrenbeck_2017,8,leaked_25pct,0.8186046511627907,True,1.0,0.48163133193073315
AMIE_PSEAE_Wrenbeck_2017,8,leaked_50pct,0.8325581395348837,True,1.0,0.48163133193073315
AMIE_PSEAE_Wrenbeck_2017,8,leaked_75pct,0.9302325581395349,True,0.0,0.48163133193073315
AMIE_PSEAE_Wrenbeck_2017,9,honest_zero_shot,0.6093023255813954,True,1.0,0.48163133193073315
AMIE_PSEAE_Wrenbeck_2017,9,leaked_full,1.0,True,0.0,0.48163133193073315
AMIE_PSEAE_Wrenbeck_2017,9,leaked_25pct,0.5906976744186047,True,0.0,0.48163133193073315
AMIE_PSEAE_Wrenbeck_2017,9,leaked_50pct,0.9255813953488372,True,1.0,0.48163133193073315
AMIE_PSEAE_Wrenbeck_2017,9,leaked_75pct,0.9674418604651164,True,0.0,0.48163133193073315
AMIE_PSEAE_Wrenbeck_2017,10,honest_zero_shot,0.8883720930232559,True,1.0,0.47386308464152777
AMIE_PSEAE_Wrenbeck_2017,10,leaked_full,1.0,True,0.0,0.47386308464152777
AMIE_PSEAE_Wrenbeck_2017,10,leaked_25pct,0.8744186046511627,True,0.0,0.47386308464152777
AMIE_PSEAE_Wrenbeck_2017,10,leaked_50pct,0.9395348837209302,True,0.0,0.47386308464152777
AMIE_PSEAE_Wrenbeck_2017,10,leaked_75pct,0.9488372093023255,True,0.0,0.47386308464152777
AMIE_PSEAE_Wrenbeck_2017,11,honest_zero_shot,0.7441860465116279,True,1.0,0.48163133193073315
AMIE_PSEAE_Wrenbeck_2017,11,leaked_full,1.0,True,0.0,0.48163133193073315
AMIE_PSEAE_Wrenbeck_2017,11,leaked_25pct,0.5767441860465117,True,0.0,0.48163133193073315
AMIE_PSEAE_Wrenbeck_2017,11,leaked_50pct,0.8511627906976744,True,0.0,0.48163133193073315
AMIE_PSEAE_Wrenbeck_2017,11,leaked_75pct,1.0,True,1.0,0.48163133193073315
AMIE_PSEAE_Wrenbeck_2017,12,honest_zero_shot,0.627906976744186,True,1.0,0.48163133193073315
AMIE_PSEAE_Wrenbeck_2017,12,leaked_full,1.0,True,1.0,0.48163133193073315
AMIE_PSEAE_Wrenbeck_2017,12,leaked_25pct,0.4279069767441861,False,0.0,0.48163133193073315
AMIE_PSEAE_Wrenbeck_2017,12,leaked_50pct,0.9069767441860465,True,1.0,0.48163133193073315
AMIE_PSEAE_Wrenbeck_2017,12,leaked_75pct,0.9906976744186046,True,0.0,0.48163133193073315
AMIE_PSEAE_Wrenbeck_2017,13,honest_zero_shot,0.8372093023255813,True,1.0,0.48163133193073315
AMIE_PSEAE_Wrenbeck_2017,13,leaked_full,1.0,True,2.0,0.48163133193073315
AMIE_PSEAE_Wrenbeck_2017,13,leaked_25pct,0.4511627906976744,False,0.0,0.48163133193073315
AMIE_PSEAE_Wrenbeck_2017,13,leaked_50pct,0.7255813953488373,True,0.0,0.48163133193073315
AMIE_PSEAE_Wrenbeck_2017,13,leaked_75pct,0.9395348837209302,True,1.0,0.48163133193073315
AMIE_PSEAE_Wrenbeck_2017,14,honest_zero_shot,0.6046511627906977,True,1.0,0.4660948373523224
AMIE_PSEAE_Wrenbeck_2017,14,leaked_full,1.0,True,1.0,0.4660948373523224
AMIE_PSEAE_Wrenbeck_2017,14,leaked_25pct,0.6000000000000001,True,0.0,0.4660948373523224
AMIE_PSEAE_Wrenbeck_2017,14,leaked_50pct,0.8046511627906976,True,1.0,0.4660948373523224
AMIE_PSEAE_Wrenbeck_2017,14,leaked_75pct,0.9906976744186046,True,2.0,0.4660948373523224
AMIE_PSEAE_Wrenbeck_2017,15,honest_zero_shot,0.8325581395348838,True,1.0,0.48163133193073315
AMIE_PSEAE_Wrenbeck_2017,15,leaked_full,1.0,True,0.0,0.48163133193073315
AMIE_PSEAE_Wrenbeck_2017,15,leaked_25pct,0.8279069767441861,True,0.0,0.48163133193073315
AMIE_PSEAE_Wrenbeck_2017,15,leaked_50pct,0.6976744186046512,True,1.0,0.48163133193073315
AMIE_PSEAE_Wrenbeck_2017,15,leaked_75pct,0.9627906976744186,True,1.0,0.48163133193073315
AMIE_PSEAE_Wrenbeck_2017,16,honest_zero_shot,0.6604651162790698,True,1.0,0.48163133193073315
AMIE_PSEAE_Wrenbeck_2017,16,leaked_full,1.0,True,0.0,0.48163133193073315
AMIE_PSEAE_Wrenbeck_2017,16,leaked_25pct,0.7674418604651163,True,0.0,0.48163133193073315
AMIE_PSEAE_Wrenbeck_2017,16,leaked_50pct,0.7488372093023257,True,0.0,0.48163133193073315
AMIE_PSEAE_Wrenbeck_2017,16,leaked_75pct,0.9488372093023256,True,0.0,0.48163133193073315
AMIE_PSEAE_Wrenbeck_2017,17,honest_zero_shot,0.6930232558139535,True,1.0,0.47386308464152777
AMIE_PSEAE_Wrenbeck_2017,17,leaked_full,1.0,True,0.0,0.47386308464152777
AMIE_PSEAE_Wrenbeck_2017,17,leaked_25pct,0.48372093023255813,False,0.0,0.47386308464152777
AMIE_PSEAE_Wrenbeck_2017,17,leaked_50pct,0.9023255813953488,True,1.0,0.47386308464152777
AMIE_PSEAE_Wrenbeck_2017,17,leaked_75pct,0.9674418604651163,True,0.0,0.47386308464152777
AMIE_PSEAE_Wrenbeck_2017,18,honest_zero_shot,0.7534883720930232,True,1.0,0.48163133193073315
AMIE_PSEAE_Wrenbeck_2017,18,leaked_full,1.0,True,0.0,0.48163133193073315
AMIE_PSEAE_Wrenbeck_2017,18,leaked_25pct,0.6418604651162791,True,1.0,0.48163133193073315
AMIE_PSEAE_Wrenbeck_2017,18,leaked_50pct,0.9162790697674419,True,1.0,0.48163133193073315
AMIE_PSEAE_Wrenbeck_2017,18,leaked_75pct,0.9534883720930233,True,0.0,0.48163133193073315
AMIE_PSEAE_Wrenbeck_2017,19,honest_zero_shot,0.6325581395348837,True,1.0,0.48163133193073315
AMIE_PSEAE_Wrenbeck_2017,19,leaked_full,1.0,True,0.0,0.48163133193073315
AMIE_PSEAE_Wrenbeck_2017,19,leaked_25pct,0.7906976744186047,True,0.0,0.48163133193073315
AMIE_PSEAE_Wrenbeck_2017,19,leaked_50pct,0.9116279069767441,True,1.0,0.48163133193073315
AMIE_PSEAE_Wrenbeck_2017,19,leaked_75pct,0.9674418604651163,True,0.0,0.48163133193073315
AMIE_PSEAE_Wrenbeck_2017,20,honest_zero_shot,0.530232558139535,False,1.0,0.48163133193073315
AMIE_PSEAE_Wrenbeck_2017,20,leaked_full,1.0,True,1.0,0.48163133193073315
AMIE_PSEAE_Wrenbeck_2017,20,leaked_25pct,0.4697674418604651,False,2.0,0.48163133193073315
AMIE_PSEAE_Wrenbeck_2017,20,leaked_50pct,0.8186046511627907,True,0.0,0.48163133193073315
AMIE_PSEAE_Wrenbeck_2017,20,leaked_75pct,0.9627906976744186,True,1.0,0.48163133193073315
AMIE_PSEAE_Wrenbeck_2017,21,honest_zero_shot,0.6651162790697674,True,1.0,0.48163133193073315
AMIE_PSEAE_Wrenbeck_2017,21,leaked_full,1.0,True,0.0,0.48163133193073315
AMIE_PSEAE_Wrenbeck_2017,21,leaked_25pct,0.7488372093023257,True,1.0,0.48163133193073315
AMIE_PSEAE_Wrenbeck_2017,21,leaked_50pct,0.6465116279069767,True,0.0,0.48163133193073315
AMIE_PSEAE_Wrenbeck_2017,21,leaked_75pct,0.944186046511628,True,0.0,0.48163133193073315
AMIE_PSEAE_Wrenbeck_2017,22,honest_zero_shot,0.6604651162790698,True,1.0,0.47386308464152777
AMIE_PSEAE_Wrenbeck_2017,22,leaked_full,1.0,True,1.0,0.47386308464152777
AMIE_PSEAE_Wrenbeck_2017,22,leaked_25pct,0.5023255813953489,False,0.0,0.47386308464152777
AMIE_PSEAE_Wrenbeck_2017,22,leaked_50pct,0.9209302325581395,True,0.0,0.47386308464152777
AMIE_PSEAE_Wrenbeck_2017,22,leaked_75pct,0.8744186046511628,True,1.0,0.47386308464152777
AMIE_PSEAE_Wrenbeck_2017,23,honest_zero_shot,0.7534883720930233,True,1.0,0.47386308464152777
AMIE_PSEAE_Wrenbeck_2017,23,leaked_full,1.0,True,1.0,0.47386308464152777
AMIE_PSEAE_Wrenbeck_2017,23,leaked_25pct,0.6930232558139535,True,0.0,0.47386308464152777
AMIE_PSEAE_Wrenbeck_2017,23,leaked_50pct,0.827906976744186,True,0.0,0.47386308464152777
AMIE_PSEAE_Wrenbeck_2017,23,leaked_75pct,1.0,True,0.0,0.47386308464152777
AMIE_PSEAE_Wrenbeck_2017,24,honest_zero_shot,0.8093023255813954,True,1.0,0.48163133193073315
AMIE_PSEAE_Wrenbeck_2017,24,leaked_full,1.0,True,0.0,0.48163133193073315
AMIE_PSEAE_Wrenbeck_2017,24,leaked_25pct,0.6372093023255814,True,0.0,0.48163133193073315
AMIE_PSEAE_Wrenbeck_2017,24,leaked_50pct,0.8465116279069768,True,2.0,0.48163133193073315
AMIE_PSEAE_Wrenbeck_2017,24,leaked_75pct,0.9395348837209303,True,0.0,0.48163133193073315
AMIE_PSEAE_Wrenbeck_2017,25,honest_zero_shot,0.7209302325581396,True,1.0,0.48163133193073315
AMIE_PSEAE_Wrenbeck_2017,25,leaked_full,1.0,True,2.0,0.48163133193073315
AMIE_PSEAE_Wrenbeck_2017,25,leaked_25pct,0.8279069767441861,True,0.0,0.48163133193073315
AMIE_PSEAE_Wrenbeck_2017,25,leaked_50pct,0.8465116279069768,True,0.0,0.48163133193073315
AMIE_PSEAE_Wrenbeck_2017,25,leaked_75pct,0.9813953488372094,True,0.0,0.48163133193073315
AMIE_PSEAE_Wrenbeck_2017,26,honest_zero_shot,0.6930232558139535,True,1.0,0.48163133193073315
AMIE_PSEAE_Wrenbeck_2017,26,leaked_full,1.0,True,0.0,0.48163133193073315
AMIE_PSEAE_Wrenbeck_2017,26,leaked_25pct,0.5116279069767442,False,0.0,0.48163133193073315
AMIE_PSEAE_Wrenbeck_2017,26,leaked_50pct,0.7488372093023257,True,0.0,0.48163133193073315
AMIE_PSEAE_Wrenbeck_2017,26,leaked_75pct,0.9627906976744186,True,0.0,0.48163133193073315
AMIE_PSEAE_Wrenbeck_2017,27,honest_zero_shot,0.6837209302325582,True,1.0,0.48163133193073315
AMIE_PSEAE_Wrenbeck_2017,27,leaked_full,1.0,True,0.0,0.48163133193073315
AMIE_PSEAE_Wrenbeck_2017,27,leaked_25pct,0.786046511627907,True,0.0,0.48163133193073315
AMIE_PSEAE_Wrenbeck_2017,27,leaked_50pct,0.9255813953488372,True,0.0,0.48163133193073315
AMIE_PSEAE_Wrenbeck_2017,27,leaked_75pct,0.8790697674418605,True,0.0,0.48163133193073315
AMIE_PSEAE_Wrenbeck_2017,28,honest_zero_shot,0.7023255813953488,True,0.0,0.4660948373523224
AMIE_PSEAE_Wrenbeck_2017,28,leaked_full,1.0,True,1.0,0.4660948373523224
AMIE_PSEAE_Wrenbeck_2017,28,leaked_25pct,0.572093023255814,True,1.0,0.4660948373523224
AMIE_PSEAE_Wrenbeck_2017,28,leaked_50pct,0.8651162790697674,True,2.0,0.4660948373523224
AMIE_PSEAE_Wrenbeck_2017,28,leaked_75pct,0.9348837209302325,True,1.0,0.4660948373523224
AMIE_PSEAE_Wrenbeck_2017,29,honest_zero_shot,0.6790697674418604,True,1.0,0.4660948373523224
AMIE_PSEAE_Wrenbeck_2017,29,leaked_full,1.0,True,1.0,0.4660948373523224
AMIE_PSEAE_Wrenbeck_2017,29,leaked_25pct,0.8604651162790697,True,0.0,0.4660948373523224
AMIE_PSEAE_Wrenbeck_2017,29,leaked_50pct,0.8372093023255813,True,0.0,0.4660948373523224
AMIE_PSEAE_Wrenbeck_2017,29,leaked_75pct,0.958139534883721,True,0.0,0.4660948373523224
AMIE_PSEAE_Wrenbeck_2017,30,honest_zero_shot,0.6790697674418604,True,1.0,0.48163133193073315
AMIE_PSEAE_Wrenbeck_2017,30,leaked_full,1.0,True,1.0,0.48163133193073315
AMIE_PSEAE_Wrenbeck_2017,30,leaked_25pct,0.2744186046511628,False,0.0,0.48163133193073315
AMIE_PSEAE_Wrenbeck_2017,30,leaked_50pct,0.9348837209302325,True,0.0,0.48163133193073315
AMIE_PSEAE_Wrenbeck_2017,30,leaked_75pct,0.9813953488372092,True,0.0,0.48163133193073315
AMIE_PSEAE_Wrenbeck_2017,31,honest_zero_shot,0.6604651162790698,True,1.0,0.48163133193073315
AMIE_PSEAE_Wrenbeck_2017,31,leaked_full,1.0,True,0.0,0.48163133193073315
AMIE_PSEAE_Wrenbeck_2017,31,leaked_25pct,0.6,True,0.0,0.48163133193073315
AMIE_PSEAE_Wrenbeck_2017,31,leaked_50pct,0.7860465116279071,True,1.0,0.48163133193073315
AMIE_PSEAE_Wrenbeck_2017,31,leaked_75pct,0.9116279069767441,True,0.0,0.48163133193073315
AMIE_PSEAE_Wrenbeck_2017,32,honest_zero_shot,0.7534883720930232,True,1.0,0.48163133193073315
AMIE_PSEAE_Wrenbeck_2017,32,leaked_full,1.0,True,1.0,0.48163133193073315
AMIE_PSEAE_Wrenbeck_2017,32,leaked_25pct,0.8604651162790697,True,2.0,0.48163133193073315
AMIE_PSEAE_Wrenbeck_2017,32,leaked_50pct,0.7395348837209302,True,1.0,0.48163133193073315
AMIE_PSEAE_Wrenbeck_2017,32,leaked_75pct,0.9209302325581395,True,2.0,0.48163133193073315
AMIE_PSEAE_Wrenbeck_2017,33,honest_zero_shot,0.9023255813953489,True,1.0,0.47386308464152777
AMIE_PSEAE_Wrenbeck_2017,33,leaked_full,1.0,True,2.0,0.47386308464152777
AMIE_PSEAE_Wrenbeck_2017,33,leaked_25pct,0.772093023255814,True,1.0,0.47386308464152777
AMIE_PSEAE_Wrenbeck_2017,33,leaked_50pct,0.8744186046511628,True,0.0,0.47386308464152777
AMIE_PSEAE_Wrenbeck_2017,33,leaked_75pct,0.9395348837209302,True,0.0,0.47386308464152777
AMIE_PSEAE_Wrenbeck_2017,34,honest_zero_shot,0.6465116279069768,True,1.0,0.48163133193073315
AMIE_PSEAE_Wrenbeck_2017,34,leaked_full,1.0,True,1.0,0.48163133193073315
AMIE_PSEAE_Wrenbeck_2017,34,leaked_25pct,0.6046511627906976,True,0.0,0.48163133193073315
AMIE_PSEAE_Wrenbeck_2017,34,leaked_50pct,0.6325581395348837,True,0.0,0.48163133193073315
AMIE_PSEAE_Wrenbeck_2017,34,leaked_75pct,0.9534883720930233,True,0.0,0.48163133193073315
AMIE_PSEAE_Wrenbeck_2017,35,honest_zero_shot,0.7627906976744186,True,1.0,0.48163133193073315
AMIE_PSEAE_Wrenbeck_2017,35,leaked_full,1.0,True,1.0,0.48163133193073315
AMIE_PSEAE_Wrenbeck_2017,35,leaked_25pct,0.3488372093023256,False,0.0,0.48163133193073315
AMIE_PSEAE_Wrenbeck_2017,35,leaked_50pct,0.8093023255813954,True,1.0,0.48163133193073315
AMIE_PSEAE_Wrenbeck_2017,35,leaked_75pct,0.7674418604651163,True,2.0,0.48163133193073315
AMIE_PSEAE_Wrenbeck_2017,36,honest_zero_shot,0.7302325581395349,True,1.0,0.47386308464152777
AMIE_PSEAE_Wrenbeck_2017,36,leaked_full,1.0,True,2.0,0.47386308464152777
AMIE_PSEAE_Wrenbeck_2017,36,leaked_25pct,0.5767441860465117,True,0.0,0.47386308464152777
AMIE_PSEAE_Wrenbeck_2017,36,leaked_50pct,0.7534883720930232,True,1.0,0.47386308464152777
AMIE_PSEAE_Wrenbeck_2017,36,leaked_75pct,0.9906976744186047,True,0.0,0.47386308464152777
AMIE_PSEAE_Wrenbeck_2017,37,honest_zero_shot,0.8744186046511627,True,1.0,0.47386308464152777
AMIE_PSEAE_Wrenbeck_2017,37,leaked_full,1.0,True,0.0,0.47386308464152777
AMIE_PSEAE_Wrenbeck_2017,37,leaked_25pct,0.641860465116279,True,0.0,0.47386308464152777
AMIE_PSEAE_Wrenbeck_2017,37,leaked_50pct,0.7348837209302326,True,0.0,0.47386308464152777
AMIE_PSEAE_Wrenbeck_2017,37,leaked_75pct,0.944186046511628,True,0.0,0.47386308464152777
AMIE_PSEAE_Wrenbeck_2017,38,honest_zero_shot,0.744186046511628,True,1.0,0.48163133193073315
AMIE_PSEAE_Wrenbeck_2017,38,leaked_full,1.0,True,3.0,0.48163133193073315
AMIE_PSEAE_Wrenbeck_2017,38,leaked_25pct,0.613953488372093,True,0.0,0.48163133193073315
AMIE_PSEAE_Wrenbeck_2017,38,leaked_50pct,0.8418604651162791,True,1.0,0.48163133193073315
AMIE_PSEAE_Wrenbeck_2017,38,leaked_75pct,0.9860465116279069,True,0.0,0.48163133193073315
AMIE_PSEAE_Wrenbeck_2017,39,honest_zero_shot,0.9116279069767441,True,1.0,0.47386308464152777
AMIE_PSEAE_Wrenbeck_2017,39,leaked_full,1.0,True,0.0,0.47386308464152777
AMIE_PSEAE_Wrenbeck_2017,39,leaked_25pct,0.6186046511627907,True,0.0,0.47386308464152777
AMIE_PSEAE_Wrenbeck_2017,39,leaked_50pct,0.7813953488372094,True,0.0,0.47386308464152777
AMIE_PSEAE_Wrenbeck_2017,39,leaked_75pct,0.958139534883721,True,1.0,0.47386308464152777
B3VI55_LIPST_Klesmith_2015,0,honest_zero_shot,0.8093023255813954,True,1.0,0.4774292272379495
B3VI55_LIPST_Klesmith_2015,0,leaked_full,1.0,True,1.0,0.4774292272379495
B3VI55_LIPST_Klesmith_2015,0,leaked_25pct,0.5813953488372093,True,0.0,0.4774292272379495
B3VI55_LIPST_Klesmith_2015,0,leaked_50pct,0.9534883720930233,True,0.0,0.4774292272379495
B3VI55_LIPST_Klesmith_2015,0,leaked_75pct,0.9116279069767442,True,0.0,0.4774292272379495
B3VI55_LIPST_Klesmith_2015,1,honest_zero_shot,0.6837209302325581,True,1.0,0.48355011476664117
B3VI55_LIPST_Klesmith_2015,1,leaked_full,1.0,True,1.0,0.48355011476664117
B3VI55_LIPST_Klesmith_2015,1,leaked_25pct,0.7069767441860465,True,1.0,0.48355011476664117
B3VI55_LIPST_Klesmith_2015,1,leaked_50pct,0.8697674418604652,True,1.0,0.48355011476664117
B3VI55_LIPST_Klesmith_2015,1,leaked_75pct,0.9860465116279069,True,1.0,0.48355011476664117
B3VI55_LIPST_Klesmith_2015,2,honest_zero_shot,0.8883720930232558,True,1.0,0.4774292272379495
B3VI55_LIPST_Klesmith_2015,2,leaked_full,1.0,True,0.0,0.4774292272379495
B3VI55_LIPST_Klesmith_2015,2,leaked_25pct,0.8790697674418605,True,0.0,0.4774292272379495
B3VI55_LIPST_Klesmith_2015,2,leaked_50pct,0.8790697674418605,True,0.0,0.4774292272379495
B3VI55_LIPST_Klesmith_2015,2,leaked_75pct,0.9627906976744186,True,1.0,0.4774292272379495
B3VI55_LIPST_Klesmith_2015,3,honest_zero_shot,0.8511627906976744,True,1.0,0.48355011476664117
B3VI55_LIPST_Klesmith_2015,3,leaked_full,1.0,True,0.0,0.48355011476664117
B3VI55_LIPST_Klesmith_2015,3,leaked_25pct,0.7953488372093023,True,0.0,0.48355011476664117
B3VI55_LIPST_Klesmith_2015,3,leaked_50pct,0.9116279069767441,True,0.0,0.48355011476664117
B3VI55_LIPST_Klesmith_2015,3,leaked_75pct,0.9813953488372092,True,0.0,0.48355011476664117
B3VI55_LIPST_Klesmith_2015,4,honest_zero_shot,0.9116279069767442,True,1.0,0.48355011476664117
B3VI55_LIPST_Klesmith_2015,4,leaked_full,1.0,True,1.0,0.48355011476664117
B3VI55_LIPST_Klesmith_2015,4,leaked_25pct,0.46976744186046515,False,1.0,0.48355011476664117
B3VI55_LIPST_Klesmith_2015,4,leaked_50pct,0.8372093023255814,True,0.0,0.48355011476664117
B3VI55_LIPST_Klesmith_2015,4,leaked_75pct,0.9441860465116279,True,0.0,0.48355011476664117
B3VI55_LIPST_Klesmith_2015,5,honest_zero_shot,0.6790697674418604,True,1.0,0.4774292272379495
B3VI55_LIPST_Klesmith_2015,5,leaked_full,1.0,True,1.0,0.4774292272379495
B3VI55_LIPST_Klesmith_2015,5,leaked_25pct,0.6976744186046512,True,0.0,0.4774292272379495
B3VI55_LIPST_Klesmith_2015,5,leaked_50pct,0.6744186046511628,True,1.0,0.4774292272379495
B3VI55_LIPST_Klesmith_2015,5,leaked_75pct,0.9581395348837208,True,0.0,0.4774292272379495
B3VI55_LIPST_Klesmith_2015,6,honest_zero_shot,0.8046511627906977,True,1.0,0.48355011476664117
B3VI55_LIPST_Klesmith_2015,6,leaked_full,1.0,True,0.0,0.48355011476664117
B3VI55_LIPST_Klesmith_2015,6,leaked_25pct,0.5488372093023256,False,0.0,0.48355011476664117
B3VI55_LIPST_Klesmith_2015,6,leaked_50pct,0.6418604651162791,True,2.0,0.48355011476664117
B3VI55_LIPST_Klesmith_2015,6,leaked_75pct,0.8883720930232559,True,0.0,0.48355011476664117
B3VI55_LIPST_Klesmith_2015,7,honest_zero_shot,0.7767441860465116,True,1.0,0.4774292272379495
B3VI55_LIPST_Klesmith_2015,7,leaked_full,1.0,True,0.0,0.4774292272379495
B3VI55_LIPST_Klesmith_2015,7,leaked_25pct,0.8465116279069766,True,1.0,0.4774292272379495
B3VI55_LIPST_Klesmith_2015,7,leaked_50pct,0.9209302325581395,True,0.0,0.4774292272379495
B3VI55_LIPST_Klesmith_2015,7,leaked_75pct,0.8883720930232558,True,1.0,0.4774292272379495
B3VI55_LIPST_Klesmith_2015,8,honest_zero_shot,0.9209302325581394,True,1.0,0.48355011476664117
B3VI55_LIPST_Klesmith_2015,8,leaked_full,1.0,True,0.0,0.48355011476664117
B3VI55_LIPST_Klesmith_2015,8,leaked_25pct,0.8465116279069768,True,0.0,0.48355011476664117
B3VI55_LIPST_Klesmith_2015,8,leaked_50pct,0.8511627906976745,True,0.0,0.48355011476664117
B3VI55_LIPST_Klesmith_2015,8,leaked_75pct,0.9674418604651163,True,0.0,0.48355011476664117
B3VI55_LIPST_Klesmith_2015,9,honest_zero_shot,0.8093023255813954,True,1.0,0.4774292272379495
B3VI55_LIPST_Klesmith_2015,9,leaked_full,1.0,True,1.0,0.4774292272379495
B3VI55_LIPST_Klesmith_2015,9,leaked_25pct,0.46511627906976744,False,1.0,0.4774292272379495
B3VI55_LIPST_Klesmith_2015,9,leaked_50pct,0.6511627906976745,True,1.0,0.4774292272379495
B3VI55_LIPST_Klesmith_2015,9,leaked_75pct,0.9116279069767442,True,0.0,0.4774292272379495
B3VI55_LIPST_Klesmith_2015,10,honest_zero_shot,0.8372093023255814,True,1.0,0.48355011476664117
B3VI55_LIPST_Klesmith_2015,10,leaked_full,1.0,True,0.0,0.48355011476664117
B3VI55_LIPST_Klesmith_2015,10,leaked_25pct,0.7162790697674419,True,1.0,0.48355011476664117
B3VI55_LIPST_Klesmith_2015,10,leaked_50pct,0.8046511627906978,True,0.0,0.48355011476664117
B3VI55_LIPST_Klesmith_2015,10,leaked_75pct,0.9813953488372094,True,0.0,0.48355011476664117
B3VI55_LIPST_Klesmith_2015,11,honest_zero_shot,0.6372093023255814,True,1.0,0.4774292272379495
B3VI55_LIPST_Klesmith_2015,11,leaked_full,1.0,True,0.0,0.4774292272379495
B3VI55_LIPST_Klesmith_2015,11,leaked_25pct,0.4279069767441861,False,0.0,0.4774292272379495
B3VI55_LIPST_Klesmith_2015,11,leaked_50pct,0.7627906976744185,True,0.0,0.4774292272379495
B3VI55_LIPST_Klesmith_2015,11,leaked_75pct,0.9813953488372094,True,1.0,0.4774292272379495
B3VI55_LIPST_Klesmith_2015,12,honest_zero_shot,0.8279069767441861,True,1.0,0.4774292272379495
B3VI55_LIPST_Klesmith_2015,12,leaked_full,1.0,True,0.0,0.4774292272379495
B3VI55_LIPST_Klesmith_2015,12,leaked_25pct,0.6976744186046512,True,2.0,0.4774292272379495
B3VI55_LIPST_Klesmith_2015,12,leaked_50pct,0.8372093023255814,True,0.0,0.4774292272379495
B3VI55_LIPST_Klesmith_2015,12,leaked_75pct,0.9395348837209302,True,0.0,0.4774292272379495
B3VI55_LIPST_Klesmith_2015,13,honest_zero_shot,0.786046511627907,True,1.0,0.48355011476664117
B3VI55_LIPST_Klesmith_2015,13,leaked_full,1.0,True,1.0,0.48355011476664117
B3VI55_LIPST_Klesmith_2015,13,leaked_25pct,0.8046511627906976,True,0.0,0.48355011476664117
B3VI55_LIPST_Klesmith_2015,13,leaked_50pct,0.7395348837209302,True,0.0,0.48355011476664117
B3VI55_LIPST_Klesmith_2015,13,leaked_75pct,0.9813953488372094,True,0.0,0.48355011476664117
B3VI55_LIPST_Klesmith_2015,14,honest_zero_shot,0.8511627906976744,True,1.0,0.48355011476664117
B3VI55_LIPST_Klesmith_2015,14,leaked_full,1.0,True,0.0,0.48355011476664117
B3VI55_LIPST_Klesmith_2015,14,leaked_25pct,0.6325581395348838,True,0.0,0.48355011476664117
B3VI55_LIPST_Klesmith_2015,14,leaked_50pct,0.7116279069767443,True,0.0,0.48355011476664117
B3VI55_LIPST_Klesmith_2015,14,leaked_75pct,0.9674418604651163,True,0.0,0.48355011476664117
B3VI55_LIPST_Klesmith_2015,15,honest_zero_shot,0.8186046511627907,True,1.0,0.48355011476664117
B3VI55_LIPST_Klesmith_2015,15,leaked_full,1.0,True,0.0,0.48355011476664117
B3VI55_LIPST_Klesmith_2015,15,leaked_25pct,0.7488372093023256,True,0.0,0.48355011476664117
B3VI55_LIPST_Klesmith_2015,15,leaked_50pct,0.827906976744186,True,0.0,0.48355011476664117
B3VI55_LIPST_Klesmith_2015,15,leaked_75pct,0.9255813953488372,True,0.0,0.48355011476664117
B3VI55_LIPST_Klesmith_2015,16,honest_zero_shot,0.855813953488372,True,1.0,0.48355011476664117
B3VI55_LIPST_Klesmith_2015,16,leaked_full,1.0,True,2.0,0.48355011476664117
B3VI55_LIPST_Klesmith_2015,16,leaked_25pct,0.7255813953488373,True,0.0,0.48355011476664117
B3VI55_LIPST_Klesmith_2015,16,leaked_50pct,0.8790697674418604,True,0.0,0.48355011476664117
B3VI55_LIPST_Klesmith_2015,16,leaked_75pct,0.9023255813953488,True,0.0,0.48355011476664117
B3VI55_LIPST_Klesmith_2015,17,honest_zero_shot,0.9209302325581395,True,1.0,0.4774292272379495
B3VI55_LIPST_Klesmith_2015,17,leaked_full,1.0,True,0.0,0.4774292272379495
B3VI55_LIPST_Klesmith_2015,17,leaked_25pct,0.5813953488372092,True,2.0,0.4774292272379495
B3VI55_LIPST_Klesmith_2015,17,leaked_50pct,0.9534883720930233,True,0.0,0.4774292272379495
B3VI55_LIPST_Klesmith_2015,17,leaked_75pct,0.9767441860465117,True,2.0,0.4774292272379495
B3VI55_LIPST_Klesmith_2015,18,honest_zero_shot,0.6883720930232559,True,1.0,0.48355011476664117
B3VI55_LIPST_Klesmith_2015,18,leaked_full,1.0,True,1.0,0.48355011476664117
B3VI55_LIPST_Klesmith_2015,18,leaked_25pct,0.572093023255814,True,0.0,0.48355011476664117
B3VI55_LIPST_Klesmith_2015,18,leaked_50pct,0.772093023255814,True,0.0,0.48355011476664117
B3VI55_LIPST_Klesmith_2015,18,leaked_75pct,0.9255813953488372,True,0.0,0.48355011476664117
B3VI55_LIPST_Klesmith_2015,19,honest_zero_shot,0.8697674418604651,True,1.0,0.48355011476664117
B3VI55_LIPST_Klesmith_2015,19,leaked_full,1.0,True,0.0,0.48355011476664117
B3VI55_LIPST_Klesmith_2015,19,leaked_25pct,0.5674418604651164,True,0.0,0.48355011476664117
B3VI55_LIPST_Klesmith_2015,19,leaked_50pct,0.8790697674418604,True,0.0,0.48355011476664117
B3VI55_LIPST_Klesmith_2015,19,leaked_75pct,0.9813953488372094,True,0.0,0.48355011476664117
B3VI55_LIPST_Klesmith_2015,20,honest_zero_shot,0.7441860465116279,True,1.0,0.48355011476664117
B3VI55_LIPST_Klesmith_2015,20,leaked_full,1.0,True,0.0,0.48355011476664117
B3VI55_LIPST_Klesmith_2015,20,leaked_25pct,0.641860465116279,True,0.0,0.48355011476664117
B3VI55_LIPST_Klesmith_2015,20,leaked_50pct,0.5906976744186048,True,0.0,0.48355011476664117
B3VI55_LIPST_Klesmith_2015,20,leaked_75pct,0.958139534883721,True,2.0,0.48355011476664117
B3VI55_LIPST_Klesmith_2015,21,honest_zero_shot,0.8511627906976745,True,1.0,0.4774292272379495
B3VI55_LIPST_Klesmith_2015,21,leaked_full,1.0,True,0.0,0.4774292272379495
B3VI55_LIPST_Klesmith_2015,21,leaked_25pct,0.46976744186046515,False,0.0,0.4774292272379495
B3VI55_LIPST_Klesmith_2015,21,leaked_50pct,0.9395348837209302,True,0.0,0.4774292272379495
B3VI55_LIPST_Klesmith_2015,21,leaked_75pct,0.9488372093023255,True,2.0,0.4774292272379495
B3VI55_LIPST_Klesmith_2015,22,honest_zero_shot,0.6697674418604652,True,1.0,0.48355011476664117
B3VI55_LIPST_Klesmith_2015,22,leaked_full,1.0,True,1.0,0.48355011476664117
B3VI55_LIPST_Klesmith_2015,22,leaked_25pct,0.613953488372093,True,0.0,0.48355011476664117
B3VI55_LIPST_Klesmith_2015,22,leaked_50pct,0.6046511627906976,True,0.0,0.48355011476664117
B3VI55_LIPST_Klesmith_2015,22,leaked_75pct,0.9581395348837208,True,1.0,0.48355011476664117
B3VI55_LIPST_Klesmith_2015,23,honest_zero_shot,0.9488372093023255,True,1.0,0.48355011476664117
B3VI55_LIPST_Klesmith_2015,23,leaked_full,1.0,True,0.0,0.48355011476664117
B3VI55_LIPST_Klesmith_2015,23,leaked_25pct,0.7953488372093024,True,2.0,0.48355011476664117
B3VI55_LIPST_Klesmith_2015,23,leaked_50pct,0.7767441860465116,True,3.0,0.48355011476664117
B3VI55_LIPST_Klesmith_2015,23,leaked_75pct,0.8325581395348838,True,1.0,0.48355011476664117
B3VI55_LIPST_Klesmith_2015,24,honest_zero_shot,0.8186046511627907,True,1.0,0.48355011476664117
B3VI55_LIPST_Klesmith_2015,24,leaked_full,1.0,True,0.0,0.48355011476664117
B3VI55_LIPST_Klesmith_2015,24,leaked_25pct,0.5813953488372093,True,0.0,0.48355011476664117
B3VI55_LIPST_Klesmith_2015,24,leaked_50pct,0.8511627906976744,True,0.0,0.48355011476664117
B3VI55_LIPST_Klesmith_2015,24,leaked_75pct,0.9720930232558139,True,1.0,0.48355011476664117
B3VI55_LIPST_Klesmith_2015,25,honest_zero_shot,0.8325581395348837,True,0.0,0.47130833970925784
B3VI55_LIPST_Klesmith_2015,25,leaked_full,1.0,True,0.0,0.47130833970925784
B3VI55_LIPST_Klesmith_2015,25,leaked_25pct,0.6046511627906977,True,1.0,0.47130833970925784
B3VI55_LIPST_Klesmith_2015,25,leaked_50pct,0.7488372093023257,True,0.0,0.47130833970925784
B3VI55_LIPST_Klesmith_2015,25,leaked_75pct,0.9023255813953489,True,0.0,0.47130833970925784
B3VI55_LIPST_Klesmith_2015,26,honest_zero_shot,0.7953488372093025,True,1.0,0.48355011476664117
B3VI55_LIPST_Klesmith_2015,26,leaked_full,1.0,True,0.0,0.48355011476664117
B3VI55_LIPST_Klesmith_2015,26,leaked_25pct,0.6325581395348837,True,0.0,0.48355011476664117
B3VI55_LIPST_Klesmith_2015,26,leaked_50pct,0.7441860465116279,True,0.0,0.48355011476664117
B3VI55_LIPST_Klesmith_2015,26,leaked_75pct,0.9860465116279069,True,1.0,0.48355011476664117
B3VI55_LIPST_Klesmith_2015,27,honest_zero_shot,0.7209302325581395,True,1.0,0.48355011476664117
B3VI55_LIPST_Klesmith_2015,27,leaked_full,1.0,True,0.0,0.48355011476664117
B3VI55_LIPST_Klesmith_2015,27,leaked_25pct,0.758139534883721,True,0.0,0.48355011476664117
B3VI55_LIPST_Klesmith_2015,27,leaked_50pct,0.7348837209302326,True,0.0,0.48355011476664117
B3VI55_LIPST_Klesmith_2015,27,leaked_75pct,0.9255813953488372,True,0.0,0.48355011476664117
B3VI55_LIPST_Klesmith_2015,28,honest_zero_shot,0.7441860465116279,True,1.0,0.4774292272379495
B3VI55_LIPST_Klesmith_2015,28,leaked_full,1.0,True,0.0,0.4774292272379495
B3VI55_LIPST_Klesmith_2015,28,leaked_25pct,0.6418604651162791,True,0.0,0.4774292272379495
B3VI55_LIPST_Klesmith_2015,28,leaked_50pct,0.8093023255813954,True,1.0,0.4774292272379495
B3VI55_LIPST_Klesmith_2015,28,leaked_75pct,0.9813953488372094,True,1.0,0.4774292272379495
B3VI55_LIPST_Klesmith_2015,29,honest_zero_shot,0.827906976744186,True,1.0,0.48355011476664117
B3VI55_LIPST_Klesmith_2015,29,leaked_full,1.0,True,1.0,0.48355011476664117
B3VI55_LIPST_Klesmith_2015,29,leaked_25pct,0.6651162790697674,True,1.0,0.48355011476664117
B3VI55_LIPST_Klesmith_2015,29,leaked_50pct,0.9069767441860466,True,0.0,0.48355011476664117
B3VI55_LIPST_Klesmith_2015,29,leaked_75pct,0.9255813953488372,True,0.0,0.48355011476664117
B3VI55_LIPST_Klesmith_2015,30,honest_zero_shot,0.8558139534883721,True,1.0,0.48355011476664117
B3VI55_LIPST_Klesmith_2015,30,leaked_full,1.0,True,0.0,0.48355011476664117
B3VI55_LIPST_Klesmith_2015,30,leaked_25pct,0.48372093023255813,False,2.0,0.48355011476664117
B3VI55_LIPST_Klesmith_2015,30,leaked_50pct,0.8186046511627907,True,0.0,0.48355011476664117
B3VI55_LIPST_Klesmith_2015,30,leaked_75pct,0.827906976744186,True,0.0,0.48355011476664117
B3VI55_LIPST_Klesmith_2015,31,honest_zero_shot,0.8651162790697675,True,1.0,0.4774292272379495
B3VI55_LIPST_Klesmith_2015,31,leaked_full,1.0,True,2.0,0.4774292272379495
B3VI55_LIPST_Klesmith_2015,31,leaked_25pct,0.7116279069767442,True,0.0,0.4774292272379495
B3VI55_LIPST_Klesmith_2015,31,leaked_50pct,0.9348837209302325,True,1.0,0.4774292272379495
B3VI55_LIPST_Klesmith_2015,31,leaked_75pct,0.9767441860465116,True,1.0,0.4774292272379495
B3VI55_LIPST_Klesmith_2015,32,honest_zero_shot,0.8604651162790697,True,1.0,0.47130833970925784
B3VI55_LIPST_Klesmith_2015,32,leaked_full,1.0,True,2.0,0.47130833970925784
B3VI55_LIPST_Klesmith_2015,32,leaked_25pct,0.5906976744186047,True,0.0,0.47130833970925784
B3VI55_LIPST_Klesmith_2015,32,leaked_50pct,0.9302325581395349,True,0.0,0.47130833970925784
B3VI55_LIPST_Klesmith_2015,32,leaked_75pct,0.9627906976744186,True,0.0,0.47130833970925784
B3VI55_LIPST_Klesmith_2015,33,honest_zero_shot,0.8697674418604651,True,1.0,0.48355011476664117
B3VI55_LIPST_Klesmith_2015,33,leaked_full,1.0,True,0.0,0.48355011476664117
B3VI55_LIPST_Klesmith_2015,33,leaked_25pct,0.6186046511627907,True,0.0,0.48355011476664117
B3VI55_LIPST_Klesmith_2015,33,leaked_50pct,0.9441860465116279,True,1.0,0.48355011476664117
B3VI55_LIPST_Klesmith_2015,33,leaked_75pct,1.0,True,1.0,0.48355011476664117
B3VI55_LIPST_Klesmith_2015,34,honest_zero_shot,0.8604651162790699,True,1.0,0.4774292272379495
B3VI55_LIPST_Klesmith_2015,34,leaked_full,1.0,True,2.0,0.4774292272379495
B3VI55_LIPST_Klesmith_2015,34,leaked_25pct,0.8837209302325582,True,0.0,0.4774292272379495
B3VI55_LIPST_Klesmith_2015,34,leaked_50pct,0.8325581395348837,True,0.0,0.4774292272379495
B3VI55_LIPST_Klesmith_2015,34,leaked_75pct,0.9395348837209303,True,1.0,0.4774292272379495
B3VI55_LIPST_Klesmith_2015,35,honest_zero_shot,0.7813953488372093,True,1.0,0.48355011476664117
B3VI55_LIPST_Klesmith_2015,35,leaked_full,1.0,True,2.0,0.48355011476664117
B3VI55_LIPST_Klesmith_2015,35,leaked_25pct,0.41395348837209306,False,1.0,0.48355011476664117
B3VI55_LIPST_Klesmith_2015,35,leaked_50pct,0.7488372093023256,True,0.0,0.48355011476664117
B3VI55_LIPST_Klesmith_2015,35,leaked_75pct,0.958139534883721,True,0.0,0.48355011476664117
B3VI55_LIPST_Klesmith_2015,36,honest_zero_shot,0.7069767441860465,True,1.0,0.48355011476664117
B3VI55_LIPST_Klesmith_2015,36,leaked_full,1.0,True,0.0,0.48355011476664117
B3VI55_LIPST_Klesmith_2015,36,leaked_25pct,0.41860465116279066,False,0.0,0.48355011476664117
B3VI55_LIPST_Klesmith_2015,36,leaked_50pct,0.6930232558139535,True,1.0,0.48355011476664117
B3VI55_LIPST_Klesmith_2015,36,leaked_75pct,0.8511627906976744,True,0.0,0.48355011476664117
B3VI55_LIPST_Klesmith_2015,37,honest_zero_shot,0.8651162790697675,True,1.0,0.48355011476664117
B3VI55_LIPST_Klesmith_2015,37,leaked_full,1.0,True,0.0,0.48355011476664117
B3VI55_LIPST_Klesmith_2015,37,leaked_25pct,0.6837209302325582,True,0.0,0.48355011476664117
B3VI55_LIPST_Klesmith_2015,37,leaked_50pct,0.9348837209302325,True,0.0,0.48355011476664117
B3VI55_LIPST_Klesmith_2015,37,leaked_75pct,0.9302325581395349,True,0.0,0.48355011476664117
B3VI55_LIPST_Klesmith_2015,38,honest_zero_shot,0.8930232558139535,True,1.0,0.48355011476664117
B3VI55_LIPST_Klesmith_2015,38,leaked_full,1.0,True,0.0,0.48355011476664117
B3VI55_LIPST_Klesmith_2015,38,leaked_25pct,0.7023255813953488,True,2.0,0.48355011476664117
B3VI55_LIPST_Klesmith_2015,38,leaked_50pct,0.6976744186046512,True,0.0,0.48355011476664117
B3VI55_LIPST_Klesmith_2015,38,leaked_75pct,0.8837209302325582,True,0.0,0.48355011476664117
B3VI55_LIPST_Klesmith_2015,39,honest_zero_shot,0.8790697674418604,True,1.0,0.48355011476664117
B3VI55_LIPST_Klesmith_2015,39,leaked_full,1.0,True,0.0,0.48355011476664117
B3VI55_LIPST_Klesmith_2015,39,leaked_25pct,0.813953488372093,True,0.0,0.48355011476664117
B3VI55_LIPST_Klesmith_2015,39,leaked_50pct,0.7023255813953488,True,0.0,0.48355011476664117
B3VI55_LIPST_Klesmith_2015,39,leaked_75pct,0.930232558139535,True,0.0,0.48355011476664117
BLAT_ECOLX_Deng_2012,0,honest_zero_shot,0.8279069767441861,True,5.0,0.4850444624090542
BLAT_ECOLX_Deng_2012,0,leaked_full,1.0,True,1.0,0.4850444624090542
BLAT_ECOLX_Deng_2012,0,leaked_25pct,0.6790697674418605,True,1.0,0.4850444624090542
BLAT_ECOLX_Deng_2012,0,leaked_50pct,0.9255813953488372,True,1.0,0.4850444624090542
BLAT_ECOLX_Deng_2012,0,leaked_75pct,0.9348837209302325,True,0.0,0.4850444624090542
BLAT_ECOLX_Deng_2012,1,honest_zero_shot,0.7116279069767443,True,5.0,0.4850444624090542
BLAT_ECOLX_Deng_2012,1,leaked_full,1.0,True,1.0,0.4850444624090542
BLAT_ECOLX_Deng_2012,1,leaked_25pct,0.5674418604651164,True,0.0,0.4850444624090542
BLAT_ECOLX_Deng_2012,1,leaked_50pct,0.8651162790697674,True,0.0,0.4850444624090542
BLAT_ECOLX_Deng_2012,1,leaked_75pct,0.9534883720930233,True,0.0,0.4850444624090542
BLAT_ECOLX_Deng_2012,2,honest_zero_shot,0.7953488372093023,True,5.0,0.4850444624090542
BLAT_ECOLX_Deng_2012,2,leaked_full,1.0,True,1.0,0.4850444624090542
BLAT_ECOLX_Deng_2012,2,leaked_25pct,0.5674418604651164,True,0.0,0.4850444624090542
BLAT_ECOLX_Deng_2012,2,leaked_50pct,0.7209302325581395,True,0.0,0.4850444624090542
BLAT_ECOLX_Deng_2012,2,leaked_75pct,0.9302325581395349,True,0.0,0.4850444624090542
BLAT_ECOLX_Deng_2012,3,honest_zero_shot,0.6232558139534884,True,5.0,0.47534357316087306
BLAT_ECOLX_Deng_2012,3,leaked_full,1.0,True,1.0,0.47534357316087306
BLAT_ECOLX_Deng_2012,3,leaked_25pct,0.7302325581395349,True,1.0,0.47534357316087306
BLAT_ECOLX_Deng_2012,3,leaked_50pct,0.9023255813953488,True,0.0,0.47534357316087306
BLAT_ECOLX_Deng_2012,3,leaked_75pct,1.0,True,0.0,0.47534357316087306
BLAT_ECOLX_Deng_2012,4,honest_zero_shot,0.7348837209302326,True,5.0,0.4850444624090542
BLAT_ECOLX_Deng_2012,4,leaked_full,1.0,True,0.0,0.4850444624090542
BLAT_ECOLX_Deng_2012,4,leaked_25pct,0.7767441860465116,True,1.0,0.4850444624090542
BLAT_ECOLX_Deng_2012,4,leaked_50pct,0.8465116279069766,True,1.0,0.4850444624090542
BLAT_ECOLX_Deng_2012,4,leaked_75pct,0.9953488372093022,True,1.0,0.4850444624090542
BLAT_ECOLX_Deng_2012,5,honest_zero_shot,0.8325581395348837,True,5.0,0.4850444624090542
BLAT_ECOLX_Deng_2012,5,leaked_full,1.0,True,1.0,0.4850444624090542
BLAT_ECOLX_Deng_2012,5,leaked_25pct,0.7302325581395349,True,0.0,0.4850444624090542
BLAT_ECOLX_Deng_2012,5,leaked_50pct,0.8744186046511627,True,0.0,0.4850444624090542
BLAT_ECOLX_Deng_2012,5,leaked_75pct,0.9906976744186046,True,0.0,0.4850444624090542
BLAT_ECOLX_Deng_2012,6,honest_zero_shot,0.8465116279069766,True,5.0,0.47534357316087306
BLAT_ECOLX_Deng_2012,6,leaked_full,1.0,True,0.0,0.47534357316087306
BLAT_ECOLX_Deng_2012,6,leaked_25pct,0.8139534883720929,True,0.0,0.47534357316087306
BLAT_ECOLX_Deng_2012,6,leaked_50pct,0.9023255813953488,True,1.0,0.47534357316087306
BLAT_ECOLX_Deng_2012,6,leaked_75pct,0.9813953488372094,True,1.0,0.47534357316087306
BLAT_ECOLX_Deng_2012,7,honest_zero_shot,0.586046511627907,True,5.0,0.4850444624090542
BLAT_ECOLX_Deng_2012,7,leaked_full,1.0,True,0.0,0.4850444624090542
BLAT_ECOLX_Deng_2012,7,leaked_25pct,0.586046511627907,True,0.0,0.4850444624090542
BLAT_ECOLX_Deng_2012,7,leaked_50pct,0.8232558139534883,True,0.0,0.4850444624090542
BLAT_ECOLX_Deng_2012,7,leaked_75pct,0.9581395348837208,True,0.0,0.4850444624090542
BLAT_ECOLX_Deng_2012,8,honest_zero_shot,0.6790697674418604,True,5.0,0.47534357316087306
BLAT_ECOLX_Deng_2012,8,leaked_full,1.0,True,1.0,0.47534357316087306
BLAT_ECOLX_Deng_2012,8,leaked_25pct,0.7023255813953488,True,0.0,0.47534357316087306
BLAT_ECOLX_Deng_2012,8,leaked_50pct,0.8883720930232558,True,0.0,0.47534357316087306
BLAT_ECOLX_Deng_2012,8,leaked_75pct,0.958139534883721,True,1.0,0.47534357316087306
BLAT_ECOLX_Deng_2012,9,honest_zero_shot,0.7395348837209302,True,5.0,0.4850444624090542
BLAT_ECOLX_Deng_2012,9,leaked_full,1.0,True,1.0,0.4850444624090542
BLAT_ECOLX_Deng_2012,9,leaked_25pct,0.5255813953488371,False,0.0,0.4850444624090542
BLAT_ECOLX_Deng_2012,9,leaked_50pct,0.9348837209302325,True,0.0,0.4850444624090542
BLAT_ECOLX_Deng_2012,9,leaked_75pct,0.9906976744186047,True,0.0,0.4850444624090542
BLAT_ECOLX_Deng_2012,10,honest_zero_shot,0.6930232558139535,True,5.0,0.47534357316087306
BLAT_ECOLX_Deng_2012,10,leaked_full,1.0,True,0.0,0.47534357316087306
BLAT_ECOLX_Deng_2012,10,leaked_25pct,0.8465116279069768,True,2.0,0.47534357316087306
BLAT_ECOLX_Deng_2012,10,leaked_50pct,0.7581395348837209,True,0.0,0.47534357316087306
BLAT_ECOLX_Deng_2012,10,leaked_75pct,0.9953488372093022,True,0.0,0.47534357316087306
BLAT_ECOLX_Deng_2012,11,honest_zero_shot,0.8,True,5.0,0.47534357316087306
BLAT_ECOLX_Deng_2012,11,leaked_full,1.0,True,0.0,0.47534357316087306
BLAT_ECOLX_Deng_2012,11,leaked_25pct,0.758139534883721,True,0.0,0.47534357316087306
BLAT_ECOLX_Deng_2012,11,leaked_50pct,0.9023255813953488,True,0.0,0.47534357316087306
BLAT_ECOLX_Deng_2012,11,leaked_75pct,0.9813953488372094,True,0.0,0.47534357316087306
BLAT_ECOLX_Deng_2012,12,honest_zero_shot,0.8465116279069768,True,5.0,0.47534357316087306
BLAT_ECOLX_Deng_2012,12,leaked_full,1.0,True,0.0,0.47534357316087306
BLAT_ECOLX_Deng_2012,12,leaked_25pct,0.5813953488372093,True,0.0,0.47534357316087306
BLAT_ECOLX_Deng_2012,12,leaked_50pct,0.9023255813953488,True,0.0,0.47534357316087306
BLAT_ECOLX_Deng_2012,12,leaked_75pct,0.9860465116279069,True,0.0,0.47534357316087306
BLAT_ECOLX_Deng_2012,13,honest_zero_shot,0.730232558139535,True,5.0,0.47534357316087306
BLAT_ECOLX_Deng_2012,13,leaked_full,1.0,True,0.0,0.47534357316087306
BLAT_ECOLX_Deng_2012,13,leaked_25pct,0.7627906976744185,True,0.0,0.47534357316087306
BLAT_ECOLX_Deng_2012,13,leaked_50pct,0.944186046511628,True,0.0,0.47534357316087306
BLAT_ECOLX_Deng_2012,13,leaked_75pct,0.930232558139535,True,1.0,0.47534357316087306
BLAT_ECOLX_Deng_2012,14,honest_zero_shot,0.7395348837209303,True,5.0,0.465642683912692
BLAT_ECOLX_Deng_2012,14,leaked_full,1.0,True,0.0,0.465642683912692
BLAT_ECOLX_Deng_2012,14,leaked_25pct,0.786046511627907,True,2.0,0.465642683912692
BLAT_ECOLX_Deng_2012,14,leaked_50pct,0.8186046511627907,True,0.0,0.465642683912692
BLAT_ECOLX_Deng_2012,14,leaked_75pct,0.9627906976744186,True,0.0,0.465642683912692
BLAT_ECOLX_Deng_2012,15,honest_zero_shot,0.7720930232558139,True,5.0,0.4850444624090542
BLAT_ECOLX_Deng_2012,15,leaked_full,1.0,True,0.0,0.4850444624090542
BLAT_ECOLX_Deng_2012,15,leaked_25pct,0.7813953488372094,True,0.0,0.4850444624090542
BLAT_ECOLX_Deng_2012,15,leaked_50pct,0.702325581395349,True,1.0,0.4850444624090542
BLAT_ECOLX_Deng_2012,15,leaked_75pct,0.9767441860465117,True,0.0,0.4850444624090542
BLAT_ECOLX_Deng_2012,16,honest_zero_shot,0.8372093023255813,True,5.0,0.4850444624090542
BLAT_ECOLX_Deng_2012,16,leaked_full,1.0,True,0.0,0.4850444624090542
BLAT_ECOLX_Deng_2012,16,leaked_25pct,0.4744186046511628,False,2.0,0.4850444624090542
BLAT_ECOLX_Deng_2012,16,leaked_50pct,0.8046511627906977,True,0.0,0.4850444624090542
BLAT_ECOLX_Deng_2012,16,leaked_75pct,0.9813953488372092,True,1.0,0.4850444624090542
BLAT_ECOLX_Deng_2012,17,honest_zero_shot,0.6976744186046511,True,5.0,0.465642683912692
BLAT_ECOLX_Deng_2012,17,leaked_full,1.0,True,0.0,0.465642683912692
BLAT_ECOLX_Deng_2012,17,leaked_25pct,0.7209302325581395,True,0.0,0.465642683912692
BLAT_ECOLX_Deng_2012,17,leaked_50pct,0.813953488372093,True,2.0,0.465642683912692
BLAT_ECOLX_Deng_2012,17,leaked_75pct,1.0,True,0.0,0.465642683912692
BLAT_ECOLX_Deng_2012,18,honest_zero_shot,0.5627906976744186,True,5.0,0.4850444624090542
BLAT_ECOLX_Deng_2012,18,leaked_full,1.0,True,1.0,0.4850444624090542
BLAT_ECOLX_Deng_2012,18,leaked_25pct,0.46976744186046515,False,1.0,0.4850444624090542
BLAT_ECOLX_Deng_2012,18,leaked_50pct,0.8511627906976744,True,0.0,0.4850444624090542
BLAT_ECOLX_Deng_2012,18,leaked_75pct,0.9906976744186046,True,0.0,0.4850444624090542
BLAT_ECOLX_Deng_2012,19,honest_zero_shot,0.6930232558139535,True,5.0,0.4850444624090542
BLAT_ECOLX_Deng_2012,19,leaked_full,1.0,True,0.0,0.4850444624090542
BLAT_ECOLX_Deng_2012,19,leaked_25pct,0.5395348837209302,False,0.0,0.4850444624090542
BLAT_ECOLX_Deng_2012,19,leaked_50pct,0.8651162790697674,True,0.0,0.4850444624090542
BLAT_ECOLX_Deng_2012,19,leaked_75pct,0.958139534883721,True,2.0,0.4850444624090542
BLAT_ECOLX_Deng_2012,20,honest_zero_shot,0.8,True,5.0,0.4850444624090542
BLAT_ECOLX_Deng_2012,20,leaked_full,1.0,True,0.0,0.4850444624090542
BLAT_ECOLX_Deng_2012,20,leaked_25pct,0.40930232558139534,False,0.0,0.4850444624090542
BLAT_ECOLX_Deng_2012,20,leaked_50pct,0.7767441860465116,True,1.0,0.4850444624090542
BLAT_ECOLX_Deng_2012,20,leaked_75pct,0.9906976744186046,True,0.0,0.4850444624090542
BLAT_ECOLX_Deng_2012,21,honest_zero_shot,0.7674418604651163,True,5.0,0.4850444624090542
BLAT_ECOLX_Deng_2012,21,leaked_full,1.0,True,0.0,0.4850444624090542
BLAT_ECOLX_Deng_2012,21,leaked_25pct,0.572093023255814,True,1.0,0.4850444624090542
BLAT_ECOLX_Deng_2012,21,leaked_50pct,0.8651162790697675,True,0.0,0.4850444624090542
BLAT_ECOLX_Deng_2012,21,leaked_75pct,0.9162790697674419,True,0.0,0.4850444624090542
BLAT_ECOLX_Deng_2012,22,honest_zero_shot,0.3953488372093023,False,5.0,0.4850444624090542
BLAT_ECOLX_Deng_2012,22,leaked_full,1.0,True,0.0,0.4850444624090542
BLAT_ECOLX_Deng_2012,22,leaked_25pct,0.5534883720930233,True,1.0,0.4850444624090542
BLAT_ECOLX_Deng_2012,22,leaked_50pct,0.8651162790697675,True,0.0,0.4850444624090542
BLAT_ECOLX_Deng_2012,22,leaked_75pct,0.9953488372093022,True,1.0,0.4850444624090542
BLAT_ECOLX_Deng_2012,23,honest_zero_shot,0.9069767441860466,True,5.0,0.4559417946645109
BLAT_ECOLX_Deng_2012,23,leaked_full,1.0,True,0.0,0.4559417946645109
BLAT_ECOLX_Deng_2012,23,leaked_25pct,0.6511627906976745,True,1.0,0.4559417946645109
BLAT_ECOLX_Deng_2012,23,leaked_50pct,0.9209302325581394,True,0.0,0.4559417946645109
BLAT_ECOLX_Deng_2012,23,leaked_75pct,1.0,True,0.0,0.4559417946645109
BLAT_ECOLX_Deng_2012,24,honest_zero_shot,0.8,True,5.0,0.47534357316087306
BLAT_ECOLX_Deng_2012,24,leaked_full,1.0,True,0.0,0.47534357316087306
BLAT_ECOLX_Deng_2012,24,leaked_25pct,0.7627906976744185,True,0.0,0.47534357316087306
BLAT_ECOLX_Deng_2012,24,leaked_50pct,0.8604651162790699,True,1.0,0.47534357316087306
BLAT_ECOLX_Deng_2012,24,leaked_75pct,0.9953488372093022,True,0.0,0.47534357316087306
BLAT_ECOLX_Deng_2012,25,honest_zero_shot,0.6511627906976745,True,5.0,0.4850444624090542
BLAT_ECOLX_Deng_2012,25,leaked_full,1.0,True,1.0,0.4850444624090542
BLAT_ECOLX_Deng_2012,25,leaked_25pct,0.6837209302325582,True,1.0,0.4850444624090542
BLAT_ECOLX_Deng_2012,25,leaked_50pct,0.8325581395348838,True,1.0,0.4850444624090542
BLAT_ECOLX_Deng_2012,25,leaked_75pct,0.9906976744186046,True,0.0,0.4850444624090542
BLAT_ECOLX_Deng_2012,26,honest_zero_shot,0.8511627906976744,True,5.0,0.47534357316087306
BLAT_ECOLX_Deng_2012,26,leaked_full,1.0,True,0.0,0.47534357316087306
BLAT_ECOLX_Deng_2012,26,leaked_25pct,0.8093023255813954,True,1.0,0.47534357316087306
BLAT_ECOLX_Deng_2012,26,leaked_50pct,0.8465116279069769,True,0.0,0.47534357316087306
BLAT_ECOLX_Deng_2012,26,leaked_75pct,0.9860465116279069,True,0.0,0.47534357316087306
BLAT_ECOLX_Deng_2012,27,honest_zero_shot,0.6604651162790698,True,5.0,0.4850444624090542
BLAT_ECOLX_Deng_2012,27,leaked_full,1.0,True,1.0,0.4850444624090542
BLAT_ECOLX_Deng_2012,27,leaked_25pct,0.7116279069767442,True,1.0,0.4850444624090542
BLAT_ECOLX_Deng_2012,27,leaked_50pct,0.7395348837209302,True,0.0,0.4850444624090542
BLAT_ECOLX_Deng_2012,27,leaked_75pct,0.958139534883721,True,1.0,0.4850444624090542
BLAT_ECOLX_Deng_2012,28,honest_zero_shot,0.6976744186046512,True,5.0,0.47534357316087306
BLAT_ECOLX_Deng_2012,28,leaked_full,1.0,True,0.0,0.47534357316087306
BLAT_ECOLX_Deng_2012,28,leaked_25pct,0.48372093023255813,False,0.0,0.47534357316087306
BLAT_ECOLX_Deng_2012,28,leaked_50pct,0.9395348837209302,True,0.0,0.47534357316087306
BLAT_ECOLX_Deng_2012,28,leaked_75pct,0.9302325581395349,True,0.0,0.47534357316087306
BLAT_ECOLX_Deng_2012,29,honest_zero_shot,0.7488372093023256,True,5.0,0.4850444624090542
BLAT_ECOLX_Deng_2012,29,leaked_full,1.0,True,1.0,0.4850444624090542
BLAT_ECOLX_Deng_2012,29,leaked_25pct,0.7627906976744185,True,0.0,0.4850444624090542
BLAT_ECOLX_Deng_2012,29,leaked_50pct,0.8418604651162791,True,1.0,0.4850444624090542
BLAT_ECOLX_Deng_2012,29,leaked_75pct,0.8744186046511628,True,0.0,0.4850444624090542
BLAT_ECOLX_Deng_2012,30,honest_zero_shot,0.7488372093023256,True,5.0,0.4850444624090542
BLAT_ECOLX_Deng_2012,30,leaked_full,1.0,True,1.0,0.4850444624090542
BLAT_ECOLX_Deng_2012,30,leaked_25pct,0.7906976744186047,True,0.0,0.4850444624090542
BLAT_ECOLX_Deng_2012,30,leaked_50pct,0.8976744186046511,True,0.0,0.4850444624090542
BLAT_ECOLX_Deng_2012,30,leaked_75pct,0.958139534883721,True,1.0,0.4850444624090542
BLAT_ECOLX_Deng_2012,31,honest_zero_shot,0.9162790697674419,True,5.0,0.47534357316087306
BLAT_ECOLX_Deng_2012,31,leaked_full,1.0,True,0.0,0.47534357316087306
BLAT_ECOLX_Deng_2012,31,leaked_25pct,0.9488372093023256,True,1.0,0.47534357316087306
BLAT_ECOLX_Deng_2012,31,leaked_50pct,0.9581395348837208,True,0.0,0.47534357316087306
BLAT_ECOLX_Deng_2012,31,leaked_75pct,0.9906976744186047,True,0.0,0.47534357316087306
BLAT_ECOLX_Deng_2012,32,honest_zero_shot,0.8511627906976744,True,5.0,0.47534357316087306
BLAT_ECOLX_Deng_2012,32,leaked_full,1.0,True,1.0,0.47534357316087306
BLAT_ECOLX_Deng_2012,32,leaked_25pct,0.7906976744186047,True,0.0,0.47534357316087306
BLAT_ECOLX_Deng_2012,32,leaked_50pct,0.8651162790697674,True,0.0,0.47534357316087306
BLAT_ECOLX_Deng_2012,32,leaked_75pct,0.9720930232558139,True,0.0,0.47534357316087306
BLAT_ECOLX_Deng_2012,33,honest_zero_shot,0.8372093023255813,True,5.0,0.4850444624090542
BLAT_ECOLX_Deng_2012,33,leaked_full,1.0,True,0.0,0.4850444624090542
BLAT_ECOLX_Deng_2012,33,leaked_25pct,0.813953488372093,True,0.0,0.4850444624090542
BLAT_ECOLX_Deng_2012,33,leaked_50pct,0.9627906976744186,True,1.0,0.4850444624090542
BLAT_ECOLX_Deng_2012,33,leaked_75pct,1.0,True,0.0,0.4850444624090542
BLAT_ECOLX_Deng_2012,34,honest_zero_shot,0.572093023255814,True,5.0,0.47534357316087306
BLAT_ECOLX_Deng_2012,34,leaked_full,1.0,True,0.0,0.47534357316087306
BLAT_ECOLX_Deng_2012,34,leaked_25pct,0.8651162790697675,True,1.0,0.47534357316087306
BLAT_ECOLX_Deng_2012,34,leaked_50pct,0.8790697674418604,True,0.0,0.47534357316087306
BLAT_ECOLX_Deng_2012,34,leaked_75pct,0.9860465116279069,True,0.0,0.47534357316087306
BLAT_ECOLX_Deng_2012,35,honest_zero_shot,0.8604651162790697,True,5.0,0.4850444624090542
BLAT_ECOLX_Deng_2012,35,leaked_full,1.0,True,1.0,0.4850444624090542
BLAT_ECOLX_Deng_2012,35,leaked_25pct,0.6651162790697674,True,0.0,0.4850444624090542
BLAT_ECOLX_Deng_2012,35,leaked_50pct,1.0,True,2.0,0.4850444624090542
BLAT_ECOLX_Deng_2012,35,leaked_75pct,0.9534883720930232,True,1.0,0.4850444624090542
BLAT_ECOLX_Deng_2012,36,honest_zero_shot,0.8976744186046511,True,4.0,0.465642683912692
BLAT_ECOLX_Deng_2012,36,leaked_full,1.0,True,1.0,0.465642683912692
BLAT_ECOLX_Deng_2012,36,leaked_25pct,0.49767441860465117,False,2.0,0.465642683912692
BLAT_ECOLX_Deng_2012,36,leaked_50pct,0.8976744186046511,True,0.0,0.465642683912692
BLAT_ECOLX_Deng_2012,36,leaked_75pct,0.986046511627907,True,0.0,0.465642683912692
BLAT_ECOLX_Deng_2012,37,honest_zero_shot,0.9627906976744186,True,5.0,0.4850444624090542
BLAT_ECOLX_Deng_2012,37,leaked_full,1.0,True,0.0,0.4850444624090542
BLAT_ECOLX_Deng_2012,37,leaked_25pct,0.6558139534883721,True,0.0,0.4850444624090542
BLAT_ECOLX_Deng_2012,37,leaked_50pct,0.8976744186046511,True,0.0,0.4850444624090542
BLAT_ECOLX_Deng_2012,37,leaked_75pct,0.9860465116279069,True,0.0,0.4850444624090542
BLAT_ECOLX_Deng_2012,38,honest_zero_shot,0.7767441860465116,True,5.0,0.4850444624090542
BLAT_ECOLX_Deng_2012,38,leaked_full,1.0,True,0.0,0.4850444624090542
BLAT_ECOLX_Deng_2012,38,leaked_25pct,0.48372093023255813,False,1.0,0.4850444624090542
BLAT_ECOLX_Deng_2012,38,leaked_50pct,0.9534883720930233,True,2.0,0.4850444624090542
BLAT_ECOLX_Deng_2012,38,leaked_75pct,0.9674418604651163,True,0.0,0.4850444624090542
BLAT_ECOLX_Deng_2012,39,honest_zero_shot,0.6093023255813954,True,5.0,0.4850444624090542
BLAT_ECOLX_Deng_2012,39,leaked_full,1.0,True,0.0,0.4850444624090542
BLAT_ECOLX_Deng_2012,39,leaked_25pct,0.3906976744186047,False,0.0,0.4850444624090542
BLAT_ECOLX_Deng_2012,39,leaked_50pct,0.6558139534883721,True,0.0,0.4850444624090542
BLAT_ECOLX_Deng_2012,39,leaked_75pct,0.9813953488372094,True,1.0,0.4850444624090542
BLAT_ECOLX_Firnberg_2014,0,honest_zero_shot,0.7720930232558139,True,3.0,0.48658922914466735
BLAT_ECOLX_Firnberg_2014,0,leaked_full,1.0,True,0.0,0.48658922914466735
BLAT_ECOLX_Firnberg_2014,0,leaked_25pct,0.5069767441860465,False,0.0,0.48658922914466735
BLAT_ECOLX_Firnberg_2014,0,leaked_50pct,0.772093023255814,True,0.0,0.48658922914466735
BLAT_ECOLX_Firnberg_2014,0,leaked_75pct,1.0,True,1.0,0.48658922914466735
BLAT_ECOLX_Firnberg_2014,1,honest_zero_shot,0.8930232558139535,True,3.0,0.48658922914466735
BLAT_ECOLX_Firnberg_2014,1,leaked_full,1.0,True,4.0,0.48658922914466735
BLAT_ECOLX_Firnberg_2014,1,leaked_25pct,0.8744186046511628,True,0.0,0.48658922914466735
BLAT_ECOLX_Firnberg_2014,1,leaked_50pct,0.8186046511627907,True,1.0,0.48658922914466735
BLAT_ECOLX_Firnberg_2014,1,leaked_75pct,1.0,True,0.0,0.48658922914466735
BLAT_ECOLX_Firnberg_2014,2,honest_zero_shot,0.7813953488372093,True,3.0,0.4764519535374868
BLAT_ECOLX_Firnberg_2014,2,leaked_full,1.0,True,1.0,0.4764519535374868
BLAT_ECOLX_Firnberg_2014,2,leaked_25pct,0.5906976744186047,True,0.0,0.4764519535374868
BLAT_ECOLX_Firnberg_2014,2,leaked_50pct,0.9488372093023255,True,0.0,0.4764519535374868
BLAT_ECOLX_Firnberg_2014,2,leaked_75pct,0.9813953488372092,True,1.0,0.4764519535374868
BLAT_ECOLX_Firnberg_2014,3,honest_zero_shot,0.7348837209302326,True,3.0,0.4764519535374868
BLAT_ECOLX_Firnberg_2014,3,leaked_full,1.0,True,1.0,0.4764519535374868
BLAT_ECOLX_Firnberg_2014,3,leaked_25pct,0.7302325581395349,True,1.0,0.4764519535374868
BLAT_ECOLX_Firnberg_2014,3,leaked_50pct,0.8651162790697675,True,0.0,0.4764519535374868
BLAT_ECOLX_Firnberg_2014,3,leaked_75pct,0.9302325581395349,True,0.0,0.4764519535374868
BLAT_ECOLX_Firnberg_2014,4,honest_zero_shot,1.0,True,3.0,0.48658922914466735
BLAT_ECOLX_Firnberg_2014,4,leaked_full,1.0,True,0.0,0.48658922914466735
BLAT_ECOLX_Firnberg_2014,4,leaked_25pct,0.5674418604651164,True,2.0,0.48658922914466735
BLAT_ECOLX_Firnberg_2014,4,leaked_50pct,0.9860465116279069,True,0.0,0.48658922914466735
BLAT_ECOLX_Firnberg_2014,4,leaked_75pct,0.958139534883721,True,1.0,0.48658922914466735
BLAT_ECOLX_Firnberg_2014,5,honest_zero_shot,0.8511627906976744,True,3.0,0.48658922914466735
BLAT_ECOLX_Firnberg_2014,5,leaked_full,1.0,True,0.0,0.48658922914466735
BLAT_ECOLX_Firnberg_2014,5,leaked_25pct,0.6697674418604651,True,1.0,0.48658922914466735
BLAT_ECOLX_Firnberg_2014,5,leaked_50pct,0.7534883720930232,True,0.0,0.48658922914466735
BLAT_ECOLX_Firnberg_2014,5,leaked_75pct,0.9534883720930233,True,0.0,0.48658922914466735
BLAT_ECOLX_Firnberg_2014,6,honest_zero_shot,0.9162790697674419,True,3.0,0.48658922914466735
BLAT_ECOLX_Firnberg_2014,6,leaked_full,1.0,True,0.0,0.48658922914466735
BLAT_ECOLX_Firnberg_2014,6,leaked_25pct,0.31627906976744186,False,1.0,0.48658922914466735
BLAT_ECOLX_Firnberg_2014,6,leaked_50pct,0.7767441860465116,True,0.0,0.48658922914466735
BLAT_ECOLX_Firnberg_2014,6,leaked_75pct,0.9953488372093022,True,1.0,0.48658922914466735
BLAT_ECOLX_Firnberg_2014,7,honest_zero_shot,0.7767441860465116,True,3.0,0.46631467793030623
BLAT_ECOLX_Firnberg_2014,7,leaked_full,1.0,True,0.0,0.46631467793030623
BLAT_ECOLX_Firnberg_2014,7,leaked_25pct,0.8186046511627907,True,0.0,0.46631467793030623
BLAT_ECOLX_Firnberg_2014,7,leaked_50pct,0.7627906976744185,True,0.0,0.46631467793030623
BLAT_ECOLX_Firnberg_2014,7,leaked_75pct,0.9534883720930232,True,1.0,0.46631467793030623
BLAT_ECOLX_Firnberg_2014,8,honest_zero_shot,0.8093023255813953,True,3.0,0.48658922914466735
BLAT_ECOLX_Firnberg_2014,8,leaked_full,1.0,True,1.0,0.48658922914466735
BLAT_ECOLX_Firnberg_2014,8,leaked_25pct,0.6186046511627907,True,0.0,0.48658922914466735
BLAT_ECOLX_Firnberg_2014,8,leaked_50pct,0.9023255813953488,True,1.0,0.48658922914466735
BLAT_ECOLX_Firnberg_2014,8,leaked_75pct,0.9906976744186046,True,0.0,0.48658922914466735
BLAT_ECOLX_Firnberg_2014,9,honest_zero_shot,0.6976744186046512,True,3.0,0.48658922914466735
BLAT_ECOLX_Firnberg_2014,9,leaked_full,1.0,True,0.0,0.48658922914466735
BLAT_ECOLX_Firnberg_2014,9,leaked_25pct,0.6372093023255814,True,1.0,0.48658922914466735
BLAT_ECOLX_Firnberg_2014,9,leaked_50pct,0.9488372093023256,True,0.0,0.48658922914466735
BLAT_ECOLX_Firnberg_2014,9,leaked_75pct,0.9767441860465116,True,1.0,0.48658922914466735
BLAT_ECOLX_Firnberg_2014,10,honest_zero_shot,0.8604651162790697,True,3.0,0.4764519535374868
BLAT_ECOLX_Firnberg_2014,10,leaked_full,1.0,True,2.0,0.4764519535374868
BLAT_ECOLX_Firnberg_2014,10,leaked_25pct,0.6186046511627907,True,0.0,0.4764519535374868
BLAT_ECOLX_Firnberg_2014,10,leaked_50pct,0.8883720930232559,True,0.0,0.4764519535374868
BLAT_ECOLX_Firnberg_2014,10,leaked_75pct,0.9813953488372094,True,0.0,0.4764519535374868
BLAT_ECOLX_Firnberg_2014,11,honest_zero_shot,0.8465116279069768,True,3.0,0.48658922914466735
BLAT_ECOLX_Firnberg_2014,11,leaked_full,1.0,True,1.0,0.48658922914466735
BLAT_ECOLX_Firnberg_2014,11,leaked_25pct,0.7906976744186047,True,2.0,0.48658922914466735
BLAT_ECOLX_Firnberg_2014,11,leaked_50pct,0.7488372093023256,True,0.0,0.48658922914466735
BLAT_ECOLX_Firnberg_2014,11,leaked_75pct,0.972093023255814,True,1.0,0.48658922914466735
BLAT_ECOLX_Firnberg_2014,12,honest_zero_shot,0.7813953488372093,True,3.0,0.4764519535374868
BLAT_ECOLX_Firnberg_2014,12,leaked_full,1.0,True,0.0,0.4764519535374868
BLAT_ECOLX_Firnberg_2014,12,leaked_25pct,0.7813953488372093,True,0.0,0.4764519535374868
BLAT_ECOLX_Firnberg_2014,12,leaked_50pct,0.9348837209302325,True,0.0,0.4764519535374868
BLAT_ECOLX_Firnberg_2014,12,leaked_75pct,0.9767441860465117,True,1.0,0.4764519535374868
BLAT_ECOLX_Firnberg_2014,13,honest_zero_shot,0.7906976744186046,True,3.0,0.45617740232312565
BLAT_ECOLX_Firnberg_2014,13,leaked_full,1.0,True,1.0,0.45617740232312565
BLAT_ECOLX_Firnberg_2014,13,leaked_25pct,0.7627906976744185,True,0.0,0.45617740232312565
BLAT_ECOLX_Firnberg_2014,13,leaked_50pct,0.8883720930232557,True,1.0,0.45617740232312565
BLAT_ECOLX_Firnberg_2014,13,leaked_75pct,1.0,True,0.0,0.45617740232312565
BLAT_ECOLX_Firnberg_2014,14,honest_zero_shot,0.8837209302325582,True,3.0,0.48658922914466735
BLAT_ECOLX_Firnberg_2014,14,leaked_full,1.0,True,2.0,0.48658922914466735
BLAT_ECOLX_Firnberg_2014,14,leaked_25pct,0.8372093023255813,True,1.0,0.48658922914466735
BLAT_ECOLX_Firnberg_2014,14,leaked_50pct,0.9441860465116279,True,0.0,0.48658922914466735
BLAT_ECOLX_Firnberg_2014,14,leaked_75pct,0.944186046511628,True,0.0,0.48658922914466735
BLAT_ECOLX_Firnberg_2014,15,honest_zero_shot,0.9767441860465116,True,3.0,0.46631467793030623
BLAT_ECOLX_Firnberg_2014,15,leaked_full,1.0,True,2.0,0.46631467793030623
BLAT_ECOLX_Firnberg_2014,15,leaked_25pct,0.33488372093023255,False,0.0,0.46631467793030623
BLAT_ECOLX_Firnberg_2014,15,leaked_50pct,0.9395348837209303,True,0.0,0.46631467793030623
BLAT_ECOLX_Firnberg_2014,15,leaked_75pct,0.9488372093023255,True,1.0,0.46631467793030623
BLAT_ECOLX_Firnberg_2014,16,honest_zero_shot,0.8046511627906977,True,3.0,0.4764519535374868
BLAT_ECOLX_Firnberg_2014,16,leaked_full,1.0,True,0.0,0.4764519535374868
BLAT_ECOLX_Firnberg_2014,16,leaked_25pct,0.5813953488372093,True,0.0,0.4764519535374868
BLAT_ECOLX_Firnberg_2014,16,leaked_50pct,0.8558139534883721,True,0.0,0.4764519535374868
BLAT_ECOLX_Firnberg_2014,16,leaked_75pct,0.9162790697674419,True,0.0,0.4764519535374868
BLAT_ECOLX_Firnberg_2014,17,honest_zero_shot,0.8372093023255813,True,3.0,0.4764519535374868
BLAT_ECOLX_Firnberg_2014,17,leaked_full,1.0,True,1.0,0.4764519535374868
BLAT_ECOLX_Firnberg_2014,17,leaked_25pct,0.5627906976744186,True,1.0,0.4764519535374868
BLAT_ECOLX_Firnberg_2014,17,leaked_50pct,0.958139534883721,True,0.0,0.4764519535374868
BLAT_ECOLX_Firnberg_2014,17,leaked_75pct,0.9534883720930233,True,0.0,0.4764519535374868
BLAT_ECOLX_Firnberg_2014,18,honest_zero_shot,0.7441860465116279,True,3.0,0.4764519535374868
BLAT_ECOLX_Firnberg_2014,18,leaked_full,1.0,True,0.0,0.4764519535374868
BLAT_ECOLX_Firnberg_2014,18,leaked_25pct,0.5813953488372093,True,2.0,0.4764519535374868
BLAT_ECOLX_Firnberg_2014,18,leaked_50pct,0.7906976744186046,True,0.0,0.4764519535374868
BLAT_ECOLX_Firnberg_2014,18,leaked_75pct,0.958139534883721,True,0.0,0.4764519535374868
BLAT_ECOLX_Firnberg_2014,19,honest_zero_shot,0.7116279069767442,True,3.0,0.48658922914466735
BLAT_ECOLX_Firnberg_2014,19,leaked_full,1.0,True,2.0,0.48658922914466735
BLAT_ECOLX_Firnberg_2014,19,leaked_25pct,0.7255813953488373,True,0.0,0.48658922914466735
BLAT_ECOLX_Firnberg_2014,19,leaked_50pct,0.8279069767441861,True,0.0,0.48658922914466735
BLAT_ECOLX_Firnberg_2014,19,leaked_75pct,0.9674418604651163,True,0.0,0.48658922914466735
BLAT_ECOLX_Firnberg_2014,20,honest_zero_shot,0.9069767441860466,True,3.0,0.4764519535374868
BLAT_ECOLX_Firnberg_2014,20,leaked_full,1.0,True,0.0,0.4764519535374868
BLAT_ECOLX_Firnberg_2014,20,leaked_25pct,0.5395348837209302,False,0.0,0.4764519535374868
BLAT_ECOLX_Firnberg_2014,20,leaked_50pct,0.8651162790697674,True,0.0,0.4764519535374868
BLAT_ECOLX_Firnberg_2014,20,leaked_75pct,0.9906976744186047,True,2.0,0.4764519535374868
BLAT_ECOLX_Firnberg_2014,21,honest_zero_shot,0.8186046511627907,True,3.0,0.4764519535374868
BLAT_ECOLX_Firnberg_2014,21,leaked_full,1.0,True,0.0,0.4764519535374868
BLAT_ECOLX_Firnberg_2014,21,leaked_25pct,0.744186046511628,True,0.0,0.4764519535374868
BLAT_ECOLX_Firnberg_2014,21,leaked_50pct,0.9906976744186046,True,0.0,0.4764519535374868
BLAT_ECOLX_Firnberg_2014,21,leaked_75pct,0.9953488372093022,True,0.0,0.4764519535374868
BLAT_ECOLX_Firnberg_2014,22,honest_zero_shot,0.9302325581395349,True,3.0,0.48658922914466735
BLAT_ECOLX_Firnberg_2014,22,leaked_full,1.0,True,0.0,0.48658922914466735
BLAT_ECOLX_Firnberg_2014,22,leaked_25pct,0.6325581395348838,True,0.0,0.48658922914466735
BLAT_ECOLX_Firnberg_2014,22,leaked_50pct,0.8697674418604651,True,0.0,0.48658922914466735
BLAT_ECOLX_Firnberg_2014,22,leaked_75pct,0.9209302325581395,True,0.0,0.48658922914466735
BLAT_ECOLX_Firnberg_2014,23,honest_zero_shot,0.6883720930232559,True,3.0,0.4764519535374868
BLAT_ECOLX_Firnberg_2014,23,leaked_full,1.0,True,1.0,0.4764519535374868
BLAT_ECOLX_Firnberg_2014,23,leaked_25pct,0.627906976744186,True,0.0,0.4764519535374868
BLAT_ECOLX_Firnberg_2014,23,leaked_50pct,0.8604651162790697,True,1.0,0.4764519535374868
BLAT_ECOLX_Firnberg_2014,23,leaked_75pct,0.9395348837209303,True,0.0,0.4764519535374868
BLAT_ECOLX_Firnberg_2014,24,honest_zero_shot,0.8093023255813953,True,3.0,0.48658922914466735
BLAT_ECOLX_Firnberg_2014,24,leaked_full,1.0,True,1.0,0.48658922914466735
BLAT_ECOLX_Firnberg_2014,24,leaked_25pct,0.5767441860465117,True,1.0,0.48658922914466735
BLAT_ECOLX_Firnberg_2014,24,leaked_50pct,0.8186046511627907,True,0.0,0.48658922914466735
BLAT_ECOLX_Firnberg_2014,24,leaked_75pct,0.958139534883721,True,1.0,0.48658922914466735
BLAT_ECOLX_Firnberg_2014,25,honest_zero_shot,0.9348837209302325,True,3.0,0.4764519535374868
BLAT_ECOLX_Firnberg_2014,25,leaked_full,1.0,True,0.0,0.4764519535374868
BLAT_ECOLX_Firnberg_2014,25,leaked_25pct,0.772093023255814,True,0.0,0.4764519535374868
BLAT_ECOLX_Firnberg_2014,25,leaked_50pct,0.8511627906976744,True,0.0,0.4764519535374868
BLAT_ECOLX_Firnberg_2014,25,leaked_75pct,0.9813953488372094,True,0.0,0.4764519535374868
BLAT_ECOLX_Firnberg_2014,26,honest_zero_shot,0.8465116279069768,True,3.0,0.48658922914466735
BLAT_ECOLX_Firnberg_2014,26,leaked_full,1.0,True,0.0,0.48658922914466735
BLAT_ECOLX_Firnberg_2014,26,leaked_25pct,0.7162790697674419,True,0.0,0.48658922914466735
BLAT_ECOLX_Firnberg_2014,26,leaked_50pct,0.7162790697674418,True,0.0,0.48658922914466735
BLAT_ECOLX_Firnberg_2014,26,leaked_75pct,0.9581395348837208,True,1.0,0.48658922914466735
BLAT_ECOLX_Firnberg_2014,27,honest_zero_shot,0.7348837209302326,True,3.0,0.48658922914466735
BLAT_ECOLX_Firnberg_2014,27,leaked_full,1.0,True,0.0,0.48658922914466735
BLAT_ECOLX_Firnberg_2014,27,leaked_25pct,0.6232558139534884,True,0.0,0.48658922914466735
BLAT_ECOLX_Firnberg_2014,27,leaked_50pct,0.613953488372093,True,0.0,0.48658922914466735
BLAT_ECOLX_Firnberg_2014,27,leaked_75pct,0.9627906976744187,True,0.0,0.48658922914466735
BLAT_ECOLX_Firnberg_2014,28,honest_zero_shot,0.8604651162790697,True,3.0,0.48658922914466735
BLAT_ECOLX_Firnberg_2014,28,leaked_full,1.0,True,0.0,0.48658922914466735
BLAT_ECOLX_Firnberg_2014,28,leaked_25pct,0.6186046511627907,True,0.0,0.48658922914466735
BLAT_ECOLX_Firnberg_2014,28,leaked_50pct,0.8558139534883722,True,0.0,0.48658922914466735
BLAT_ECOLX_Firnberg_2014,28,leaked_75pct,0.9255813953488372,True,1.0,0.48658922914466735
BLAT_ECOLX_Firnberg_2014,29,honest_zero_shot,0.8046511627906976,True,3.0,0.48658922914466735
BLAT_ECOLX_Firnberg_2014,29,leaked_full,1.0,True,0.0,0.48658922914466735
BLAT_ECOLX_Firnberg_2014,29,leaked_25pct,0.38604651162790704,False,0.0,0.48658922914466735
BLAT_ECOLX_Firnberg_2014,29,leaked_50pct,0.8651162790697675,True,0.0,0.48658922914466735
BLAT_ECOLX_Firnberg_2014,29,leaked_75pct,0.972093023255814,True,1.0,0.48658922914466735
BLAT_ECOLX_Firnberg_2014,30,honest_zero_shot,0.9348837209302326,True,3.0,0.4764519535374868
BLAT_ECOLX_Firnberg_2014,30,leaked_full,1.0,True,0.0,0.4764519535374868
BLAT_ECOLX_Firnberg_2014,30,leaked_25pct,0.5116279069767442,False,1.0,0.4764519535374868
BLAT_ECOLX_Firnberg_2014,30,leaked_50pct,0.8976744186046511,True,2.0,0.4764519535374868
BLAT_ECOLX_Firnberg_2014,30,leaked_75pct,0.9162790697674419,True,0.0,0.4764519535374868
BLAT_ECOLX_Firnberg_2014,31,honest_zero_shot,0.9348837209302325,True,3.0,0.48658922914466735
BLAT_ECOLX_Firnberg_2014,31,leaked_full,1.0,True,1.0,0.48658922914466735
BLAT_ECOLX_Firnberg_2014,31,leaked_25pct,0.6558139534883721,True,1.0,0.48658922914466735
BLAT_ECOLX_Firnberg_2014,31,leaked_50pct,0.8651162790697674,True,1.0,0.48658922914466735
BLAT_ECOLX_Firnberg_2014,31,leaked_75pct,0.9674418604651163,True,0.0,0.48658922914466735
BLAT_ECOLX_Firnberg_2014,32,honest_zero_shot,0.8,True,3.0,0.48658922914466735
BLAT_ECOLX_Firnberg_2014,32,leaked_full,1.0,True,0.0,0.48658922914466735
BLAT_ECOLX_Firnberg_2014,32,leaked_25pct,0.613953488372093,True,0.0,0.48658922914466735
BLAT_ECOLX_Firnberg_2014,32,leaked_50pct,0.8465116279069766,True,1.0,0.48658922914466735
BLAT_ECOLX_Firnberg_2014,32,leaked_75pct,0.9395348837209303,True,0.0,0.48658922914466735
BLAT_ECOLX_Firnberg_2014,33,honest_zero_shot,0.8744186046511627,True,3.0,0.48658922914466735
BLAT_ECOLX_Firnberg_2014,33,leaked_full,1.0,True,0.0,0.48658922914466735
BLAT_ECOLX_Firnberg_2014,33,leaked_25pct,0.46976744186046515,False,2.0,0.48658922914466735
BLAT_ECOLX_Firnberg_2014,33,leaked_50pct,0.7720930232558139,True,0.0,0.48658922914466735
BLAT_ECOLX_Firnberg_2014,33,leaked_75pct,0.9395348837209303,True,0.0,0.48658922914466735
BLAT_ECOLX_Firnberg_2014,34,honest_zero_shot,0.9302325581395349,True,3.0,0.48658922914466735
BLAT_ECOLX_Firnberg_2014,34,leaked_full,1.0,True,0.0,0.48658922914466735
BLAT_ECOLX_Firnberg_2014,34,leaked_25pct,0.786046511627907,True,0.0,0.48658922914466735
BLAT_ECOLX_Firnberg_2014,34,leaked_50pct,0.9255813953488372,True,1.0,0.48658922914466735
BLAT_ECOLX_Firnberg_2014,34,leaked_75pct,0.9813953488372094,True,2.0,0.48658922914466735
BLAT_ECOLX_Firnberg_2014,35,honest_zero_shot,0.8604651162790697,True,3.0,0.46631467793030623
BLAT_ECOLX_Firnberg_2014,35,leaked_full,1.0,True,1.0,0.46631467793030623
BLAT_ECOLX_Firnberg_2014,35,leaked_25pct,0.758139534883721,True,0.0,0.46631467793030623
BLAT_ECOLX_Firnberg_2014,35,leaked_50pct,0.772093023255814,True,0.0,0.46631467793030623
BLAT_ECOLX_Firnberg_2014,35,leaked_75pct,0.9627906976744185,True,0.0,0.46631467793030623
BLAT_ECOLX_Firnberg_2014,36,honest_zero_shot,0.7813953488372093,True,3.0,0.48658922914466735
BLAT_ECOLX_Firnberg_2014,36,leaked_full,1.0,True,0.0,0.48658922914466735
BLAT_ECOLX_Firnberg_2014,36,leaked_25pct,0.4744186046511628,False,0.0,0.48658922914466735
BLAT_ECOLX_Firnberg_2014,36,leaked_50pct,0.9069767441860465,True,1.0,0.48658922914466735
BLAT_ECOLX_Firnberg_2014,36,leaked_75pct,0.9767441860465116,True,1.0,0.48658922914466735
BLAT_ECOLX_Firnberg_2014,37,honest_zero_shot,0.8372093023255814,True,3.0,0.48658922914466735
BLAT_ECOLX_Firnberg_2014,37,leaked_full,1.0,True,0.0,0.48658922914466735
BLAT_ECOLX_Firnberg_2014,37,leaked_25pct,0.3302325581395349,False,1.0,0.48658922914466735
BLAT_ECOLX_Firnberg_2014,37,leaked_50pct,0.8883720930232557,True,1.0,0.48658922914466735
BLAT_ECOLX_Firnberg_2014,37,leaked_75pct,0.944186046511628,True,0.0,0.48658922914466735
BLAT_ECOLX_Firnberg_2014,38,honest_zero_shot,0.9302325581395349,True,3.0,0.48658922914466735
BLAT_ECOLX_Firnberg_2014,38,leaked_full,1.0,True,0.0,0.48658922914466735
BLAT_ECOLX_Firnberg_2014,38,leaked_25pct,0.5255813953488372,False,0.0,0.48658922914466735
BLAT_ECOLX_Firnberg_2014,38,leaked_50pct,0.8511627906976744,True,2.0,0.48658922914466735
BLAT_ECOLX_Firnberg_2014,38,leaked_75pct,0.9906976744186047,True,1.0,0.48658922914466735
BLAT_ECOLX_Firnberg_2014,39,honest_zero_shot,0.9209302325581395,True,3.0,0.4764519535374868
BLAT_ECOLX_Firnberg_2014,39,leaked_full,1.0,True,1.0,0.4764519535374868
BLAT_ECOLX_Firnberg_2014,39,leaked_25pct,0.7627906976744186,True,0.0,0.4764519535374868
BLAT_ECOLX_Firnberg_2014,39,leaked_50pct,0.8651162790697674,True,1.0,0.4764519535374868
BLAT_ECOLX_Firnberg_2014,39,leaked_75pct,0.9860465116279069,True,0.0,0.4764519535374868
BLAT_ECOLX_Stiffler_2015,0,honest_zero_shot,0.8186046511627907,True,2.0,0.47534357316087306
BLAT_ECOLX_Stiffler_2015,0,leaked_full,1.0,True,0.0,0.47534357316087306
BLAT_ECOLX_Stiffler_2015,0,leaked_25pct,0.6325581395348838,True,2.0,0.47534357316087306
BLAT_ECOLX_Stiffler_2015,0,leaked_50pct,0.6511627906976744,True,0.0,0.47534357316087306
BLAT_ECOLX_Stiffler_2015,0,leaked_75pct,0.7720930232558139,True,0.0,0.47534357316087306
BLAT_ECOLX_Stiffler_2015,1,honest_zero_shot,0.9162790697674419,True,2.0,0.4850444624090542
BLAT_ECOLX_Stiffler_2015,1,leaked_full,1.0,True,1.0,0.4850444624090542
BLAT_ECOLX_Stiffler_2015,1,leaked_25pct,0.7627906976744186,True,0.0,0.4850444624090542
BLAT_ECOLX_Stiffler_2015,1,leaked_50pct,0.7209302325581396,True,0.0,0.4850444624090542
BLAT_ECOLX_Stiffler_2015,1,leaked_75pct,0.8093023255813954,True,0.0,0.4850444624090542
BLAT_ECOLX_Stiffler_2015,2,honest_zero_shot,0.7488372093023257,True,2.0,0.47534357316087306
BLAT_ECOLX_Stiffler_2015,2,leaked_full,1.0,True,0.0,0.47534357316087306
BLAT_ECOLX_Stiffler_2015,2,leaked_25pct,0.46511627906976744,False,1.0,0.47534357316087306
BLAT_ECOLX_Stiffler_2015,2,leaked_50pct,0.6744186046511628,True,0.0,0.47534357316087306
BLAT_ECOLX_Stiffler_2015,2,leaked_75pct,0.9255813953488372,True,0.0,0.47534357316087306
BLAT_ECOLX_Stiffler_2015,3,honest_zero_shot,0.8093023255813954,True,2.0,0.47534357316087306
BLAT_ECOLX_Stiffler_2015,3,leaked_full,1.0,True,0.0,0.47534357316087306
BLAT_ECOLX_Stiffler_2015,3,leaked_25pct,0.5720930232558139,True,0.0,0.47534357316087306
BLAT_ECOLX_Stiffler_2015,3,leaked_50pct,0.7627906976744185,True,0.0,0.47534357316087306
BLAT_ECOLX_Stiffler_2015,3,leaked_75pct,0.8279069767441861,True,0.0,0.47534357316087306
BLAT_ECOLX_Stiffler_2015,4,honest_zero_shot,0.9116279069767441,True,2.0,0.47534357316087306
BLAT_ECOLX_Stiffler_2015,4,leaked_full,1.0,True,0.0,0.47534357316087306
BLAT_ECOLX_Stiffler_2015,4,leaked_25pct,0.5906976744186047,True,0.0,0.47534357316087306
BLAT_ECOLX_Stiffler_2015,4,leaked_50pct,0.6651162790697674,True,2.0,0.47534357316087306
BLAT_ECOLX_Stiffler_2015,4,leaked_75pct,0.8883720930232558,True,2.0,0.47534357316087306
BLAT_ECOLX_Stiffler_2015,5,honest_zero_shot,0.8837209302325582,True,2.0,0.4850444624090542
BLAT_ECOLX_Stiffler_2015,5,leaked_full,1.0,True,2.0,0.4850444624090542
BLAT_ECOLX_Stiffler_2015,5,leaked_25pct,0.4744186046511628,False,1.0,0.4850444624090542
BLAT_ECOLX_Stiffler_2015,5,leaked_50pct,0.7627906976744186,True,0.0,0.4850444624090542
BLAT_ECOLX_Stiffler_2015,5,leaked_75pct,0.8651162790697675,True,0.0,0.4850444624090542
BLAT_ECOLX_Stiffler_2015,6,honest_zero_shot,0.8418604651162791,True,2.0,0.4850444624090542
BLAT_ECOLX_Stiffler_2015,6,leaked_full,1.0,True,0.0,0.4850444624090542
BLAT_ECOLX_Stiffler_2015,6,leaked_25pct,0.5441860465116279,False,0.0,0.4850444624090542
BLAT_ECOLX_Stiffler_2015,6,leaked_50pct,0.7813953488372094,True,0.0,0.4850444624090542
BLAT_ECOLX_Stiffler_2015,6,leaked_75pct,0.9162790697674419,True,1.0,0.4850444624090542
BLAT_ECOLX_Stiffler_2015,7,honest_zero_shot,0.8279069767441861,True,2.0,0.4850444624090542
BLAT_ECOLX_Stiffler_2015,7,leaked_full,1.0,True,0.0,0.4850444624090542
BLAT_ECOLX_Stiffler_2015,7,leaked_25pct,0.586046511627907,True,2.0,0.4850444624090542
BLAT_ECOLX_Stiffler_2015,7,leaked_50pct,0.855813953488372,True,3.0,0.4850444624090542
BLAT_ECOLX_Stiffler_2015,7,leaked_75pct,0.8279069767441861,True,0.0,0.4850444624090542
BLAT_ECOLX_Stiffler_2015,8,honest_zero_shot,0.8325581395348838,True,2.0,0.465642683912692
BLAT_ECOLX_Stiffler_2015,8,leaked_full,1.0,True,1.0,0.465642683912692
BLAT_ECOLX_Stiffler_2015,8,leaked_25pct,0.6418604651162791,True,1.0,0.465642683912692
BLAT_ECOLX_Stiffler_2015,8,leaked_50pct,0.6930232558139535,True,0.0,0.465642683912692
BLAT_ECOLX_Stiffler_2015,8,leaked_75pct,0.8558139534883721,True,0.0,0.465642683912692
BLAT_ECOLX_Stiffler_2015,9,honest_zero_shot,0.8418604651162791,True,2.0,0.47534357316087306
BLAT_ECOLX_Stiffler_2015,9,leaked_full,1.0,True,0.0,0.47534357316087306
BLAT_ECOLX_Stiffler_2015,9,leaked_25pct,0.3302325581395349,False,1.0,0.47534357316087306
BLAT_ECOLX_Stiffler_2015,9,leaked_50pct,0.8744186046511627,True,1.0,0.47534357316087306
BLAT_ECOLX_Stiffler_2015,9,leaked_75pct,0.841860465116279,True,0.0,0.47534357316087306
BLAT_ECOLX_Stiffler_2015,10,honest_zero_shot,0.8604651162790697,True,2.0,0.4850444624090542
BLAT_ECOLX_Stiffler_2015,10,leaked_full,1.0,True,0.0,0.4850444624090542
BLAT_ECOLX_Stiffler_2015,10,leaked_25pct,0.827906976744186,True,1.0,0.4850444624090542
BLAT_ECOLX_Stiffler_2015,10,leaked_50pct,0.8046511627906977,True,1.0,0.4850444624090542
BLAT_ECOLX_Stiffler_2015,10,leaked_75pct,0.9162790697674419,True,0.0,0.4850444624090542
BLAT_ECOLX_Stiffler_2015,11,honest_zero_shot,0.8511627906976744,True,2.0,0.4850444624090542
BLAT_ECOLX_Stiffler_2015,11,leaked_full,1.0,True,0.0,0.4850444624090542
BLAT_ECOLX_Stiffler_2015,11,leaked_25pct,0.6930232558139535,True,0.0,0.4850444624090542
BLAT_ECOLX_Stiffler_2015,11,leaked_50pct,0.7767441860465116,True,2.0,0.4850444624090542
BLAT_ECOLX_Stiffler_2015,11,leaked_75pct,0.8976744186046512,True,1.0,0.4850444624090542
BLAT_ECOLX_Stiffler_2015,12,honest_zero_shot,0.813953488372093,True,2.0,0.4850444624090542
BLAT_ECOLX_Stiffler_2015,12,leaked_full,1.0,True,0.0,0.4850444624090542
BLAT_ECOLX_Stiffler_2015,12,leaked_25pct,0.5209302325581395,False,1.0,0.4850444624090542
BLAT_ECOLX_Stiffler_2015,12,leaked_50pct,0.6558139534883721,True,1.0,0.4850444624090542
BLAT_ECOLX_Stiffler_2015,12,leaked_75pct,0.7906976744186047,True,0.0,0.4850444624090542
BLAT_ECOLX_Stiffler_2015,13,honest_zero_shot,0.8511627906976744,True,2.0,0.47534357316087306
BLAT_ECOLX_Stiffler_2015,13,leaked_full,1.0,True,1.0,0.47534357316087306
BLAT_ECOLX_Stiffler_2015,13,leaked_25pct,0.6790697674418605,True,0.0,0.47534357316087306
BLAT_ECOLX_Stiffler_2015,13,leaked_50pct,0.8046511627906977,True,2.0,0.47534357316087306
BLAT_ECOLX_Stiffler_2015,13,leaked_75pct,0.7999999999999999,True,0.0,0.47534357316087306
BLAT_ECOLX_Stiffler_2015,14,honest_zero_shot,0.7674418604651163,True,2.0,0.4850444624090542
BLAT_ECOLX_Stiffler_2015,14,leaked_full,1.0,True,1.0,0.4850444624090542
BLAT_ECOLX_Stiffler_2015,14,leaked_25pct,0.7023255813953488,True,0.0,0.4850444624090542
BLAT_ECOLX_Stiffler_2015,14,leaked_50pct,0.7999999999999999,True,0.0,0.4850444624090542
BLAT_ECOLX_Stiffler_2015,14,leaked_75pct,0.8744186046511627,True,0.0,0.4850444624090542
BLAT_ECOLX_Stiffler_2015,15,honest_zero_shot,0.8511627906976744,True,2.0,0.4850444624090542
BLAT_ECOLX_Stiffler_2015,15,leaked_full,1.0,True,0.0,0.4850444624090542
BLAT_ECOLX_Stiffler_2015,15,leaked_25pct,0.7860465116279071,True,0.0,0.4850444624090542
BLAT_ECOLX_Stiffler_2015,15,leaked_50pct,0.6837209302325582,True,2.0,0.4850444624090542
BLAT_ECOLX_Stiffler_2015,15,leaked_75pct,0.8093023255813954,True,0.0,0.4850444624090542
BLAT_ECOLX_Stiffler_2015,16,honest_zero_shot,0.7441860465116279,True,2.0,0.465642683912692
BLAT_ECOLX_Stiffler_2015,16,leaked_full,1.0,True,1.0,0.465642683912692
BLAT_ECOLX_Stiffler_2015,16,leaked_25pct,0.5023255813953489,False,0.0,0.465642683912692
BLAT_ECOLX_Stiffler_2015,16,leaked_50pct,0.6325581395348837,True,0.0,0.465642683912692
BLAT_ECOLX_Stiffler_2015,16,leaked_75pct,0.8604651162790697,True,1.0,0.465642683912692
BLAT_ECOLX_Stiffler_2015,17,honest_zero_shot,0.6790697674418604,True,2.0,0.47534357316087306
BLAT_ECOLX_Stiffler_2015,17,leaked_full,1.0,True,0.0,0.47534357316087306
BLAT_ECOLX_Stiffler_2015,17,leaked_25pct,0.5302325581395348,False,1.0,0.47534357316087306
BLAT_ECOLX_Stiffler_2015,17,leaked_50pct,0.6976744186046512,True,0.0,0.47534357316087306
BLAT_ECOLX_Stiffler_2015,17,leaked_75pct,0.8465116279069768,True,1.0,0.47534357316087306
BLAT_ECOLX_Stiffler_2015,18,honest_zero_shot,0.8651162790697675,True,2.0,0.4850444624090542
BLAT_ECOLX_Stiffler_2015,18,leaked_full,1.0,True,0.0,0.4850444624090542
BLAT_ECOLX_Stiffler_2015,18,leaked_25pct,0.6976744186046512,True,1.0,0.4850444624090542
BLAT_ECOLX_Stiffler_2015,18,leaked_50pct,0.9069767441860466,True,1.0,0.4850444624090542
BLAT_ECOLX_Stiffler_2015,18,leaked_75pct,0.9395348837209303,True,0.0,0.4850444624090542
BLAT_ECOLX_Stiffler_2015,19,honest_zero_shot,0.7069767441860466,True,2.0,0.4850444624090542
BLAT_ECOLX_Stiffler_2015,19,leaked_full,1.0,True,1.0,0.4850444624090542
BLAT_ECOLX_Stiffler_2015,19,leaked_25pct,0.6837209302325582,True,1.0,0.4850444624090542
BLAT_ECOLX_Stiffler_2015,19,leaked_50pct,0.6697674418604651,True,0.0,0.4850444624090542
BLAT_ECOLX_Stiffler_2015,19,leaked_75pct,0.9162790697674419,True,1.0,0.4850444624090542
BLAT_ECOLX_Stiffler_2015,20,honest_zero_shot,0.8093023255813954,True,2.0,0.4850444624090542
BLAT_ECOLX_Stiffler_2015,20,leaked_full,1.0,True,1.0,0.4850444624090542
BLAT_ECOLX_Stiffler_2015,20,leaked_25pct,0.5395348837209303,False,0.0,0.4850444624090542
BLAT_ECOLX_Stiffler_2015,20,leaked_50pct,0.5813953488372093,True,1.0,0.4850444624090542
BLAT_ECOLX_Stiffler_2015,20,leaked_75pct,0.8511627906976744,True,0.0,0.4850444624090542
BLAT_ECOLX_Stiffler_2015,21,honest_zero_shot,0.7023255813953488,True,2.0,0.4850444624090542
BLAT_ECOLX_Stiffler_2015,21,leaked_full,1.0,True,0.0,0.4850444624090542
BLAT_ECOLX_Stiffler_2015,21,leaked_25pct,0.22790697674418603,False,1.0,0.4850444624090542
BLAT_ECOLX_Stiffler_2015,21,leaked_50pct,0.7255813953488373,True,0.0,0.4850444624090542
BLAT_ECOLX_Stiffler_2015,21,leaked_75pct,0.9023255813953488,True,0.0,0.4850444624090542
BLAT_ECOLX_Stiffler_2015,22,honest_zero_shot,0.7813953488372093,True,2.0,0.4850444624090542
BLAT_ECOLX_Stiffler_2015,22,leaked_full,1.0,True,0.0,0.4850444624090542
BLAT_ECOLX_Stiffler_2015,22,leaked_25pct,0.6837209302325582,True,2.0,0.4850444624090542
BLAT_ECOLX_Stiffler_2015,22,leaked_50pct,0.8697674418604652,True,1.0,0.4850444624090542
BLAT_ECOLX_Stiffler_2015,22,leaked_75pct,0.8697674418604651,True,1.0,0.4850444624090542
BLAT_ECOLX_Stiffler_2015,23,honest_zero_shot,0.8837209302325582,True,2.0,0.4850444624090542
BLAT_ECOLX_Stiffler_2015,23,leaked_full,1.0,True,1.0,0.4850444624090542
BLAT_ECOLX_Stiffler_2015,23,leaked_25pct,0.4418604651162791,False,1.0,0.4850444624090542
BLAT_ECOLX_Stiffler_2015,23,leaked_50pct,0.6325581395348838,True,0.0,0.4850444624090542
BLAT_ECOLX_Stiffler_2015,23,leaked_75pct,0.8418604651162791,True,0.0,0.4850444624090542
BLAT_ECOLX_Stiffler_2015,24,honest_zero_shot,0.8325581395348838,True,2.0,0.4559417946645109
BLAT_ECOLX_Stiffler_2015,24,leaked_full,1.0,True,0.0,0.4559417946645109
BLAT_ECOLX_Stiffler_2015,24,leaked_25pct,0.6000000000000001,True,0.0,0.4559417946645109
BLAT_ECOLX_Stiffler_2015,24,leaked_50pct,0.586046511627907,True,0.0,0.4559417946645109
BLAT_ECOLX_Stiffler_2015,24,leaked_75pct,0.6232558139534884,True,0.0,0.4559417946645109
BLAT_ECOLX_Stiffler_2015,25,honest_zero_shot,0.9162790697674418,True,2.0,0.4850444624090542
BLAT_ECOLX_Stiffler_2015,25,leaked_full,1.0,True,2.0,0.4850444624090542
BLAT_ECOLX_Stiffler_2015,25,leaked_25pct,0.9116279069767442,True,0.0,0.4850444624090542
BLAT_ECOLX_Stiffler_2015,25,leaked_50pct,0.9116279069767441,True,1.0,0.4850444624090542
BLAT_ECOLX_Stiffler_2015,25,leaked_75pct,0.9395348837209303,True,0.0,0.4850444624090542
BLAT_ECOLX_Stiffler_2015,26,honest_zero_shot,0.9023255813953489,True,2.0,0.4850444624090542
BLAT_ECOLX_Stiffler_2015,26,leaked_full,1.0,True,2.0,0.4850444624090542
BLAT_ECOLX_Stiffler_2015,26,leaked_25pct,0.7162790697674419,True,0.0,0.4850444624090542
BLAT_ECOLX_Stiffler_2015,26,leaked_50pct,0.5348837209302326,False,0.0,0.4850444624090542
BLAT_ECOLX_Stiffler_2015,26,leaked_75pct,0.9023255813953488,True,0.0,0.4850444624090542
BLAT_ECOLX_Stiffler_2015,27,honest_zero_shot,0.7627906976744186,True,2.0,0.47534357316087306
BLAT_ECOLX_Stiffler_2015,27,leaked_full,1.0,True,0.0,0.47534357316087306
BLAT_ECOLX_Stiffler_2015,27,leaked_25pct,0.6372093023255814,True,0.0,0.47534357316087306
BLAT_ECOLX_Stiffler_2015,27,leaked_50pct,0.772093023255814,True,1.0,0.47534357316087306
BLAT_ECOLX_Stiffler_2015,27,leaked_75pct,0.8744186046511627,True,1.0,0.47534357316087306
BLAT_ECOLX_Stiffler_2015,28,honest_zero_shot,0.9023255813953488,True,2.0,0.47534357316087306
BLAT_ECOLX_Stiffler_2015,28,leaked_full,1.0,True,0.0,0.47534357316087306
BLAT_ECOLX_Stiffler_2015,28,leaked_25pct,0.6232558139534884,True,0.0,0.47534357316087306
BLAT_ECOLX_Stiffler_2015,28,leaked_50pct,0.7534883720930233,True,0.0,0.47534357316087306
BLAT_ECOLX_Stiffler_2015,28,leaked_75pct,0.9348837209302325,True,0.0,0.47534357316087306
BLAT_ECOLX_Stiffler_2015,29,honest_zero_shot,0.5488372093023256,False,2.0,0.4850444624090542
BLAT_ECOLX_Stiffler_2015,29,leaked_full,1.0,True,0.0,0.4850444624090542
BLAT_ECOLX_Stiffler_2015,29,leaked_25pct,0.3302325581395349,False,0.0,0.4850444624090542
BLAT_ECOLX_Stiffler_2015,29,leaked_50pct,0.7441860465116279,True,1.0,0.4850444624090542
BLAT_ECOLX_Stiffler_2015,29,leaked_75pct,0.9023255813953488,True,2.0,0.4850444624090542
BLAT_ECOLX_Stiffler_2015,30,honest_zero_shot,0.9674418604651163,True,2.0,0.4850444624090542
BLAT_ECOLX_Stiffler_2015,30,leaked_full,1.0,True,0.0,0.4850444624090542
BLAT_ECOLX_Stiffler_2015,30,leaked_25pct,0.7348837209302326,True,2.0,0.4850444624090542
BLAT_ECOLX_Stiffler_2015,30,leaked_50pct,0.8372093023255814,True,0.0,0.4850444624090542
BLAT_ECOLX_Stiffler_2015,30,leaked_75pct,0.9395348837209302,True,0.0,0.4850444624090542
BLAT_ECOLX_Stiffler_2015,31,honest_zero_shot,0.8837209302325582,True,2.0,0.47534357316087306
BLAT_ECOLX_Stiffler_2015,31,leaked_full,1.0,True,1.0,0.47534357316087306
BLAT_ECOLX_Stiffler_2015,31,leaked_25pct,0.8790697674418604,True,3.0,0.47534357316087306
BLAT_ECOLX_Stiffler_2015,31,leaked_50pct,0.8837209302325582,True,0.0,0.47534357316087306
BLAT_ECOLX_Stiffler_2015,31,leaked_75pct,0.8744186046511627,True,0.0,0.47534357316087306
BLAT_ECOLX_Stiffler_2015,32,honest_zero_shot,0.7162790697674419,True,2.0,0.4850444624090542
BLAT_ECOLX_Stiffler_2015,32,leaked_full,1.0,True,0.0,0.4850444624090542
BLAT_ECOLX_Stiffler_2015,32,leaked_25pct,0.7348837209302326,True,1.0,0.4850444624090542
BLAT_ECOLX_Stiffler_2015,32,leaked_50pct,0.786046511627907,True,2.0,0.4850444624090542
BLAT_ECOLX_Stiffler_2015,32,leaked_75pct,0.8046511627906977,True,0.0,0.4850444624090542
BLAT_ECOLX_Stiffler_2015,33,honest_zero_shot,0.8976744186046511,True,2.0,0.4850444624090542
BLAT_ECOLX_Stiffler_2015,33,leaked_full,1.0,True,0.0,0.4850444624090542
BLAT_ECOLX_Stiffler_2015,33,leaked_25pct,0.8186046511627907,True,0.0,0.4850444624090542
BLAT_ECOLX_Stiffler_2015,33,leaked_50pct,0.827906976744186,True,1.0,0.4850444624090542
BLAT_ECOLX_Stiffler_2015,33,leaked_75pct,0.9162790697674419,True,0.0,0.4850444624090542
BLAT_ECOLX_Stiffler_2015,34,honest_zero_shot,0.6093023255813954,True,2.0,0.4850444624090542
BLAT_ECOLX_Stiffler_2015,34,leaked_full,1.0,True,1.0,0.4850444624090542
BLAT_ECOLX_Stiffler_2015,34,leaked_25pct,0.5813953488372093,True,0.0,0.4850444624090542
BLAT_ECOLX_Stiffler_2015,34,leaked_50pct,0.49302325581395345,False,0.0,0.4850444624090542
BLAT_ECOLX_Stiffler_2015,34,leaked_75pct,0.8,True,0.0,0.4850444624090542
BLAT_ECOLX_Stiffler_2015,35,honest_zero_shot,0.9023255813953488,True,2.0,0.4850444624090542
BLAT_ECOLX_Stiffler_2015,35,leaked_full,1.0,True,0.0,0.4850444624090542
BLAT_ECOLX_Stiffler_2015,35,leaked_25pct,0.4558139534883721,False,0.0,0.4850444624090542
BLAT_ECOLX_Stiffler_2015,35,leaked_50pct,0.7767441860465116,True,0.0,0.4850444624090542
BLAT_ECOLX_Stiffler_2015,35,leaked_75pct,0.8883720930232558,True,0.0,0.4850444624090542
BLAT_ECOLX_Stiffler_2015,36,honest_zero_shot,0.8046511627906977,True,1.0,0.4559417946645109
BLAT_ECOLX_Stiffler_2015,36,leaked_full,1.0,True,0.0,0.4559417946645109
BLAT_ECOLX_Stiffler_2015,36,leaked_25pct,0.4790697674418605,False,1.0,0.4559417946645109
BLAT_ECOLX_Stiffler_2015,36,leaked_50pct,0.7069767441860464,True,0.0,0.4559417946645109
BLAT_ECOLX_Stiffler_2015,36,leaked_75pct,0.8558139534883721,True,0.0,0.4559417946645109
BLAT_ECOLX_Stiffler_2015,37,honest_zero_shot,0.6093023255813954,True,2.0,0.4850444624090542
BLAT_ECOLX_Stiffler_2015,37,leaked_full,1.0,True,1.0,0.4850444624090542
BLAT_ECOLX_Stiffler_2015,37,leaked_25pct,0.7162790697674418,True,1.0,0.4850444624090542
BLAT_ECOLX_Stiffler_2015,37,leaked_50pct,0.5069767441860464,False,1.0,0.4850444624090542
BLAT_ECOLX_Stiffler_2015,37,leaked_75pct,0.8651162790697674,True,0.0,0.4850444624090542
BLAT_ECOLX_Stiffler_2015,38,honest_zero_shot,0.8186046511627907,True,2.0,0.465642683912692
BLAT_ECOLX_Stiffler_2015,38,leaked_full,1.0,True,0.0,0.465642683912692
BLAT_ECOLX_Stiffler_2015,38,leaked_25pct,0.5813953488372092,True,0.0,0.465642683912692
BLAT_ECOLX_Stiffler_2015,38,leaked_50pct,0.8883720930232558,True,0.0,0.465642683912692
BLAT_ECOLX_Stiffler_2015,38,leaked_75pct,0.8372093023255813,True,0.0,0.465642683912692
BLAT_ECOLX_Stiffler_2015,39,honest_zero_shot,0.7953488372093024,True,2.0,0.47534357316087306
BLAT_ECOLX_Stiffler_2015,39,leaked_full,1.0,True,0.0,0.47534357316087306
BLAT_ECOLX_Stiffler_2015,39,leaked_25pct,0.7488372093023257,True,1.0,0.47534357316087306
BLAT_ECOLX_Stiffler_2015,39,leaked_50pct,0.827906976744186,True,0.0,0.47534357316087306
BLAT_ECOLX_Stiffler_2015,39,leaked_75pct,0.8372093023255814,True,0.0,0.47534357316087306
CALM1_HUMAN_Weile_2017,0,honest_zero_shot,0.4976744186046511,False,0.0,0.4623229461756374
CALM1_HUMAN_Weile_2017,0,leaked_full,1.0,True,0.0,0.4623229461756374
CALM1_HUMAN_Weile_2017,0,leaked_25pct,0.6697674418604651,True,1.0,0.4623229461756374
CALM1_HUMAN_Weile_2017,0,leaked_50pct,0.7627906976744185,True,1.0,0.4623229461756374
CALM1_HUMAN_Weile_2017,0,leaked_75pct,0.9162790697674419,True,0.0,0.4623229461756374
CALM1_HUMAN_Weile_2017,1,honest_zero_shot,0.5255813953488372,False,0.0,0.48951841359773374
CALM1_HUMAN_Weile_2017,1,leaked_full,1.0,True,1.0,0.48951841359773374
CALM1_HUMAN_Weile_2017,1,leaked_25pct,0.5255813953488373,False,0.0,0.48951841359773374
CALM1_HUMAN_Weile_2017,1,leaked_50pct,0.6511627906976745,True,0.0,0.48951841359773374
CALM1_HUMAN_Weile_2017,1,leaked_75pct,0.9441860465116279,True,1.0,0.48951841359773374
CALM1_HUMAN_Weile_2017,2,honest_zero_shot,0.6139534883720931,True,0.0,0.48951841359773374
CALM1_HUMAN_Weile_2017,2,leaked_full,1.0,True,0.0,0.48951841359773374
CALM1_HUMAN_Weile_2017,2,leaked_25pct,0.6651162790697674,True,0.0,0.48951841359773374
CALM1_HUMAN_Weile_2017,2,leaked_50pct,0.8744186046511628,True,0.0,0.48951841359773374
CALM1_HUMAN_Weile_2017,2,leaked_75pct,0.9348837209302325,True,1.0,0.48951841359773374
CALM1_HUMAN_Weile_2017,3,honest_zero_shot,0.5348837209302326,False,0.0,0.48951841359773374
CALM1_HUMAN_Weile_2017,3,leaked_full,1.0,True,0.0,0.48951841359773374
CALM1_HUMAN_Weile_2017,3,leaked_25pct,0.5069767441860465,False,1.0,0.48951841359773374
CALM1_HUMAN_Weile_2017,3,leaked_50pct,0.6837209302325582,True,0.0,0.48951841359773374
CALM1_HUMAN_Weile_2017,3,leaked_75pct,0.9906976744186046,True,1.0,0.48951841359773374
CALM1_HUMAN_Weile_2017,4,honest_zero_shot,0.6511627906976745,True,0.0,0.4623229461756374
CALM1_HUMAN_Weile_2017,4,leaked_full,1.0,True,0.0,0.4623229461756374
CALM1_HUMAN_Weile_2017,4,leaked_25pct,0.5488372093023256,False,0.0,0.4623229461756374
CALM1_HUMAN_Weile_2017,4,leaked_50pct,0.6186046511627907,True,0.0,0.4623229461756374
CALM1_HUMAN_Weile_2017,4,leaked_75pct,0.958139534883721,True,0.0,0.4623229461756374
CALM1_HUMAN_Weile_2017,5,honest_zero_shot,0.42790697674418604,False,0.0,0.48951841359773374
CALM1_HUMAN_Weile_2017,5,leaked_full,1.0,True,0.0,0.48951841359773374
CALM1_HUMAN_Weile_2017,5,leaked_25pct,0.5720930232558139,True,0.0,0.48951841359773374
CALM1_HUMAN_Weile_2017,5,leaked_50pct,0.7767441860465116,True,1.0,0.48951841359773374
CALM1_HUMAN_Weile_2017,5,leaked_75pct,0.8837209302325582,True,0.0,0.48951841359773374
CALM1_HUMAN_Weile_2017,6,honest_zero_shot,0.5953488372093023,True,0.0,0.48951841359773374
CALM1_HUMAN_Weile_2017,6,leaked_full,1.0,True,0.0,0.48951841359773374
CALM1_HUMAN_Weile_2017,6,leaked_25pct,0.5674418604651162,True,0.0,0.48951841359773374
CALM1_HUMAN_Weile_2017,6,leaked_50pct,0.972093023255814,True,0.0,0.48951841359773374
CALM1_HUMAN_Weile_2017,6,leaked_75pct,0.9813953488372094,True,2.0,0.48951841359773374
CALM1_HUMAN_Weile_2017,7,honest_zero_shot,0.5441860465116279,False,0.0,0.48951841359773374
CALM1_HUMAN_Weile_2017,7,leaked_full,1.0,True,0.0,0.48951841359773374
CALM1_HUMAN_Weile_2017,7,leaked_25pct,0.5534883720930233,True,0.0,0.48951841359773374
CALM1_HUMAN_Weile_2017,7,leaked_50pct,0.5302325581395348,False,0.0,0.48951841359773374
CALM1_HUMAN_Weile_2017,7,leaked_75pct,0.9209302325581395,True,0.0,0.48951841359773374
CALM1_HUMAN_Weile_2017,8,honest_zero_shot,0.6186046511627907,True,0.0,0.4623229461756374
CALM1_HUMAN_Weile_2017,8,leaked_full,1.0,True,0.0,0.4623229461756374
CALM1_HUMAN_Weile_2017,8,leaked_25pct,0.6465116279069767,True,0.0,0.4623229461756374
CALM1_HUMAN_Weile_2017,8,leaked_50pct,0.7302325581395349,True,0.0,0.4623229461756374
CALM1_HUMAN_Weile_2017,8,leaked_75pct,0.9255813953488372,True,1.0,0.4623229461756374
CALM1_HUMAN_Weile_2017,9,honest_zero_shot,0.5953488372093023,True,0.0,0.48951841359773374
CALM1_HUMAN_Weile_2017,9,leaked_full,1.0,True,0.0,0.48951841359773374
CALM1_HUMAN_Weile_2017,9,leaked_25pct,0.7441860465116279,True,0.0,0.48951841359773374
CALM1_HUMAN_Weile_2017,9,leaked_50pct,0.772093023255814,True,0.0,0.48951841359773374
CALM1_HUMAN_Weile_2017,9,leaked_75pct,0.9069767441860466,True,0.0,0.48951841359773374
CALM1_HUMAN_Weile_2017,10,honest_zero_shot,0.4558139534883721,False,0.0,0.4351274787535411
CALM1_HUMAN_Weile_2017,10,leaked_full,1.0,True,1.0,0.4351274787535411
CALM1_HUMAN_Weile_2017,10,leaked_25pct,0.5813953488372093,True,0.0,0.4351274787535411
CALM1_HUMAN_Weile_2017,10,leaked_50pct,0.9255813953488372,True,0.0,0.4351274787535411
CALM1_HUMAN_Weile_2017,10,leaked_75pct,0.9953488372093022,True,0.0,0.4351274787535411
CALM1_HUMAN_Weile_2017,11,honest_zero_shot,0.31162790697674425,False,0.0,0.48951841359773374
CALM1_HUMAN_Weile_2017,11,leaked_full,1.0,True,0.0,0.48951841359773374
CALM1_HUMAN_Weile_2017,11,leaked_25pct,0.6465116279069768,True,0.0,0.48951841359773374
CALM1_HUMAN_Weile_2017,11,leaked_50pct,0.6604651162790698,True,0.0,0.48951841359773374
CALM1_HUMAN_Weile_2017,11,leaked_75pct,0.9627906976744186,True,0.0,0.48951841359773374
CALM1_HUMAN_Weile_2017,12,honest_zero_shot,0.5534883720930233,True,0.0,0.4351274787535411
CALM1_HUMAN_Weile_2017,12,leaked_full,1.0,True,0.0,0.4351274787535411
CALM1_HUMAN_Weile_2017,12,leaked_25pct,0.6418604651162791,True,0.0,0.4351274787535411
CALM1_HUMAN_Weile_2017,12,leaked_50pct,0.8186046511627907,True,1.0,0.4351274787535411
CALM1_HUMAN_Weile_2017,12,leaked_75pct,0.9720930232558139,True,0.0,0.4351274787535411
CALM1_HUMAN_Weile_2017,13,honest_zero_shot,0.6465116279069767,True,0.0,0.48951841359773374
CALM1_HUMAN_Weile_2017,13,leaked_full,1.0,True,1.0,0.48951841359773374
CALM1_HUMAN_Weile_2017,13,leaked_25pct,0.7162790697674418,True,1.0,0.48951841359773374
CALM1_HUMAN_Weile_2017,13,leaked_50pct,0.8604651162790697,True,0.0,0.48951841359773374
CALM1_HUMAN_Weile_2017,13,leaked_75pct,0.958139534883721,True,0.0,0.48951841359773374
CALM1_HUMAN_Weile_2017,14,honest_zero_shot,0.5767441860465117,True,0.0,0.48951841359773374
CALM1_HUMAN_Weile_2017,14,leaked_full,1.0,True,0.0,0.48951841359773374
CALM1_HUMAN_Weile_2017,14,leaked_25pct,0.7348837209302326,True,0.0,0.48951841359773374
CALM1_HUMAN_Weile_2017,14,leaked_50pct,0.8232558139534883,True,1.0,0.48951841359773374
CALM1_HUMAN_Weile_2017,14,leaked_75pct,0.9023255813953488,True,2.0,0.48951841359773374
CALM1_HUMAN_Weile_2017,15,honest_zero_shot,0.3953488372093023,False,0.0,0.48951841359773374
CALM1_HUMAN_Weile_2017,15,leaked_full,1.0,True,0.0,0.48951841359773374
CALM1_HUMAN_Weile_2017,15,leaked_25pct,0.7302325581395349,True,0.0,0.48951841359773374
CALM1_HUMAN_Weile_2017,15,leaked_50pct,0.7906976744186047,True,1.0,0.48951841359773374
CALM1_HUMAN_Weile_2017,15,leaked_75pct,0.8976744186046511,True,1.0,0.48951841359773374
CALM1_HUMAN_Weile_2017,16,honest_zero_shot,0.7069767441860465,True,0.0,0.48951841359773374
CALM1_HUMAN_Weile_2017,16,leaked_full,1.0,True,0.0,0.48951841359773374
CALM1_HUMAN_Weile_2017,16,leaked_25pct,0.8093023255813954,True,0.0,0.48951841359773374
CALM1_HUMAN_Weile_2017,16,leaked_50pct,0.8,True,3.0,0.48951841359773374
CALM1_HUMAN_Weile_2017,16,leaked_75pct,0.9302325581395349,True,1.0,0.48951841359773374
CALM1_HUMAN_Weile_2017,17,honest_zero_shot,0.2372093023255814,False,0.0,0.48951841359773374
CALM1_HUMAN_Weile_2017,17,leaked_full,1.0,True,1.0,0.48951841359773374
CALM1_HUMAN_Weile_2017,17,leaked_25pct,0.7116279069767443,True,0.0,0.48951841359773374
CALM1_HUMAN_Weile_2017,17,leaked_50pct,0.7023255813953488,True,0.0,0.48951841359773374
CALM1_HUMAN_Weile_2017,17,leaked_75pct,0.9441860465116279,True,1.0,0.48951841359773374
CALM1_HUMAN_Weile_2017,18,honest_zero_shot,0.5627906976744186,True,0.0,0.4351274787535411
CALM1_HUMAN_Weile_2017,18,leaked_full,1.0,True,0.0,0.4351274787535411
CALM1_HUMAN_Weile_2017,18,leaked_25pct,0.45581395348837206,False,0.0,0.4351274787535411
CALM1_HUMAN_Weile_2017,18,leaked_50pct,0.786046511627907,True,1.0,0.4351274787535411
CALM1_HUMAN_Weile_2017,18,leaked_75pct,0.8837209302325582,True,0.0,0.4351274787535411
CALM1_HUMAN_Weile_2017,19,honest_zero_shot,0.4604651162790697,False,0.0,0.48951841359773374
CALM1_HUMAN_Weile_2017,19,leaked_full,1.0,True,0.0,0.48951841359773374
CALM1_HUMAN_Weile_2017,19,leaked_25pct,0.8,True,1.0,0.48951841359773374
CALM1_HUMAN_Weile_2017,19,leaked_50pct,0.6046511627906976,True,0.0,0.48951841359773374
CALM1_HUMAN_Weile_2017,19,leaked_75pct,0.9162790697674418,True,0.0,0.48951841359773374
CALM1_HUMAN_Weile_2017,20,honest_zero_shot,0.572093023255814,True,0.0,0.48951841359773374
CALM1_HUMAN_Weile_2017,20,leaked_full,1.0,True,1.0,0.48951841359773374
CALM1_HUMAN_Weile_2017,20,leaked_25pct,0.6744186046511627,True,0.0,0.48951841359773374
CALM1_HUMAN_Weile_2017,20,leaked_50pct,0.7953488372093023,True,0.0,0.48951841359773374
CALM1_HUMAN_Weile_2017,20,leaked_75pct,0.8465116279069768,True,1.0,0.48951841359773374
CALM1_HUMAN_Weile_2017,21,honest_zero_shot,0.4186046511627907,False,0.0,0.48951841359773374
CALM1_HUMAN_Weile_2017,21,leaked_full,1.0,True,0.0,0.48951841359773374
CALM1_HUMAN_Weile_2017,21,leaked_25pct,0.8558139534883721,True,1.0,0.48951841359773374
CALM1_HUMAN_Weile_2017,21,leaked_50pct,0.8837209302325582,True,0.0,0.48951841359773374
CALM1_HUMAN_Weile_2017,21,leaked_75pct,0.9069767441860466,True,1.0,0.48951841359773374
CALM1_HUMAN_Weile_2017,22,honest_zero_shot,0.45116279069767445,False,0.0,0.48951841359773374
CALM1_HUMAN_Weile_2017,22,leaked_full,1.0,True,2.0,0.48951841359773374
CALM1_HUMAN_Weile_2017,22,leaked_25pct,0.6697674418604651,True,0.0,0.48951841359773374
CALM1_HUMAN_Weile_2017,22,leaked_50pct,0.6976744186046512,True,2.0,0.48951841359773374
CALM1_HUMAN_Weile_2017,22,leaked_75pct,0.8651162790697675,True,0.0,0.48951841359773374
CALM1_HUMAN_Weile_2017,23,honest_zero_shot,0.31162790697674425,False,0.0,0.4623229461756374
CALM1_HUMAN_Weile_2017,23,leaked_full,1.0,True,1.0,0.4623229461756374
CALM1_HUMAN_Weile_2017,23,leaked_25pct,0.7767441860465116,True,0.0,0.4623229461756374
CALM1_HUMAN_Weile_2017,23,leaked_50pct,0.7069767441860466,True,0.0,0.4623229461756374
CALM1_HUMAN_Weile_2017,23,leaked_75pct,0.8651162790697675,True,0.0,0.4623229461756374
CALM1_HUMAN_Weile_2017,24,honest_zero_shot,0.39534883720930236,False,0.0,0.48951841359773374
CALM1_HUMAN_Weile_2017,24,leaked_full,1.0,True,0.0,0.48951841359773374
CALM1_HUMAN_Weile_2017,24,leaked_25pct,0.7767441860465116,True,0.0,0.48951841359773374
CALM1_HUMAN_Weile_2017,24,leaked_50pct,0.7116279069767442,True,0.0,0.48951841359773374
CALM1_HUMAN_Weile_2017,24,leaked_75pct,0.9395348837209302,True,1.0,0.48951841359773374
CALM1_HUMAN_Weile_2017,25,honest_zero_shot,0.5906976744186047,True,0.0,0.4623229461756374
CALM1_HUMAN_Weile_2017,25,leaked_full,1.0,True,0.0,0.4623229461756374
CALM1_HUMAN_Weile_2017,25,leaked_25pct,0.8418604651162791,True,0.0,0.4623229461756374
CALM1_HUMAN_Weile_2017,25,leaked_50pct,0.7813953488372093,True,1.0,0.4623229461756374
CALM1_HUMAN_Weile_2017,25,leaked_75pct,0.9209302325581394,True,2.0,0.4623229461756374
CALM1_HUMAN_Weile_2017,26,honest_zero_shot,0.33488372093023255,False,0.0,0.48951841359773374
CALM1_HUMAN_Weile_2017,26,leaked_full,1.0,True,1.0,0.48951841359773374
CALM1_HUMAN_Weile_2017,26,leaked_25pct,0.6837209302325581,True,0.0,0.48951841359773374
CALM1_HUMAN_Weile_2017,26,leaked_50pct,0.8837209302325582,True,0.0,0.48951841359773374
CALM1_HUMAN_Weile_2017,26,leaked_75pct,0.9116279069767441,True,0.0,0.48951841359773374
CALM1_HUMAN_Weile_2017,27,honest_zero_shot,0.5627906976744186,True,0.0,0.48951841359773374
CALM1_HUMAN_Weile_2017,27,leaked_full,1.0,True,0.0,0.48951841359773374
CALM1_HUMAN_Weile_2017,27,leaked_25pct,0.7674418604651163,True,2.0,0.48951841359773374
CALM1_HUMAN_Weile_2017,27,leaked_50pct,0.8883720930232558,True,2.0,0.48951841359773374
CALM1_HUMAN_Weile_2017,27,leaked_75pct,0.855813953488372,True,1.0,0.48951841359773374
CALM1_HUMAN_Weile_2017,28,honest_zero_shot,0.46511627906976744,False,0.0,0.48951841359773374
CALM1_HUMAN_Weile_2017,28,leaked_full,1.0,True,0.0,0.48951841359773374
CALM1_HUMAN_Weile_2017,28,leaked_25pct,0.4418604651162791,False,1.0,0.48951841359773374
CALM1_HUMAN_Weile_2017,28,leaked_50pct,0.7255813953488373,True,1.0,0.48951841359773374
CALM1_HUMAN_Weile_2017,28,leaked_75pct,0.9395348837209303,True,0.0,0.48951841359773374
CALM1_HUMAN_Weile_2017,29,honest_zero_shot,0.6418604651162791,True,0.0,0.48951841359773374
CALM1_HUMAN_Weile_2017,29,leaked_full,1.0,True,0.0,0.48951841359773374
CALM1_HUMAN_Weile_2017,29,leaked_25pct,0.8930232558139535,True,1.0,0.48951841359773374
CALM1_HUMAN_Weile_2017,29,leaked_50pct,0.7395348837209302,True,1.0,0.48951841359773374
CALM1_HUMAN_Weile_2017,29,leaked_75pct,0.9441860465116279,True,0.0,0.48951841359773374
CALM1_HUMAN_Weile_2017,30,honest_zero_shot,0.44651162790697674,False,0.0,0.4623229461756374
CALM1_HUMAN_Weile_2017,30,leaked_full,1.0,True,0.0,0.4623229461756374
CALM1_HUMAN_Weile_2017,30,leaked_25pct,0.8372093023255813,True,0.0,0.4623229461756374
CALM1_HUMAN_Weile_2017,30,leaked_50pct,0.8790697674418605,True,0.0,0.4623229461756374
CALM1_HUMAN_Weile_2017,30,leaked_75pct,0.9720930232558139,True,0.0,0.4623229461756374
CALM1_HUMAN_Weile_2017,31,honest_zero_shot,0.19534883720930232,False,0.0,0.4351274787535411
CALM1_HUMAN_Weile_2017,31,leaked_full,1.0,True,1.0,0.4351274787535411
CALM1_HUMAN_Weile_2017,31,leaked_25pct,0.4883720930232558,False,0.0,0.4351274787535411
CALM1_HUMAN_Weile_2017,31,leaked_50pct,0.8558139534883722,True,1.0,0.4351274787535411
CALM1_HUMAN_Weile_2017,31,leaked_75pct,0.9534883720930232,True,0.0,0.4351274787535411
CALM1_HUMAN_Weile_2017,32,honest_zero_shot,0.7488372093023257,True,0.0,0.48951841359773374
CALM1_HUMAN_Weile_2017,32,leaked_full,1.0,True,0.0,0.48951841359773374
CALM1_HUMAN_Weile_2017,32,leaked_25pct,0.5255813953488372,False,2.0,0.48951841359773374
CALM1_HUMAN_Weile_2017,32,leaked_50pct,0.8093023255813954,True,0.0,0.48951841359773374
CALM1_HUMAN_Weile_2017,32,leaked_75pct,0.958139534883721,True,0.0,0.48951841359773374
CALM1_HUMAN_Weile_2017,33,honest_zero_shot,0.5116279069767442,False,0.0,0.48951841359773374
CALM1_HUMAN_Weile_2017,33,leaked_full,1.0,True,1.0,0.48951841359773374
CALM1_HUMAN_Weile_2017,33,leaked_25pct,0.5488372093023256,False,1.0,0.48951841359773374
CALM1_HUMAN_Weile_2017,33,leaked_50pct,0.7488372093023256,True,1.0,0.48951841359773374
CALM1_HUMAN_Weile_2017,33,leaked_75pct,0.9395348837209303,True,0.0,0.48951841359773374
CALM1_HUMAN_Weile_2017,34,honest_zero_shot,0.6558139534883721,True,0.0,0.48951841359773374
CALM1_HUMAN_Weile_2017,34,leaked_full,1.0,True,1.0,0.48951841359773374
CALM1_HUMAN_Weile_2017,34,leaked_25pct,0.5162790697674419,False,0.0,0.48951841359773374
CALM1_HUMAN_Weile_2017,34,leaked_50pct,0.7906976744186047,True,2.0,0.48951841359773374
CALM1_HUMAN_Weile_2017,34,leaked_75pct,0.9627906976744186,True,1.0,0.48951841359773374
CALM1_HUMAN_Weile_2017,35,honest_zero_shot,0.5906976744186047,True,0.0,0.48951841359773374
CALM1_HUMAN_Weile_2017,35,leaked_full,1.0,True,0.0,0.48951841359773374
CALM1_HUMAN_Weile_2017,35,leaked_25pct,0.7069767441860465,True,1.0,0.48951841359773374
CALM1_HUMAN_Weile_2017,35,leaked_50pct,0.7209302325581395,True,0.0,0.48951841359773374
CALM1_HUMAN_Weile_2017,35,leaked_75pct,0.9302325581395349,True,1.0,0.48951841359773374
CALM1_HUMAN_Weile_2017,36,honest_zero_shot,0.4744186046511628,False,0.0,0.48951841359773374
CALM1_HUMAN_Weile_2017,36,leaked_full,1.0,True,0.0,0.48951841359773374
CALM1_HUMAN_Weile_2017,36,leaked_25pct,0.6651162790697674,True,0.0,0.48951841359773374
CALM1_HUMAN_Weile_2017,36,leaked_50pct,0.8511627906976744,True,0.0,0.48951841359773374
CALM1_HUMAN_Weile_2017,36,leaked_75pct,0.9069767441860466,True,0.0,0.48951841359773374
CALM1_HUMAN_Weile_2017,37,honest_zero_shot,0.27906976744186046,False,0.0,0.4623229461756374
CALM1_HUMAN_Weile_2017,37,leaked_full,1.0,True,0.0,0.4623229461756374
CALM1_HUMAN_Weile_2017,37,leaked_25pct,0.786046511627907,True,0.0,0.4623229461756374
CALM1_HUMAN_Weile_2017,37,leaked_50pct,0.9069767441860466,True,0.0,0.4623229461756374
CALM1_HUMAN_Weile_2017,37,leaked_75pct,0.9302325581395349,True,0.0,0.4623229461756374
CALM1_HUMAN_Weile_2017,38,honest_zero_shot,0.4697674418604651,False,0.0,0.48951841359773374
CALM1_HUMAN_Weile_2017,38,leaked_full,1.0,True,1.0,0.48951841359773374
CALM1_HUMAN_Weile_2017,38,leaked_25pct,0.6976744186046512,True,0.0,0.48951841359773374
CALM1_HUMAN_Weile_2017,38,leaked_50pct,0.6697674418604651,True,0.0,0.48951841359773374
CALM1_HUMAN_Weile_2017,38,leaked_75pct,0.8744186046511628,True,0.0,0.48951841359773374
CALM1_HUMAN_Weile_2017,39,honest_zero_shot,0.3302325581395349,False,0.0,0.48951841359773374
CALM1_HUMAN_Weile_2017,39,leaked_full,1.0,True,0.0,0.48951841359773374
CALM1_HUMAN_Weile_2017,39,leaked_25pct,0.6372093023255814,True,1.0,0.48951841359773374
CALM1_HUMAN_Weile_2017,39,leaked_50pct,0.6465116279069767,True,1.0,0.48951841359773374
CALM1_HUMAN_Weile_2017,39,leaked_75pct,0.9627906976744186,True,0.0,0.48951841359773374
CCDB_ECOLI_Tripathi_2016,0,honest_zero_shot,0.36744186046511634,False,0.0,0.5052631578947369
CCDB_ECOLI_Tripathi_2016,0,leaked_full,0.6162790697674418,True,0.0,0.5052631578947369
CCDB_ECOLI_Tripathi_2016,0,leaked_25pct,0.7488372093023257,True,0.0,0.5052631578947369
CCDB_ECOLI_Tripathi_2016,0,leaked_50pct,0.5488372093023256,False,0.0,0.5052631578947369
CCDB_ECOLI_Tripathi_2016,0,leaked_75pct,0.8465116279069768,True,1.0,0.5052631578947369
CCDB_ECOLI_Tripathi_2016,1,honest_zero_shot,0.627906976744186,True,0.0,0.5052631578947369
CCDB_ECOLI_Tripathi_2016,1,leaked_full,0.5930232558139534,True,0.0,0.5052631578947369
CCDB_ECOLI_Tripathi_2016,1,leaked_25pct,0.5116279069767442,False,0.0,0.5052631578947369
CCDB_ECOLI_Tripathi_2016,1,leaked_50pct,0.8,True,1.0,0.5052631578947369
CCDB_ECOLI_Tripathi_2016,1,leaked_75pct,0.6511627906976744,True,1.0,0.5052631578947369
CCDB_ECOLI_Tripathi_2016,2,honest_zero_shot,0.4511627906976744,False,0.0,0.5052631578947369
CCDB_ECOLI_Tripathi_2016,2,leaked_full,0.5581395348837209,True,1.0,0.5052631578947369
CCDB_ECOLI_Tripathi_2016,2,leaked_25pct,0.6744186046511628,True,1.0,0.5052631578947369
CCDB_ECOLI_Tripathi_2016,2,leaked_50pct,0.5906976744186047,True,0.0,0.5052631578947369
CCDB_ECOLI_Tripathi_2016,2,leaked_75pct,0.4790697674418605,False,0.0,0.5052631578947369
CCDB_ECOLI_Tripathi_2016,3,honest_zero_shot,0.6604651162790698,True,0.0,0.47554179566563465
CCDB_ECOLI_Tripathi_2016,3,leaked_full,0.6046511627906977,True,0.0,0.47554179566563465
CCDB_ECOLI_Tripathi_2016,3,leaked_25pct,0.6511627906976744,True,0.0,0.47554179566563465
CCDB_ECOLI_Tripathi_2016,3,leaked_50pct,0.4232558139534884,False,0.0,0.47554179566563465
CCDB_ECOLI_Tripathi_2016,3,leaked_75pct,0.6790697674418604,True,1.0,0.47554179566563465
CCDB_ECOLI_Tripathi_2016,4,honest_zero_shot,0.5534883720930233,True,0.0,0.47554179566563465
CCDB_ECOLI_Tripathi_2016,4,leaked_full,0.6162790697674418,True,1.0,0.47554179566563465
CCDB_ECOLI_Tripathi_2016,4,leaked_25pct,0.4930232558139535,False,2.0,0.47554179566563465
CCDB_ECOLI_Tripathi_2016,4,leaked_50pct,0.786046511627907,True,0.0,0.47554179566563465
CCDB_ECOLI_Tripathi_2016,4,leaked_75pct,0.6465116279069767,True,0.0,0.47554179566563465
CCDB_ECOLI_Tripathi_2016,5,honest_zero_shot,0.5627906976744186,True,0.0,0.5052631578947369
CCDB_ECOLI_Tripathi_2016,5,leaked_full,0.6162790697674418,True,0.0,0.5052631578947369
CCDB_ECOLI_Tripathi_2016,5,leaked_25pct,0.5255813953488373,False,2.0,0.5052631578947369
CCDB_ECOLI_Tripathi_2016,5,leaked_50pct,0.7395348837209302,True,0.0,0.5052631578947369
CCDB_ECOLI_Tripathi_2016,5,leaked_75pct,0.6000000000000001,True,1.0,0.5052631578947369
CCDB_ECOLI_Tripathi_2016,6,honest_zero_shot,0.5813953488372093,True,0.0,0.5052631578947369
CCDB_ECOLI_Tripathi_2016,6,leaked_full,0.6744186046511628,True,1.0,0.5052631578947369
CCDB_ECOLI_Tripathi_2016,6,leaked_25pct,0.39534883720930236,False,0.0,0.5052631578947369
CCDB_ECOLI_Tripathi_2016,6,leaked_50pct,0.6418604651162791,True,0.0,0.5052631578947369
CCDB_ECOLI_Tripathi_2016,6,leaked_75pct,0.5674418604651164,True,0.0,0.5052631578947369
CCDB_ECOLI_Tripathi_2016,7,honest_zero_shot,0.6186046511627907,True,0.0,0.47554179566563465
CCDB_ECOLI_Tripathi_2016,7,leaked_full,0.627906976744186,True,1.0,0.47554179566563465
CCDB_ECOLI_Tripathi_2016,7,leaked_25pct,0.4930232558139535,False,1.0,0.47554179566563465
CCDB_ECOLI_Tripathi_2016,7,leaked_50pct,0.37209302325581395,False,0.0,0.47554179566563465
CCDB_ECOLI_Tripathi_2016,7,leaked_75pct,0.6372093023255814,True,1.0,0.47554179566563465
CCDB_ECOLI_Tripathi_2016,8,honest_zero_shot,0.413953488372093,False,0.0,0.47554179566563465
CCDB_ECOLI_Tripathi_2016,8,leaked_full,0.6046511627906977,True,0.0,0.47554179566563465
CCDB_ECOLI_Tripathi_2016,8,leaked_25pct,0.4790697674418604,False,0.0,0.47554179566563465
CCDB_ECOLI_Tripathi_2016,8,leaked_50pct,0.5069767441860465,False,0.0,0.47554179566563465
CCDB_ECOLI_Tripathi_2016,8,leaked_75pct,0.5069767441860464,False,1.0,0.47554179566563465
CCDB_ECOLI_Tripathi_2016,9,honest_zero_shot,0.7162790697674418,True,0.0,0.47554179566563465
CCDB_ECOLI_Tripathi_2016,9,leaked_full,0.627906976744186,True,1.0,0.47554179566563465
CCDB_ECOLI_Tripathi_2016,9,leaked_25pct,0.758139534883721,True,1.0,0.47554179566563465
CCDB_ECOLI_Tripathi_2016,9,leaked_50pct,0.40930232558139534,False,0.0,0.47554179566563465
CCDB_ECOLI_Tripathi_2016,9,leaked_75pct,0.627906976744186,True,1.0,0.47554179566563465
CCDB_ECOLI_Tripathi_2016,10,honest_zero_shot,0.4558139534883721,False,0.0,0.47554179566563465
CCDB_ECOLI_Tripathi_2016,10,leaked_full,0.6395348837209303,True,0.0,0.47554179566563465
CCDB_ECOLI_Tripathi_2016,10,leaked_25pct,0.5302325581395348,False,0.0,0.47554179566563465
CCDB_ECOLI_Tripathi_2016,10,leaked_50pct,0.627906976744186,True,0.0,0.47554179566563465
CCDB_ECOLI_Tripathi_2016,10,leaked_75pct,0.6325581395348837,True,0.0,0.47554179566563465
CCDB_ECOLI_Tripathi_2016,11,honest_zero_shot,0.6046511627906976,True,0.0,0.5052631578947369
CCDB_ECOLI_Tripathi_2016,11,leaked_full,0.6162790697674418,True,1.0,0.5052631578947369
CCDB_ECOLI_Tripathi_2016,11,leaked_25pct,0.5255813953488373,False,1.0,0.5052631578947369
CCDB_ECOLI_Tripathi_2016,11,leaked_50pct,0.758139534883721,True,0.0,0.5052631578947369
CCDB_ECOLI_Tripathi_2016,11,leaked_75pct,0.413953488372093,False,1.0,0.5052631578947369
CCDB_ECOLI_Tripathi_2016,12,honest_zero_shot,0.7069767441860466,True,0.0,0.4458204334365325
CCDB_ECOLI_Tripathi_2016,12,leaked_full,0.6162790697674418,True,0.0,0.4458204334365325
CCDB_ECOLI_Tripathi_2016,12,leaked_25pct,0.6418604651162791,True,0.0,0.4458204334365325
CCDB_ECOLI_Tripathi_2016,12,leaked_50pct,0.7906976744186046,True,2.0,0.4458204334365325
CCDB_ECOLI_Tripathi_2016,12,leaked_75pct,0.4418604651162791,False,0.0,0.4458204334365325
CCDB_ECOLI_Tripathi_2016,13,honest_zero_shot,0.5488372093023256,False,0.0,0.5052631578947369
CCDB_ECOLI_Tripathi_2016,13,leaked_full,0.5930232558139535,True,0.0,0.5052631578947369
CCDB_ECOLI_Tripathi_2016,13,leaked_25pct,0.5767441860465117,True,1.0,0.5052631578947369
CCDB_ECOLI_Tripathi_2016,13,leaked_50pct,0.4604651162790698,False,2.0,0.5052631578947369
CCDB_ECOLI_Tripathi_2016,13,leaked_75pct,0.827906976744186,True,1.0,0.5052631578947369
CCDB_ECOLI_Tripathi_2016,14,honest_zero_shot,0.6465116279069767,True,0.0,0.47554179566563465
CCDB_ECOLI_Tripathi_2016,14,leaked_full,0.627906976744186,True,0.0,0.47554179566563465
CCDB_ECOLI_Tripathi_2016,14,leaked_25pct,0.5534883720930233,True,1.0,0.47554179566563465
CCDB_ECOLI_Tripathi_2016,14,leaked_50pct,0.6930232558139535,True,0.0,0.47554179566563465
CCDB_ECOLI_Tripathi_2016,14,leaked_75pct,0.7162790697674418,True,0.0,0.47554179566563465
CCDB_ECOLI_Tripathi_2016,15,honest_zero_shot,0.6139534883720931,True,0.0,0.5052631578947369
CCDB_ECOLI_Tripathi_2016,15,leaked_full,0.627906976744186,True,0.0,0.5052631578947369
CCDB_ECOLI_Tripathi_2016,15,leaked_25pct,0.48837209302325585,False,1.0,0.5052631578947369
CCDB_ECOLI_Tripathi_2016,15,leaked_50pct,0.7581395348837209,True,1.0,0.5052631578947369
CCDB_ECOLI_Tripathi_2016,15,leaked_75pct,0.5441860465116279,False,0.0,0.5052631578947369
CCDB_ECOLI_Tripathi_2016,16,honest_zero_shot,0.6418604651162791,True,0.0,0.5052631578947369
CCDB_ECOLI_Tripathi_2016,16,leaked_full,0.6395348837209303,True,0.0,0.5052631578947369
CCDB_ECOLI_Tripathi_2016,16,leaked_25pct,0.8046511627906976,True,0.0,0.5052631578947369
CCDB_ECOLI_Tripathi_2016,16,leaked_50pct,0.7674418604651163,True,0.0,0.5052631578947369
CCDB_ECOLI_Tripathi_2016,16,leaked_75pct,0.7720930232558139,True,0.0,0.5052631578947369
CCDB_ECOLI_Tripathi_2016,17,honest_zero_shot,0.6418604651162791,True,0.0,0.4458204334365325
CCDB_ECOLI_Tripathi_2016,17,leaked_full,0.5930232558139534,True,1.0,0.4458204334365325
CCDB_ECOLI_Tripathi_2016,17,leaked_25pct,0.28837209302325584,False,0.0,0.4458204334365325
CCDB_ECOLI_Tripathi_2016,17,leaked_50pct,0.5581395348837209,True,0.0,0.4458204334365325
CCDB_ECOLI_Tripathi_2016,17,leaked_75pct,0.413953488372093,False,0.0,0.4458204334365325
CCDB_ECOLI_Tripathi_2016,18,honest_zero_shot,0.4186046511627907,False,0.0,0.4458204334365325
CCDB_ECOLI_Tripathi_2016,18,leaked_full,0.5813953488372092,True,0.0,0.4458204334365325
CCDB_ECOLI_Tripathi_2016,18,leaked_25pct,0.6976744186046512,True,0.0,0.4458204334365325
CCDB_ECOLI_Tripathi_2016,18,leaked_50pct,0.5069767441860465,False,0.0,0.4458204334365325
CCDB_ECOLI_Tripathi_2016,18,leaked_75pct,0.3767441860465116,False,1.0,0.4458204334365325
CCDB_ECOLI_Tripathi_2016,19,honest_zero_shot,0.6604651162790698,True,0.0,0.5052631578947369
CCDB_ECOLI_Tripathi_2016,19,leaked_full,0.6162790697674418,True,1.0,0.5052631578947369
CCDB_ECOLI_Tripathi_2016,19,leaked_25pct,0.5813953488372093,True,0.0,0.5052631578947369
CCDB_ECOLI_Tripathi_2016,19,leaked_50pct,0.5906976744186047,True,0.0,0.5052631578947369
CCDB_ECOLI_Tripathi_2016,19,leaked_75pct,0.6976744186046512,True,0.0,0.5052631578947369
CCDB_ECOLI_Tripathi_2016,20,honest_zero_shot,0.6790697674418604,True,0.0,0.5052631578947369
CCDB_ECOLI_Tripathi_2016,20,leaked_full,0.627906976744186,True,0.0,0.5052631578947369
CCDB_ECOLI_Tripathi_2016,20,leaked_25pct,0.7767441860465116,True,0.0,0.5052631578947369
CCDB_ECOLI_Tripathi_2016,20,leaked_50pct,0.627906976744186,True,0.0,0.5052631578947369
CCDB_ECOLI_Tripathi_2016,20,leaked_75pct,0.7255813953488373,True,0.0,0.5052631578947369
CCDB_ECOLI_Tripathi_2016,21,honest_zero_shot,0.6837209302325582,True,0.0,0.5052631578947369
CCDB_ECOLI_Tripathi_2016,21,leaked_full,0.6046511627906977,True,1.0,0.5052631578947369
CCDB_ECOLI_Tripathi_2016,21,leaked_25pct,0.5534883720930233,True,1.0,0.5052631578947369
CCDB_ECOLI_Tripathi_2016,21,leaked_50pct,0.7209302325581396,True,0.0,0.5052631578947369
CCDB_ECOLI_Tripathi_2016,21,leaked_75pct,0.7162790697674418,True,1.0,0.5052631578947369
CCDB_ECOLI_Tripathi_2016,22,honest_zero_shot,0.5627906976744186,True,0.0,0.5052631578947369
CCDB_ECOLI_Tripathi_2016,22,leaked_full,0.6162790697674418,True,0.0,0.5052631578947369
CCDB_ECOLI_Tripathi_2016,22,leaked_25pct,0.5534883720930233,True,1.0,0.5052631578947369
CCDB_ECOLI_Tripathi_2016,22,leaked_50pct,0.7767441860465116,True,0.0,0.5052631578947369
CCDB_ECOLI_Tripathi_2016,22,leaked_75pct,0.7441860465116279,True,0.0,0.5052631578947369
CCDB_ECOLI_Tripathi_2016,23,honest_zero_shot,0.5534883720930233,True,0.0,0.5052631578947369
CCDB_ECOLI_Tripathi_2016,23,leaked_full,0.5697674418604651,True,0.0,0.5052631578947369
CCDB_ECOLI_Tripathi_2016,23,leaked_25pct,0.7906976744186046,True,0.0,0.5052631578947369
CCDB_ECOLI_Tripathi_2016,23,leaked_50pct,0.4046511627906977,False,1.0,0.5052631578947369
CCDB_ECOLI_Tripathi_2016,23,leaked_75pct,0.7069767441860465,True,1.0,0.5052631578947369
CCDB_ECOLI_Tripathi_2016,24,honest_zero_shot,0.413953488372093,False,0.0,0.47554179566563465
CCDB_ECOLI_Tripathi_2016,24,leaked_full,0.5581395348837209,True,0.0,0.47554179566563465
CCDB_ECOLI_Tripathi_2016,24,leaked_25pct,0.627906976744186,True,0.0,0.47554179566563465
CCDB_ECOLI_Tripathi_2016,24,leaked_50pct,0.6604651162790698,True,0.0,0.47554179566563465
CCDB_ECOLI_Tripathi_2016,24,leaked_75pct,0.3302325581395349,False,0.0,0.47554179566563465
CCDB_ECOLI_Tripathi_2016,25,honest_zero_shot,0.4976744186046511,False,0.0,0.5052631578947369
CCDB_ECOLI_Tripathi_2016,25,leaked_full,0.6162790697674418,True,1.0,0.5052631578947369
CCDB_ECOLI_Tripathi_2016,25,leaked_25pct,0.6093023255813954,True,1.0,0.5052631578947369
CCDB_ECOLI_Tripathi_2016,25,leaked_50pct,0.49767441860465117,False,0.0,0.5052631578947369
CCDB_ECOLI_Tripathi_2016,25,leaked_75pct,0.6139534883720931,True,1.0,0.5052631578947369
CCDB_ECOLI_Tripathi_2016,26,honest_zero_shot,0.9069767441860466,True,0.0,0.5052631578947369
CCDB_ECOLI_Tripathi_2016,26,leaked_full,0.6627906976744186,True,2.0,0.5052631578947369
CCDB_ECOLI_Tripathi_2016,26,leaked_25pct,0.45581395348837206,False,1.0,0.5052631578947369
CCDB_ECOLI_Tripathi_2016,26,leaked_50pct,0.7488372093023256,True,0.0,0.5052631578947369
CCDB_ECOLI_Tripathi_2016,26,leaked_75pct,0.7069767441860466,True,4.0,0.5052631578947369
CCDB_ECOLI_Tripathi_2016,27,honest_zero_shot,0.6837209302325581,True,0.0,0.5052631578947369
CCDB_ECOLI_Tripathi_2016,27,leaked_full,0.686046511627907,True,3.0,0.5052631578947369
CCDB_ECOLI_Tripathi_2016,27,leaked_25pct,0.6325581395348837,True,1.0,0.5052631578947369
CCDB_ECOLI_Tripathi_2016,27,leaked_50pct,0.5116279069767442,False,2.0,0.5052631578947369
CCDB_ECOLI_Tripathi_2016,27,leaked_75pct,0.7488372093023256,True,0.0,0.5052631578947369
CCDB_ECOLI_Tripathi_2016,28,honest_zero_shot,0.7209302325581395,True,0.0,0.5052631578947369
CCDB_ECOLI_Tripathi_2016,28,leaked_full,0.6627906976744186,True,1.0,0.5052631578947369
CCDB_ECOLI_Tripathi_2016,28,leaked_25pct,0.3767441860465116,False,0.0,0.5052631578947369
CCDB_ECOLI_Tripathi_2016,28,leaked_50pct,0.5488372093023256,False,1.0,0.5052631578947369
CCDB_ECOLI_Tripathi_2016,28,leaked_75pct,0.5348837209302326,False,0.0,0.5052631578947369
CCDB_ECOLI_Tripathi_2016,29,honest_zero_shot,0.6139534883720931,True,0.0,0.47554179566563465
CCDB_ECOLI_Tripathi_2016,29,leaked_full,0.5930232558139535,True,0.0,0.47554179566563465
CCDB_ECOLI_Tripathi_2016,29,leaked_25pct,0.5813953488372093,True,2.0,0.47554179566563465
CCDB_ECOLI_Tripathi_2016,29,leaked_50pct,0.6604651162790698,True,0.0,0.47554179566563465
CCDB_ECOLI_Tripathi_2016,29,leaked_75pct,0.7023255813953488,True,0.0,0.47554179566563465
CCDB_ECOLI_Tripathi_2016,30,honest_zero_shot,0.7534883720930232,True,0.0,0.5052631578947369
CCDB_ECOLI_Tripathi_2016,30,leaked_full,0.6046511627906976,True,0.0,0.5052631578947369
CCDB_ECOLI_Tripathi_2016,30,leaked_25pct,0.5116279069767442,False,1.0,0.5052631578947369
CCDB_ECOLI_Tripathi_2016,30,leaked_50pct,0.4372093023255814,False,0.0,0.5052631578947369
CCDB_ECOLI_Tripathi_2016,30,leaked_75pct,0.7674418604651163,True,1.0,0.5052631578947369
CCDB_ECOLI_Tripathi_2016,31,honest_zero_shot,0.6790697674418604,True,0.0,0.5052631578947369
CCDB_ECOLI_Tripathi_2016,31,leaked_full,0.6395348837209303,True,1.0,0.5052631578947369
CCDB_ECOLI_Tripathi_2016,31,leaked_25pct,0.4372093023255814,False,1.0,0.5052631578947369
CCDB_ECOLI_Tripathi_2016,31,leaked_50pct,0.4372093023255814,False,0.0,0.5052631578947369
CCDB_ECOLI_Tripathi_2016,31,leaked_75pct,0.5953488372093023,True,2.0,0.5052631578947369
CCDB_ECOLI_Tripathi_2016,32,honest_zero_shot,0.48837209302325585,False,0.0,0.5052631578947369
CCDB_ECOLI_Tripathi_2016,32,leaked_full,0.6046511627906977,True,0.0,0.5052631578947369
CCDB_ECOLI_Tripathi_2016,32,leaked_25pct,0.5534883720930233,True,1.0,0.5052631578947369
CCDB_ECOLI_Tripathi_2016,32,leaked_50pct,0.5348837209302326,False,2.0,0.5052631578947369
CCDB_ECOLI_Tripathi_2016,32,leaked_75pct,0.49767441860465117,False,1.0,0.5052631578947369
CCDB_ECOLI_Tripathi_2016,33,honest_zero_shot,0.627906976744186,True,0.0,0.5052631578947369
CCDB_ECOLI_Tripathi_2016,33,leaked_full,0.5581395348837209,True,1.0,0.5052631578947369
CCDB_ECOLI_Tripathi_2016,33,leaked_25pct,0.6511627906976745,True,1.0,0.5052631578947369
CCDB_ECOLI_Tripathi_2016,33,leaked_50pct,0.4418604651162791,False,0.0,0.5052631578947369
CCDB_ECOLI_Tripathi_2016,33,leaked_75pct,0.7023255813953488,True,2.0,0.5052631578947369
CCDB_ECOLI_Tripathi_2016,34,honest_zero_shot,0.827906976744186,True,0.0,0.5052631578947369
CCDB_ECOLI_Tripathi_2016,34,leaked_full,0.627906976744186,True,1.0,0.5052631578947369
CCDB_ECOLI_Tripathi_2016,34,leaked_25pct,0.5069767441860465,False,1.0,0.5052631578947369
CCDB_ECOLI_Tripathi_2016,34,leaked_50pct,0.45581395348837206,False,0.0,0.5052631578947369
CCDB_ECOLI_Tripathi_2016,34,leaked_75pct,0.5627906976744187,True,0.0,0.5052631578947369
CCDB_ECOLI_Tripathi_2016,35,honest_zero_shot,0.8511627906976744,True,0.0,0.47554179566563465
CCDB_ECOLI_Tripathi_2016,35,leaked_full,0.5813953488372093,True,0.0,0.47554179566563465
CCDB_ECOLI_Tripathi_2016,35,leaked_25pct,0.46976744186046515,False,0.0,0.47554179566563465
CCDB_ECOLI_Tripathi_2016,35,leaked_50pct,0.5209302325581395,False,1.0,0.47554179566563465
CCDB_ECOLI_Tripathi_2016,35,leaked_75pct,0.44651162790697674,False,1.0,0.47554179566563465
CCDB_ECOLI_Tripathi_2016,36,honest_zero_shot,0.4558139534883721,False,0.0,0.5052631578947369
CCDB_ECOLI_Tripathi_2016,36,leaked_full,0.627906976744186,True,2.0,0.5052631578947369
CCDB_ECOLI_Tripathi_2016,36,leaked_25pct,0.5813953488372093,True,1.0,0.5052631578947369
CCDB_ECOLI_Tripathi_2016,36,leaked_50pct,0.5953488372093023,True,0.0,0.5052631578947369
CCDB_ECOLI_Tripathi_2016,36,leaked_75pct,0.627906976744186,True,0.0,0.5052631578947369
CCDB_ECOLI_Tripathi_2016,37,honest_zero_shot,0.5162790697674419,False,0.0,0.5052631578947369
CCDB_ECOLI_Tripathi_2016,37,leaked_full,0.6046511627906977,True,0.0,0.5052631578947369
CCDB_ECOLI_Tripathi_2016,37,leaked_25pct,0.6651162790697674,True,1.0,0.5052631578947369
CCDB_ECOLI_Tripathi_2016,37,leaked_50pct,0.4418604651162791,False,1.0,0.5052631578947369
CCDB_ECOLI_Tripathi_2016,37,leaked_75pct,0.5162790697674419,False,0.0,0.5052631578947369
CCDB_ECOLI_Tripathi_2016,38,honest_zero_shot,0.25116279069767444,False,0.0,0.5052631578947369
CCDB_ECOLI_Tripathi_2016,38,leaked_full,0.5697674418604651,True,3.0,0.5052631578947369
CCDB_ECOLI_Tripathi_2016,38,leaked_25pct,0.5302325581395348,False,0.0,0.5052631578947369
CCDB_ECOLI_Tripathi_2016,38,leaked_50pct,0.6046511627906976,True,1.0,0.5052631578947369
CCDB_ECOLI_Tripathi_2016,38,leaked_75pct,0.6511627906976745,True,0.0,0.5052631578947369
CCDB_ECOLI_Tripathi_2016,39,honest_zero_shot,0.5627906976744186,True,0.0,0.47554179566563465
CCDB_ECOLI_Tripathi_2016,39,leaked_full,0.6162790697674418,True,0.0,0.47554179566563465
CCDB_ECOLI_Tripathi_2016,39,leaked_25pct,0.4744186046511628,False,0.0,0.47554179566563465
CCDB_ECOLI_Tripathi_2016,39,leaked_50pct,0.6046511627906977,True,1.0,0.47554179566563465
CCDB_ECOLI_Tripathi_2016,39,leaked_75pct,0.6930232558139535,True,1.0,0.47554179566563465
CP2C9_HUMAN_Amorosi_abundance_2021,0,honest_zero_shot,0.6604651162790698,True,0.0,0.4859221765264157
CP2C9_HUMAN_Amorosi_abundance_2021,0,leaked_full,1.0,True,1.0,0.4859221765264157
CP2C9_HUMAN_Amorosi_abundance_2021,0,leaked_25pct,0.6976744186046512,True,2.0,0.4859221765264157
CP2C9_HUMAN_Amorosi_abundance_2021,0,leaked_50pct,0.8465116279069768,True,0.0,0.4859221765264157
CP2C9_HUMAN_Amorosi_abundance_2021,0,leaked_75pct,0.958139534883721,True,0.0,0.4859221765264157
CP2C9_HUMAN_Amorosi_abundance_2021,1,honest_zero_shot,0.5674418604651162,True,0.0,0.4859221765264157
CP2C9_HUMAN_Amorosi_abundance_2021,1,leaked_full,1.0,True,0.0,0.4859221765264157
CP2C9_HUMAN_Amorosi_abundance_2021,1,leaked_25pct,0.5488372093023256,False,1.0,0.4859221765264157
CP2C9_HUMAN_Amorosi_abundance_2021,1,leaked_50pct,0.7534883720930233,True,0.0,0.4859221765264157
CP2C9_HUMAN_Amorosi_abundance_2021,1,leaked_75pct,0.8651162790697675,True,0.0,0.4859221765264157
CP2C9_HUMAN_Amorosi_abundance_2021,2,honest_zero_shot,0.8325581395348837,True,0.0,0.4859221765264157
CP2C9_HUMAN_Amorosi_abundance_2021,2,leaked_full,1.0,True,1.0,0.4859221765264157
CP2C9_HUMAN_Amorosi_abundance_2021,2,leaked_25pct,0.6232558139534883,True,1.0,0.4859221765264157
CP2C9_HUMAN_Amorosi_abundance_2021,2,leaked_50pct,0.8418604651162791,True,0.0,0.4859221765264157
CP2C9_HUMAN_Amorosi_abundance_2021,2,leaked_75pct,0.944186046511628,True,0.0,0.4859221765264157
CP2C9_HUMAN_Amorosi_abundance_2021,3,honest_zero_shot,0.6697674418604651,True,0.0,0.4859221765264157
CP2C9_HUMAN_Amorosi_abundance_2021,3,leaked_full,1.0,True,2.0,0.4859221765264157
CP2C9_HUMAN_Amorosi_abundance_2021,3,leaked_25pct,0.7069767441860466,True,1.0,0.4859221765264157
CP2C9_HUMAN_Amorosi_abundance_2021,3,leaked_50pct,0.8372093023255814,True,0.0,0.4859221765264157
CP2C9_HUMAN_Amorosi_abundance_2021,3,leaked_75pct,0.9674418604651163,True,0.0,0.4859221765264157
CP2C9_HUMAN_Amorosi_abundance_2021,4,honest_zero_shot,0.7116279069767442,True,0.0,0.4859221765264157
CP2C9_HUMAN_Amorosi_abundance_2021,4,leaked_full,1.0,True,0.0,0.4859221765264157
CP2C9_HUMAN_Amorosi_abundance_2021,4,leaked_25pct,0.7488372093023256,True,1.0,0.4859221765264157
CP2C9_HUMAN_Amorosi_abundance_2021,4,leaked_50pct,0.758139534883721,True,1.0,0.4859221765264157
CP2C9_HUMAN_Amorosi_abundance_2021,4,leaked_75pct,0.8790697674418605,True,0.0,0.4859221765264157
CP2C9_HUMAN_Amorosi_abundance_2021,5,honest_zero_shot,0.5720930232558139,True,0.0,0.47832964251819043
CP2C9_HUMAN_Amorosi_abundance_2021,5,leaked_full,1.0,True,1.0,0.47832964251819043
CP2C9_HUMAN_Amorosi_abundance_2021,5,leaked_25pct,0.6604651162790698,True,1.0,0.47832964251819043
CP2C9_HUMAN_Amorosi_abundance_2021,5,leaked_50pct,0.8604651162790697,True,0.0,0.47832964251819043
CP2C9_HUMAN_Amorosi_abundance_2021,5,leaked_75pct,0.958139534883721,True,0.0,0.47832964251819043
CP2C9_HUMAN_Amorosi_abundance_2021,6,honest_zero_shot,0.7627906976744186,True,0.0,0.4859221765264157
CP2C9_HUMAN_Amorosi_abundance_2021,6,leaked_full,1.0,True,0.0,0.4859221765264157
CP2C9_HUMAN_Amorosi_abundance_2021,6,leaked_25pct,0.6,True,0.0,0.4859221765264157
CP2C9_HUMAN_Amorosi_abundance_2021,6,leaked_50pct,0.5627906976744186,True,0.0,0.4859221765264157
CP2C9_HUMAN_Amorosi_abundance_2021,6,leaked_75pct,0.9395348837209302,True,0.0,0.4859221765264157
CP2C9_HUMAN_Amorosi_abundance_2021,7,honest_zero_shot,0.6837209302325582,True,0.0,0.4859221765264157
CP2C9_HUMAN_Amorosi_abundance_2021,7,leaked_full,1.0,True,0.0,0.4859221765264157
CP2C9_HUMAN_Amorosi_abundance_2021,7,leaked_25pct,0.8093023255813954,True,2.0,0.4859221765264157
CP2C9_HUMAN_Amorosi_abundance_2021,7,leaked_50pct,0.827906976744186,True,0.0,0.4859221765264157
CP2C9_HUMAN_Amorosi_abundance_2021,7,leaked_75pct,0.9348837209302326,True,0.0,0.4859221765264157
CP2C9_HUMAN_Amorosi_abundance_2021,8,honest_zero_shot,0.9209302325581395,True,0.0,0.4859221765264157
CP2C9_HUMAN_Amorosi_abundance_2021,8,leaked_full,1.0,True,0.0,0.4859221765264157
CP2C9_HUMAN_Amorosi_abundance_2021,8,leaked_25pct,0.5395348837209303,False,0.0,0.4859221765264157
CP2C9_HUMAN_Amorosi_abundance_2021,8,leaked_50pct,0.6930232558139535,True,1.0,0.4859221765264157
CP2C9_HUMAN_Amorosi_abundance_2021,8,leaked_75pct,0.9953488372093022,True,1.0,0.4859221765264157
CP2C9_HUMAN_Amorosi_abundance_2021,9,honest_zero_shot,0.8372093023255814,True,0.0,0.4859221765264157
CP2C9_HUMAN_Amorosi_abundance_2021,9,leaked_full,1.0,True,0.0,0.4859221765264157
CP2C9_HUMAN_Amorosi_abundance_2021,9,leaked_25pct,0.6465116279069767,True,0.0,0.4859221765264157
CP2C9_HUMAN_Amorosi_abundance_2021,9,leaked_50pct,0.8093023255813954,True,2.0,0.4859221765264157
CP2C9_HUMAN_Amorosi_abundance_2021,9,leaked_75pct,0.9906976744186047,True,2.0,0.4859221765264157
CP2C9_HUMAN_Amorosi_abundance_2021,10,honest_zero_shot,0.5906976744186047,True,0.0,0.4859221765264157
CP2C9_HUMAN_Amorosi_abundance_2021,10,leaked_full,1.0,True,0.0,0.4859221765264157
CP2C9_HUMAN_Amorosi_abundance_2021,10,leaked_25pct,0.7441860465116279,True,0.0,0.4859221765264157
CP2C9_HUMAN_Amorosi_abundance_2021,10,leaked_50pct,0.7767441860465116,True,1.0,0.4859221765264157
CP2C9_HUMAN_Amorosi_abundance_2021,10,leaked_75pct,0.9348837209302325,True,0.0,0.4859221765264157
CP2C9_HUMAN_Amorosi_abundance_2021,11,honest_zero_shot,0.9023255813953488,True,0.0,0.4859221765264157
CP2C9_HUMAN_Amorosi_abundance_2021,11,leaked_full,1.0,True,0.0,0.4859221765264157
CP2C9_HUMAN_Amorosi_abundance_2021,11,leaked_25pct,0.7302325581395349,True,1.0,0.4859221765264157
CP2C9_HUMAN_Amorosi_abundance_2021,11,leaked_50pct,0.9162790697674419,True,0.0,0.4859221765264157
CP2C9_HUMAN_Amorosi_abundance_2021,11,leaked_75pct,0.972093023255814,True,0.0,0.4859221765264157
CP2C9_HUMAN_Amorosi_abundance_2021,12,honest_zero_shot,0.8139534883720931,True,0.0,0.4859221765264157
CP2C9_HUMAN_Amorosi_abundance_2021,12,leaked_full,1.0,True,2.0,0.4859221765264157
CP2C9_HUMAN_Amorosi_abundance_2021,12,leaked_25pct,0.5348837209302326,False,0.0,0.4859221765264157
CP2C9_HUMAN_Amorosi_abundance_2021,12,leaked_50pct,0.9069767441860466,True,0.0,0.4859221765264157
CP2C9_HUMAN_Amorosi_abundance_2021,12,leaked_75pct,0.9255813953488372,True,0.0,0.4859221765264157
CP2C9_HUMAN_Amorosi_abundance_2021,13,honest_zero_shot,0.786046511627907,True,0.0,0.4859221765264157
CP2C9_HUMAN_Amorosi_abundance_2021,13,leaked_full,1.0,True,0.0,0.4859221765264157
CP2C9_HUMAN_Amorosi_abundance_2021,13,leaked_25pct,0.6093023255813953,True,0.0,0.4859221765264157
CP2C9_HUMAN_Amorosi_abundance_2021,13,leaked_50pct,0.841860465116279,True,1.0,0.4859221765264157
CP2C9_HUMAN_Amorosi_abundance_2021,13,leaked_75pct,0.9813953488372092,True,1.0,0.4859221765264157
CP2C9_HUMAN_Amorosi_abundance_2021,14,honest_zero_shot,0.8744186046511627,True,0.0,0.4859221765264157
CP2C9_HUMAN_Amorosi_abundance_2021,14,leaked_full,1.0,True,0.0,0.4859221765264157
CP2C9_HUMAN_Amorosi_abundance_2021,14,leaked_25pct,0.8,True,2.0,0.4859221765264157
CP2C9_HUMAN_Amorosi_abundance_2021,14,leaked_50pct,0.7348837209302326,True,1.0,0.4859221765264157
CP2C9_HUMAN_Amorosi_abundance_2021,14,leaked_75pct,0.9720930232558139,True,0.0,0.4859221765264157
CP2C9_HUMAN_Amorosi_abundance_2021,15,honest_zero_shot,0.7674418604651163,True,0.0,0.4859221765264157
CP2C9_HUMAN_Amorosi_abundance_2021,15,leaked_full,1.0,True,0.0,0.4859221765264157
CP2C9_HUMAN_Amorosi_abundance_2021,15,leaked_25pct,0.7255813953488373,True,0.0,0.4859221765264157
CP2C9_HUMAN_Amorosi_abundance_2021,15,leaked_50pct,0.8604651162790697,True,0.0,0.4859221765264157
CP2C9_HUMAN_Amorosi_abundance_2021,15,leaked_75pct,0.958139534883721,True,0.0,0.4859221765264157
CP2C9_HUMAN_Amorosi_abundance_2021,16,honest_zero_shot,0.9255813953488372,True,0.0,0.47832964251819043
CP2C9_HUMAN_Amorosi_abundance_2021,16,leaked_full,1.0,True,0.0,0.47832964251819043
CP2C9_HUMAN_Amorosi_abundance_2021,16,leaked_25pct,0.7116279069767442,True,3.0,0.47832964251819043
CP2C9_HUMAN_Amorosi_abundance_2021,16,leaked_50pct,0.8651162790697674,True,0.0,0.47832964251819043
CP2C9_HUMAN_Amorosi_abundance_2021,16,leaked_75pct,0.9813953488372094,True,0.0,0.47832964251819043
CP2C9_HUMAN_Amorosi_abundance_2021,17,honest_zero_shot,0.6697674418604651,True,0.0,0.4859221765264157
CP2C9_HUMAN_Amorosi_abundance_2021,17,leaked_full,1.0,True,0.0,0.4859221765264157
CP2C9_HUMAN_Amorosi_abundance_2021,17,leaked_25pct,0.6744186046511629,True,1.0,0.4859221765264157
CP2C9_HUMAN_Amorosi_abundance_2021,17,leaked_50pct,0.9162790697674419,True,0.0,0.4859221765264157
CP2C9_HUMAN_Amorosi_abundance_2021,17,leaked_75pct,0.9534883720930232,True,0.0,0.4859221765264157
CP2C9_HUMAN_Amorosi_abundance_2021,18,honest_zero_shot,0.7395348837209302,True,0.0,0.47832964251819043
CP2C9_HUMAN_Amorosi_abundance_2021,18,leaked_full,1.0,True,1.0,0.47832964251819043
CP2C9_HUMAN_Amorosi_abundance_2021,18,leaked_25pct,0.5441860465116279,False,0.0,0.47832964251819043
CP2C9_HUMAN_Amorosi_abundance_2021,18,leaked_50pct,0.758139534883721,True,2.0,0.47832964251819043
CP2C9_HUMAN_Amorosi_abundance_2021,18,leaked_75pct,0.986046511627907,True,1.0,0.47832964251819043
CP2C9_HUMAN_Amorosi_abundance_2021,19,honest_zero_shot,0.8790697674418604,True,0.0,0.47832964251819043
CP2C9_HUMAN_Amorosi_abundance_2021,19,leaked_full,1.0,True,1.0,0.47832964251819043
CP2C9_HUMAN_Amorosi_abundance_2021,19,leaked_25pct,0.42325581395348844,False,2.0,0.47832964251819043
CP2C9_HUMAN_Amorosi_abundance_2021,19,leaked_50pct,0.8372093023255814,True,0.0,0.47832964251819043
CP2C9_HUMAN_Amorosi_abundance_2021,19,leaked_75pct,1.0,True,1.0,0.47832964251819043
CP2C9_HUMAN_Amorosi_abundance_2021,20,honest_zero_shot,0.9162790697674419,True,0.0,0.4859221765264157
CP2C9_HUMAN_Amorosi_abundance_2021,20,leaked_full,1.0,True,1.0,0.4859221765264157
CP2C9_HUMAN_Amorosi_abundance_2021,20,leaked_25pct,0.6883720930232559,True,2.0,0.4859221765264157
CP2C9_HUMAN_Amorosi_abundance_2021,20,leaked_50pct,0.8418604651162791,True,1.0,0.4859221765264157
CP2C9_HUMAN_Amorosi_abundance_2021,20,leaked_75pct,0.9023255813953488,True,1.0,0.4859221765264157
CP2C9_HUMAN_Amorosi_abundance_2021,21,honest_zero_shot,0.6837209302325582,True,0.0,0.4859221765264157
CP2C9_HUMAN_Amorosi_abundance_2021,21,leaked_full,1.0,True,0.0,0.4859221765264157
CP2C9_HUMAN_Amorosi_abundance_2021,21,leaked_25pct,0.7069767441860465,True,1.0,0.4859221765264157
CP2C9_HUMAN_Amorosi_abundance_2021,21,leaked_50pct,0.586046511627907,True,0.0,0.4859221765264157
CP2C9_HUMAN_Amorosi_abundance_2021,21,leaked_75pct,0.8093023255813954,True,0.0,0.4859221765264157
CP2C9_HUMAN_Amorosi_abundance_2021,22,honest_zero_shot,0.9069767441860465,True,0.0,0.47832964251819043
CP2C9_HUMAN_Amorosi_abundance_2021,22,leaked_full,1.0,True,0.0,0.47832964251819043
CP2C9_HUMAN_Amorosi_abundance_2021,22,leaked_25pct,0.7395348837209302,True,2.0,0.47832964251819043
CP2C9_HUMAN_Amorosi_abundance_2021,22,leaked_50pct,0.9162790697674419,True,0.0,0.47832964251819043
CP2C9_HUMAN_Amorosi_abundance_2021,22,leaked_75pct,0.8930232558139535,True,0.0,0.47832964251819043
CP2C9_HUMAN_Amorosi_abundance_2021,23,honest_zero_shot,0.586046511627907,True,0.0,0.4859221765264157
CP2C9_HUMAN_Amorosi_abundance_2021,23,leaked_full,1.0,True,0.0,0.4859221765264157
CP2C9_HUMAN_Amorosi_abundance_2021,23,leaked_25pct,0.5209302325581395,False,1.0,0.4859221765264157
CP2C9_HUMAN_Amorosi_abundance_2021,23,leaked_50pct,0.758139534883721,True,0.0,0.4859221765264157
CP2C9_HUMAN_Amorosi_abundance_2021,23,leaked_75pct,0.9162790697674418,True,0.0,0.4859221765264157
CP2C9_HUMAN_Amorosi_abundance_2021,24,honest_zero_shot,0.6418604651162791,True,0.0,0.4859221765264157
CP2C9_HUMAN_Amorosi_abundance_2021,24,leaked_full,1.0,True,0.0,0.4859221765264157
CP2C9_HUMAN_Amorosi_abundance_2021,24,leaked_25pct,0.4930232558139535,False,0.0,0.4859221765264157
CP2C9_HUMAN_Amorosi_abundance_2021,24,leaked_50pct,0.7534883720930232,True,1.0,0.4859221765264157
CP2C9_HUMAN_Amorosi_abundance_2021,24,leaked_75pct,0.9069767441860466,True,1.0,0.4859221765264157
CP2C9_HUMAN_Amorosi_abundance_2021,25,honest_zero_shot,0.6,True,0.0,0.4859221765264157
CP2C9_HUMAN_Amorosi_abundance_2021,25,leaked_full,1.0,True,0.0,0.4859221765264157
CP2C9_HUMAN_Amorosi_abundance_2021,25,leaked_25pct,0.49767441860465117,False,0.0,0.4859221765264157
CP2C9_HUMAN_Amorosi_abundance_2021,25,leaked_50pct,0.8604651162790697,True,0.0,0.4859221765264157
CP2C9_HUMAN_Amorosi_abundance_2021,25,leaked_75pct,0.8604651162790697,True,0.0,0.4859221765264157
CP2C9_HUMAN_Amorosi_abundance_2021,26,honest_zero_shot,0.7720930232558139,True,0.0,0.4859221765264157
CP2C9_HUMAN_Amorosi_abundance_2021,26,leaked_full,1.0,True,0.0,0.4859221765264157
CP2C9_HUMAN_Amorosi_abundance_2021,26,leaked_25pct,0.6186046511627907,True,1.0,0.4859221765264157
CP2C9_HUMAN_Amorosi_abundance_2021,26,leaked_50pct,0.8744186046511628,True,1.0,0.4859221765264157
CP2C9_HUMAN_Amorosi_abundance_2021,26,leaked_75pct,0.9069767441860466,True,1.0,0.4859221765264157
CP2C9_HUMAN_Amorosi_abundance_2021,27,honest_zero_shot,0.786046511627907,True,0.0,0.4859221765264157
CP2C9_HUMAN_Amorosi_abundance_2021,27,leaked_full,1.0,True,0.0,0.4859221765264157
CP2C9_HUMAN_Amorosi_abundance_2021,27,leaked_25pct,0.5627906976744186,True,1.0,0.4859221765264157
CP2C9_HUMAN_Amorosi_abundance_2021,27,leaked_50pct,0.8837209302325582,True,0.0,0.4859221765264157
CP2C9_HUMAN_Amorosi_abundance_2021,27,leaked_75pct,0.9488372093023256,True,0.0,0.4859221765264157
CP2C9_HUMAN_Amorosi_abundance_2021,28,honest_zero_shot,0.8232558139534883,True,0.0,0.4707371085099652
CP2C9_HUMAN_Amorosi_abundance_2021,28,leaked_full,1.0,True,3.0,0.4707371085099652
CP2C9_HUMAN_Amorosi_abundance_2021,28,leaked_25pct,0.7767441860465116,True,1.0,0.4707371085099652
CP2C9_HUMAN_Amorosi_abundance_2021,28,leaked_50pct,0.7534883720930232,True,1.0,0.4707371085099652
CP2C9_HUMAN_Amorosi_abundance_2021,28,leaked_75pct,0.9813953488372092,True,0.0,0.4707371085099652
CP2C9_HUMAN_Amorosi_abundance_2021,29,honest_zero_shot,0.930232558139535,True,0.0,0.4859221765264157
CP2C9_HUMAN_Amorosi_abundance_2021,29,leaked_full,1.0,True,0.0,0.4859221765264157
CP2C9_HUMAN_Amorosi_abundance_2021,29,leaked_25pct,0.7255813953488373,True,0.0,0.4859221765264157
CP2C9_HUMAN_Amorosi_abundance_2021,29,leaked_50pct,0.6325581395348837,True,1.0,0.4859221765264157
CP2C9_HUMAN_Amorosi_abundance_2021,29,leaked_75pct,0.944186046511628,True,1.0,0.4859221765264157
CP2C9_HUMAN_Amorosi_abundance_2021,30,honest_zero_shot,0.46976744186046515,False,0.0,0.47832964251819043
CP2C9_HUMAN_Amorosi_abundance_2021,30,leaked_full,1.0,True,0.0,0.47832964251819043
CP2C9_HUMAN_Amorosi_abundance_2021,30,leaked_25pct,0.7069767441860465,True,0.0,0.47832964251819043
CP2C9_HUMAN_Amorosi_abundance_2021,30,leaked_50pct,0.7023255813953487,True,0.0,0.47832964251819043
CP2C9_HUMAN_Amorosi_abundance_2021,30,leaked_75pct,0.9767441860465117,True,2.0,0.47832964251819043
CP2C9_HUMAN_Amorosi_abundance_2021,31,honest_zero_shot,0.6279069767441862,True,0.0,0.4859221765264157
CP2C9_HUMAN_Amorosi_abundance_2021,31,leaked_full,1.0,True,1.0,0.4859221765264157
CP2C9_HUMAN_Amorosi_abundance_2021,31,leaked_25pct,0.5813953488372093,True,0.0,0.4859221765264157
CP2C9_HUMAN_Amorosi_abundance_2021,31,leaked_50pct,0.9116279069767442,True,1.0,0.4859221765264157
CP2C9_HUMAN_Amorosi_abundance_2021,31,leaked_75pct,0.8837209302325583,True,2.0,0.4859221765264157
CP2C9_HUMAN_Amorosi_abundance_2021,32,honest_zero_shot,0.8046511627906977,True,0.0,0.4859221765264157
CP2C9_HUMAN_Amorosi_abundance_2021,32,leaked_full,1.0,True,1.0,0.4859221765264157
CP2C9_HUMAN_Amorosi_abundance_2021,32,leaked_25pct,0.7395348837209303,True,0.0,0.4859221765264157
CP2C9_HUMAN_Amorosi_abundance_2021,32,leaked_50pct,0.7953488372093023,True,1.0,0.4859221765264157
CP2C9_HUMAN_Amorosi_abundance_2021,32,leaked_75pct,0.9348837209302325,True,0.0,0.4859221765264157
CP2C9_HUMAN_Amorosi_abundance_2021,33,honest_zero_shot,0.7534883720930233,True,0.0,0.4859221765264157
CP2C9_HUMAN_Amorosi_abundance_2021,33,leaked_full,1.0,True,2.0,0.4859221765264157
CP2C9_HUMAN_Amorosi_abundance_2021,33,leaked_25pct,0.7348837209302326,True,0.0,0.4859221765264157
CP2C9_HUMAN_Amorosi_abundance_2021,33,leaked_50pct,0.7023255813953488,True,1.0,0.4859221765264157
CP2C9_HUMAN_Amorosi_abundance_2021,33,leaked_75pct,0.9023255813953488,True,0.0,0.4859221765264157
CP2C9_HUMAN_Amorosi_abundance_2021,34,honest_zero_shot,0.8465116279069766,True,0.0,0.4859221765264157
CP2C9_HUMAN_Amorosi_abundance_2021,34,leaked_full,1.0,True,1.0,0.4859221765264157
CP2C9_HUMAN_Amorosi_abundance_2021,34,leaked_25pct,0.45581395348837206,False,0.0,0.4859221765264157
CP2C9_HUMAN_Amorosi_abundance_2021,34,leaked_50pct,0.9209302325581395,True,1.0,0.4859221765264157
CP2C9_HUMAN_Amorosi_abundance_2021,34,leaked_75pct,0.9255813953488372,True,0.0,0.4859221765264157
CP2C9_HUMAN_Amorosi_abundance_2021,35,honest_zero_shot,0.8790697674418605,True,0.0,0.4859221765264157
CP2C9_HUMAN_Amorosi_abundance_2021,35,leaked_full,1.0,True,0.0,0.4859221765264157
CP2C9_HUMAN_Amorosi_abundance_2021,35,leaked_25pct,0.8976744186046512,True,1.0,0.4859221765264157
CP2C9_HUMAN_Amorosi_abundance_2021,35,leaked_50pct,0.6651162790697674,True,0.0,0.4859221765264157
CP2C9_HUMAN_Amorosi_abundance_2021,35,leaked_75pct,0.8511627906976744,True,0.0,0.4859221765264157
CP2C9_HUMAN_Amorosi_abundance_2021,36,honest_zero_shot,0.5116279069767442,False,0.0,0.47832964251819043
CP2C9_HUMAN_Amorosi_abundance_2021,36,leaked_full,1.0,True,0.0,0.47832964251819043
CP2C9_HUMAN_Amorosi_abundance_2021,36,leaked_25pct,0.8697674418604651,True,2.0,0.47832964251819043
CP2C9_HUMAN_Amorosi_abundance_2021,36,leaked_50pct,0.8418604651162791,True,0.0,0.47832964251819043
CP2C9_HUMAN_Amorosi_abundance_2021,36,leaked_75pct,0.9023255813953487,True,0.0,0.47832964251819043
CP2C9_HUMAN_Amorosi_abundance_2021,37,honest_zero_shot,0.6465116279069767,True,0.0,0.4859221765264157
CP2C9_HUMAN_Amorosi_abundance_2021,37,leaked_full,1.0,True,1.0,0.4859221765264157
CP2C9_HUMAN_Amorosi_abundance_2021,37,leaked_25pct,0.5813953488372093,True,0.0,0.4859221765264157
CP2C9_HUMAN_Amorosi_abundance_2021,37,leaked_50pct,0.7162790697674419,True,0.0,0.4859221765264157
CP2C9_HUMAN_Amorosi_abundance_2021,37,leaked_75pct,0.9627906976744186,True,0.0,0.4859221765264157
CP2C9_HUMAN_Amorosi_abundance_2021,38,honest_zero_shot,0.627906976744186,True,0.0,0.4859221765264157
CP2C9_HUMAN_Amorosi_abundance_2021,38,leaked_full,1.0,True,0.0,0.4859221765264157
CP2C9_HUMAN_Amorosi_abundance_2021,38,leaked_25pct,0.7813953488372092,True,1.0,0.4859221765264157
CP2C9_HUMAN_Amorosi_abundance_2021,38,leaked_50pct,0.7395348837209303,True,0.0,0.4859221765264157
CP2C9_HUMAN_Amorosi_abundance_2021,38,leaked_75pct,0.8744186046511628,True,0.0,0.4859221765264157
CP2C9_HUMAN_Amorosi_abundance_2021,39,honest_zero_shot,0.8511627906976744,True,0.0,0.4859221765264157
CP2C9_HUMAN_Amorosi_abundance_2021,39,leaked_full,1.0,True,0.0,0.4859221765264157
CP2C9_HUMAN_Amorosi_abundance_2021,39,leaked_25pct,0.586046511627907,True,0.0,0.4859221765264157
CP2C9_HUMAN_Amorosi_abundance_2021,39,leaked_50pct,0.841860465116279,True,0.0,0.4859221765264157
CP2C9_HUMAN_Amorosi_abundance_2021,39,leaked_75pct,0.8372093023255814,True,0.0,0.4859221765264157
CP2C9_HUMAN_Amorosi_activity_2021,0,honest_zero_shot,0.7162790697674418,True,7.0,0.4804725959960617
CP2C9_HUMAN_Amorosi_activity_2021,0,leaked_full,1.0,True,0.0,0.4804725959960617
CP2C9_HUMAN_Amorosi_activity_2021,0,leaked_25pct,0.772093023255814,True,0.0,0.4804725959960617
CP2C9_HUMAN_Amorosi_activity_2021,0,leaked_50pct,0.813953488372093,True,0.0,0.4804725959960617
CP2C9_HUMAN_Amorosi_activity_2021,0,leaked_75pct,0.9860465116279069,True,0.0,0.4804725959960617
CP2C9_HUMAN_Amorosi_activity_2021,1,honest_zero_shot,0.8465116279069768,True,7.0,0.4804725959960617
CP2C9_HUMAN_Amorosi_activity_2021,1,leaked_full,1.0,True,0.0,0.4804725959960617
CP2C9_HUMAN_Amorosi_activity_2021,1,leaked_25pct,0.7627906976744185,True,3.0,0.4804725959960617
CP2C9_HUMAN_Amorosi_activity_2021,1,leaked_50pct,0.6930232558139534,True,0.0,0.4804725959960617
CP2C9_HUMAN_Amorosi_activity_2021,1,leaked_75pct,0.8930232558139535,True,0.0,0.4804725959960617
CP2C9_HUMAN_Amorosi_activity_2021,2,honest_zero_shot,0.772093023255814,True,7.0,0.47259599606170005
CP2C9_HUMAN_Amorosi_activity_2021,2,leaked_full,1.0,True,0.0,0.47259599606170005
CP2C9_HUMAN_Amorosi_activity_2021,2,leaked_25pct,0.5069767441860465,False,0.0,0.47259599606170005
CP2C9_HUMAN_Amorosi_activity_2021,2,leaked_50pct,0.7627906976744186,True,0.0,0.47259599606170005
CP2C9_HUMAN_Amorosi_activity_2021,2,leaked_75pct,0.9581395348837208,True,2.0,0.47259599606170005
CP2C9_HUMAN_Amorosi_activity_2021,3,honest_zero_shot,0.8697674418604651,True,6.0,0.47259599606170005
CP2C9_HUMAN_Amorosi_activity_2021,3,leaked_full,1.0,True,0.0,0.47259599606170005
CP2C9_HUMAN_Amorosi_activity_2021,3,leaked_25pct,0.5953488372093023,True,0.0,0.47259599606170005
CP2C9_HUMAN_Amorosi_activity_2021,3,leaked_50pct,0.9302325581395349,True,0.0,0.47259599606170005
CP2C9_HUMAN_Amorosi_activity_2021,3,leaked_75pct,0.8883720930232558,True,0.0,0.47259599606170005
CP2C9_HUMAN_Amorosi_activity_2021,4,honest_zero_shot,0.7255813953488373,True,7.0,0.4804725959960617
CP2C9_HUMAN_Amorosi_activity_2021,4,leaked_full,1.0,True,0.0,0.4804725959960617
CP2C9_HUMAN_Amorosi_activity_2021,4,leaked_25pct,0.6372093023255815,True,1.0,0.4804725959960617
CP2C9_HUMAN_Amorosi_activity_2021,4,leaked_50pct,0.8604651162790696,True,0.0,0.4804725959960617
CP2C9_HUMAN_Amorosi_activity_2021,4,leaked_75pct,0.9209302325581394,True,0.0,0.4804725959960617
CP2C9_HUMAN_Amorosi_activity_2021,5,honest_zero_shot,0.9441860465116279,True,7.0,0.47259599606170005
CP2C9_HUMAN_Amorosi_activity_2021,5,leaked_full,1.0,True,0.0,0.47259599606170005
CP2C9_HUMAN_Amorosi_activity_2021,5,leaked_25pct,0.6046511627906976,True,1.0,0.47259599606170005
CP2C9_HUMAN_Amorosi_activity_2021,5,leaked_50pct,0.8465116279069766,True,1.0,0.47259599606170005
CP2C9_HUMAN_Amorosi_activity_2021,5,leaked_75pct,0.9488372093023256,True,0.0,0.47259599606170005
CP2C9_HUMAN_Amorosi_activity_2021,6,honest_zero_shot,0.786046511627907,True,7.0,0.47259599606170005
CP2C9_HUMAN_Amorosi_activity_2021,6,leaked_full,1.0,True,1.0,0.47259599606170005
CP2C9_HUMAN_Amorosi_activity_2021,6,leaked_25pct,0.5069767441860464,False,2.0,0.47259599606170005
CP2C9_HUMAN_Amorosi_activity_2021,6,leaked_50pct,0.8046511627906977,True,0.0,0.47259599606170005
CP2C9_HUMAN_Amorosi_activity_2021,6,leaked_75pct,0.9674418604651163,True,2.0,0.47259599606170005
CP2C9_HUMAN_Amorosi_activity_2021,7,honest_zero_shot,0.6697674418604651,True,7.0,0.4804725959960617
CP2C9_HUMAN_Amorosi_activity_2021,7,leaked_full,1.0,True,1.0,0.4804725959960617
CP2C9_HUMAN_Amorosi_activity_2021,7,leaked_25pct,0.4604651162790698,False,0.0,0.4804725959960617
CP2C9_HUMAN_Amorosi_activity_2021,7,leaked_50pct,0.8,True,0.0,0.4804725959960617
CP2C9_HUMAN_Amorosi_activity_2021,7,leaked_75pct,0.9860465116279069,True,1.0,0.4804725959960617
CP2C9_HUMAN_Amorosi_activity_2021,8,honest_zero_shot,0.6744186046511628,True,7.0,0.47259599606170005
CP2C9_HUMAN_Amorosi_activity_2021,8,leaked_full,1.0,True,2.0,0.47259599606170005
CP2C9_HUMAN_Amorosi_activity_2021,8,leaked_25pct,0.7255813953488373,True,0.0,0.47259599606170005
CP2C9_HUMAN_Amorosi_activity_2021,8,leaked_50pct,0.7116279069767442,True,0.0,0.47259599606170005
CP2C9_HUMAN_Amorosi_activity_2021,8,leaked_75pct,0.9767441860465117,True,0.0,0.47259599606170005
CP2C9_HUMAN_Amorosi_activity_2021,9,honest_zero_shot,0.9162790697674419,True,7.0,0.47259599606170005
CP2C9_HUMAN_Amorosi_activity_2021,9,leaked_full,1.0,True,1.0,0.47259599606170005
CP2C9_HUMAN_Amorosi_activity_2021,9,leaked_25pct,0.6325581395348836,True,0.0,0.47259599606170005
CP2C9_HUMAN_Amorosi_activity_2021,9,leaked_50pct,0.9720930232558139,True,1.0,0.47259599606170005
CP2C9_HUMAN_Amorosi_activity_2021,9,leaked_75pct,0.8837209302325582,True,1.0,0.47259599606170005
CP2C9_HUMAN_Amorosi_activity_2021,10,honest_zero_shot,0.8372093023255813,True,7.0,0.47259599606170005
CP2C9_HUMAN_Amorosi_activity_2021,10,leaked_full,1.0,True,0.0,0.47259599606170005
CP2C9_HUMAN_Amorosi_activity_2021,10,leaked_25pct,0.6418604651162791,True,0.0,0.47259599606170005
CP2C9_HUMAN_Amorosi_activity_2021,10,leaked_50pct,0.7627906976744185,True,0.0,0.47259599606170005
CP2C9_HUMAN_Amorosi_activity_2021,10,leaked_75pct,0.8930232558139535,True,0.0,0.47259599606170005
CP2C9_HUMAN_Amorosi_activity_2021,11,honest_zero_shot,0.6465116279069767,True,7.0,0.4804725959960617
CP2C9_HUMAN_Amorosi_activity_2021,11,leaked_full,1.0,True,0.0,0.4804725959960617
CP2C9_HUMAN_Amorosi_activity_2021,11,leaked_25pct,0.6000000000000001,True,1.0,0.4804725959960617
CP2C9_HUMAN_Amorosi_activity_2021,11,leaked_50pct,0.7906976744186046,True,1.0,0.4804725959960617
CP2C9_HUMAN_Amorosi_activity_2021,11,leaked_75pct,1.0,True,0.0,0.4804725959960617
CP2C9_HUMAN_Amorosi_activity_2021,12,honest_zero_shot,0.7627906976744186,True,7.0,0.4804725959960617
CP2C9_HUMAN_Amorosi_activity_2021,12,leaked_full,1.0,True,0.0,0.4804725959960617
CP2C9_HUMAN_Amorosi_activity_2021,12,leaked_25pct,0.5534883720930233,True,1.0,0.4804725959960617
CP2C9_HUMAN_Amorosi_activity_2021,12,leaked_50pct,0.7255813953488373,True,1.0,0.4804725959960617
CP2C9_HUMAN_Amorosi_activity_2021,12,leaked_75pct,0.9813953488372094,True,0.0,0.4804725959960617
CP2C9_HUMAN_Amorosi_activity_2021,13,honest_zero_shot,0.6930232558139536,True,7.0,0.4804725959960617
CP2C9_HUMAN_Amorosi_activity_2021,13,leaked_full,1.0,True,0.0,0.4804725959960617
CP2C9_HUMAN_Amorosi_activity_2021,13,leaked_25pct,0.7255813953488373,True,1.0,0.4804725959960617
CP2C9_HUMAN_Amorosi_activity_2021,13,leaked_50pct,0.7116279069767442,True,0.0,0.4804725959960617
CP2C9_HUMAN_Amorosi_activity_2021,13,leaked_75pct,0.9627906976744186,True,1.0,0.4804725959960617
CP2C9_HUMAN_Amorosi_activity_2021,14,honest_zero_shot,0.8604651162790697,True,7.0,0.4804725959960617
CP2C9_HUMAN_Amorosi_activity_2021,14,leaked_full,1.0,True,1.0,0.4804725959960617
CP2C9_HUMAN_Amorosi_activity_2021,14,leaked_25pct,0.6837209302325582,True,0.0,0.4804725959960617
CP2C9_HUMAN_Amorosi_activity_2021,14,leaked_50pct,0.9069767441860466,True,0.0,0.4804725959960617
CP2C9_HUMAN_Amorosi_activity_2021,14,leaked_75pct,0.9441860465116279,True,0.0,0.4804725959960617
CP2C9_HUMAN_Amorosi_activity_2021,15,honest_zero_shot,0.8744186046511628,True,7.0,0.4804725959960617
CP2C9_HUMAN_Amorosi_activity_2021,15,leaked_full,1.0,True,0.0,0.4804725959960617
CP2C9_HUMAN_Amorosi_activity_2021,15,leaked_25pct,0.6976744186046512,True,1.0,0.4804725959960617
CP2C9_HUMAN_Amorosi_activity_2021,15,leaked_50pct,0.8837209302325582,True,0.0,0.4804725959960617
CP2C9_HUMAN_Amorosi_activity_2021,15,leaked_75pct,0.9162790697674419,True,0.0,0.4804725959960617
CP2C9_HUMAN_Amorosi_activity_2021,16,honest_zero_shot,0.8837209302325582,True,7.0,0.4804725959960617
CP2C9_HUMAN_Amorosi_activity_2021,16,leaked_full,1.0,True,0.0,0.4804725959960617
CP2C9_HUMAN_Amorosi_activity_2021,16,leaked_25pct,0.44651162790697674,False,0.0,0.4804725959960617
CP2C9_HUMAN_Amorosi_activity_2021,16,leaked_50pct,0.958139534883721,True,0.0,0.4804725959960617
CP2C9_HUMAN_Amorosi_activity_2021,16,leaked_75pct,0.986046511627907,True,0.0,0.4804725959960617
CP2C9_HUMAN_Amorosi_activity_2021,17,honest_zero_shot,0.6046511627906977,True,7.0,0.4804725959960617
CP2C9_HUMAN_Amorosi_activity_2021,17,leaked_full,1.0,True,1.0,0.4804725959960617
CP2C9_HUMAN_Amorosi_activity_2021,17,leaked_25pct,0.5209302325581395,False,0.0,0.4804725959960617
CP2C9_HUMAN_Amorosi_activity_2021,17,leaked_50pct,0.9023255813953488,True,0.0,0.4804725959960617
CP2C9_HUMAN_Amorosi_activity_2021,17,leaked_75pct,0.9255813953488372,True,1.0,0.4804725959960617
CP2C9_HUMAN_Amorosi_activity_2021,18,honest_zero_shot,0.8744186046511628,True,7.0,0.4804725959960617
CP2C9_HUMAN_Amorosi_activity_2021,18,leaked_full,1.0,True,2.0,0.4804725959960617
CP2C9_HUMAN_Amorosi_activity_2021,18,leaked_25pct,0.5813953488372092,True,0.0,0.4804725959960617
CP2C9_HUMAN_Amorosi_activity_2021,18,leaked_50pct,0.9209302325581395,True,0.0,0.4804725959960617
CP2C9_HUMAN_Amorosi_activity_2021,18,leaked_75pct,0.9302325581395349,True,1.0,0.4804725959960617
CP2C9_HUMAN_Amorosi_activity_2021,19,honest_zero_shot,0.813953488372093,True,7.0,0.4804725959960617
CP2C9_HUMAN_Amorosi_activity_2021,19,leaked_full,1.0,True,1.0,0.4804725959960617
CP2C9_HUMAN_Amorosi_activity_2021,19,leaked_25pct,0.613953488372093,True,2.0,0.4804725959960617
CP2C9_HUMAN_Amorosi_activity_2021,19,leaked_50pct,0.7302325581395349,True,0.0,0.4804725959960617
CP2C9_HUMAN_Amorosi_activity_2021,19,leaked_75pct,1.0,True,2.0,0.4804725959960617
CP2C9_HUMAN_Amorosi_activity_2021,20,honest_zero_shot,0.6372093023255814,True,7.0,0.4804725959960617
CP2C9_HUMAN_Amorosi_activity_2021,20,leaked_full,1.0,True,1.0,0.4804725959960617
CP2C9_HUMAN_Amorosi_activity_2021,20,leaked_25pct,0.758139534883721,True,0.0,0.4804725959960617
CP2C9_HUMAN_Amorosi_activity_2021,20,leaked_50pct,0.8976744186046512,True,0.0,0.4804725959960617
CP2C9_HUMAN_Amorosi_activity_2021,20,leaked_75pct,0.9209302325581395,True,0.0,0.4804725959960617
CP2C9_HUMAN_Amorosi_activity_2021,21,honest_zero_shot,0.6744186046511629,True,7.0,0.4804725959960617
CP2C9_HUMAN_Amorosi_activity_2021,21,leaked_full,1.0,True,0.0,0.4804725959960617
CP2C9_HUMAN_Amorosi_activity_2021,21,leaked_25pct,0.7674418604651163,True,0.0,0.4804725959960617
CP2C9_HUMAN_Amorosi_activity_2021,21,leaked_50pct,0.7906976744186046,True,0.0,0.4804725959960617
CP2C9_HUMAN_Amorosi_activity_2021,21,leaked_75pct,0.8976744186046512,True,1.0,0.4804725959960617
CP2C9_HUMAN_Amorosi_activity_2021,22,honest_zero_shot,0.8790697674418604,True,7.0,0.4804725959960617
CP2C9_HUMAN_Amorosi_activity_2021,22,leaked_full,1.0,True,0.0,0.4804725959960617
CP2C9_HUMAN_Amorosi_activity_2021,22,leaked_25pct,0.5720930232558139,True,0.0,0.4804725959960617
CP2C9_HUMAN_Amorosi_activity_2021,22,leaked_50pct,0.8604651162790699,True,0.0,0.4804725959960617
CP2C9_HUMAN_Amorosi_activity_2021,22,leaked_75pct,0.9488372093023256,True,0.0,0.4804725959960617
CP2C9_HUMAN_Amorosi_activity_2021,23,honest_zero_shot,0.6883720930232557,True,7.0,0.46471939612733837
CP2C9_HUMAN_Amorosi_activity_2021,23,leaked_full,1.0,True,1.0,0.46471939612733837
CP2C9_HUMAN_Amorosi_activity_2021,23,leaked_25pct,0.7953488372093023,True,0.0,0.46471939612733837
CP2C9_HUMAN_Amorosi_activity_2021,23,leaked_50pct,0.786046511627907,True,1.0,0.46471939612733837
CP2C9_HUMAN_Amorosi_activity_2021,23,leaked_75pct,0.9627906976744187,True,0.0,0.46471939612733837
CP2C9_HUMAN_Amorosi_activity_2021,24,honest_zero_shot,0.7302325581395349,True,7.0,0.4804725959960617
CP2C9_HUMAN_Amorosi_activity_2021,24,leaked_full,1.0,True,1.0,0.4804725959960617
CP2C9_HUMAN_Amorosi_activity_2021,24,leaked_25pct,0.33488372093023255,False,1.0,0.4804725959960617
CP2C9_HUMAN_Amorosi_activity_2021,24,leaked_50pct,0.9674418604651163,True,0.0,0.4804725959960617
CP2C9_HUMAN_Amorosi_activity_2021,24,leaked_75pct,0.9023255813953488,True,0.0,0.4804725959960617
CP2C9_HUMAN_Amorosi_activity_2021,25,honest_zero_shot,0.7162790697674418,True,7.0,0.46471939612733837
CP2C9_HUMAN_Amorosi_activity_2021,25,leaked_full,1.0,True,0.0,0.46471939612733837
CP2C9_HUMAN_Amorosi_activity_2021,25,leaked_25pct,0.4930232558139535,False,0.0,0.46471939612733837
CP2C9_HUMAN_Amorosi_activity_2021,25,leaked_50pct,0.786046511627907,True,0.0,0.46471939612733837
CP2C9_HUMAN_Amorosi_activity_2021,25,leaked_75pct,0.9627906976744186,True,0.0,0.46471939612733837
CP2C9_HUMAN_Amorosi_activity_2021,26,honest_zero_shot,0.8186046511627907,True,7.0,0.4804725959960617
CP2C9_HUMAN_Amorosi_activity_2021,26,leaked_full,1.0,True,1.0,0.4804725959960617
CP2C9_HUMAN_Amorosi_activity_2021,26,leaked_25pct,0.7627906976744185,True,1.0,0.4804725959960617
CP2C9_HUMAN_Amorosi_activity_2021,26,leaked_50pct,0.8744186046511628,True,2.0,0.4804725959960617
CP2C9_HUMAN_Amorosi_activity_2021,26,leaked_75pct,0.972093023255814,True,0.0,0.4804725959960617
CP2C9_HUMAN_Amorosi_activity_2021,27,honest_zero_shot,0.8046511627906978,True,7.0,0.4804725959960617
CP2C9_HUMAN_Amorosi_activity_2021,27,leaked_full,1.0,True,1.0,0.4804725959960617
CP2C9_HUMAN_Amorosi_activity_2021,27,leaked_25pct,0.7348837209302326,True,0.0,0.4804725959960617
CP2C9_HUMAN_Amorosi_activity_2021,27,leaked_50pct,0.8511627906976744,True,1.0,0.4804725959960617
CP2C9_HUMAN_Amorosi_activity_2021,27,leaked_75pct,0.8418604651162791,True,1.0,0.4804725959960617
CP2C9_HUMAN_Amorosi_activity_2021,28,honest_zero_shot,0.9627906976744186,True,7.0,0.4804725959960617
CP2C9_HUMAN_Amorosi_activity_2021,28,leaked_full,1.0,True,0.0,0.4804725959960617
CP2C9_HUMAN_Amorosi_activity_2021,28,leaked_25pct,0.4186046511627908,False,0.0,0.4804725959960617
CP2C9_HUMAN_Amorosi_activity_2021,28,leaked_50pct,0.772093023255814,True,0.0,0.4804725959960617
CP2C9_HUMAN_Amorosi_activity_2021,28,leaked_75pct,0.9069767441860465,True,0.0,0.4804725959960617
CP2C9_HUMAN_Amorosi_activity_2021,29,honest_zero_shot,0.8,True,7.0,0.47259599606170005
CP2C9_HUMAN_Amorosi_activity_2021,29,leaked_full,1.0,True,1.0,0.47259599606170005
CP2C9_HUMAN_Amorosi_activity_2021,29,leaked_25pct,0.6186046511627907,True,1.0,0.47259599606170005
CP2C9_HUMAN_Amorosi_activity_2021,29,leaked_50pct,0.8325581395348838,True,1.0,0.47259599606170005
CP2C9_HUMAN_Amorosi_activity_2021,29,leaked_75pct,1.0,True,0.0,0.47259599606170005
CP2C9_HUMAN_Amorosi_activity_2021,30,honest_zero_shot,0.8790697674418605,True,7.0,0.4804725959960617
CP2C9_HUMAN_Amorosi_activity_2021,30,leaked_full,1.0,True,0.0,0.4804725959960617
CP2C9_HUMAN_Amorosi_activity_2021,30,leaked_25pct,0.8139534883720931,True,1.0,0.4804725959960617
CP2C9_HUMAN_Amorosi_activity_2021,30,leaked_50pct,0.8883720930232558,True,0.0,0.4804725959960617
CP2C9_HUMAN_Amorosi_activity_2021,30,leaked_75pct,0.9674418604651164,True,0.0,0.4804725959960617
CP2C9_HUMAN_Amorosi_activity_2021,31,honest_zero_shot,0.9534883720930232,True,7.0,0.4804725959960617
CP2C9_HUMAN_Amorosi_activity_2021,31,leaked_full,1.0,True,1.0,0.4804725959960617
CP2C9_HUMAN_Amorosi_activity_2021,31,leaked_25pct,0.7441860465116279,True,0.0,0.4804725959960617
CP2C9_HUMAN_Amorosi_activity_2021,31,leaked_50pct,0.8651162790697674,True,0.0,0.4804725959960617
CP2C9_HUMAN_Amorosi_activity_2021,31,leaked_75pct,0.9674418604651163,True,0.0,0.4804725959960617
CP2C9_HUMAN_Amorosi_activity_2021,32,honest_zero_shot,0.586046511627907,True,7.0,0.4804725959960617
CP2C9_HUMAN_Amorosi_activity_2021,32,leaked_full,1.0,True,1.0,0.4804725959960617
CP2C9_HUMAN_Amorosi_activity_2021,32,leaked_25pct,0.9162790697674419,True,0.0,0.4804725959960617
CP2C9_HUMAN_Amorosi_activity_2021,32,leaked_50pct,0.9302325581395349,True,0.0,0.4804725959960617
CP2C9_HUMAN_Amorosi_activity_2021,32,leaked_75pct,0.9441860465116279,True,0.0,0.4804725959960617
CP2C9_HUMAN_Amorosi_activity_2021,33,honest_zero_shot,0.9906976744186047,True,7.0,0.4804725959960617
CP2C9_HUMAN_Amorosi_activity_2021,33,leaked_full,1.0,True,0.0,0.4804725959960617
CP2C9_HUMAN_Amorosi_activity_2021,33,leaked_25pct,0.5581395348837208,True,1.0,0.4804725959960617
CP2C9_HUMAN_Amorosi_activity_2021,33,leaked_50pct,0.8790697674418604,True,0.0,0.4804725959960617
CP2C9_HUMAN_Amorosi_activity_2021,33,leaked_75pct,0.958139534883721,True,0.0,0.4804725959960617
CP2C9_HUMAN_Amorosi_activity_2021,34,honest_zero_shot,0.8837209302325582,True,7.0,0.4804725959960617
CP2C9_HUMAN_Amorosi_activity_2021,34,leaked_full,1.0,True,2.0,0.4804725959960617
CP2C9_HUMAN_Amorosi_activity_2021,34,leaked_25pct,0.8744186046511628,True,1.0,0.4804725959960617
CP2C9_HUMAN_Amorosi_activity_2021,34,leaked_50pct,0.8372093023255813,True,1.0,0.4804725959960617
CP2C9_HUMAN_Amorosi_activity_2021,34,leaked_75pct,0.9674418604651163,True,2.0,0.4804725959960617
CP2C9_HUMAN_Amorosi_activity_2021,35,honest_zero_shot,0.8511627906976744,True,7.0,0.4804725959960617
CP2C9_HUMAN_Amorosi_activity_2021,35,leaked_full,1.0,True,0.0,0.4804725959960617
CP2C9_HUMAN_Amorosi_activity_2021,35,leaked_25pct,0.372093023255814,False,0.0,0.4804725959960617
CP2C9_HUMAN_Amorosi_activity_2021,35,leaked_50pct,0.7441860465116279,True,0.0,0.4804725959960617
CP2C9_HUMAN_Amorosi_activity_2021,35,leaked_75pct,0.9813953488372094,True,2.0,0.4804725959960617
CP2C9_HUMAN_Amorosi_activity_2021,36,honest_zero_shot,0.9534883720930233,True,7.0,0.4804725959960617
CP2C9_HUMAN_Amorosi_activity_2021,36,leaked_full,1.0,True,0.0,0.4804725959960617
CP2C9_HUMAN_Amorosi_activity_2021,36,leaked_25pct,0.5488372093023256,False,0.0,0.4804725959960617
CP2C9_HUMAN_Amorosi_activity_2021,36,leaked_50pct,0.9209302325581395,True,0.0,0.4804725959960617
CP2C9_HUMAN_Amorosi_activity_2021,36,leaked_75pct,0.9860465116279069,True,0.0,0.4804725959960617
CP2C9_HUMAN_Amorosi_activity_2021,37,honest_zero_shot,0.5488372093023256,False,7.0,0.4804725959960617
CP2C9_HUMAN_Amorosi_activity_2021,37,leaked_full,1.0,True,0.0,0.4804725959960617
CP2C9_HUMAN_Amorosi_activity_2021,37,leaked_25pct,0.8697674418604652,True,0.0,0.4804725959960617
CP2C9_HUMAN_Amorosi_activity_2021,37,leaked_50pct,0.7162790697674418,True,2.0,0.4804725959960617
CP2C9_HUMAN_Amorosi_activity_2021,37,leaked_75pct,0.9488372093023255,True,2.0,0.4804725959960617
CP2C9_HUMAN_Amorosi_activity_2021,38,honest_zero_shot,0.8046511627906977,True,7.0,0.4804725959960617
CP2C9_HUMAN_Amorosi_activity_2021,38,leaked_full,1.0,True,0.0,0.4804725959960617
CP2C9_HUMAN_Amorosi_activity_2021,38,leaked_25pct,0.4046511627906977,False,0.0,0.4804725959960617
CP2C9_HUMAN_Amorosi_activity_2021,38,leaked_50pct,0.7906976744186047,True,0.0,0.4804725959960617
CP2C9_HUMAN_Amorosi_activity_2021,38,leaked_75pct,0.9953488372093022,True,0.0,0.4804725959960617
CP2C9_HUMAN_Amorosi_activity_2021,39,honest_zero_shot,0.8093023255813954,True,7.0,0.47259599606170005
CP2C9_HUMAN_Amorosi_activity_2021,39,leaked_full,1.0,True,0.0,0.47259599606170005
CP2C9_HUMAN_Amorosi_activity_2021,39,leaked_25pct,0.8232558139534883,True,0.0,0.47259599606170005
CP2C9_HUMAN_Amorosi_activity_2021,39,leaked_50pct,0.8883720930232558,True,0.0,0.47259599606170005
CP2C9_HUMAN_Amorosi_activity_2021,39,leaked_75pct,0.9488372093023256,True,0.0,0.47259599606170005
